well,date,source_kind,oil_bbl,water_bbl,gas_mcf,days_on,days_in_month,oil_bpd_cd,water_cut,gor_scf_bbl,perf_top_mkb,perf_base_mkb,zone,source_file,source_sheet,quality_flag
FIELD,1960-01-01,cnh_monthly_field_level,3490.9410000000003,3158.8379999999997,,,31.0,112.611,0.47502901976140854,,,,N/A,appraisal_plan/Tecolutla Production to Dec 2018.xlsx,DATA (WELL=CAMPO),"field total, no well split; rate x days-in-month"
FIELD,1960-02-01,cnh_monthly_field_level,3019.19,2884.108,,,29.0,104.11,0.4885587683359369,,,,N/A,appraisal_plan/Tecolutla Production to Dec 2018.xlsx,DATA (WELL=CAMPO),"field total, no well split; rate x days-in-month"
FIELD,1960-03-01,cnh_monthly_field_level,3031.769,3103.875,,,31.0,97.79899999999999,0.5058759928053191,,,,N/A,appraisal_plan/Tecolutla Production to Dec 2018.xlsx,DATA (WELL=CAMPO),"field total, no well split; rate x days-in-month"
FIELD,1960-04-01,cnh_monthly_field_level,2132.31,1885.5600000000002,,,30.0,71.077,0.4692934315943523,,,,N/A,appraisal_plan/Tecolutla Production to Dec 2018.xlsx,DATA (WELL=CAMPO),"field total, no well split; rate x days-in-month"
FIELD,1960-05-01,cnh_monthly_field_level,3579.0119999999997,3771.1189999999997,,,31.0,115.45199999999998,0.5130682704838866,,,,N/A,appraisal_plan/Tecolutla Production to Dec 2018.xlsx,DATA (WELL=CAMPO),"field total, no well split; rate x days-in-month"
FIELD,1960-06-01,cnh_monthly_field_level,3195.33,3372.1200000000003,,,30.0,106.511,0.5134595619304296,,,,N/A,appraisal_plan/Tecolutla Production to Dec 2018.xlsx,DATA (WELL=CAMPO),"field total, no well split; rate x days-in-month"
FIELD,1960-07-01,cnh_monthly_field_level,3340.002,3389.7569999999996,,,31.0,107.742,0.5036966405483465,,,,N/A,appraisal_plan/Tecolutla Production to Dec 2018.xlsx,DATA (WELL=CAMPO),"field total, no well split; rate x days-in-month"
FIELD,1960-08-01,cnh_monthly_field_level,3295.951,3566.302,,,31.0,106.321,0.5196984139174117,,,,N/A,appraisal_plan/Tecolutla Production to Dec 2018.xlsx,DATA (WELL=CAMPO),"field total, no well split; rate x days-in-month"
FIELD,1960-09-01,cnh_monthly_field_level,3031.77,3161.88,,,30.0,101.059,0.5105034995519605,,,,N/A,appraisal_plan/Tecolutla Production to Dec 2018.xlsx,DATA (WELL=CAMPO),"field total, no well split; rate x days-in-month"
FIELD,1960-10-01,cnh_monthly_field_level,3214.2039999999997,3011.9289999999996,,,31.0,103.684,0.48375596859238307,,,,N/A,appraisal_plan/Tecolutla Production to Dec 2018.xlsx,DATA (WELL=CAMPO),"field total, no well split; rate x days-in-month"
FIELD,1960-11-01,cnh_monthly_field_level,3201.6,3015.4799999999996,,,30.0,106.72,0.4850315582234746,,,,N/A,appraisal_plan/Tecolutla Production to Dec 2018.xlsx,DATA (WELL=CAMPO),"field total, no well split; rate x days-in-month"
FIELD,1960-12-01,cnh_monthly_field_level,3264.5170000000003,2683.5460000000003,,,31.0,105.307,0.451163008865239,,,,N/A,appraisal_plan/Tecolutla Production to Dec 2018.xlsx,DATA (WELL=CAMPO),"field total, no well split; rate x days-in-month"
FIELD,1961-01-01,cnh_monthly_field_level,3277.103,2821.279,,,31.0,105.71300000000001,0.4626274641372089,,,,N/A,appraisal_plan/Tecolutla Production to Dec 2018.xlsx,DATA (WELL=CAMPO),"field total, no well split; rate x days-in-month"
FIELD,1961-02-01,cnh_monthly_field_level,2629.228,1978.8999999999999,,,28.0,93.901,0.4294368559206689,,,,N/A,appraisal_plan/Tecolutla Production to Dec 2018.xlsx,DATA (WELL=CAMPO),"field total, no well split; rate x days-in-month"
FIELD,1961-03-01,cnh_monthly_field_level,3157.567,2305.7490000000003,,,31.0,101.857,0.42204203454458794,,,,N/A,appraisal_plan/Tecolutla Production to Dec 2018.xlsx,DATA (WELL=CAMPO),"field total, no well split; rate x days-in-month"
FIELD,1961-04-01,cnh_monthly_field_level,2905.98,2217.48,,,30.0,96.866,0.43280907824009557,,,,N/A,appraisal_plan/Tecolutla Production to Dec 2018.xlsx,DATA (WELL=CAMPO),"field total, no well split; rate x days-in-month"
FIELD,1961-05-01,cnh_monthly_field_level,3031.769,2358.697,,,31.0,97.79899999999999,0.4375682918693857,,,,N/A,appraisal_plan/Tecolutla Production to Dec 2018.xlsx,DATA (WELL=CAMPO),"field total, no well split; rate x days-in-month"
FIELD,1961-06-01,cnh_monthly_field_level,3019.2,1804.35,,,30.0,100.64,0.37407096433124987,,,,N/A,appraisal_plan/Tecolutla Production to Dec 2018.xlsx,DATA (WELL=CAMPO),"field total, no well split; rate x days-in-month"
FIELD,1961-07-01,cnh_monthly_field_level,3126.1330000000003,2948.379,,,31.0,100.843,0.4853688658446966,,,,N/A,appraisal_plan/Tecolutla Production to Dec 2018.xlsx,DATA (WELL=CAMPO),"field total, no well split; rate x days-in-month"
FIELD,1961-08-01,cnh_monthly_field_level,3075.82,2793.0069999999996,,,31.0,99.22,0.4759054918470079,,,,N/A,appraisal_plan/Tecolutla Production to Dec 2018.xlsx,DATA (WELL=CAMPO),"field total, no well split; rate x days-in-month"
FIELD,1961-09-01,cnh_monthly_field_level,2817.93,2969.58,,,30.0,93.931,0.5131014892414872,,,,N/A,appraisal_plan/Tecolutla Production to Dec 2018.xlsx,DATA (WELL=CAMPO),"field total, no well split; rate x days-in-month"
FIELD,1961-10-01,cnh_monthly_field_level,3088.375,2782.436,,,31.0,99.625,0.47394405985816956,,,,N/A,appraisal_plan/Tecolutla Production to Dec 2018.xlsx,DATA (WELL=CAMPO),"field total, no well split; rate x days-in-month"
FIELD,1961-11-01,cnh_monthly_field_level,2685.8399999999997,2365.77,,,30.0,89.52799999999999,0.46832000095019216,,,,N/A,appraisal_plan/Tecolutla Production to Dec 2018.xlsx,DATA (WELL=CAMPO),"field total, no well split; rate x days-in-month"
FIELD,1961-12-01,cnh_monthly_field_level,1415.243,2323.3880000000004,,,31.0,45.653,0.6214542167975391,,,,N/A,appraisal_plan/Tecolutla Production to Dec 2018.xlsx,DATA (WELL=CAMPO),"field total, no well split; rate x days-in-month"
FIELD,1962-01-01,cnh_monthly_field_level,2063.112,3587.506,,,31.0,66.552,0.6348873698416704,,,,N/A,appraisal_plan/Tecolutla Production to Dec 2018.xlsx,DATA (WELL=CAMPO),"field total, no well split; rate x days-in-month"
FIELD,1962-02-01,cnh_monthly_field_level,2629.228,2920.148,,,28.0,93.901,0.5262119560829902,,,,N/A,appraisal_plan/Tecolutla Production to Dec 2018.xlsx,DATA (WELL=CAMPO),"field total, no well split; rate x days-in-month"
FIELD,1962-03-01,cnh_monthly_field_level,3302.2439999999997,3021.8179999999998,,,31.0,106.52399999999999,0.4778286487387378,,,,N/A,appraisal_plan/Tecolutla Production to Dec 2018.xlsx,DATA (WELL=CAMPO),"field total, no well split; rate x days-in-month"
FIELD,1962-04-01,cnh_monthly_field_level,3245.64,3103.74,,,30.0,108.188,0.48882568061763515,,,,N/A,appraisal_plan/Tecolutla Production to Dec 2018.xlsx,DATA (WELL=CAMPO),"field total, no well split; rate x days-in-month"
FIELD,1962-05-01,cnh_monthly_field_level,2968.87,2468.158,,,31.0,95.77,0.4539535201952243,,,,N/A,appraisal_plan/Tecolutla Production to Dec 2018.xlsx,DATA (WELL=CAMPO),"field total, no well split; rate x days-in-month"
FIELD,1962-06-01,cnh_monthly_field_level,3094.68,3343.86,,,30.0,103.15599999999999,0.5193506602428501,,,,N/A,appraisal_plan/Tecolutla Production to Dec 2018.xlsx,DATA (WELL=CAMPO),"field total, no well split; rate x days-in-month"
FIELD,1962-07-01,cnh_monthly_field_level,3295.951,3361.516,,,31.0,106.321,0.5049241701085413,,,,N/A,appraisal_plan/Tecolutla Production to Dec 2018.xlsx,DATA (WELL=CAMPO),"field total, no well split; rate x days-in-month"
FIELD,1962-08-01,cnh_monthly_field_level,3012.9210000000003,3244.987,,,31.0,97.191,0.518541819406741,,,,N/A,appraisal_plan/Tecolutla Production to Dec 2018.xlsx,DATA (WELL=CAMPO),"field total, no well split; rate x days-in-month"
FIELD,1962-09-01,cnh_monthly_field_level,2534.8799999999997,3011.94,,,30.0,84.496,0.5430030179454174,,,,N/A,appraisal_plan/Tecolutla Production to Dec 2018.xlsx,DATA (WELL=CAMPO),"field total, no well split; rate x days-in-month"
FIELD,1962-10-01,cnh_monthly_field_level,2893.385,3400.359,,,31.0,93.33500000000001,0.5402760264796279,,,,N/A,appraisal_plan/Tecolutla Production to Dec 2018.xlsx,DATA (WELL=CAMPO),"field total, no well split; rate x days-in-month"
FIELD,1962-11-01,cnh_monthly_field_level,2723.58,3156.7200000000003,,,30.0,90.786,0.5368297535840009,,,,N/A,appraisal_plan/Tecolutla Production to Dec 2018.xlsx,DATA (WELL=CAMPO),"field total, no well split; rate x days-in-month"
FIELD,1962-12-01,cnh_monthly_field_level,1195.112,1295.862,,,31.0,38.552,0.5202230131667371,,,,N/A,appraisal_plan/Tecolutla Production to Dec 2018.xlsx,DATA (WELL=CAMPO),"field total, no well split; rate x days-in-month"
FIELD,1963-03-01,cnh_monthly_field_level,37.727000000000004,21.173000000000002,,,31.0,1.217,0.35947368421052633,,,,N/A,appraisal_plan/Tecolutla Production to Dec 2018.xlsx,DATA (WELL=CAMPO),"field total, no well split; rate x days-in-month"
FIELD,1963-06-01,cnh_monthly_field_level,1905.8700000000001,1218.21,,,30.0,63.529,0.3899419989244834,,,,N/A,appraisal_plan/Tecolutla Production to Dec 2018.xlsx,DATA (WELL=CAMPO),"field total, no well split; rate x days-in-month"
FIELD,1963-07-01,cnh_monthly_field_level,2547.456,1648.983,,,31.0,82.176,0.39294816390754156,,,,N/A,appraisal_plan/Tecolutla Production to Dec 2018.xlsx,DATA (WELL=CAMPO),"field total, no well split; rate x days-in-month"
FIELD,1963-08-01,cnh_monthly_field_level,1578.799,1896.146,,,31.0,50.929,0.5456621615593916,,,,N/A,appraisal_plan/Tecolutla Production to Dec 2018.xlsx,DATA (WELL=CAMPO),"field total, no well split; rate x days-in-month"
FIELD,1963-09-01,cnh_monthly_field_level,2371.3199999999997,3425.07,,,30.0,79.044,0.5908970928457196,,,,N/A,appraisal_plan/Tecolutla Production to Dec 2018.xlsx,DATA (WELL=CAMPO),"field total, no well split; rate x days-in-month"
FIELD,1963-10-01,cnh_monthly_field_level,3038.0620000000004,3634.3160000000003,,,31.0,98.00200000000001,0.5446807719826424,,,,N/A,appraisal_plan/Tecolutla Production to Dec 2018.xlsx,DATA (WELL=CAMPO),"field total, no well split; rate x days-in-month"
FIELD,1963-11-01,cnh_monthly_field_level,2459.4,2796.5399999999995,,,30.0,81.98,0.5320722839301818,,,,N/A,appraisal_plan/Tecolutla Production to Dec 2018.xlsx,DATA (WELL=CAMPO),"field total, no well split; rate x days-in-month"
FIELD,1963-12-01,cnh_monthly_field_level,2220.375,2408.1420000000003,,,31.0,71.625,0.5202837107436357,,,,N/A,appraisal_plan/Tecolutla Production to Dec 2018.xlsx,DATA (WELL=CAMPO),"field total, no well split; rate x days-in-month"
FIELD,1964-01-01,cnh_monthly_field_level,2220.375,1761.978,,,31.0,71.625,0.4424464631839518,,,,N/A,appraisal_plan/Tecolutla Production to Dec 2018.xlsx,DATA (WELL=CAMPO),"field total, no well split; rate x days-in-month"
FIELD,1964-02-01,cnh_monthly_field_level,2434.2309999999998,1800.813,,,29.0,83.939,0.42521706976361995,,,,N/A,appraisal_plan/Tecolutla Production to Dec 2018.xlsx,DATA (WELL=CAMPO),"field total, no well split; rate x days-in-month"
FIELD,1964-03-01,cnh_monthly_field_level,2786.466,1896.146,,,31.0,89.886,0.4049334004183989,,,,N/A,appraisal_plan/Tecolutla Production to Dec 2018.xlsx,DATA (WELL=CAMPO),"field total, no well split; rate x days-in-month"
FIELD,1964-04-01,cnh_monthly_field_level,2566.3199999999997,1645.44,,,30.0,85.544,0.3906775314832754,,,,N/A,appraisal_plan/Tecolutla Production to Dec 2018.xlsx,DATA (WELL=CAMPO),"field total, no well split; rate x days-in-month"
FIELD,1964-05-01,cnh_monthly_field_level,2503.4049999999997,1684.013,,,31.0,80.755,0.40216023334665896,,,,N/A,appraisal_plan/Tecolutla Production to Dec 2018.xlsx,DATA (WELL=CAMPO),"field total, no well split; rate x days-in-month"
FIELD,1964-06-01,cnh_monthly_field_level,2654.37,1825.53,,,30.0,88.479,0.40749347083640264,,,,N/A,appraisal_plan/Tecolutla Production to Dec 2018.xlsx,DATA (WELL=CAMPO),"field total, no well split; rate x days-in-month"
FIELD,1964-07-01,cnh_monthly_field_level,3063.234,2182.152,,,31.0,98.814,0.4160136165384206,,,,N/A,appraisal_plan/Tecolutla Production to Dec 2018.xlsx,DATA (WELL=CAMPO),"field total, no well split; rate x days-in-month"
FIELD,1964-08-01,cnh_monthly_field_level,3069.527,2235.131,,,31.0,99.017,0.42135251697658926,,,,N/A,appraisal_plan/Tecolutla Production to Dec 2018.xlsx,DATA (WELL=CAMPO),"field total, no well split; rate x days-in-month"
FIELD,1964-09-01,cnh_monthly_field_level,3000.33,2256.2999999999997,,,30.0,100.011,0.4292293731915695,,,,N/A,appraisal_plan/Tecolutla Production to Dec 2018.xlsx,DATA (WELL=CAMPO),"field total, no well split; rate x days-in-month"
FIELD,1964-10-01,cnh_monthly_field_level,2975.163,2386.969,,,31.0,95.973,0.44515297273547166,,,,N/A,appraisal_plan/Tecolutla Production to Dec 2018.xlsx,DATA (WELL=CAMPO),"field total, no well split; rate x days-in-month"
FIELD,1964-11-01,cnh_monthly_field_level,2899.6800000000003,2270.43,,,30.0,96.656,0.43914539535909286,,,,N/A,appraisal_plan/Tecolutla Production to Dec 2018.xlsx,DATA (WELL=CAMPO),"field total, no well split; rate x days-in-month"
FIELD,1964-12-01,cnh_monthly_field_level,1937.314,1567.763,,,31.0,62.494,0.44728346909354627,,,,N/A,appraisal_plan/Tecolutla Production to Dec 2018.xlsx,DATA (WELL=CAMPO),"field total, no well split; rate x days-in-month"
FIELD,1965-01-01,cnh_monthly_field_level,3283.365,2652.143,,,31.0,105.91499999999999,0.44682662377002946,,,,N/A,appraisal_plan/Tecolutla Production to Dec 2018.xlsx,DATA (WELL=CAMPO),"field total, no well split; rate x days-in-month"
FIELD,1965-02-01,cnh_monthly_field_level,2314.7320000000004,1815.1840000000002,,,28.0,82.66900000000001,0.4395208038129588,,,,N/A,appraisal_plan/Tecolutla Production to Dec 2018.xlsx,DATA (WELL=CAMPO),"field total, no well split; rate x days-in-month"
FIELD,1965-03-01,cnh_monthly_field_level,1522.193,1137.142,,,31.0,49.103,0.4276038934545667,,,,N/A,appraisal_plan/Tecolutla Production to Dec 2018.xlsx,DATA (WELL=CAMPO),"field total, no well split; rate x days-in-month"
FIELD,1965-04-01,cnh_monthly_field_level,220.14000000000001,130.65,,,30.0,7.338,0.37244505259557,,,,N/A,appraisal_plan/Tecolutla Production to Dec 2018.xlsx,DATA (WELL=CAMPO),"field total, no well split; rate x days-in-month"
FIELD,1965-05-01,cnh_monthly_field_level,912.0509999999999,565.037,,,31.0,29.421,0.3825344190732035,,,,N/A,appraisal_plan/Tecolutla Production to Dec 2018.xlsx,DATA (WELL=CAMPO),"field total, no well split; rate x days-in-month"
FIELD,1965-06-01,cnh_monthly_field_level,2792.7599999999998,1603.29,,,30.0,93.092,0.36471150237144717,,,,N/A,appraisal_plan/Tecolutla Production to Dec 2018.xlsx,DATA (WELL=CAMPO),"field total, no well split; rate x days-in-month"
FIELD,1965-07-01,cnh_monthly_field_level,2817.931,1469.09,,,31.0,90.901,0.3426831825643028,,,,N/A,appraisal_plan/Tecolutla Production to Dec 2018.xlsx,DATA (WELL=CAMPO),"field total, no well split; rate x days-in-month"
FIELD,1965-08-01,cnh_monthly_field_level,3069.527,1613.891,,,31.0,99.017,0.3445968307761554,,,,N/A,appraisal_plan/Tecolutla Production to Dec 2018.xlsx,DATA (WELL=CAMPO),"field total, no well split; rate x days-in-month"
FIELD,1965-09-01,cnh_monthly_field_level,2773.8900000000003,1444.38,,,30.0,92.46300000000001,0.34241051426295616,,,,N/A,appraisal_plan/Tecolutla Production to Dec 2018.xlsx,DATA (WELL=CAMPO),"field total, no well split; rate x days-in-month"
FIELD,1965-10-01,cnh_monthly_field_level,3094.668,1497.331,,,31.0,99.828,0.3260738950509353,,,,N/A,appraisal_plan/Tecolutla Production to Dec 2018.xlsx,DATA (WELL=CAMPO),"field total, no well split; rate x days-in-month"
FIELD,1965-11-01,cnh_monthly_field_level,3100.98,1405.53,,,30.0,103.366,0.3118888008680775,,,,N/A,appraisal_plan/Tecolutla Production to Dec 2018.xlsx,DATA (WELL=CAMPO),"field total, no well split; rate x days-in-month"
FIELD,1965-12-01,cnh_monthly_field_level,2641.789,1190.09,,,31.0,85.21900000000001,0.31057609073772946,,,,N/A,appraisal_plan/Tecolutla Production to Dec 2018.xlsx,DATA (WELL=CAMPO),"field total, no well split; rate x days-in-month"
FIELD,2018-09-01,pemex_statement_sales,1720.0,,,,30.0,57.333333333333336,,,,,,staff_production/Tecolutla Production Tracking.xlsx,Reconciliation,2018-07-01 to 2018-09-30; final adjusted
FIELD,2018-10-01,pemex_statement_sales,5054.0,,,,31.0,163.03225806451613,,,,,,staff_production/Tecolutla Production Tracking.xlsx,Reconciliation,2018-10-01 to 2018-10-29; final adjusted
FIELD,2018-11-01,pemex_statement_sales,4441.0,,,,30.0,148.03333333333333,,,,,,staff_production/Tecolutla Production Tracking.xlsx,Reconciliation,2018-11-01 to 2018-11-30; final adjusted
FIELD,2018-12-01,pemex_statement_sales,3944.0,,,,31.0,127.2258064516129,,,,,,staff_production/Tecolutla Production Tracking.xlsx,Reconciliation,2018-12-01 to 2018-12-27; final adjusted
FIELD,2019-01-01,pemex_statement_sales,3925.0,,,,31.0,126.61290322580645,,,,,,staff_production/Tecolutla Production Tracking.xlsx,Reconciliation,2019-01-01 to 2019-01-31; final adjusted
FIELD,2019-02-01,pemex_statement_sales,2292.0,,,,28.0,81.85714285714286,,,,,,staff_production/Tecolutla Production Tracking.xlsx,Reconciliation,2019-02-01 to 2019-02-28; final adjusted
FIELD,2019-03-01,pemex_statement_sales,1810.0,,,,31.0,58.38709677419355,,,,,,staff_production/Tecolutla Production Tracking.xlsx,Reconciliation,2019-03-01 to 2019-03-28; nan
FIELD,2019-04-01,pemex_statement_sales,2200.0,,,,30.0,73.33333333333333,,,,,,staff_production/Tecolutla Production Tracking.xlsx,Reconciliation,2019-04-01 to 2019-04-29; nan
FIELD,2019-05-01,pemex_statement_sales,2306.0,,,,31.0,74.38709677419355,,,,,,staff_production/Tecolutla Production Tracking.xlsx,Reconciliation,2019-05-01 to 2019-05-30; nan
FIELD,2019-06-01,pemex_statement_sales,3757.0,,,,30.0,125.23333333333333,,,,,,staff_production/Tecolutla Production Tracking.xlsx,Reconciliation,2019-06-01 to 2019-06-27; nan
FIELD,2019-07-01,pemex_statement_sales,4136.0,,,,31.0,133.41935483870967,,,,,,staff_production/Tecolutla Production Tracking.xlsx,Reconciliation,2019-07-01 to 2019-07-30; nan
FIELD,2019-07-01,tonalli_trucking_sales,4187.015743716,46.89807342738712,,,31.0,135.0650239908387,0.011076766191483121,,,,,staff_production/Tecolutla Production Tracking.xlsx,TRUCKING,"24 loads (24 to oil terminals); oil = PEMEX-measured where >0 else Tonalli; Tonalli oil 4153, shipped 4200 bbl"
FIELD,2019-08-01,pemex_statement_sales,2819.0,,,,31.0,90.93548387096774,,,,,,staff_production/Tecolutla Production Tracking.xlsx,Reconciliation,2019-08-01 to 2019-08-29; nan
FIELD,2019-08-01,tonalli_trucking_sales,3035.09386134,11.102459110912662,,,31.0,97.9062535916129,0.003644695857707957,,,,,staff_production/Tecolutla Production Tracking.xlsx,TRUCKING,"17 loads (17 to oil terminals); oil = PEMEX-measured where >0 else Tonalli; Tonalli oil 3032, shipped 3043 bbl"
FIELD,2019-09-01,pemex_statement_sales,2637.0,,,,30.0,87.9,,,,,,staff_production/Tecolutla Production Tracking.xlsx,Reconciliation,2019-09-01 to 2019-09-28; nan
FIELD,2019-09-01,tonalli_trucking_sales,2552.774211385,2.555990951042105,,,30.0,85.09247371283332,0.0010002585766432294,,,,,staff_production/Tecolutla Production Tracking.xlsx,TRUCKING,"15 loads (15 to oil terminals); oil = PEMEX-measured where >0 else Tonalli; Tonalli oil 2557, shipped 2560 bbl"
FIELD,2019-10-01,pemex_statement_sales,2300.0,,,,31.0,74.19354838709677,,,,,,staff_production/Tecolutla Production Tracking.xlsx,Reconciliation,2019-10-01 to 2019-10-30; nan
FIELD,2019-10-01,tonalli_trucking_sales,2137.803451383,4.359918316172468,,,31.0,68.96140165751612,0.0020352874938687517,,,,,staff_production/Tecolutla Production Tracking.xlsx,TRUCKING,"12 loads (12 to oil terminals); oil = PEMEX-measured where >0 else Tonalli; Tonalli oil 2140, shipped 2144 bbl"
FIELD,2019-11-01,pemex_statement_sales,2140.65,,,,30.0,71.355,,,,,,staff_production/Tecolutla Production Tracking.xlsx,Reconciliation,2019-11-01 to 2019-11-29; nan
FIELD,2019-11-01,tonalli_trucking_sales,2165.791804606,4.669522246053731,,,30.0,72.19306015353332,0.0021513961977964427,,,,,staff_production/Tecolutla Production Tracking.xlsx,TRUCKING,"12 loads (12 to oil terminals); oil = PEMEX-measured where >0 else Tonalli; Tonalli oil 2169, shipped 2173 bbl"
FIELD,2019-12-01,pemex_statement_sales,2378.84,,,,31.0,76.73677419354838,,,,,,staff_production/Tecolutla Production Tracking.xlsx,Reconciliation,2019-12-01 to 2019-12-29; nan
FIELD,2019-12-01,tonalli_trucking_sales,2420.290353371273,7.226723987915165,,,31.0,78.07388236681525,0.0029770023269112766,,,,,staff_production/Tecolutla Production Tracking.xlsx,TRUCKING,"13 loads (13 to oil terminals); oil = PEMEX-measured where >0 else Tonalli; Tonalli oil 2416, shipped 2423 bbl"
FIELD,2020-01-01,pemex_statement_sales,2851.63,,,,31.0,91.98806451612903,,,,,,staff_production/Tecolutla Production Tracking.xlsx,Reconciliation,2020-01-01 to 2020-01-30; nan
FIELD,2020-01-01,tonalli_trucking_sales,2954.667988423,3.7707123852893574,,,31.0,95.31187059429033,0.0012745616071947485,,,,,staff_production/Tecolutla Production Tracking.xlsx,TRUCKING,"16 loads (16 to oil terminals); oil = PEMEX-measured where >0 else Tonalli; Tonalli oil 2965, shipped 2968 bbl"
FIELD,2020-02-01,pemex_statement_sales,2208.0,,,,29.0,76.13793103448276,,,,,,staff_production/Tecolutla Production Tracking.xlsx,Reconciliation,2020-02-01 to 2020-02-27; nan
FIELD,2020-02-01,tonalli_trucking_sales,2230.0047464980003,2.08434337398657,,,29.0,76.89671539648276,0.0009338083248756482,,,,,staff_production/Tecolutla Production Tracking.xlsx,TRUCKING,"12 loads (12 to oil terminals); oil = PEMEX-measured where >0 else Tonalli; Tonalli oil 2231, shipped 2233 bbl"
FIELD,2020-03-01,tonalli_trucking_sales,1494.3768195932162,0.638496124421124,,,31.0,48.205703857845684,0.0004270833333333666,,,,,staff_production/Tecolutla Production Tracking.xlsx,TRUCKING,"8 loads (8 to oil terminals); oil = PEMEX-measured where >0 else Tonalli; Tonalli oil 1494, shipped 1495 bbl"
FIELD,2020-07-01,pemex_statement_sales,1333.0,,,,31.0,43.0,,,,,,staff_production/Tecolutla Production Tracking.xlsx,Reconciliation,2020-07-01 to 2020-07-30; nan
FIELD,2020-07-01,tonalli_trucking_sales,1290.5616147169999,1.4457324603059476,,,31.0,41.631019829580644,0.001118981609094167,,,,,staff_production/Tecolutla Production Tracking.xlsx,TRUCKING,"7 loads (7 to oil terminals); oil = PEMEX-measured where >0 else Tonalli; Tonalli oil 1291, shipped 1293 bbl"
FIELD,2020-08-01,pemex_statement_sales,2234.0,,,,31.0,72.06451612903226,,,,,,staff_production/Tecolutla Production Tracking.xlsx,Reconciliation,2020-08-01 to 2020-08-28; nan
FIELD,2020-08-01,tonalli_trucking_sales,2418.6725567940002,0.9670612481942555,,,31.0,78.02169538045162,0.000399671604392366,,,,,staff_production/Tecolutla Production Tracking.xlsx,TRUCKING,"13 loads (13 to oil terminals); oil = PEMEX-measured where >0 else Tonalli; Tonalli oil 2420, shipped 2421 bbl"
FIELD,2020-09-01,pemex_statement_sales,2589.0,,,,30.0,86.3,,,,,,staff_production/Tecolutla Production Tracking.xlsx,Reconciliation,2020-09-01 to 2020-09-29; nan
FIELD,2020-09-01,tonalli_trucking_sales,2609.70581594,1.110863361993978,,,30.0,86.99019386466667,0.0004254850104186439,,,,,staff_production/Tecolutla Production Tracking.xlsx,TRUCKING,"14 loads (14 to oil terminals); oil = PEMEX-measured where >0 else Tonalli; Tonalli oil 2611, shipped 2612 bbl"
FIELD,2020-10-01,pemex_statement_sales,2162.0,,,,31.0,69.74193548387096,,,,,,staff_production/Tecolutla Production Tracking.xlsx,Reconciliation,2020-10-01 to 2020-10-29; nan
FIELD,2020-10-01,tonalli_trucking_sales,2239.171340876,0.2635561398101629,,,31.0,72.23133357664517,0.00011768868126569264,,,,,staff_production/Tecolutla Production Tracking.xlsx,TRUCKING,"12 loads (12 to oil terminals); oil = PEMEX-measured where >0 else Tonalli; Tonalli oil 2240, shipped 2240 bbl"
FIELD,2020-11-01,pemex_statement_sales,1908.0,,,,30.0,63.6,,,,,,staff_production/Tecolutla Production Tracking.xlsx,Reconciliation,2020-11-01 to 2020-11-28; nan
FIELD,2020-11-01,tonalli_trucking_sales,2043.213310505,0.0,,,30.0,68.10711035016666,0.0,,,,,staff_production/Tecolutla Production Tracking.xlsx,TRUCKING,"12 loads (11 to oil terminals); oil = PEMEX-measured where >0 else Tonalli; Tonalli oil 2045, shipped 2045 bbl"
FIELD,2020-12-01,tonalli_trucking_sales,1811.761648591,0.0,,,31.0,58.44392414809678,0.0,,,,,staff_production/Tecolutla Production Tracking.xlsx,TRUCKING,"10 loads (10 to oil terminals); oil = PEMEX-measured where >0 else Tonalli; Tonalli oil 1841, shipped 1841 bbl"
FIELD,2021-01-01,tonalli_trucking_sales,2051.032415166,0.0,,,31.0,66.16233597309677,0.0,,,,,staff_production/Tecolutla Production Tracking.xlsx,TRUCKING,"11 loads (11 to oil terminals); oil = PEMEX-measured where >0 else Tonalli; Tonalli oil 2055, shipped 2055 bbl"
FIELD,2021-02-01,tonalli_trucking_sales,2335.23323734,39.99119361960413,,,28.0,83.40118704785714,0.016836806281689966,,,,,staff_production/Tecolutla Production Tracking.xlsx,TRUCKING,"13 loads (13 to oil terminals); oil = PEMEX-measured where >0 else Tonalli; Tonalli oil 2339, shipped 2379 bbl"
FIELD,2021-03-01,tonalli_trucking_sales,2224.162420265,24.861903803455647,,,31.0,71.74717484725807,0.01105452864043764,,,,,staff_production/Tecolutla Production Tracking.xlsx,TRUCKING,"12 loads (12 to oil terminals); oil = PEMEX-measured where >0 else Tonalli; Tonalli oil 2205, shipped 2230 bbl"
FIELD,2021-04-01,tonalli_trucking_sales,1614.87103137,9.938586173712366,,,30.0,53.829034379,0.006116769661135384,,,,,staff_production/Tecolutla Production Tracking.xlsx,TRUCKING,"9 loads (9 to oil terminals); oil = PEMEX-measured where >0 else Tonalli; Tonalli oil 1612, shipped 1622 bbl"
FIELD,2021-05-01,tonalli_trucking_sales,1462.1613779230001,5.824419606634535,,,31.0,47.166496062032266,0.003967626673525059,,,,,staff_production/Tecolutla Production Tracking.xlsx,TRUCKING,"8 loads (8 to oil terminals); oil = PEMEX-measured where >0 else Tonalli; Tonalli oil 1485, shipped 1490 bbl"
FIELD,2021-06-01,tonalli_trucking_sales,1456.615823325,0.0,,,30.0,48.5538607775,0.0,,,,,staff_production/Tecolutla Production Tracking.xlsx,TRUCKING,"8 loads (8 to oil terminals); oil = PEMEX-measured where >0 else Tonalli; Tonalli oil 1458, shipped 1458 bbl"
FIELD,2021-07-01,tonalli_trucking_sales,1268.400731376,3.7668792626650713,,,31.0,40.91615262503226,0.0029609928999638564,,,,,staff_production/Tecolutla Production Tracking.xlsx,TRUCKING,"8 loads (7 to oil terminals); oil = PEMEX-measured where >0 else Tonalli; Tonalli oil 1269, shipped 1273 bbl"
FIELD,2021-08-01,tonalli_trucking_sales,730.040495622,0.0,,,31.0,23.54969340716129,0.0,,,,,staff_production/Tecolutla Production Tracking.xlsx,TRUCKING,"4 loads (4 to oil terminals); oil = PEMEX-measured where >0 else Tonalli; Tonalli oil 732, shipped 732 bbl"
FIELD,2021-09-01,tonalli_trucking_sales,1469.731808692,0.0,,,30.0,48.99106028973333,0.0,,,,,staff_production/Tecolutla Production Tracking.xlsx,TRUCKING,"8 loads (8 to oil terminals); oil = PEMEX-measured where >0 else Tonalli; Tonalli oil 1473, shipped 1473 bbl"
FIELD,2021-10-01,tonalli_trucking_sales,929.109602765,0.09977482435672869,,,31.0,29.971277508548386,0.00010737604114109785,,,,,staff_production/Tecolutla Production Tracking.xlsx,TRUCKING,"5 loads (5 to oil terminals); oil = PEMEX-measured where >0 else Tonalli; Tonalli oil 930, shipped 930 bbl"
FIELD,2021-11-01,tonalli_trucking_sales,1308.04905825,4.006328819337398,,,30.0,43.601635275,0.0030534753782659315,,,,,staff_production/Tecolutla Production Tracking.xlsx,TRUCKING,"7 loads (7 to oil terminals); oil = PEMEX-measured where >0 else Tonalli; Tonalli oil 1307, shipped 1311 bbl"
FIELD,2021-12-01,tonalli_trucking_sales,1121.29314,0.0,,,31.0,36.17074645161291,0.0,,,,,staff_production/Tecolutla Production Tracking.xlsx,TRUCKING,"6 loads (6 to oil terminals); oil = PEMEX-measured where >0 else Tonalli; Tonalli oil 1121, shipped 1121 bbl"
FIELD,2022-01-01,tonalli_trucking_sales,935.73185,46.162887531685044,,,31.0,30.184898387096773,0.04701408997030642,,,,,staff_production/Tecolutla Production Tracking.xlsx,TRUCKING,"5 loads (5 to oil terminals); oil = PEMEX-measured where >0 else Tonalli; Tonalli oil 890, shipped 936 bbl"
FIELD,2022-02-01,tonalli_trucking_sales,184.7373,184.7320850132401,,,28.0,6.597760714285714,0.49999294259961524,,,,,staff_production/Tecolutla Production Tracking.xlsx,TRUCKING,"1 loads (1 to oil terminals); oil = PEMEX-measured where >0 else Tonalli; Tonalli oil 0, shipped 185 bbl"
FIELD,2022-11-01,tonalli_trucking_sales,916.0181071408355,0.0,,,30.0,30.533936904694517,0.0,,,,,staff_production/Tecolutla Production Tracking.xlsx,TRUCKING,"5 loads (5 to oil terminals); oil = PEMEX-measured where >0 else Tonalli; Tonalli oil 920, shipped 920 bbl"
FIELD,2022-12-01,tonalli_trucking_sales,0.0,0.0,,,31.0,0.0,,,,,,staff_production/Tecolutla Production Tracking.xlsx,TRUCKING,"4 loads (4 to oil terminals); oil = PEMEX-measured where >0 else Tonalli; Tonalli oil 0, shipped 740 bbl"
TEC-10,2018-07-01,tonalli_monthly_test_2018,0.0,2421.581638750338,,,31.0,0.0,1.0,,2350.5,2353.0,1,appraisal_plan/Tecolutla Production to Dec 2018.xlsx,DATA,Testing; PEMEX #
TEC-10,2018-07-01,tonalli_trucking_sales,0.0,2421.5816387503382,,,31.0,0.0,1.0,,,,,staff_production/Tecolutla Production Tracking.xlsx,TRUCKING,"14 loads (14 to oil terminals); oil = PEMEX-measured where >0 else Tonalli; Tonalli oil 0, shipped 2422 bbl"
TEC-10,2018-08-01,tonalli_monthly_test_2018,0.0,1232.8051979092631,,,31.0,0.0,1.0,,2350.5,2353.0,1,appraisal_plan/Tecolutla Production to Dec 2018.xlsx,DATA,Testing; PEMEX #
TEC-10,2018-08-01,tonalli_trucking_sales,0.0,1232.805197909263,,,31.0,0.0,1.0,,,,,staff_production/Tecolutla Production Tracking.xlsx,TRUCKING,"7 loads (7 to oil terminals); oil = PEMEX-measured where >0 else Tonalli; Tonalli oil 0, shipped 1233 bbl"
TEC-10,2018-09-01,tonalli_daily_sum,1110.1098,1894.7402,2218.5556108333335,11.0,30.0,37.003659999999996,0.6305606602659035,1998.5010589342905,2349.5,2353.0,3,tec12_drill/2023-09-29 Tec-12 Economics.xlsm,Tec-10 Prod,sum of 11 daily records; mean Ptbg 640 psi; partial month
TEC-10,2018-09-01,tonalli_monthly_test_2018,933.4746446774475,2183.1323735064298,,,30.0,31.11582148924825,0.7004836865119408,,2350.5,2353.0,1,appraisal_plan/Tecolutla Production to Dec 2018.xlsx,DATA,Testing; PEMEX #
TEC-10,2018-09-01,tonalli_trucking_sales,933.5009966666667,2183.1323735064293,,,30.0,31.11669988888889,0.7004777637304126,,,,,staff_production/Tecolutla Production Tracking.xlsx,TRUCKING,"19 loads (12 to oil terminals); oil = PEMEX-measured where >0 else Tonalli; Tonalli oil 933, shipped 3117 bbl"
TEC-10,2018-10-01,tonalli_daily_sum,5606.5046,4073.8994000000002,7023.9303500000005,31.0,31.0,180.8549870967742,0.42083981205743065,1252.8180838378337,2349.5,2353.0,3,tec12_drill/2023-09-29 Tec-12 Economics.xlsm,Tec-10 Prod,sum of 31 daily records; mean Ptbg 875 psi
TEC-10,2018-10-01,tonalli_monthly_test_2018,4348.908690647663,4792.467648298287,,,31.0,140.28737711766655,0.5242610598888093,,2350.5,2353.0,1,appraisal_plan/Tecolutla Production to Dec 2018.xlsx,DATA,Testing; PEMEX #
TEC-10,2018-10-01,tonalli_trucking_sales,4349.03146034,4801.291216682286,,,31.0,140.29133743032259,0.5247127763853603,,,,,staff_production/Tecolutla Production Tracking.xlsx,TRUCKING,"53 loads (31 to oil terminals); oil = PEMEX-measured where >0 else Tonalli; Tonalli oil 4340, shipped 9141 bbl"
TEC-10,2018-11-01,tonalli_daily_sum,4928.756,4161.344,4645.041666666667,30.0,30.0,164.29186666666666,0.45778858318390336,942.4369286421698,2349.5,2353.0,3,tec12_drill/2023-09-29 Tec-12 Economics.xlsm,Tec-10 Prod,sum of 30 daily records; mean Ptbg 711 psi
TEC-10,2018-11-01,tonalli_monthly_test_2018,4693.400517023405,4349.938516985664,,,30.0,156.44668390078016,0.4810102220680828,,2350.5,2353.0,1,appraisal_plan/Tecolutla Production to Dec 2018.xlsx,DATA,Testing; PEMEX #
TEC-10,2018-11-01,tonalli_trucking_sales,4693.53301172,4440.43582179675,,,30.0,156.45110039066668,0.4861452784361099,,,,,staff_production/Tecolutla Production Tracking.xlsx,TRUCKING,"53 loads (29 to oil terminals); oil = PEMEX-measured where >0 else Tonalli; Tonalli oil 4666, shipped 9107 bbl"
TEC-10,2018-12-01,tonalli_daily_sum,4523.809,4275.963,4162.25,31.0,31.0,145.92932258064516,0.4859174760436974,920.0764223246383,2349.5,2353.0,3,tec12_drill/2023-09-29 Tec-12 Economics.xlsm,Tec-10 Prod,sum of 31 daily records; mean Ptbg 610 psi
TEC-10,2018-12-01,tonalli_monthly_test_2018,3979.7874040015863,3138.2788529879804,,,31.0,128.38023883876085,0.44088924430934534,,2350.5,2353.0,1,appraisal_plan/Tecolutla Production to Dec 2018.xlsx,DATA,Testing; TONALLI #
TEC-10,2018-12-01,tonalli_trucking_sales,3997.51834532,3138.27885298798,,,31.0,128.95220468774195,0.43979372812502565,,,,,staff_production/Tecolutla Production Tracking.xlsx,TRUCKING,"42 loads (26 to oil terminals); oil = PEMEX-measured where >0 else Tonalli; Tonalli oil 3980, shipped 7118 bbl"
TEC-10,2019-01-01,tonalli_daily_sum,4251.3471,4075.9629,3440.4869458333333,31.0,31.0,137.14022903225808,0.48946933643637625,809.2698302223625,2349.5,2353.0,3,tec12_drill/2023-09-29 Tec-12 Economics.xlsm,Tec-10 Prod,sum of 31 daily records; mean Ptbg 523 psi
TEC-10,2019-01-01,tonalli_trucking_sales,4105.38931045,4536.7880392736515,,,31.0,132.4319132403226,0.5249589143664962,,,,,staff_production/Tecolutla Production Tracking.xlsx,TRUCKING,"52 loads (25 to oil terminals); oil = PEMEX-measured where >0 else Tonalli; Tonalli oil 4117, shipped 8654 bbl"
TEC-10,2019-02-01,tonalli_daily_sum,3042.991,3436.1639999999998,2844.4473666666663,28.0,28.0,108.67825,0.5303413793928374,934.7537888434985,2349.5,2353.0,3,tec12_drill/2023-09-29 Tec-12 Economics.xlsm,Tec-10 Prod,sum of 28 daily records; mean Ptbg 504 psi
TEC-10,2019-02-01,tonalli_trucking_sales,2480.59098594,2562.794400380744,,,28.0,88.59253521214285,0.5081496265052147,,,,,staff_production/Tecolutla Production Tracking.xlsx,TRUCKING,"29 loads (21 to oil terminals); oil = PEMEX-measured where >0 else Tonalli; Tonalli oil 2468, shipped 5031 bbl"
TEC-10,2019-03-01,tonalli_daily_sum,2804.001,3611.33,2472.9475749999997,31.0,31.0,90.45164516129033,0.5629218507977218,881.9353398946718,2349.5,2353.0,3,tec12_drill/2023-09-29 Tec-12 Economics.xlsm,Tec-10 Prod,sum of 31 daily records; mean Ptbg 491 psi
TEC-10,2019-03-01,tonalli_trucking_sales,2267.76746472,4663.672732152105,,,31.0,73.15378918451613,0.6728288205179412,,,,,staff_production/Tecolutla Production Tracking.xlsx,TRUCKING,"40 loads (13 to oil terminals); oil = PEMEX-measured where >0 else Tonalli; Tonalli oil 2274, shipped 6937 bbl"
TEC-10,2019-04-01,tonalli_daily_sum,2410.215,3128.545,1682.9715,30.0,30.0,80.3405,0.5648457416461447,698.2661297851021,2349.5,2353.0,3,tec12_drill/2023-09-29 Tec-12 Economics.xlsm,Tec-10 Prod,sum of 30 daily records; mean Ptbg 441 psi
TEC-10,2019-04-01,tonalli_trucking_sales,2266.03684041,2111.4930570843317,,,30.0,75.534561347,0.4823480607849043,,,,,staff_production/Tecolutla Production Tracking.xlsx,TRUCKING,"25 loads (14 to oil terminals); oil = PEMEX-measured where >0 else Tonalli; Tonalli oil 2240, shipped 4352 bbl"
TEC-10,2019-05-01,tonalli_daily_sum,2580.136,3525.49099,1658.8696250000003,31.0,31.0,83.23019354838709,0.5774167003281018,642.9388315189588,2349.5,2353.0,3,tec12_drill/2023-09-29 Tec-12 Economics.xlsm,Tec-10 Prod,sum of 31 daily records; mean Ptbg 471 psi
TEC-10,2019-05-01,tonalli_trucking_sales,2404.97561256,5830.426324164869,,,31.0,77.57985846967742,0.707971070381486,,,,,staff_production/Tecolutla Production Tracking.xlsx,TRUCKING,"48 loads (14 to oil terminals); oil = PEMEX-measured where >0 else Tonalli; Tonalli oil 2390, shipped 8220 bbl"
TEC-10,2019-06-01,tonalli_daily_sum,2099.6365,3660.9707,2179.9071875,30.0,30.0,69.98788333333333,0.6355181967623135,1038.2307544663088,2349.5,2353.0,3,tec12_drill/2023-09-29 Tec-12 Economics.xlsm,Tec-10 Prod,sum of 30 daily records; mean Ptbg 482 psi
TEC-10,2019-06-01,tonalli_trucking_sales,1900.51584507,4646.20444858175,,,30.0,63.350528169,0.7096995503362348,,,,,staff_production/Tecolutla Production Tracking.xlsx,TRUCKING,"38 loads (11 to oil terminals); oil = PEMEX-measured where >0 else Tonalli; Tonalli oil 1909, shipped 6555 bbl"
TEC-10,2019-07-01,tonalli_daily_sum,2374.7175899999997,4201.37241,2974.7820375,31.0,31.0,76.60379322580644,0.6388860873254472,1252.6887618245169,2349.5,2353.0,3,tec12_drill/2023-09-29 Tec-12 Economics.xlsm,Tec-10 Prod,sum of 31 daily records; mean Ptbg 469 psi
TEC-10,2019-07-01,tonalli_trucking_sales,0.0,3924.8492015070415,,,31.0,0.0,1.0,,,,,staff_production/Tecolutla Production Tracking.xlsx,TRUCKING,"23 loads (0 to oil terminals); oil = PEMEX-measured where >0 else Tonalli; Tonalli oil 0, shipped 3925 bbl"
TEC-10,2019-08-01,tonalli_daily_sum,2402.3556999999996,4285.3243,4343.8122,31.0,31.0,77.49534516129032,0.6407789098760707,1808.1469784012422,2349.5,2353.0,3,tec12_drill/2023-09-29 Tec-12 Economics.xlsm,Tec-10 Prod,sum of 31 daily records; mean Ptbg 497 psi
TEC-10,2019-08-01,tonalli_trucking_sales,0.0,345.94023410719115,,,31.0,0.0,1.0,,,,,staff_production/Tecolutla Production Tracking.xlsx,TRUCKING,"2 loads (0 to oil terminals); oil = PEMEX-measured where >0 else Tonalli; Tonalli oil 0, shipped 346 bbl"
TEC-10,2019-09-01,tonalli_daily_sum,2338.2079,4496.212100000001,4588.848225,30.0,30.0,77.94026333333333,0.657877639946038,1962.549277589901,2349.5,2353.0,3,tec12_drill/2023-09-29 Tec-12 Economics.xlsm,Tec-10 Prod,sum of 30 daily records; mean Ptbg 493 psi
TEC-10,2019-10-01,tonalli_daily_sum,2139.5536999999995,4384.926299999999,5287.7798999999995,31.0,31.0,69.01786129032256,0.6720729161557703,2471.440609319598,2349.5,2353.0,3,tec12_drill/2023-09-29 Tec-12 Economics.xlsm,Tec-10 Prod,sum of 31 daily records; mean Ptbg 454 psi
TEC-10,2019-11-01,tonalli_daily_sum,1856.1255999999998,3576.4444000000003,2640.072825,24.0,30.0,61.87085333333333,0.6583337904527692,1422.3567763948736,2349.5,2353.0,3,tec12_drill/2023-09-29 Tec-12 Economics.xlsm,Tec-10 Prod,sum of 24 daily records; mean Ptbg 506 psi; partial month
TEC-11,2019-05-01,tonalli_trucking_sales,0.0,301.9114770390032,,,31.0,0.0,1.0,,,,,staff_production/Tecolutla Production Tracking.xlsx,TRUCKING,"2 loads (0 to oil terminals); oil = PEMEX-measured where >0 else Tonalli; Tonalli oil 0, shipped 302 bbl"
TEC-11,2019-07-01,tonalli_trucking_sales,0.0,3937.4288463836665,,,31.0,0.0,1.0,,,,,staff_production/Tecolutla Production Tracking.xlsx,TRUCKING,"23 loads (0 to oil terminals); oil = PEMEX-measured where >0 else Tonalli; Tonalli oil 0, shipped 3937 bbl"
TEC-11,2019-08-01,tonalli_trucking_sales,0.0,157.24556095781418,,,31.0,0.0,1.0,,,,,staff_production/Tecolutla Production Tracking.xlsx,TRUCKING,"1 loads (0 to oil terminals); oil = PEMEX-measured where >0 else Tonalli; Tonalli oil 0, shipped 157 bbl"
TEC-2,1972-01-01,cnh_monthly_pemex_era,2730.0821325026923,10.000300851658212,2138.82564693271,13.0,31.0,88.06716556460297,0.00364963503649635,783.4290483312412,2307.0,2311.0,,appraisal_plan/Production (Tecolutla).xlsx,Production,
TEC-2,1972-02-01,cnh_monthly_pemex_era,7140.214808083964,60.001805109949274,5834.073712994855,29.0,29.0,246.21430372703324,0.008333333333333331,817.0725769187882,2307.0,2311.0,,appraisal_plan/Production (Tecolutla).xlsx,Production,
TEC-2,1972-03-01,cnh_monthly_pemex_era,8340.25091028295,20.000601703316423,5532.830664131094,31.0,31.0,269.0403519446113,0.0023923444976076554,663.3889943658047,2307.0,2311.0,,appraisal_plan/Production (Tecolutla).xlsx,Production,
TEC-2,1972-04-01,cnh_monthly_pemex_era,7050.21210041904,0.0,4227.444119054792,30.0,30.0,235.00707001396802,0.0,599.6194240459131,2307.0,2311.0,,appraisal_plan/Production (Tecolutla).xlsx,Production,
TEC-2,1972-05-01,cnh_monthly_pemex_era,6590.198261242762,0.0,3645.0408912515186,31.0,31.0,212.58704068525037,0.0,553.1003388301928,2307.0,2311.0,,appraisal_plan/Production (Tecolutla).xlsx,Production,
TEC-2,1972-06-01,cnh_monthly_pemex_era,7380.222028523761,10.000300851658212,3142.9691431452493,30.0,30.0,246.00740095079203,0.0013531799729364004,425.86376547995616,2307.0,2311.0,,appraisal_plan/Production (Tecolutla).xlsx,Production,
TEC-2,1972-07-01,cnh_monthly_pemex_era,5750.172989703473,230.0069195881389,4046.698289736535,31.0,31.0,185.48945128075718,0.038461538461538464,703.7524430974062,2307.0,2311.0,,appraisal_plan/Production (Tecolutla).xlsx,Production,
TEC-2,1972-08-01,cnh_monthly_pemex_era,5880.176900775029,20.000601703316423,8565.344022692963,31.0,31.0,189.68312583145254,0.0033898305084745757,1456.6473368452605,2307.0,2311.0,,appraisal_plan/Production (Tecolutla).xlsx,Production,
TEC-2,1972-09-01,cnh_monthly_pemex_era,5420.1630615987515,20.000601703316423,7691.739180988054,30.0,30.0,180.67210205329172,0.0036764705882352936,1419.0973765131098,2307.0,2311.0,,appraisal_plan/Production (Tecolutla).xlsx,Production,
TEC-2,1972-10-01,cnh_monthly_pemex_era,5540.16667181865,20.000601703316423,8414.722498261082,31.0,31.0,178.71505392963385,0.003597122302158273,1518.8572829522498,2307.0,2311.0,,appraisal_plan/Production (Tecolutla).xlsx,Production,
TEC-2,1972-11-01,cnh_monthly_pemex_era,5300.159451378853,20.000601703316423,7912.650750154813,30.0,30.0,176.67198171262845,0.003759398496240601,1492.9080573408621,2307.0,2311.0,,appraisal_plan/Production (Tecolutla).xlsx,Production,
TEC-2,1972-12-01,cnh_monthly_pemex_era,4870.14651475755,10.000300851658212,7229.833172730286,31.0,31.0,157.10150047605,0.002049180327868852,1484.5206711589472,2307.0,2311.0,,appraisal_plan/Production (Tecolutla).xlsx,Production,
TEC-2,1973-01-01,cnh_monthly_pemex_era,650.0195553577838,0.0,391.61596352289047,30.0,31.0,20.968372753476896,0.0,602.4679723786728,2307.0,2311.0,,appraisal_plan/Production (Tecolutla).xlsx,Production,
TEC-2,1973-02-01,cnh_monthly_pemex_era,2020.060772034959,0.0,3604.8751514030173,28.0,28.0,72.14502757267711,0.0,1784.537970989633,2307.0,2311.0,,appraisal_plan/Production (Tecolutla).xlsx,Production,
TEC-2,1973-03-01,cnh_monthly_pemex_era,1940.0583652216935,150.0045127748732,3273.507797652879,31.0,31.0,62.58252791037721,0.07177033492822966,1687.3243899952517,2307.0,2311.0,,appraisal_plan/Production (Tecolutla).xlsx,Production,
TEC-2,1973-04-01,cnh_monthly_pemex_era,2380.0716026946548,290.0087246980882,3956.3253750774065,30.0,30.0,79.33572008982182,0.10861423220973783,1662.2715764509599,2307.0,2311.0,,appraisal_plan/Production (Tecolutla).xlsx,Production,
TEC-2,1973-05-01,cnh_monthly_pemex_era,2230.0670899197817,150.0045127748732,3404.04645216051,31.0,31.0,71.93764806192844,0.06302521008403361,1526.432306699328,2307.0,2311.0,,appraisal_plan/Production (Tecolutla).xlsx,Production,
TEC-2,1973-06-01,cnh_monthly_pemex_era,2470.0743103595787,40.00120340663285,2329.612911213092,30.0,30.0,82.33581034531929,0.015936254980079678,943.1347475833473,2307.0,2311.0,,appraisal_plan/Production (Tecolutla).xlsx,Production,
TEC-2,1973-07-01,cnh_monthly_pemex_era,2510.0755137662113,40.00120340663285,1496.1738093566842,31.0,31.0,80.97017786342617,0.015686274509803918,596.0672502285673,2307.0,2311.0,,appraisal_plan/Production (Tecolutla).xlsx,Production,
TEC-2,1973-08-01,cnh_monthly_pemex_era,2410.0725052496296,50.00150425829107,1435.9251995839318,31.0,31.0,77.74427436289128,0.020325203252032523,595.8016600978575,2307.0,2311.0,,appraisal_plan/Production (Tecolutla).xlsx,Production,
TEC-2,1973-09-01,cnh_monthly_pemex_era,1930.0580643700353,30.000902554974637,1154.7650206444207,30.0,30.0,64.3352688123345,0.01530612244897959,598.3058447629306,2307.0,2311.0,,appraisal_plan/Production (Tecolutla).xlsx,Production,
TEC-2,1973-10-01,cnh_monthly_pemex_era,2400.0722043979713,10.000300851658212,1586.5467240158127,23.0,31.0,77.42168401283779,0.004149377593360995,661.0412474710438,2307.0,2311.0,,appraisal_plan/Production (Tecolutla).xlsx,Production,
TEC-2,1973-11-01,cnh_monthly_pemex_era,4310.12966706469,0.0,3203.2177529180017,30.0,30.0,143.67098890215632,0.0,743.1836163526551,2307.0,2311.0,,appraisal_plan/Production (Tecolutla).xlsx,Production,
TEC-2,1973-12-01,cnh_monthly_pemex_era,3840.1155270367535,230.0069195881389,2520.4001754934748,31.0,31.0,123.87469442054044,0.05651105651105652,656.3344664368354,2307.0,2311.0,,appraisal_plan/Production (Tecolutla).xlsx,Production,
TEC-2,1974-01-01,cnh_monthly_pemex_era,3940.1185355533357,740.0222630227078,2018.3284273872046,31.0,31.0,127.10059792107535,0.15811965811965814,512.2506871747598,2307.0,2311.0,,appraisal_plan/Production (Tecolutla).xlsx,Production,
TEC-2,1974-02-01,cnh_monthly_pemex_era,2550.0767171728444,480.0144408795942,1275.2622401899253,28.0,28.0,91.07416847045873,0.15841584158415842,500.0877940659571,2307.0,2311.0,,appraisal_plan/Production (Tecolutla).xlsx,Production,
TEC-2,1974-03-01,cnh_monthly_pemex_era,2840.0854418709323,570.0171485445181,1496.1738093566842,31.0,31.0,91.61565941519136,0.16715542521994137,526.8059148146846,2307.0,2311.0,,appraisal_plan/Production (Tecolutla).xlsx,Production,
TEC-2,1974-04-01,cnh_monthly_pemex_era,2690.080929096059,440.0132374729614,1686.9610736370666,30.0,30.0,89.66936430320197,0.1405750798722045,627.1042091673918,2307.0,2311.0,,appraisal_plan/Production (Tecolutla).xlsx,Production,
TEC-2,1974-05-01,cnh_monthly_pemex_era,2890.0869461292236,140.00421192321497,2219.157126629713,31.0,31.0,93.22861116545883,0.0462046204620462,767.8513373453674,2307.0,2311.0,,appraisal_plan/Production (Tecolutla).xlsx,Production,
TEC-2,1974-06-01,cnh_monthly_pemex_era,2740.0824333543505,80.0024068132657,2088.6184721220825,30.0,30.0,91.33608111181168,0.02836879432624113,762.2465830581747,2307.0,2311.0,,appraisal_plan/Production (Tecolutla).xlsx,Production,
TEC-2,1974-07-01,cnh_monthly_pemex_era,2670.080327392743,0.0,2028.36986234933,31.0,31.0,86.13162346428204,0.0,759.6662323376522,2307.0,2311.0,,appraisal_plan/Production (Tecolutla).xlsx,Production,
TEC-2,1974-08-01,cnh_monthly_pemex_era,2610.0785222827935,0.0,1998.245557462954,31.0,31.0,84.19608136396108,0.0,765.5882918477387,2307.0,2311.0,,appraisal_plan/Production (Tecolutla).xlsx,Production,
TEC-2,1974-09-01,cnh_monthly_pemex_era,1880.0565601117441,0.0,1435.9251995839318,23.0,30.0,62.668552003724805,0.0,763.7670217211897,2307.0,2311.0,,appraisal_plan/Production (Tecolutla).xlsx,Production,
TEC-2,1975-05-01,cnh_monthly_pemex_era,1250.0376064572768,0.0,552.2789229168968,24.0,31.0,40.32379375668635,0.0,441.8098464110267,2307.0,2311.0,,appraisal_plan/Production (Tecolutla).xlsx,Production,
TEC-2,1975-06-01,cnh_monthly_pemex_era,1160.0348987923528,260.0078221431136,843.4805368185333,30.0,30.0,38.66782995974509,0.18309859154929578,727.1165183880532,2307.0,2311.0,,appraisal_plan/Production (Tecolutla).xlsx,Production,
TEC-2,1975-07-01,cnh_monthly_pemex_era,1190.0358013473274,300.0090255497464,843.4805368185333,31.0,31.0,38.3882516563654,0.20134228187919465,708.7858498572621,2307.0,2311.0,,appraisal_plan/Production (Tecolutla).xlsx,Production,
TEC-2,1975-08-01,cnh_monthly_pemex_era,1130.0339962373782,280.00842384642993,953.9363214019127,31.0,31.0,36.45270955604446,0.19858156028368792,844.1660379937155,2307.0,2311.0,,appraisal_plan/Production (Tecolutla).xlsx,Production,
TEC-2,1975-09-01,cnh_monthly_pemex_era,320.0096272530628,70.00210596160748,271.11874397738575,10.0,30.0,10.666987575102093,0.1794871794871795,847.2205861575088,2307.0,2311.0,,appraisal_plan/Production (Tecolutla).xlsx,Production,
TEC-2,1975-11-01,cnh_monthly_pemex_era,1250.0376064572768,140.00421192321497,281.1601789395111,21.0,30.0,41.66792021524256,0.10071942446043163,224.92137635470448,2307.0,2311.0,,appraisal_plan/Production (Tecolutla).xlsx,Production,
TEC-2,1975-12-01,cnh_monthly_pemex_era,2000.0601703316427,220.0066187364807,341.40878871226346,31.0,31.0,64.51807001069815,0.0990990990990991,170.69925884062394,2307.0,2311.0,,appraisal_plan/Production (Tecolutla).xlsx,Production,
TEC-2,1976-01-01,cnh_monthly_pemex_era,1800.0541532984782,200.00601703316428,341.40878871226346,31.0,31.0,58.06626300962833,0.10000000000000002,189.66584315624883,2307.0,2311.0,,appraisal_plan/Production (Tecolutla).xlsx,Production,
TEC-2,1976-02-01,cnh_monthly_pemex_era,2100.0631788482247,230.0069195881389,341.40878871226346,29.0,29.0,72.41597168442154,0.09871244635193134,162.57072270535613,2307.0,2311.0,,appraisal_plan/Production (Tecolutla).xlsx,Production,
TEC-2,1976-03-01,cnh_monthly_pemex_era,2910.0875478325397,320.0096272530628,642.6518375760254,31.0,31.0,93.87379186556579,0.09907120743034055,220.8359119830187,2307.0,2311.0,,appraisal_plan/Production (Tecolutla).xlsx,Production,
TEC-2,1976-04-01,cnh_monthly_pemex_era,2540.076416321186,280.00842384642993,662.7347075002762,30.0,30.0,84.66921387737287,0.09929078014184396,260.91132662068503,2307.0,2311.0,,appraisal_plan/Production (Tecolutla).xlsx,Production,
TEC-2,1976-05-01,cnh_monthly_pemex_era,1990.0598694799846,210.00631788482247,361.4916586365143,31.0,31.0,64.19547966064466,0.09545454545454544,181.648634888042,2307.0,2311.0,,appraisal_plan/Production (Tecolutla).xlsx,Production,
TEC-2,1976-06-01,cnh_monthly_pemex_era,1860.0559584084278,200.00601703316428,281.1601789395111,30.0,30.0,62.00186528028093,0.0970873786407767,151.1568389480541,2307.0,2311.0,,appraisal_plan/Production (Tecolutla).xlsx,Production,
TEC-2,1976-07-01,cnh_monthly_pemex_era,1210.0364030506437,130.0039110715568,180.74582931825714,31.0,31.0,39.033432356472375,0.09701492537313434,149.37222455669573,2307.0,2311.0,,appraisal_plan/Production (Tecolutla).xlsx,Production,
TEC-2,1976-08-01,cnh_monthly_pemex_era,1580.0475345619977,160.0048136265314,773.1904920836555,31.0,31.0,50.96927530845154,0.09195402298850573,489.3463488729726,2307.0,2311.0,,appraisal_plan/Production (Tecolutla).xlsx,Production,
TEC-2,1976-09-01,cnh_monthly_pemex_era,1190.0358013473274,130.0039110715568,662.7347075002762,30.0,30.0,39.66786004491091,0.0984848484848485,556.9031677449916,2307.0,2311.0,,appraisal_plan/Production (Tecolutla).xlsx,Production,
TEC-2,1976-10-01,cnh_monthly_pemex_era,970.0291826108468,100.00300851658214,582.403227803273,31.0,31.0,31.291263955188604,0.09345794392523366,600.397635703832,2307.0,2311.0,,appraisal_plan/Production (Tecolutla).xlsx,Production,
TEC-2,1976-11-01,cnh_monthly_pemex_era,940.0282800558721,90.00270766492392,471.94744321989367,30.0,30.0,31.334276001862403,0.08737864077669902,502.05664364889395,2307.0,2311.0,,appraisal_plan/Production (Tecolutla).xlsx,Production,
TEC-2,1976-12-01,cnh_monthly_pemex_era,570.0171485445181,40.00120340663285,220.91156916675874,31.0,31.0,18.38764995304897,0.06557377049180327,387.55249685177785,2307.0,2311.0,,appraisal_plan/Production (Tecolutla).xlsx,Production,
TEC-2,1977-01-01,cnh_monthly_pemex_era,340.01022895637925,20.000601703316423,271.11874397738575,31.0,31.0,10.968071901818686,0.055555555555555546,797.38408108942,2307.0,2311.0,,appraisal_plan/Production (Tecolutla).xlsx,Production,
TEC-2,1977-02-01,cnh_monthly_pemex_era,280.00842384642993,20.000601703316423,170.70439435613173,28.0,28.0,10.000300851658212,0.06666666666666667,609.6402101450856,2307.0,2311.0,,appraisal_plan/Production (Tecolutla).xlsx,Production,
TEC-2,1977-03-01,cnh_monthly_pemex_era,280.00842384642993,20.000601703316423,190.78726428038254,31.0,31.0,9.03252980149774,0.06666666666666667,681.3625878092133,2307.0,2311.0,,appraisal_plan/Production (Tecolutla).xlsx,Production,
TEC-2,1977-04-01,cnh_monthly_pemex_era,360.01083065969567,20.000601703316423,230.95300412888412,30.0,30.0,12.000361021989855,0.05263157894736841,641.5168224402533,2307.0,2311.0,,appraisal_plan/Production (Tecolutla).xlsx,Production,
TEC-2,1977-05-01,cnh_monthly_pemex_era,410.0123349179868,20.000601703316423,401.65739848501585,31.0,31.0,13.226204352193122,0.04651162790697674,979.6227193149149,2307.0,2311.0,,appraisal_plan/Production (Tecolutla).xlsx,Production,
TEC-2,1977-06-01,cnh_monthly_pemex_era,400.01203406632857,20.000601703316423,230.95300412888412,30.0,30.0,13.33373446887762,0.04761904761904761,577.365140196228,2307.0,2311.0,,appraisal_plan/Production (Tecolutla).xlsx,Production,
TEC-2,1977-07-01,cnh_monthly_pemex_era,340.01022895637925,10.000300851658212,150.62152443188094,31.0,31.0,10.968071901818686,0.028571428571428567,442.99115616078876,2307.0,2311.0,,appraisal_plan/Production (Tecolutla).xlsx,Production,
TEC-2,1977-08-01,cnh_monthly_pemex_era,200.00601703316428,0.0,80.33147969700318,31.0,31.0,6.451807001069816,0.0,401.64531491911515,2307.0,2311.0,,appraisal_plan/Production (Tecolutla).xlsx,Production,
TEC-2,1977-09-01,cnh_monthly_pemex_era,190.00571618150605,0.0,90.37291465912857,30.0,30.0,6.333523872716868,0.0,475.6326097726364,2307.0,2311.0,,appraisal_plan/Production (Tecolutla).xlsx,Production,
TEC-2,1977-10-01,cnh_monthly_pemex_era,200.00601703316428,0.0,30.12430488637619,31.0,31.0,6.451807001069816,0.0,150.61699309466817,2307.0,2311.0,,appraisal_plan/Production (Tecolutla).xlsx,Production,
TEC-2,1977-11-01,cnh_monthly_pemex_era,40.00120340663285,0.0,10.041434962125397,30.0,30.0,1.3333734468877616,0.0,251.02832182444703,2307.0,2311.0,,appraisal_plan/Production (Tecolutla).xlsx,Production,
TEC-2,1978-01-01,cnh_monthly_pemex_era,3070.0923614590715,3070.0923614590715,933.8534514776619,31.0,31.0,99.03523746642166,0.5,304.1776407775058,2307.0,2311.0,,appraisal_plan/Production (Tecolutla).xlsx,Production,
TEC-2,1978-02-01,cnh_monthly_pemex_era,4630.1392943177525,4630.1392943177525,1385.7180247733047,28.0,28.0,165.36211765420543,0.5,299.2821461060362,2307.0,2311.0,,appraisal_plan/Production (Tecolutla).xlsx,Production,
TEC-2,1978-03-01,cnh_monthly_pemex_era,5130.154336900663,5130.154336900663,1536.3395492051857,31.0,31.0,165.48884957744073,0.5,299.4723839309192,2307.0,2311.0,,appraisal_plan/Production (Tecolutla).xlsx,Production,
TEC-2,1978-04-01,cnh_monthly_pemex_era,1860.0559584084278,2890.0869461292236,1054.3506710231668,30.0,30.0,62.00186528028093,0.6084210526315789,566.8381460552029,2307.0,2311.0,,appraisal_plan/Production (Tecolutla).xlsx,Production,
TEC-2,1978-05-01,cnh_monthly_pemex_era,500.01504258291067,120.00361021989855,301.2430488637619,31.0,31.0,16.12951750267454,0.19354838709677416,602.4679723786727,2307.0,2311.0,,appraisal_plan/Production (Tecolutla).xlsx,Production,
TEC-2,1979-10-01,cnh_monthly_pemex_era,150.0045127748732,240.0072204397971,100.41434962125396,4.0,31.0,4.838855250802362,0.6153846153846153,669.4088581985252,2307.0,2311.0,,appraisal_plan/Production (Tecolutla).xlsx,Production,
TEC-2,1979-12-01,cnh_monthly_pemex_era,820.0246698359736,1230.0370047539602,461.90600825776824,18.0,31.0,26.452408704386244,0.6,563.2830636060761,2307.0,2311.0,,appraisal_plan/Production (Tecolutla).xlsx,Production,
TEC-2,1980-01-01,cnh_monthly_pemex_era,1400.0421192321498,4610.138692614437,923.8120165155365,26.0,31.0,45.1626490074887,0.7670549084858569,659.8458745099749,2307.0,2311.0,,appraisal_plan/Production (Tecolutla).xlsx,Production,
TEC-2,1980-04-01,cnh_monthly_pemex_era,1010.0303860174795,1010.0303860174795,562.3203578790223,20.0,30.0,33.66767953391598,0.5,556.7360800859022,2307.0,2311.0,,appraisal_plan/Production (Tecolutla).xlsx,Production,
TEC-2,1980-05-01,cnh_monthly_pemex_era,1590.0478354136558,2340.0703992880217,823.3976668942826,31.0,31.0,51.291865658505024,0.5954198473282443,517.8445884177272,2307.0,2311.0,,appraisal_plan/Production (Tecolutla).xlsx,Production,
TEC-2,1980-06-01,cnh_monthly_pemex_era,1470.0442251937573,2210.066488216465,652.6932725381507,30.0,30.0,49.00147417312524,0.6005434782608696,443.9956712541239,2307.0,2311.0,,appraisal_plan/Production (Tecolutla).xlsx,Production,
TEC-2,1980-07-01,cnh_monthly_pemex_era,760.0228647260242,910.0273775008973,331.3673537501381,26.0,31.0,24.516866604065296,0.5449101796407185,435.99655895825003,2307.0,2311.0,,appraisal_plan/Production (Tecolutla).xlsx,Production,
TEC-2,1980-08-01,cnh_monthly_pemex_era,190.00571618150605,190.00571618150605,90.37291465912857,6.0,31.0,6.129216651016324,0.5,475.6326097726364,2307.0,2311.0,,appraisal_plan/Production (Tecolutla).xlsx,Production,
TEC-2,1981-01-01,cnh_monthly_pemex_era,70.00210596160748,0.0,40.16573984850159,1.0,31.0,2.258132450374435,0.0,573.7790213130218,2307.0,2311.0,,appraisal_plan/Production (Tecolutla).xlsx,Production,
TEC-2,1981-02-01,cnh_monthly_pemex_era,1530.0460303037066,0.0,1084.474975909543,28.0,28.0,54.644501082275234,0.0,708.7858498572622,2307.0,2311.0,,appraisal_plan/Production (Tecolutla).xlsx,Production,
TEC-2,1981-03-01,cnh_monthly_pemex_era,1170.0351996440108,0.0,552.2789229168968,31.0,31.0,37.743070956258414,0.0,472.0190666784474,2307.0,2311.0,,appraisal_plan/Production (Tecolutla).xlsx,Production,
TEC-2,1981-04-01,cnh_monthly_pemex_era,1270.038208160593,0.0,793.2733620079064,30.0,30.0,42.334606938686434,0.0,624.6059031222461,2307.0,2311.0,,appraisal_plan/Production (Tecolutla).xlsx,Production,
TEC-2,1981-05-01,cnh_monthly_pemex_era,1400.0421192321498,0.0,883.646276667035,31.0,31.0,45.1626490074887,0.0,631.1569234443239,2307.0,2311.0,,appraisal_plan/Production (Tecolutla).xlsx,Production,
TEC-2,1981-06-01,cnh_monthly_pemex_era,490.01474173125246,0.0,220.91156916675874,17.0,30.0,16.33382472437508,0.0,450.8263738888028,2307.0,2311.0,,appraisal_plan/Production (Tecolutla).xlsx,Production,
TEC-2,1981-12-01,cnh_monthly_pemex_era,1070.0321911274286,0.0,552.2789229168968,23.0,31.0,34.5171674557235,0.0,516.132998143723,2307.0,2311.0,,appraisal_plan/Production (Tecolutla).xlsx,Production,
TEC-2,1982-01-01,cnh_monthly_pemex_era,290.0087246980882,0.0,140.58008946975556,12.0,31.0,9.355120151551231,0.0,484.74434559203553,2307.0,2311.0,,appraisal_plan/Production (Tecolutla).xlsx,Production,
TEC-2,1982-09-01,cnh_monthly_pemex_era,320.0096272530628,320.0096272530628,170.70439435613173,10.0,30.0,10.666987575102093,0.5,533.4351838769498,2307.0,2311.0,,appraisal_plan/Production (Tecolutla).xlsx,Production,
TEC-2,1983-10-01,cnh_monthly_pemex_era,580.0174493961764,200.00601703316428,331.3673537501381,31.0,31.0,18.710240303102463,0.2564102564102564,571.3058358763276,2307.0,2311.0,,appraisal_plan/Production (Tecolutla).xlsx,Production,
TEC-2,1983-11-01,cnh_monthly_pemex_era,570.0171485445181,190.00571618150605,291.2016139016365,30.0,30.0,19.000571618150605,0.25,510.86465494097985,2307.0,2311.0,,appraisal_plan/Production (Tecolutla).xlsx,Production,
TEC-2,1983-12-01,cnh_monthly_pemex_era,490.01474173125246,160.0048136265314,281.1601789395111,26.0,31.0,15.806927152621046,0.24615384615384614,573.7790213130216,2307.0,2311.0,,appraisal_plan/Production (Tecolutla).xlsx,Production,
TEC-2,1984-01-01,cnh_monthly_pemex_era,600.0180510994928,200.00601703316428,431.78170337139204,31.0,31.0,19.355421003209447,0.25,719.6145225634147,2307.0,2311.0,,appraisal_plan/Production (Tecolutla).xlsx,Production,
TEC-2,1984-02-01,cnh_monthly_pemex_era,550.0165468412017,180.00541532984784,411.6988334471413,29.0,29.0,18.966087822110403,0.2465753424657534,748.5208141674419,2307.0,2311.0,,appraisal_plan/Production (Tecolutla).xlsx,Production,
TEC-2,1984-03-01,cnh_monthly_pemex_era,580.0174493961764,200.00601703316428,441.8231383335175,31.0,31.0,18.710240303102463,0.2564102564102564,761.7411145017701,2307.0,2311.0,,appraisal_plan/Production (Tecolutla).xlsx,Production,
TEC-2,1984-04-01,cnh_monthly_pemex_era,570.0171485445181,190.00571618150605,421.74026840926666,30.0,30.0,19.000571618150605,0.25,739.8729485352122,2307.0,2311.0,,appraisal_plan/Production (Tecolutla).xlsx,Production,
TEC-2,1984-05-01,cnh_monthly_pemex_era,400.01203406632857,140.00421192321497,331.3673537501381,31.0,31.0,12.903614002139632,0.2592592592592592,828.393462020675,2307.0,2311.0,,appraisal_plan/Production (Tecolutla).xlsx,Production,
TEC-2,1984-06-01,cnh_monthly_pemex_era,380.0114323630121,130.0039110715568,321.3259187880127,30.0,30.0,12.667047745433736,0.25490196078431376,845.5690840402425,2307.0,2311.0,,appraisal_plan/Production (Tecolutla).xlsx,Production,
TEC-2,1984-07-01,cnh_monthly_pemex_era,390.0117332146703,140.00421192321497,150.62152443188094,31.0,31.0,12.581023652086138,0.26415094339622636,386.1974181914569,2307.0,2311.0,,appraisal_plan/Production (Tecolutla).xlsx,Production,
TEC-2,1984-08-01,cnh_monthly_pemex_era,390.0117332146703,140.00421192321497,331.3673537501381,31.0,31.0,12.581023652086138,0.26415094339622636,849.6343200212052,2307.0,2311.0,,appraisal_plan/Production (Tecolutla).xlsx,Production,
TEC-2,1984-09-01,cnh_monthly_pemex_era,320.0096272530628,110.00330936824035,271.11874397738575,25.0,30.0,10.666987575102093,0.2558139534883721,847.2205861575088,2307.0,2311.0,,appraisal_plan/Production (Tecolutla).xlsx,Production,
TEC-2,1984-10-01,cnh_monthly_pemex_era,390.0117332146703,140.00421192321497,331.3673537501381,31.0,31.0,12.581023652086138,0.26415094339622636,849.6343200212052,2307.0,2311.0,,appraisal_plan/Production (Tecolutla).xlsx,Production,
TEC-2,1984-11-01,cnh_monthly_pemex_era,380.0114323630121,130.0039110715568,321.3259187880127,30.0,30.0,12.667047745433736,0.25490196078431376,845.5690840402425,2307.0,2311.0,,appraisal_plan/Production (Tecolutla).xlsx,Production,
TEC-2,1984-12-01,cnh_monthly_pemex_era,390.0117332146703,140.00421192321497,331.3673537501381,31.0,31.0,12.581023652086138,0.26415094339622636,849.6343200212052,2307.0,2311.0,,appraisal_plan/Production (Tecolutla).xlsx,Production,
TEC-2,1985-01-01,cnh_monthly_pemex_era,390.0117332146703,140.00421192321497,331.3673537501381,31.0,31.0,12.581023652086138,0.26415094339622636,849.6343200212052,2307.0,2311.0,,appraisal_plan/Production (Tecolutla).xlsx,Production,
TEC-2,1985-02-01,cnh_monthly_pemex_era,350.01052980803746,130.0039110715568,301.2430488637619,28.0,28.0,12.500376064572766,0.27083333333333337,860.6685319695324,2307.0,2311.0,,appraisal_plan/Production (Tecolutla).xlsx,Production,
TEC-2,1985-03-01,cnh_monthly_pemex_era,390.0117332146703,140.00421192321497,331.3673537501381,31.0,31.0,12.581023652086138,0.26415094339622636,849.6343200212052,2307.0,2311.0,,appraisal_plan/Production (Tecolutla).xlsx,Production,
TEC-2,1985-04-01,cnh_monthly_pemex_era,380.0114323630121,130.0039110715568,321.3259187880127,30.0,30.0,12.667047745433736,0.25490196078431376,845.5690840402425,2307.0,2311.0,,appraisal_plan/Production (Tecolutla).xlsx,Production,
TEC-2,1985-05-01,cnh_monthly_pemex_era,330.00992810472104,230.0069195881389,230.95300412888412,26.0,31.0,10.645481551765196,0.4107142857142857,699.8365335711854,2307.0,2311.0,,appraisal_plan/Production (Tecolutla).xlsx,Production,
TEC-2,1985-06-01,cnh_monthly_pemex_era,270.0081229947718,270.0081229947718,150.62152443188094,22.0,30.0,9.000270766492394,0.5,557.8407151654377,2307.0,2311.0,,appraisal_plan/Production (Tecolutla).xlsx,Production,
TEC-2,1985-07-01,cnh_monthly_pemex_era,230.0069195881389,230.0069195881389,220.91156916675874,31.0,31.0,7.419578051230287,0.5,960.456187850058,2307.0,2311.0,,appraisal_plan/Production (Tecolutla).xlsx,Production,
TEC-2,1985-08-01,cnh_monthly_pemex_era,200.00601703316428,200.00601703316428,220.91156916675874,31.0,31.0,6.451807001069816,0.5,1104.5246160275667,2307.0,2311.0,,appraisal_plan/Production (Tecolutla).xlsx,Production,
TEC-2,1985-09-01,cnh_monthly_pemex_era,230.0069195881389,230.0069195881389,180.74582931825714,25.0,30.0,7.66689731960463,0.5,785.8277900591384,2307.0,2311.0,,appraisal_plan/Production (Tecolutla).xlsx,Production,
TEC-2,1985-10-01,cnh_monthly_pemex_era,150.0045127748732,70.00210596160748,90.37291465912857,23.0,31.0,4.838855250802362,0.3181818181818182,602.4679723786727,2307.0,2311.0,,appraisal_plan/Production (Tecolutla).xlsx,Production,
TEC-2,1985-11-01,cnh_monthly_pemex_era,190.00571618150605,90.00270766492392,110.45578458337937,30.0,30.0,6.333523872716868,0.3214285714285714,581.3287452776667,2307.0,2311.0,,appraisal_plan/Production (Tecolutla).xlsx,Production,
TEC-2,1985-12-01,cnh_monthly_pemex_era,200.00601703316428,100.00300851658214,110.45578458337937,31.0,31.0,6.451807001069816,0.33333333333333337,552.2623080137834,2307.0,2311.0,,appraisal_plan/Production (Tecolutla).xlsx,Production,
TEC-2,1986-01-01,cnh_monthly_pemex_era,190.00571618150605,90.00270766492392,110.45578458337937,30.0,31.0,6.129216651016324,0.3214285714285714,581.3287452776667,2307.0,2311.0,,appraisal_plan/Production (Tecolutla).xlsx,Production,
TEC-2,1986-02-01,cnh_monthly_pemex_era,180.00541532984784,90.00270766492392,100.41434962125396,28.0,28.0,6.428764833208851,0.33333333333333337,557.8407151654377,2307.0,2311.0,,appraisal_plan/Production (Tecolutla).xlsx,Production,
TEC-2,1986-03-01,cnh_monthly_pemex_era,200.00601703316428,100.00300851658214,110.45578458337937,31.0,31.0,6.451807001069816,0.33333333333333337,552.2623080137834,2307.0,2311.0,,appraisal_plan/Production (Tecolutla).xlsx,Production,
TEC-2,1986-04-01,cnh_monthly_pemex_era,190.00571618150605,90.00270766492392,110.45578458337937,30.0,30.0,6.333523872716868,0.3214285714285714,581.3287452776667,2307.0,2311.0,,appraisal_plan/Production (Tecolutla).xlsx,Production,
TEC-2,1986-05-01,cnh_monthly_pemex_era,290.0087246980882,140.00421192321497,160.66295939400635,31.0,31.0,9.355120151551231,0.3255813953488371,553.9935378194692,2307.0,2311.0,,appraisal_plan/Production (Tecolutla).xlsx,Production,
TEC-2,1986-06-01,cnh_monthly_pemex_era,190.00571618150605,90.00270766492392,110.45578458337937,30.0,30.0,6.333523872716868,0.3214285714285714,581.3287452776667,2307.0,2311.0,,appraisal_plan/Production (Tecolutla).xlsx,Production,
TEC-2,1986-07-01,cnh_monthly_pemex_era,200.00601703316428,100.00300851658214,110.45578458337937,31.0,31.0,6.451807001069816,0.33333333333333337,552.2623080137834,2307.0,2311.0,,appraisal_plan/Production (Tecolutla).xlsx,Production,
TEC-2,1986-08-01,cnh_monthly_pemex_era,200.00601703316428,100.00300851658214,110.45578458337937,31.0,31.0,6.451807001069816,0.33333333333333337,552.2623080137834,2307.0,2311.0,,appraisal_plan/Production (Tecolutla).xlsx,Production,
TEC-2,1986-09-01,cnh_monthly_pemex_era,190.00571618150605,90.00270766492392,110.45578458337937,30.0,30.0,6.333523872716868,0.3214285714285714,581.3287452776667,2307.0,2311.0,,appraisal_plan/Production (Tecolutla).xlsx,Production,
TEC-2,1986-10-01,cnh_monthly_pemex_era,200.00601703316428,100.00300851658214,110.45578458337937,31.0,31.0,6.451807001069816,0.33333333333333337,552.2623080137834,2307.0,2311.0,,appraisal_plan/Production (Tecolutla).xlsx,Production,
TEC-2,1986-11-01,cnh_monthly_pemex_era,330.00992810472104,160.0048136265314,180.74582931825714,30.0,30.0,11.000330936824035,0.3265306122448979,547.6981567078843,2307.0,2311.0,,appraisal_plan/Production (Tecolutla).xlsx,Production,
TEC-2,1986-12-01,cnh_monthly_pemex_era,210.00631788482247,110.00330936824035,120.49721954550476,31.0,31.0,6.774397351123305,0.34375,573.7790213130218,2307.0,2311.0,,appraisal_plan/Production (Tecolutla).xlsx,Production,
TEC-2,1987-01-01,cnh_monthly_pemex_era,210.00631788482247,110.00330936824035,120.49721954550476,31.0,31.0,6.774397351123305,0.34375,573.7790213130218,2307.0,2311.0,,appraisal_plan/Production (Tecolutla).xlsx,Production,
TEC-2,1987-02-01,cnh_monthly_pemex_era,180.00541532984784,90.00270766492392,100.41434962125396,28.0,28.0,6.428764833208851,0.33333333333333337,557.8407151654377,2307.0,2311.0,,appraisal_plan/Production (Tecolutla).xlsx,Production,
TEC-2,1987-03-01,cnh_monthly_pemex_era,200.00601703316428,100.00300851658214,100.41434962125396,31.0,31.0,6.451807001069816,0.33333333333333337,502.0566436488939,2307.0,2311.0,,appraisal_plan/Production (Tecolutla).xlsx,Production,
TEC-2,1987-04-01,cnh_monthly_pemex_era,190.00571618150605,90.00270766492392,110.45578458337937,30.0,30.0,6.333523872716868,0.3214285714285714,581.3287452776667,2307.0,2311.0,,appraisal_plan/Production (Tecolutla).xlsx,Production,
TEC-2,1987-05-01,cnh_monthly_pemex_era,200.00601703316428,90.00270766492392,110.45578458337937,31.0,31.0,6.451807001069816,0.31034482758620685,552.2623080137834,2307.0,2311.0,,appraisal_plan/Production (Tecolutla).xlsx,Production,
TEC-2,1987-06-01,cnh_monthly_pemex_era,190.00571618150605,90.00270766492392,110.45578458337937,30.0,30.0,6.333523872716868,0.3214285714285714,581.3287452776667,2307.0,2311.0,,appraisal_plan/Production (Tecolutla).xlsx,Production,
TEC-2,1987-07-01,cnh_monthly_pemex_era,200.00601703316428,100.00300851658214,110.45578458337937,30.0,31.0,6.451807001069816,0.33333333333333337,552.2623080137834,2307.0,2311.0,,appraisal_plan/Production (Tecolutla).xlsx,Production,
TEC-2,1987-08-01,cnh_monthly_pemex_era,200.00601703316428,100.00300851658214,110.45578458337937,31.0,31.0,6.451807001069816,0.33333333333333337,552.2623080137834,2307.0,2311.0,,appraisal_plan/Production (Tecolutla).xlsx,Production,
TEC-2,1987-09-01,cnh_monthly_pemex_era,2350.07070013968,0.0,4890.178826555069,30.0,30.0,78.335690004656,0.0,2080.864557080948,2307.0,2311.0,,appraisal_plan/Production (Tecolutla).xlsx,Production,
TEC-2,1987-10-01,cnh_monthly_pemex_era,200.00601703316428,100.00300851658214,110.45578458337937,31.0,31.0,6.451807001069816,0.33333333333333337,552.2623080137834,2307.0,2311.0,,appraisal_plan/Production (Tecolutla).xlsx,Production,
TEC-2,1987-11-01,cnh_monthly_pemex_era,190.00571618150605,90.00270766492392,110.45578458337937,30.0,30.0,6.333523872716868,0.3214285714285714,581.3287452776667,2307.0,2311.0,,appraisal_plan/Production (Tecolutla).xlsx,Production,
TEC-2,1987-12-01,cnh_monthly_pemex_era,200.00601703316428,90.00270766492392,110.45578458337937,31.0,31.0,6.451807001069816,0.31034482758620685,552.2623080137834,2307.0,2311.0,,appraisal_plan/Production (Tecolutla).xlsx,Production,
TEC-2,1988-01-01,cnh_monthly_pemex_era,200.00601703316428,100.00300851658214,110.45578458337937,31.0,31.0,6.451807001069816,0.33333333333333337,552.2623080137834,2307.0,2311.0,,appraisal_plan/Production (Tecolutla).xlsx,Production,
TEC-2,1988-02-01,cnh_monthly_pemex_era,170.00511447818963,90.00270766492392,170.70439435613173,28.0,29.0,5.862245326834125,0.3461538461538461,1004.1132872977878,2307.0,2311.0,,appraisal_plan/Production (Tecolutla).xlsx,Production,
TEC-2,1988-03-01,cnh_monthly_pemex_era,200.00601703316428,120.00361021989855,220.91156916675874,31.0,31.0,6.451807001069816,0.37499999999999994,1104.5246160275667,2307.0,2311.0,,appraisal_plan/Production (Tecolutla).xlsx,Production,
TEC-2,1988-04-01,cnh_monthly_pemex_era,10.000300851658212,10.000300851658212,0.0,1.0,30.0,0.3333433617219404,0.5,0.0,2307.0,2311.0,,appraisal_plan/Production (Tecolutla).xlsx,Production,
TEC-2,1990-02-01,cnh_monthly_pemex_era,60.001805109949274,30.000902554974637,30.12430488637619,8.0,28.0,2.142921611069617,0.3333333333333333,502.056643648894,2307.0,2311.0,,appraisal_plan/Production (Tecolutla).xlsx,Production,
TEC-2,1990-03-01,cnh_monthly_pemex_era,190.00571618150605,70.00210596160748,110.45578458337937,30.0,31.0,6.129216651016324,0.2692307692307692,581.3287452776667,2307.0,2311.0,,appraisal_plan/Production (Tecolutla).xlsx,Production,
TEC-2,1990-05-01,cnh_monthly_pemex_era,60.001805109949274,60.001805109949274,20.082869924250794,3.0,31.0,1.9355421003209443,0.5,334.70442909926265,2307.0,2311.0,,appraisal_plan/Production (Tecolutla).xlsx,Production,
TEC-2,1990-06-01,cnh_monthly_pemex_era,570.0171485445181,570.0171485445181,251.03587405313493,30.0,30.0,19.000571618150605,0.5,440.400564604293,2307.0,2311.0,,appraisal_plan/Production (Tecolutla).xlsx,Production,
TEC-2,1990-07-01,cnh_monthly_pemex_era,580.0174493961764,580.0174493961764,421.74026840926666,31.0,31.0,18.710240303102463,0.5,727.1165183880532,2307.0,2311.0,,appraisal_plan/Production (Tecolutla).xlsx,Production,
TEC-2,1990-09-01,cnh_monthly_pemex_era,570.0171485445181,490.01474173125246,210.87013420463333,30.0,30.0,19.000571618150605,0.46226415094339623,369.9364742676061,2307.0,2311.0,,appraisal_plan/Production (Tecolutla).xlsx,Production,
TEC-2,1990-10-01,cnh_monthly_pemex_era,510.0153434345688,110.00330936824035,220.91156916675874,27.0,31.0,16.452107852728027,0.17741935483870971,433.14690824610466,2307.0,2311.0,,appraisal_plan/Production (Tecolutla).xlsx,Production,
TEC-2,1990-11-01,cnh_monthly_pemex_era,570.0171485445181,130.0039110715568,321.3259187880127,30.0,30.0,19.000571618150605,0.18571428571428575,563.712722693495,2307.0,2311.0,,appraisal_plan/Production (Tecolutla).xlsx,Production,
TEC-2,1990-12-01,cnh_monthly_pemex_era,580.0174493961764,140.00421192321497,331.3673537501381,31.0,31.0,18.710240303102463,0.19444444444444442,571.3058358763276,2307.0,2311.0,,appraisal_plan/Production (Tecolutla).xlsx,Production,
TEC-2,1991-01-01,cnh_monthly_pemex_era,580.0174493961764,150.0045127748732,331.3673537501381,31.0,31.0,18.710240303102463,0.2054794520547945,571.3058358763276,2307.0,2311.0,,appraisal_plan/Production (Tecolutla).xlsx,Production,
TEC-2,1991-02-01,cnh_monthly_pemex_era,530.0159451378853,190.00571618150605,301.2430488637619,28.0,28.0,18.92914089778162,0.2638888888888889,568.3660116779931,2307.0,2311.0,,appraisal_plan/Production (Tecolutla).xlsx,Production,
TEC-2,1991-03-01,cnh_monthly_pemex_era,580.0174493961764,160.0048136265314,331.3673537501381,31.0,31.0,18.710240303102463,0.2162162162162162,571.3058358763276,2307.0,2311.0,,appraisal_plan/Production (Tecolutla).xlsx,Production,
TEC-2,1991-04-01,cnh_monthly_pemex_era,570.0171485445181,150.0045127748732,321.3259187880127,30.0,30.0,19.000571618150605,0.20833333333333334,563.712722693495,2307.0,2311.0,,appraisal_plan/Production (Tecolutla).xlsx,Production,
TEC-2,1991-05-01,cnh_monthly_pemex_era,610.018351951151,140.00421192321497,331.3673537501381,31.0,31.0,19.678011353262935,0.18666666666666668,543.208827554541,2307.0,2311.0,,appraisal_plan/Production (Tecolutla).xlsx,Production,
TEC-2,1991-06-01,cnh_monthly_pemex_era,760.0228647260242,70.00210596160748,321.3259187880127,30.0,30.0,25.334095490867472,0.08433734939759036,422.78454202012125,2307.0,2311.0,,appraisal_plan/Production (Tecolutla).xlsx,Production,
TEC-2,1991-07-01,cnh_monthly_pemex_era,780.0234664293406,70.00210596160748,331.3673537501381,31.0,31.0,25.162047304172276,0.08235294117647057,424.8171600106026,2307.0,2311.0,,appraisal_plan/Production (Tecolutla).xlsx,Production,
TEC-2,1991-08-01,cnh_monthly_pemex_era,780.0234664293406,70.00210596160748,311.28448382588726,31.0,31.0,25.162047304172276,0.08235294117647057,399.07066546450545,2307.0,2311.0,,appraisal_plan/Production (Tecolutla).xlsx,Production,
TEC-2,1991-09-01,cnh_monthly_pemex_era,760.0228647260242,0.0,210.87013420463333,30.0,30.0,25.334095490867472,0.0,277.4523557007046,2307.0,2311.0,,appraisal_plan/Production (Tecolutla).xlsx,Production,
TEC-2,1991-10-01,cnh_monthly_pemex_era,780.0234664293406,0.0,220.91156916675874,31.0,31.0,25.162047304172276,0.0,283.2114400070684,2307.0,2311.0,,appraisal_plan/Production (Tecolutla).xlsx,Production,
TEC-2,1991-11-01,cnh_monthly_pemex_era,760.0228647260242,0.0,210.87013420463333,30.0,30.0,25.334095490867472,0.0,277.4523557007046,2307.0,2311.0,,appraisal_plan/Production (Tecolutla).xlsx,Production,
TEC-2,1991-12-01,cnh_monthly_pemex_era,780.0234664293406,0.0,220.91156916675874,31.0,31.0,25.162047304172276,0.0,283.2114400070684,2307.0,2311.0,,appraisal_plan/Production (Tecolutla).xlsx,Production,
TEC-2,1992-01-01,cnh_monthly_pemex_era,780.0234664293406,0.0,220.91156916675874,31.0,31.0,25.162047304172276,0.0,283.2114400070684,2307.0,2311.0,,appraisal_plan/Production (Tecolutla).xlsx,Production,
TEC-2,1992-02-01,cnh_monthly_pemex_era,730.0219621710496,0.0,200.82869924250792,29.0,29.0,25.173171109346537,0.0,275.0995307665172,2307.0,2311.0,,appraisal_plan/Production (Tecolutla).xlsx,Production,
TEC-2,1992-03-01,cnh_monthly_pemex_era,780.0234664293406,0.0,220.91156916675874,31.0,31.0,25.162047304172276,0.0,283.2114400070684,2307.0,2311.0,,appraisal_plan/Production (Tecolutla).xlsx,Production,
TEC-2,1992-04-01,cnh_monthly_pemex_era,760.0228647260242,0.0,210.87013420463333,30.0,30.0,25.334095490867472,0.0,277.4523557007046,2307.0,2311.0,,appraisal_plan/Production (Tecolutla).xlsx,Production,
TEC-2,1992-05-01,cnh_monthly_pemex_era,780.0234664293406,0.0,220.91156916675874,31.0,31.0,25.162047304172276,0.0,283.2114400070684,2307.0,2311.0,,appraisal_plan/Production (Tecolutla).xlsx,Production,
TEC-2,1992-06-01,cnh_monthly_pemex_era,760.0228647260242,0.0,210.87013420463333,30.0,30.0,25.334095490867472,0.0,277.4523557007046,2307.0,2311.0,,appraisal_plan/Production (Tecolutla).xlsx,Production,
TEC-2,1992-07-01,cnh_monthly_pemex_era,780.0234664293406,0.0,220.91156916675874,31.0,31.0,25.162047304172276,0.0,283.2114400070684,2307.0,2311.0,,appraisal_plan/Production (Tecolutla).xlsx,Production,
TEC-2,1992-08-01,cnh_monthly_pemex_era,780.0234664293406,0.0,220.91156916675874,31.0,31.0,25.162047304172276,0.0,283.2114400070684,2307.0,2311.0,,appraisal_plan/Production (Tecolutla).xlsx,Production,
TEC-2,1992-09-01,cnh_monthly_pemex_era,760.0228647260242,0.0,210.87013420463333,30.0,30.0,25.334095490867472,0.0,277.4523557007046,2307.0,2311.0,,appraisal_plan/Production (Tecolutla).xlsx,Production,
TEC-2,1992-10-01,cnh_monthly_pemex_era,780.0234664293406,0.0,220.91156916675874,31.0,31.0,25.162047304172276,0.0,283.2114400070684,2307.0,2311.0,,appraisal_plan/Production (Tecolutla).xlsx,Production,
TEC-2,1992-11-01,cnh_monthly_pemex_era,760.0228647260242,0.0,210.87013420463333,30.0,30.0,25.334095490867472,0.0,277.4523557007046,2307.0,2311.0,,appraisal_plan/Production (Tecolutla).xlsx,Production,
TEC-2,1992-12-01,cnh_monthly_pemex_era,780.0234664293406,0.0,220.91156916675874,31.0,31.0,25.162047304172276,0.0,283.2114400070684,2307.0,2311.0,,appraisal_plan/Production (Tecolutla).xlsx,Production,
TEC-2,1993-01-01,cnh_monthly_pemex_era,780.0234664293406,0.0,220.91156916675874,31.0,31.0,25.162047304172276,0.0,283.2114400070684,2307.0,2311.0,,appraisal_plan/Production (Tecolutla).xlsx,Production,
TEC-2,1993-02-01,cnh_monthly_pemex_era,350.01052980803746,0.0,361.4916586365143,28.0,28.0,12.500376064572766,0.0,1032.802238363439,2307.0,2311.0,,appraisal_plan/Production (Tecolutla).xlsx,Production,
TEC-2,1993-03-01,cnh_monthly_pemex_era,530.0159451378853,130.0039110715568,1345.5522849248032,28.0,31.0,17.09728855283501,0.196969696969697,2538.70151882837,2307.0,2311.0,,appraisal_plan/Production (Tecolutla).xlsx,Production,
TEC-2,1993-04-01,cnh_monthly_pemex_era,570.0171485445181,130.0039110715568,1064.3921059852921,30.0,30.0,19.000571618150605,0.18571428571428575,1867.2983939222024,2307.0,2311.0,,appraisal_plan/Production (Tecolutla).xlsx,Production,
TEC-2,1993-05-01,cnh_monthly_pemex_era,580.0174493961764,230.0069195881389,1104.5578458337936,31.0,31.0,18.710240303102463,0.2839506172839506,1904.3527862544254,2307.0,2311.0,,appraisal_plan/Production (Tecolutla).xlsx,Production,
TEC-2,1993-06-01,cnh_monthly_pemex_era,570.0171485445181,210.00631788482247,1064.3921059852921,30.0,30.0,19.000571618150605,0.2692307692307692,1867.2983939222024,2307.0,2311.0,,appraisal_plan/Production (Tecolutla).xlsx,Production,
TEC-2,1993-07-01,cnh_monthly_pemex_era,580.0174493961764,270.0081229947718,1104.5578458337936,31.0,31.0,18.710240303102463,0.31764705882352945,1904.3527862544254,2307.0,2311.0,,appraisal_plan/Production (Tecolutla).xlsx,Production,
TEC-2,1993-08-01,cnh_monthly_pemex_era,580.0174493961764,480.0144408795942,1104.5578458337936,31.0,31.0,18.710240303102463,0.45283018867924524,1904.3527862544254,2307.0,2311.0,,appraisal_plan/Production (Tecolutla).xlsx,Production,
TEC-2,1993-09-01,cnh_monthly_pemex_era,570.0171485445181,150.0045127748732,1064.3921059852921,30.0,30.0,19.000571618150605,0.20833333333333334,1867.2983939222024,2307.0,2311.0,,appraisal_plan/Production (Tecolutla).xlsx,Production,
TEC-2,1993-10-01,cnh_monthly_pemex_era,580.0174493961764,180.00541532984784,1104.5578458337936,31.0,31.0,18.710240303102463,0.2368421052631579,1904.3527862544254,2307.0,2311.0,,appraisal_plan/Production (Tecolutla).xlsx,Production,
TEC-2,1993-11-01,cnh_monthly_pemex_era,570.0171485445181,170.00511447818963,1064.3921059852921,30.0,30.0,19.000571618150605,0.22972972972972974,1867.2983939222024,2307.0,2311.0,,appraisal_plan/Production (Tecolutla).xlsx,Production,
TEC-2,1993-12-01,cnh_monthly_pemex_era,580.0174493961764,280.00842384642993,1104.5578458337936,31.0,31.0,18.710240303102463,0.3255813953488371,1904.3527862544254,2307.0,2311.0,,appraisal_plan/Production (Tecolutla).xlsx,Production,
TEC-2,1994-01-01,cnh_monthly_pemex_era,580.0174493961764,270.0081229947718,1104.5578458337936,31.0,31.0,18.710240303102463,0.31764705882352945,1904.3527862544254,2307.0,2311.0,,appraisal_plan/Production (Tecolutla).xlsx,Production,
TEC-2,1994-02-01,cnh_monthly_pemex_era,530.0159451378853,250.00752129145533,994.1020612504143,28.0,28.0,18.92914089778162,0.32051282051282054,1875.6078385373776,2307.0,2311.0,,appraisal_plan/Production (Tecolutla).xlsx,Production,
TEC-2,1994-03-01,cnh_monthly_pemex_era,580.0174493961764,200.00601703316428,1104.5578458337936,31.0,31.0,18.710240303102463,0.2564102564102564,1904.3527862544254,2307.0,2311.0,,appraisal_plan/Production (Tecolutla).xlsx,Production,
TEC-2,1994-04-01,cnh_monthly_pemex_era,570.0171485445181,130.0039110715568,1064.3921059852921,30.0,30.0,19.000571618150605,0.18571428571428575,1867.2983939222024,2307.0,2311.0,,appraisal_plan/Production (Tecolutla).xlsx,Production,
TEC-2,1994-05-01,cnh_monthly_pemex_era,580.0174493961764,140.00421192321497,1104.5578458337936,31.0,31.0,18.710240303102463,0.19444444444444442,1904.3527862544254,2307.0,2311.0,,appraisal_plan/Production (Tecolutla).xlsx,Production,
TEC-2,1994-06-01,cnh_monthly_pemex_era,570.0171485445181,130.0039110715568,1064.3921059852921,30.0,30.0,19.000571618150605,0.18571428571428575,1867.2983939222024,2307.0,2311.0,,appraisal_plan/Production (Tecolutla).xlsx,Production,
TEC-2,1994-07-01,cnh_monthly_pemex_era,580.0174493961764,140.00421192321497,1104.5578458337936,31.0,31.0,18.710240303102463,0.19444444444444442,1904.3527862544254,2307.0,2311.0,,appraisal_plan/Production (Tecolutla).xlsx,Production,
TEC-2,1994-08-01,cnh_monthly_pemex_era,580.0174493961764,140.00421192321497,1104.5578458337936,31.0,31.0,18.710240303102463,0.19444444444444442,1904.3527862544254,2307.0,2311.0,,appraisal_plan/Production (Tecolutla).xlsx,Production,
TEC-2,1994-09-01,cnh_monthly_pemex_era,570.0171485445181,130.0039110715568,1064.3921059852921,30.0,30.0,19.000571618150605,0.18571428571428575,1867.2983939222024,2307.0,2311.0,,appraisal_plan/Production (Tecolutla).xlsx,Production,
TEC-2,1994-10-01,cnh_monthly_pemex_era,580.0174493961764,140.00421192321497,1104.5578458337936,31.0,31.0,18.710240303102463,0.19444444444444442,1904.3527862544254,2307.0,2311.0,,appraisal_plan/Production (Tecolutla).xlsx,Production,
TEC-2,1994-11-01,cnh_monthly_pemex_era,700.0210596160749,70.00210596160748,903.7291465912857,29.0,30.0,23.33403532053583,0.0909090909090909,1291.0027979542988,2307.0,2311.0,,appraisal_plan/Production (Tecolutla).xlsx,Production,
TEC-2,1994-12-01,cnh_monthly_pemex_era,970.0291826108468,300.0090255497464,773.1904920836555,31.0,31.0,31.291263955188604,0.2362204724409449,797.0796198137078,2307.0,2311.0,,appraisal_plan/Production (Tecolutla).xlsx,Production,
TEC-2,1995-01-01,cnh_monthly_pemex_era,970.0291826108468,20.000601703316423,773.1904920836555,31.0,31.0,31.291263955188604,0.020202020202020197,797.0796198137078,2307.0,2311.0,,appraisal_plan/Production (Tecolutla).xlsx,Production,
TEC-2,1995-02-01,cnh_monthly_pemex_era,880.0264749459228,20.000601703316423,692.8590123866524,28.0,28.0,31.429516962354388,0.022222222222222216,787.3161002675837,2307.0,2311.0,,appraisal_plan/Production (Tecolutla).xlsx,Production,
TEC-2,1995-03-01,cnh_monthly_pemex_era,970.0291826108468,20.000601703316423,773.1904920836555,31.0,31.0,31.291263955188604,0.020202020202020197,797.0796198137078,2307.0,2311.0,,appraisal_plan/Production (Tecolutla).xlsx,Production,
TEC-2,1995-04-01,cnh_monthly_pemex_era,940.0282800558721,20.000601703316423,743.0661871972793,30.0,30.0,31.334276001862403,0.02083333333333333,790.4721623408117,2307.0,2311.0,,appraisal_plan/Production (Tecolutla).xlsx,Production,
TEC-2,1995-05-01,cnh_monthly_pemex_era,970.0291826108468,20.000601703316423,773.1904920836555,31.0,31.0,31.291263955188604,0.020202020202020197,797.0796198137078,2307.0,2311.0,,appraisal_plan/Production (Tecolutla).xlsx,Production,
TEC-2,1995-06-01,cnh_monthly_pemex_era,910.0273775008973,150.0045127748732,722.9833172730285,29.0,30.0,30.334245916696577,0.1415094339622642,794.4632602795685,2307.0,2311.0,,appraisal_plan/Production (Tecolutla).xlsx,Production,
TEC-2,1995-07-01,cnh_monthly_pemex_era,970.0291826108468,370.0111315113539,773.1904920836555,31.0,31.0,31.291263955188604,0.2761194029850746,797.0796198137078,2307.0,2311.0,,appraisal_plan/Production (Tecolutla).xlsx,Production,
TEC-2,1995-08-01,cnh_monthly_pemex_era,970.0291826108468,370.0111315113539,773.1904920836555,31.0,31.0,31.291263955188604,0.2761194029850746,797.0796198137078,2307.0,2311.0,,appraisal_plan/Production (Tecolutla).xlsx,Production,
TEC-2,1995-09-01,cnh_monthly_pemex_era,940.0282800558721,360.01083065969567,743.0661871972793,30.0,30.0,31.334276001862403,0.2769230769230769,790.4721623408117,2307.0,2311.0,,appraisal_plan/Production (Tecolutla).xlsx,Production,
TEC-2,1995-10-01,cnh_monthly_pemex_era,970.0291826108468,370.0111315113539,773.1904920836555,31.0,31.0,31.291263955188604,0.2761194029850746,797.0796198137078,2307.0,2311.0,,appraisal_plan/Production (Tecolutla).xlsx,Production,
TEC-2,1995-11-01,cnh_monthly_pemex_era,970.0291826108468,370.0111315113539,763.1490571215302,30.0,30.0,32.334306087028224,0.2761194029850746,786.7279364395039,2307.0,2311.0,,appraisal_plan/Production (Tecolutla).xlsx,Production,
TEC-2,1995-12-01,cnh_monthly_pemex_era,970.0291826108468,370.0111315113539,773.1904920836555,31.0,31.0,31.291263955188604,0.2761194029850746,797.0796198137078,2307.0,2311.0,,appraisal_plan/Production (Tecolutla).xlsx,Production,
TEC-2,1996-01-01,cnh_monthly_pemex_era,970.0291826108468,370.0111315113539,773.1904920836555,31.0,31.0,31.291263955188604,0.2761194029850746,797.0796198137078,2307.0,2311.0,,appraisal_plan/Production (Tecolutla).xlsx,Production,
TEC-2,1996-02-01,cnh_monthly_pemex_era,910.0273775008973,350.01052980803746,722.9833172730285,29.0,29.0,31.380254396582664,0.2777777777777778,794.4632602795685,2307.0,2311.0,,appraisal_plan/Production (Tecolutla).xlsx,Production,
TEC-2,1996-03-01,cnh_monthly_pemex_era,970.0291826108468,180.00541532984784,773.1904920836555,31.0,31.0,31.291263955188604,0.15652173913043477,797.0796198137078,2307.0,2311.0,,appraisal_plan/Production (Tecolutla).xlsx,Production,
TEC-2,1996-04-01,cnh_monthly_pemex_era,940.0282800558721,0.0,632.6104026139,30.0,30.0,31.334276001862403,0.0,672.9695436144749,2307.0,2311.0,,appraisal_plan/Production (Tecolutla).xlsx,Production,
TEC-2,1996-05-01,cnh_monthly_pemex_era,970.0291826108468,0.0,411.6988334471413,31.0,31.0,31.291263955188604,0.0,424.4190183423639,2307.0,2311.0,,appraisal_plan/Production (Tecolutla).xlsx,Production,
TEC-2,1996-06-01,cnh_monthly_pemex_era,940.0282800558721,0.0,391.61596352289047,30.0,30.0,31.334276001862403,0.0,416.6001936661035,2307.0,2311.0,,appraisal_plan/Production (Tecolutla).xlsx,Production,
TEC-2,1996-07-01,cnh_monthly_pemex_era,970.0291826108468,0.0,411.6988334471413,31.0,31.0,31.291263955188604,0.0,424.4190183423639,2307.0,2311.0,,appraisal_plan/Production (Tecolutla).xlsx,Production,
TEC-2,1996-08-01,cnh_monthly_pemex_era,860.0258732426063,0.0,411.6988334471413,31.0,31.0,27.742770104600204,0.0,478.705171851271,2307.0,2311.0,,appraisal_plan/Production (Tecolutla).xlsx,Production,
TEC-2,1996-09-01,cnh_monthly_pemex_era,1180.0355004956693,0.0,391.61596352289047,30.0,30.0,39.33451668318898,0.0,331.86795088655697,2307.0,2311.0,,appraisal_plan/Production (Tecolutla).xlsx,Production,
TEC-2,1996-10-01,cnh_monthly_pemex_era,700.0210596160749,100.00300851658214,351.4502236743889,31.0,31.0,22.58132450374435,0.12500000000000003,502.05664364889395,2307.0,2311.0,,appraisal_plan/Production (Tecolutla).xlsx,Production,
TEC-2,1996-11-01,cnh_monthly_pemex_era,400.01203406632857,330.00992810472104,271.11874397738575,30.0,30.0,13.33373446887762,0.4520547945205479,677.7764689260068,2307.0,2311.0,,appraisal_plan/Production (Tecolutla).xlsx,Production,
TEC-2,1996-12-01,cnh_monthly_pemex_era,400.01203406632857,340.01022895637925,281.1601789395111,31.0,31.0,12.903614002139632,0.4594594594594594,702.8793011084515,2307.0,2311.0,,appraisal_plan/Production (Tecolutla).xlsx,Production,
TEC-2,1997-01-01,cnh_monthly_pemex_era,410.0123349179868,340.01022895637925,281.1601789395111,31.0,31.0,13.226204352193122,0.4533333333333333,685.7359035204405,2307.0,2311.0,,appraisal_plan/Production (Tecolutla).xlsx,Production,
TEC-2,1997-02-01,cnh_monthly_pemex_era,350.01052980803746,250.00752129145533,220.91156916675874,28.0,28.0,12.500376064572766,0.41666666666666663,631.1569234443239,2307.0,2311.0,,appraisal_plan/Production (Tecolutla).xlsx,Production,
TEC-2,1997-03-01,cnh_monthly_pemex_era,440.0132374729614,340.01022895637925,301.2430488637619,31.0,31.0,14.193975402353594,0.43589743589743585,684.6226958848554,2307.0,2311.0,,appraisal_plan/Production (Tecolutla).xlsx,Production,
TEC-2,1997-04-01,cnh_monthly_pemex_era,450.01353832461956,360.01083065969567,301.2430488637619,30.0,30.0,15.000451277487318,0.4444444444444444,669.4088581985253,2307.0,2311.0,,appraisal_plan/Production (Tecolutla).xlsx,Production,
TEC-2,1997-05-01,cnh_monthly_pemex_era,470.01414002793604,380.0114323630121,311.28448382588726,31.0,31.0,15.161746452514066,0.44705882352941173,662.287487366626,2307.0,2311.0,,appraisal_plan/Production (Tecolutla).xlsx,Production,
TEC-2,1997-06-01,cnh_monthly_pemex_era,450.01353832461956,360.01083065969567,301.2430488637619,30.0,30.0,15.000451277487318,0.4444444444444444,669.4088581985253,2307.0,2311.0,,appraisal_plan/Production (Tecolutla).xlsx,Production,
TEC-2,1997-07-01,cnh_monthly_pemex_era,470.01414002793604,380.0114323630121,582.403227803273,31.0,31.0,15.161746452514066,0.44705882352941173,1239.1185247504616,2307.0,2311.0,,appraisal_plan/Production (Tecolutla).xlsx,Production,
TEC-2,1997-08-01,cnh_monthly_pemex_era,470.01414002793604,380.0114323630121,622.5689676517745,31.0,31.0,15.161746452514066,0.44705882352941173,1324.574974733252,2307.0,2311.0,,appraisal_plan/Production (Tecolutla).xlsx,Production,
TEC-2,1997-09-01,cnh_monthly_pemex_era,450.01353832461956,380.0114323630121,612.5275326896492,30.0,30.0,15.000451277487318,0.45783132530120485,1361.1313450036682,2307.0,2311.0,,appraisal_plan/Production (Tecolutla).xlsx,Production,
TEC-2,1997-10-01,cnh_monthly_pemex_era,470.01414002793604,400.01203406632857,632.6104026139,31.0,31.0,15.161746452514066,0.45977011494252873,1345.9390872289498,2307.0,2311.0,,appraisal_plan/Production (Tecolutla).xlsx,Production,
TEC-2,1997-11-01,cnh_monthly_pemex_era,450.01353832461956,390.0117332146703,612.5275326896492,30.0,30.0,15.000451277487318,0.4642857142857143,1361.1313450036682,2307.0,2311.0,,appraisal_plan/Production (Tecolutla).xlsx,Production,
TEC-2,1997-12-01,cnh_monthly_pemex_era,470.01414002793604,400.01203406632857,632.6104026139,31.0,31.0,15.161746452514066,0.45977011494252873,1345.9390872289498,2307.0,2311.0,,appraisal_plan/Production (Tecolutla).xlsx,Production,
TEC-2,1998-01-01,cnh_monthly_pemex_era,460.0138391762778,410.0123349179868,632.6104026139,31.0,31.0,14.839156102460574,0.47126436781609193,1375.1986326034921,2307.0,2311.0,,appraisal_plan/Production (Tecolutla).xlsx,Production,
TEC-2,1998-02-01,cnh_monthly_pemex_era,420.01263576964493,370.0111315113539,572.3617928411477,28.0,28.0,15.000451277487318,0.4683544303797469,1362.7251756184266,2307.0,2311.0,,appraisal_plan/Production (Tecolutla).xlsx,Production,
TEC-2,1998-03-01,cnh_monthly_pemex_era,460.0138391762778,410.0123349179868,672.7761424624016,31.0,31.0,14.839156102460574,0.47126436781609193,1462.512831498952,2307.0,2311.0,,appraisal_plan/Production (Tecolutla).xlsx,Production,
TEC-2,1998-04-01,cnh_monthly_pemex_era,450.01353832461956,390.0117332146703,672.7761424624016,30.0,30.0,15.000451277487318,0.4642857142857143,1495.0131166433735,2307.0,2311.0,,appraisal_plan/Production (Tecolutla).xlsx,Production,
TEC-2,1998-05-01,cnh_monthly_pemex_era,460.0138391762778,410.0123349179868,702.9004473487778,31.0,31.0,14.839156102460574,0.47126436781609193,1527.9984806705468,2307.0,2311.0,,appraisal_plan/Production (Tecolutla).xlsx,Production,
TEC-2,1998-06-01,cnh_monthly_pemex_era,450.01353832461956,390.0117332146703,672.7761424624016,30.0,30.0,15.000451277487318,0.4642857142857143,1495.0131166433735,2307.0,2311.0,,appraisal_plan/Production (Tecolutla).xlsx,Production,
TEC-2,1998-07-01,cnh_monthly_pemex_era,460.0138391762778,410.0123349179868,702.9004473487778,31.0,31.0,14.839156102460574,0.47126436781609193,1527.9984806705468,2307.0,2311.0,,appraisal_plan/Production (Tecolutla).xlsx,Production,
TEC-2,1998-08-01,cnh_monthly_pemex_era,460.0138391762778,410.0123349179868,702.9004473487778,31.0,31.0,14.839156102460574,0.47126436781609193,1527.9984806705468,2307.0,2311.0,,appraisal_plan/Production (Tecolutla).xlsx,Production,
TEC-2,1998-09-01,cnh_monthly_pemex_era,450.01353832461956,390.0117332146703,672.7761424624016,30.0,30.0,15.000451277487318,0.4642857142857143,1495.0131166433735,2307.0,2311.0,,appraisal_plan/Production (Tecolutla).xlsx,Production,
TEC-2,1998-10-01,cnh_monthly_pemex_era,430.01293662130314,720.0216613193913,702.9004473487778,31.0,31.0,13.871385052300102,0.6260869565217391,1634.6030258336084,2307.0,2311.0,,appraisal_plan/Production (Tecolutla).xlsx,Production,
TEC-2,1998-11-01,cnh_monthly_pemex_era,360.01083065969567,1350.0406149738587,672.7761424624016,30.0,30.0,12.000361021989855,0.7894736842105262,1868.7663958042167,2307.0,2311.0,,appraisal_plan/Production (Tecolutla).xlsx,Production,
TEC-2,1998-12-01,cnh_monthly_pemex_era,370.0111315113539,1390.0418183804918,702.9004473487778,31.0,31.0,11.935842951979158,0.7897727272727273,1899.673786779599,2307.0,2311.0,,appraisal_plan/Production (Tecolutla).xlsx,Production,
TEC-2,1999-01-01,cnh_monthly_pemex_era,130.0039110715568,530.0159451378853,251.03587405313493,11.0,31.0,4.1936745506953805,0.803030303030303,1930.9870909572844,2307.0,2311.0,,appraisal_plan/Production (Tecolutla).xlsx,Production,
TEC-2,2006-09-01,cnh_monthly_pemex_era,210.00631788482247,180.00541532984784,90.37291465912857,7.0,30.0,7.000210596160749,0.46153846153846156,430.33426598476626,2307.0,2311.0,,appraisal_plan/Production (Tecolutla).xlsx,Production,
TEC-2,2006-10-01,cnh_monthly_pemex_era,750.022563874366,600.0180510994928,210.87013420463333,27.0,31.0,24.194276254011807,0.4444444444444445,281.1517204433806,2307.0,2311.0,,appraisal_plan/Production (Tecolutla).xlsx,Production,
TEC-2,2006-11-01,cnh_monthly_pemex_era,760.0228647260242,690.0207587644167,210.87013420463333,30.0,30.0,25.334095490867472,0.4758620689655172,277.4523557007046,2307.0,2311.0,,appraisal_plan/Production (Tecolutla).xlsx,Production,
TEC-2,2006-12-01,cnh_monthly_pemex_era,850.0255723909481,670.0201570611003,331.3673537501381,31.0,31.0,27.420179754546712,0.44078947368421056,389.83221742149414,2307.0,2311.0,,appraisal_plan/Production (Tecolutla).xlsx,Production,
TEC-2,2007-01-01,cnh_monthly_pemex_era,920.0276783525557,700.0210596160749,341.40878871226346,31.0,31.0,29.67831220492115,0.43209876543209874,371.0853453057042,2307.0,2311.0,,appraisal_plan/Production (Tecolutla).xlsx,Production,
TEC-2,2007-02-01,cnh_monthly_pemex_era,880.0264749459228,850.0255723909481,301.2430488637619,28.0,28.0,31.429516962354388,0.4913294797687861,342.3113479424277,2307.0,2311.0,,appraisal_plan/Production (Tecolutla).xlsx,Production,
TEC-2,2007-03-01,cnh_monthly_pemex_era,1000.0300851658213,830.0249706876317,341.40878871226346,31.0,31.0,32.25903500534908,0.453551912568306,341.3985176812479,2307.0,2311.0,,appraisal_plan/Production (Tecolutla).xlsx,Production,
TEC-2,2007-04-01,cnh_monthly_pemex_era,1000.0300851658213,670.0201570611003,331.3673537501381,29.0,30.0,33.33433617219404,0.40119760479041916,331.35738480827,2307.0,2311.0,,appraisal_plan/Production (Tecolutla).xlsx,Production,
TEC-2,2007-05-01,cnh_monthly_pemex_era,720.0216613193913,660.0198562094421,240.99443909100953,31.0,31.0,23.226505203851335,0.47826086956521735,334.70442909926265,2307.0,2311.0,,appraisal_plan/Production (Tecolutla).xlsx,Production,
TEC-2,2007-06-01,cnh_monthly_pemex_era,680.0204579127585,530.0159451378853,271.11874397738575,30.0,30.0,22.66734859709195,0.43801652892561976,398.69204054471,2307.0,2311.0,,appraisal_plan/Production (Tecolutla).xlsx,Production,
TEC-2,2007-07-01,cnh_monthly_pemex_era,960.0288817591884,970.0291826108468,321.3259187880127,31.0,31.0,30.96867360513511,0.5025906735751297,334.70442909926265,2307.0,2311.0,,appraisal_plan/Production (Tecolutla).xlsx,Production,
TEC-2,2007-08-01,cnh_monthly_pemex_era,1090.0327928307452,880.0264749459228,331.3673537501381,31.0,31.0,35.162348155830486,0.4467005076142132,303.99760074153215,2307.0,2311.0,,appraisal_plan/Production (Tecolutla).xlsx,Production,
TEC-2,2007-09-01,cnh_monthly_pemex_era,1380.0415175288333,850.0255723909481,431.78170337139204,30.0,30.0,46.00138391762778,0.38116591928251126,312.8758793753977,2307.0,2311.0,,appraisal_plan/Production (Tecolutla).xlsx,Production,
TEC-2,2007-10-01,cnh_monthly_pemex_era,1350.0406149738587,1020.0306868691376,461.90600825776824,31.0,31.0,43.54969725722125,0.430379746835443,342.14230530146847,2307.0,2311.0,,appraisal_plan/Production (Tecolutla).xlsx,Production,
TEC-2,2007-11-01,cnh_monthly_pemex_era,1110.0333945340617,960.0288817591884,411.6988334471413,30.0,30.0,37.00111315113539,0.463768115942029,370.8886917045883,2307.0,2311.0,,appraisal_plan/Production (Tecolutla).xlsx,Production,
TEC-2,2007-12-01,cnh_monthly_pemex_era,770.0231655776823,570.0171485445181,281.1601789395111,31.0,31.0,24.839456954118784,0.4253731343283582,365.13210447192296,2307.0,2311.0,,appraisal_plan/Production (Tecolutla).xlsx,Production,
TEC-2,2008-01-01,cnh_monthly_pemex_era,550.0165468412017,380.0114323630121,180.74582931825714,21.0,31.0,17.74246925294199,0.4086021505376344,328.6188940247306,2307.0,2311.0,,appraisal_plan/Production (Tecolutla).xlsx,Production,
TEC-2,2008-02-01,cnh_monthly_pemex_era,190.00571618150605,210.00631788482247,40.16573984850159,6.0,29.0,6.551921247638139,0.525,211.39227101006063,2307.0,2311.0,,appraisal_plan/Production (Tecolutla).xlsx,Production,
TEC-2,2008-03-01,cnh_monthly_pemex_era,970.0291826108468,1170.0351996440108,220.91156916675874,31.0,31.0,31.291263955188604,0.5467289719626167,227.73703423248799,2307.0,2311.0,,appraisal_plan/Production (Tecolutla).xlsx,Production,
TEC-2,2008-04-01,cnh_monthly_pemex_era,530.0159451378853,260.0078221431136,200.82869924250792,17.0,30.0,17.667198171262843,0.32911392405063294,378.9106744519954,2307.0,2311.0,,appraisal_plan/Production (Tecolutla).xlsx,Production,
TEC-2,2008-06-01,cnh_monthly_pemex_era,430.01293662130314,450.01353832461956,542.2374879547715,10.0,30.0,14.333764554043437,0.5113636363636364,1260.979477071641,2307.0,2311.0,,appraisal_plan/Production (Tecolutla).xlsx,Production,
TEC-2,2008-07-01,cnh_monthly_pemex_era,970.0291826108468,980.0294834625049,923.8120165155365,31.0,31.0,31.291263955188604,0.5025641025641026,952.3548704267678,2307.0,2311.0,,appraisal_plan/Production (Tecolutla).xlsx,Production,
TEC-2,2008-08-01,cnh_monthly_pemex_era,640.0192545061255,1480.0445260454155,1094.5164108716683,31.0,31.0,20.645782403423404,0.6981132075471698,1710.1304424290454,2307.0,2311.0,,appraisal_plan/Production (Tecolutla).xlsx,Production,
TEC-2,2008-09-01,cnh_monthly_pemex_era,520.0156442862271,1660.0499413752634,903.7291465912857,30.0,30.0,17.333854809540906,0.761467889908257,1737.888381861556,2307.0,2311.0,,appraisal_plan/Production (Tecolutla).xlsx,Production,
TEC-2,2008-10-01,cnh_monthly_pemex_era,480.0144408795942,1630.0490388202886,913.7705815534111,31.0,31.0,15.484336802567555,0.7725118483412322,1903.6314405020566,2307.0,2311.0,,appraisal_plan/Production (Tecolutla).xlsx,Production,
TEC-2,2008-11-01,cnh_monthly_pemex_era,430.01293662130314,1630.0490388202886,813.3562319321571,30.0,30.0,14.333764554043437,0.7912621359223302,1891.4692156074611,2307.0,2311.0,,appraisal_plan/Production (Tecolutla).xlsx,Production,
TEC-2,2008-12-01,cnh_monthly_pemex_era,360.01083065969567,1610.0484371169723,1596.588158977938,31.0,31.0,11.613252601925668,0.817258883248731,4434.833685565231,2307.0,2311.0,,appraisal_plan/Production (Tecolutla).xlsx,Production,
TEC-2,2009-01-01,cnh_monthly_pemex_era,530.0159451378853,1880.0565601117441,1676.9196386749413,31.0,31.0,17.09728855283501,0.7800829875518672,3163.9041316741623,2307.0,2311.0,,appraisal_plan/Production (Tecolutla).xlsx,Production,
TEC-2,2009-02-01,cnh_monthly_pemex_era,560.0168476928599,1700.0511447818963,1435.9251995839318,28.0,28.0,20.000601703316423,0.752212389380531,2564.075001492566,2307.0,2311.0,,appraisal_plan/Production (Tecolutla).xlsx,Production,
TEC-2,2009-03-01,cnh_monthly_pemex_era,570.0171485445181,1770.0532507435037,1636.7538988264396,31.0,31.0,18.38764995304897,0.7564102564102565,2871.41168121999,2307.0,2311.0,,appraisal_plan/Production (Tecolutla).xlsx,Production,
TEC-2,2009-04-01,cnh_monthly_pemex_era,320.0096272530628,520.0156442862271,662.7347075002762,24.0,30.0,10.666987575102093,0.6190476190476192,2070.983655051688,2307.0,2311.0,,appraisal_plan/Production (Tecolutla).xlsx,Production,
TEC-2,2009-05-01,cnh_monthly_pemex_era,470.01414002793604,710.0213604677331,622.5689676517745,31.0,31.0,15.161746452514066,0.6016949152542372,1324.574974733252,2307.0,2311.0,,appraisal_plan/Production (Tecolutla).xlsx,Production,
TEC-2,2009-06-01,cnh_monthly_pemex_era,500.01504258291067,3540.1065014870073,401.65739848501585,30.0,30.0,16.66716808609702,0.8762376237623762,803.2906298382303,2307.0,2311.0,,appraisal_plan/Production (Tecolutla).xlsx,Production,
TEC-2,2009-07-01,cnh_monthly_pemex_era,520.0156442862271,3770.1134210751466,351.4502236743889,31.0,31.0,16.774698202781522,0.8787878787878787,675.8454818350496,2307.0,2311.0,,appraisal_plan/Production (Tecolutla).xlsx,Production,
TEC-2,2009-08-01,cnh_monthly_pemex_era,720.0216613193913,2740.0824333543505,662.7347075002762,31.0,31.0,23.226505203851335,0.791907514450867,920.4371800229723,2307.0,2311.0,,appraisal_plan/Production (Tecolutla).xlsx,Production,
TEC-2,2009-09-01,cnh_monthly_pemex_era,460.0138391762778,1050.0315894241123,261.0773090152603,30.0,30.0,15.33379463920926,0.695364238410596,567.5422928204888,2307.0,2311.0,,appraisal_plan/Production (Tecolutla).xlsx,Production,
TEC-2,2009-10-01,cnh_monthly_pemex_era,370.0111315113539,830.0249706876317,271.11874397738575,24.0,31.0,11.935842951979158,0.6916666666666667,732.7313177578453,2307.0,2311.0,,appraisal_plan/Production (Tecolutla).xlsx,Production,
TEC-2,2009-11-01,cnh_monthly_pemex_era,80.0024068132657,310.0093264014046,50.20717481062698,6.0,30.0,2.666746893775523,0.7948717948717949,627.5708045611175,2307.0,2311.0,,appraisal_plan/Production (Tecolutla).xlsx,Production,
TEC-2,2009-12-01,cnh_monthly_pemex_era,420.01263576964493,1830.055055853453,220.91156916675874,31.0,31.0,13.54879470224661,0.8133333333333335,525.9641028702699,2307.0,2311.0,,appraisal_plan/Production (Tecolutla).xlsx,Production,
TEC-2,2010-01-01,cnh_monthly_pemex_era,320.0096272530628,1580.0475345619977,210.87013420463333,31.0,31.0,10.322891201711702,0.8315789473684211,658.9493447891734,2307.0,2311.0,,appraisal_plan/Production (Tecolutla).xlsx,Production,
TEC-2,2010-02-01,cnh_monthly_pemex_era,310.0093264014046,1750.0526490401871,180.74582931825714,28.0,28.0,11.071761657193022,0.8495145631067962,583.0335216567801,2307.0,2311.0,,appraisal_plan/Production (Tecolutla).xlsx,Production,
TEC-2,2010-03-01,cnh_monthly_pemex_era,380.0114323630121,2250.0676916230977,281.1601789395111,31.0,31.0,12.258433302032648,0.8555133079847907,739.8729485352122,2307.0,2311.0,,appraisal_plan/Production (Tecolutla).xlsx,Production,
TEC-2,2010-04-01,cnh_monthly_pemex_era,340.01022895637925,2200.066187364807,331.3673537501381,30.0,30.0,11.333674298545976,0.8661417322834646,974.5805435537353,2307.0,2311.0,,appraisal_plan/Production (Tecolutla).xlsx,Production,
TEC-2,2010-05-01,cnh_monthly_pemex_era,360.01083065969567,1320.0397124188842,853.5219717806588,27.0,31.0,11.613252601925668,0.7857142857142858,2370.8230394531106,2307.0,2311.0,,appraisal_plan/Production (Tecolutla).xlsx,Production,
TEC-2,2010-06-01,cnh_monthly_pemex_era,430.01293662130314,1700.0511447818963,913.7705815534111,30.0,30.0,14.333764554043437,0.7981220657276995,2124.983933583691,2307.0,2311.0,,appraisal_plan/Production (Tecolutla).xlsx,Production,
TEC-2,2010-07-01,cnh_monthly_pemex_era,610.018351951151,1380.0415175288333,974.0191913261635,31.0,31.0,19.678011353262935,0.6934673366834171,1596.7047355391057,2307.0,2311.0,,appraisal_plan/Production (Tecolutla).xlsx,Production,
TEC-2,2010-08-01,cnh_monthly_pemex_era,770.0231655776823,970.0291826108468,1114.5992807959192,31.0,31.0,24.839456954118784,0.5574712643678161,1447.4879855851232,2307.0,2311.0,,appraisal_plan/Production (Tecolutla).xlsx,Production,
TEC-2,2010-09-01,cnh_monthly_pemex_era,600.0180510994928,1470.0442251937573,1124.6407157580445,30.0,30.0,20.000601703316427,0.7101449275362319,1874.3448029558708,2307.0,2311.0,,appraisal_plan/Production (Tecolutla).xlsx,Production,
TEC-2,2010-10-01,cnh_monthly_pemex_era,680.0204579127585,1870.0562592600857,1194.9307604929222,31.0,31.0,21.93614380363737,0.7333333333333334,1757.1982527711289,2307.0,2311.0,,appraisal_plan/Production (Tecolutla).xlsx,Production,
TEC-2,2010-11-01,cnh_monthly_pemex_era,440.0132374729614,1870.0562592600857,582.403227803273,30.0,30.0,14.66710791576538,0.8095238095238095,1323.6038787107204,2307.0,2311.0,,appraisal_plan/Production (Tecolutla).xlsx,Production,
TEC-2,2010-12-01,cnh_monthly_pemex_era,430.01293662130314,1290.0388098639096,512.1131830683953,31.0,31.0,13.871385052300102,0.75,1190.925061678772,2307.0,2311.0,,appraisal_plan/Production (Tecolutla).xlsx,Production,
TEC-2,2011-01-01,cnh_monthly_pemex_era,530.0159451378853,1330.0400132705422,722.9833172730285,31.0,31.0,17.09728855283501,0.7150537634408601,1364.0784280271835,2307.0,2311.0,,appraisal_plan/Production (Tecolutla).xlsx,Production,
TEC-2,2011-02-01,cnh_monthly_pemex_era,390.0117332146703,1600.0481362653143,562.3203578790223,28.0,28.0,13.928990471952511,0.8040201005025126,1441.8036945814392,2307.0,2311.0,,appraisal_plan/Production (Tecolutla).xlsx,Production,
TEC-2,2011-03-01,cnh_monthly_pemex_era,450.01353832461956,1920.0577635183768,492.03031314414443,31.0,31.0,14.516565752407082,0.810126582278481,1093.367801724258,2307.0,2311.0,,appraisal_plan/Production (Tecolutla).xlsx,Production,
TEC-2,2011-04-01,cnh_monthly_pemex_era,220.0066187364807,940.0282800558721,291.2016139016365,20.0,30.0,7.33355395788269,0.8103448275862069,1323.6038787107204,2307.0,2311.0,,appraisal_plan/Production (Tecolutla).xlsx,Production,
TEC-2,2011-07-01,cnh_monthly_pemex_era,790.0237672809989,340.01022895637925,753.1076221594047,19.0,31.0,25.48463765422577,0.30088495575221236,953.2721081941024,2307.0,2311.0,,appraisal_plan/Production (Tecolutla).xlsx,Production,
TEC-2,2011-08-01,cnh_monthly_pemex_era,120.00361021989855,90.00270766492392,150.62152443188094,4.0,31.0,3.8710842006418886,0.4285714285714286,1255.141609122235,2307.0,2311.0,,appraisal_plan/Production (Tecolutla).xlsx,Production,
TEC-2,2011-10-01,cnh_monthly_pemex_era,90.00270766492392,310.0093264014046,70.29004473487778,7.0,31.0,2.903313150481417,0.775,780.9770012316129,2307.0,2311.0,,appraisal_plan/Production (Tecolutla).xlsx,Production,
TEC-2,2011-11-01,cnh_monthly_pemex_era,220.0066187364807,570.0171485445181,180.74582931825714,8.0,30.0,7.33355395788269,0.7215189873417721,821.5472350618264,2307.0,2311.0,,appraisal_plan/Production (Tecolutla).xlsx,Production,
TEC-2,2012-02-01,cnh_monthly_pemex_era,190.00571618150605,960.0288817591884,160.66295939400635,18.0,29.0,6.551921247638139,0.8347826086956522,845.5690840402425,2307.0,2311.0,,appraisal_plan/Production (Tecolutla).xlsx,Production,
TEC-2,2012-03-01,cnh_monthly_pemex_era,750.022563874366,1340.0403141222007,391.61596352289047,31.0,31.0,24.194276254011807,0.6411483253588517,522.1389093948496,2307.0,2311.0,,appraisal_plan/Production (Tecolutla).xlsx,Production,
TEC-2,2012-04-01,cnh_monthly_pemex_era,460.0138391762778,1020.0306868691376,321.3259187880127,30.0,30.0,15.33379463920926,0.6891891891891891,698.5135911636785,2307.0,2311.0,,appraisal_plan/Production (Tecolutla).xlsx,Production,
TEC-2,2012-05-01,cnh_monthly_pemex_era,320.0096272530628,1420.0427209354661,291.2016139016365,31.0,31.0,10.322891201711702,0.8160919540229885,909.9776666136205,2307.0,2311.0,,appraisal_plan/Production (Tecolutla).xlsx,Production,
TEC-2,2012-06-01,cnh_monthly_pemex_era,290.0087246980882,1430.0430217871244,261.0773090152603,30.0,30.0,9.666957489936273,0.8313953488372093,900.2394989566374,2307.0,2311.0,,appraisal_plan/Production (Tecolutla).xlsx,Production,
TEC-2,2012-07-01,cnh_monthly_pemex_era,300.0090255497464,1490.0448268970738,271.11874397738575,31.0,31.0,9.677710501604723,0.8324022346368715,903.7019585680092,2307.0,2311.0,,appraisal_plan/Production (Tecolutla).xlsx,Production,
TEC-2,2012-08-01,cnh_monthly_pemex_era,370.0111315113539,1560.0469328586812,301.2430488637619,31.0,31.0,11.935842951979158,0.8082901554404145,814.145908619828,2307.0,2311.0,,appraisal_plan/Production (Tecolutla).xlsx,Production,
TEC-2,2012-09-01,cnh_monthly_pemex_era,360.01083065969567,1230.0370047539602,451.86457329564286,30.0,30.0,12.000361021989855,0.7735849056603774,1255.141609122235,2307.0,2311.0,,appraisal_plan/Production (Tecolutla).xlsx,Production,
TEC-2,2012-10-01,cnh_monthly_pemex_era,310.0093264014046,780.0234664293406,652.6932725381507,31.0,31.0,10.000300851658213,0.7155963302752294,2105.398828205039,2307.0,2311.0,,appraisal_plan/Production (Tecolutla).xlsx,Production,
TEC-2,2012-11-01,cnh_monthly_pemex_era,280.00842384642993,650.0195553577838,512.1131830683953,30.0,30.0,9.33361412821433,0.6989247311827956,1828.920630435257,2307.0,2311.0,,appraisal_plan/Production (Tecolutla).xlsx,Production,
TEC-2,2012-12-01,cnh_monthly_pemex_era,300.0090255497464,850.0255723909481,572.3617928411477,31.0,31.0,9.677710501604723,0.7391304347826086,1907.8152458657971,2307.0,2311.0,,appraisal_plan/Production (Tecolutla).xlsx,Production,
TEC-2,2013-01-01,cnh_monthly_pemex_era,300.0090255497464,840.0252715392899,843.4805368185333,31.0,31.0,9.677710501604723,0.7368421052631579,2811.517204433806,2307.0,2311.0,,appraisal_plan/Production (Tecolutla).xlsx,Production,
TEC-2,2013-02-01,cnh_monthly_pemex_era,180.00541532984784,340.01022895637925,2138.82564693271,28.0,28.0,6.428764833208851,0.6538461538461537,11882.007233023827,2307.0,2311.0,,appraisal_plan/Production (Tecolutla).xlsx,Production,
TEC-2,2013-03-01,cnh_monthly_pemex_era,310.0093264014046,880.0264749459228,4227.444119054792,31.0,31.0,10.000300851658213,0.7394957983193278,13636.506256528024,2307.0,2311.0,,appraisal_plan/Production (Tecolutla).xlsx,Production,
TEC-2,2013-04-01,cnh_monthly_pemex_era,180.00541532984784,1570.0472337103395,2781.477484508735,30.0,30.0,6.0001805109949276,0.8971428571428571,15452.187810082627,2307.0,2311.0,,appraisal_plan/Production (Tecolutla).xlsx,Production,
TEC-2,2013-05-01,cnh_monthly_pemex_era,180.00541532984784,1610.0484371169723,4669.26725738831,31.0,31.0,5.806626300962834,0.8994413407821229,25939.59325519286,2307.0,2311.0,,appraisal_plan/Production (Tecolutla).xlsx,Production,
TEC-2,2013-06-01,cnh_monthly_pemex_era,320.0096272530628,2200.066187364807,5301.877660002209,30.0,30.0,10.666987575102093,0.873015873015873,16567.869240413504,2307.0,2311.0,,appraisal_plan/Production (Tecolutla).xlsx,Production,
TEC-2,2013-07-01,cnh_monthly_pemex_era,190.00571618150605,1720.0517464852126,3353.8392773498827,31.0,31.0,6.129216651016324,0.9005235602094241,17651.254629340063,2307.0,2311.0,,appraisal_plan/Production (Tecolutla).xlsx,Production,
TEC-2,2013-08-01,cnh_monthly_pemex_era,120.00361021989855,1450.043623490441,5181.3804404567045,31.0,31.0,3.8710842006418886,0.9235668789808917,43176.87135380488,2307.0,2311.0,,appraisal_plan/Production (Tecolutla).xlsx,Production,
TEC-2,2013-09-01,cnh_monthly_pemex_era,140.00421192321497,1510.0454286003903,2992.3476187133683,30.0,30.0,4.666807064107165,0.9151515151515152,21373.26854391006,2307.0,2311.0,,appraisal_plan/Production (Tecolutla).xlsx,Production,
TEC-2,2013-10-01,cnh_monthly_pemex_era,210.00631788482247,1870.0562592600857,401.65739848501585,31.0,31.0,6.774397351123305,0.8990384615384616,1912.5967377100721,2307.0,2311.0,,appraisal_plan/Production (Tecolutla).xlsx,Production,
TEC-2,2013-11-01,cnh_monthly_pemex_era,200.00601703316428,1820.0547550017945,3855.9110254561524,30.0,30.0,6.66686723443881,0.900990099009901,19278.975116117526,2307.0,2311.0,,appraisal_plan/Production (Tecolutla).xlsx,Production,
TEC-2,2013-12-01,cnh_monthly_pemex_era,200.00601703316428,1830.055055853453,2982.306183751243,31.0,31.0,6.451807001069816,0.9014778325123153,14911.08231637215,2307.0,2311.0,,appraisal_plan/Production (Tecolutla).xlsx,Production,
TEC-2,2014-01-01,cnh_monthly_pemex_era,210.00631788482247,1880.0565601117441,4448.355688221551,31.0,31.0,6.774397351123305,0.8995215311004786,21182.00887013905,2307.0,2311.0,,appraisal_plan/Production (Tecolutla).xlsx,Production,
TEC-2,2014-02-01,cnh_monthly_pemex_era,190.00571618150605,1760.0529498918456,4689.35012731256,28.0,28.0,6.785918435053787,0.9025641025641026,24680.04764042458,2307.0,2311.0,,appraisal_plan/Production (Tecolutla).xlsx,Production,
TEC-2,2014-03-01,cnh_monthly_pemex_era,200.00601703316428,1960.0589669250098,4789.764476933815,31.0,31.0,6.451807001069816,0.9074074074074073,23948.10190205224,2307.0,2311.0,,appraisal_plan/Production (Tecolutla).xlsx,Production,
TEC-2,2014-04-01,cnh_monthly_pemex_era,200.00601703316428,1910.0574626667187,4860.054521668691,30.0,30.0,6.66686723443881,0.9052132701421801,24299.54155260646,2307.0,2311.0,,appraisal_plan/Production (Tecolutla).xlsx,Production,
TEC-2,2014-05-01,cnh_monthly_pemex_era,210.00631788482247,1980.0595686283261,5171.339005494579,31.0,31.0,6.774397351123305,0.9041095890410958,24624.682998017182,2307.0,2311.0,,appraisal_plan/Production (Tecolutla).xlsx,Production,
TEC-2,2014-06-01,cnh_monthly_pemex_era,200.00601703316428,1880.0565601117441,3966.3668100395316,30.0,30.0,6.66686723443881,0.9038461538461537,19831.23742413131,2307.0,2311.0,,appraisal_plan/Production (Tecolutla).xlsx,Production,
TEC-2,2014-07-01,cnh_monthly_pemex_era,260.0078221431136,2260.0679924747565,5703.535058487225,31.0,31.0,8.387349101390761,0.8968253968253969,21936.01335327475,2307.0,2311.0,,appraisal_plan/Production (Tecolutla).xlsx,Production,
TEC-2,2014-08-01,cnh_monthly_pemex_era,260.0078221431136,2270.0682933264143,2510.358740531349,31.0,31.0,8.387349101390761,0.8972332015810277,9654.93545478642,2307.0,2311.0,,appraisal_plan/Production (Tecolutla).xlsx,Production,
TEC-2,2014-09-01,cnh_monthly_pemex_era,250.00752129145533,2170.065284809832,1164.806455606546,30.0,30.0,8.33358404304851,0.8966942148760331,4659.085653061736,2307.0,2311.0,,appraisal_plan/Production (Tecolutla).xlsx,Production,
TEC-2,2014-10-01,cnh_monthly_pemex_era,250.00752129145533,2410.0725052496296,1034.267801098916,28.0,31.0,8.06475875133727,0.9060150375939849,4136.9467436668865,2307.0,2311.0,,appraisal_plan/Production (Tecolutla).xlsx,Production,
TEC-2,2014-12-01,cnh_monthly_pemex_era,280.00842384642993,2800.0842384642997,582.403227803273,31.0,31.0,9.03252980149774,0.9090909090909091,2079.9489522597037,2307.0,2311.0,,appraisal_plan/Production (Tecolutla).xlsx,Production,
TEC-2,2015-01-01,cnh_monthly_pemex_era,279.0,3190.09597167897,744.0,31.0,31.0,9.0,0.9195755890647874,2666.6666666666665,2307.0,2311.0,,appraisal_plan/Production (Tecolutla).xlsx,Production,hand-entered: integer bbl/d oil and water rising exactly 390 bbl/month; not in the CNH-sourced copy (C)
TEC-2,2015-02-01,cnh_monthly_pemex_era,224.00000000000003,3580.10770489364,531.9999999999999,28.0,28.0,8.000000000000002,0.9411162834028478,2374.999999999999,2307.0,2311.0,,appraisal_plan/Production (Tecolutla).xlsx,Production,hand-entered: integer bbl/d oil and water rising exactly 390 bbl/month; not in the CNH-sourced copy (C)
TEC-2,2015-03-01,cnh_monthly_pemex_era,248.0,3970.11943810831,558.0,31.0,31.0,8.0,0.9412060270841407,2250.0,2307.0,2311.0,,appraisal_plan/Production (Tecolutla).xlsx,Production,hand-entered: integer bbl/d oil and water rising exactly 390 bbl/month; not in the CNH-sourced copy (C)
TEC-2,2015-04-01,cnh_monthly_pemex_era,240.00000000000003,4360.13117132298,600.0,30.0,30.0,8.000000000000002,0.9478275746795766,2499.9999999999995,2307.0,2311.0,,appraisal_plan/Production (Tecolutla).xlsx,Production,hand-entered: integer bbl/d oil and water rising exactly 390 bbl/month; not in the CNH-sourced copy (C)
TEC-2,2015-05-01,cnh_monthly_pemex_era,217.0,4750.14290453765,496.0,31.0,31.0,7.0,0.9563129138479661,2285.714285714286,2307.0,2311.0,,appraisal_plan/Production (Tecolutla).xlsx,Production,hand-entered: integer bbl/d oil and water rising exactly 390 bbl/month; not in the CNH-sourced copy (C)
TEC-2,2015-06-01,cnh_monthly_pemex_era,240.00000000000003,5140.15463775232,870.0,30.0,30.0,8.000000000000002,0.9553916167546691,3624.9999999999995,2307.0,2311.0,,appraisal_plan/Production (Tecolutla).xlsx,Production,hand-entered: integer bbl/d oil and water rising exactly 390 bbl/month; not in the CNH-sourced copy (C)
TEC-2,2015-07-01,cnh_monthly_pemex_era,248.0,5530.16637096699,1178.0,31.0,31.0,8.0,0.9570798097392795,4750.0,2307.0,2311.0,,appraisal_plan/Production (Tecolutla).xlsx,Production,hand-entered: integer bbl/d oil and water rising exactly 390 bbl/month; not in the CNH-sourced copy (C)
TEC-2,2015-08-01,cnh_monthly_pemex_era,248.0,5920.17810418166,1271.0000000000002,31.0,31.0,8.0,0.9597936382816393,5125.000000000001,2307.0,2311.0,,appraisal_plan/Production (Tecolutla).xlsx,Production,hand-entered: integer bbl/d oil and water rising exactly 390 bbl/month; not in the CNH-sourced copy (C)
TEC-2,2015-09-01,cnh_monthly_pemex_era,210.0,6310.18983739633,720.0,30.0,30.0,7.0,0.9677923488062338,3428.5714285714284,2307.0,2311.0,,appraisal_plan/Production (Tecolutla).xlsx,Production,hand-entered: integer bbl/d oil and water rising exactly 390 bbl/month; not in the CNH-sourced copy (C)
TEC-2,2015-10-01,cnh_monthly_pemex_era,372.0,6700.201570611,651.0,31.0,31.0,12.0,0.9473996892925294,1750.0,2307.0,2311.0,,appraisal_plan/Production (Tecolutla).xlsx,Production,hand-entered: integer bbl/d oil and water rising exactly 390 bbl/month; not in the CNH-sourced copy (C)
TEC-2,2015-11-01,cnh_monthly_pemex_era,659.9999999999999,7090.21330382567,570.0,30.0,30.0,21.999999999999996,0.9148410535134291,863.6363636363637,2307.0,2311.0,,appraisal_plan/Production (Tecolutla).xlsx,Production,hand-entered: integer bbl/d oil and water rising exactly 390 bbl/month; not in the CNH-sourced copy (C)
TEC-2,2015-12-01,cnh_monthly_pemex_era,589.0000000000001,7480.22503704034,589.0,31.0,31.0,19.000000000000004,0.9270066211691581,999.9999999999998,2307.0,2311.0,,appraisal_plan/Production (Tecolutla).xlsx,Production,hand-entered: integer bbl/d oil and water rising exactly 390 bbl/month; not in the CNH-sourced copy (C)
TEC-2,2016-01-01,cnh_monthly_pemex_era,279.0,7870.23677025501,279.0,31.0,31.0,9.0,0.9657636650074569,1000.0,2307.0,2311.0,,appraisal_plan/Production (Tecolutla).xlsx,Production,hand-entered: integer bbl/d oil and water rising exactly 390 bbl/month; not in the CNH-sourced copy (C)
TEC-2,2018-09-01,tonalli_monthly_test_2018,411.39631961523054,519.4974012550293,,,30.0,13.713210653841019,0.5580630630630632,,2307.0,2311.0,1,appraisal_plan/Tecolutla Production to Dec 2018.xlsx,DATA,Testing; PEMEX #
TEC-2,2018-09-01,tonalli_trucking_sales,411.4079333333333,519.4974012550293,,,30.0,13.713597777777776,0.5580561008222669,,,,,staff_production/Tecolutla Production Tracking.xlsx,TRUCKING,"6 loads (6 to oil terminals); oil = PEMEX-measured where >0 else Tonalli; Tonalli oil 411, shipped 931 bbl"
TEC-2,2019-06-01,tonalli_trucking_sales,2044.98508085,4026.3643725587626,,,30.0,68.16616936166666,0.6631745386189488,,,,,staff_production/Tecolutla Production Tracking.xlsx,TRUCKING,"35 loads (12 to oil terminals); oil = PEMEX-measured where >0 else Tonalli; Tonalli oil 2043, shipped 6069 bbl"
TEC-2,2019-07-01,tonalli_trucking_sales,0.0,3767.6036405492273,,,31.0,0.0,1.0,,,,,staff_production/Tecolutla Production Tracking.xlsx,TRUCKING,"22 loads (0 to oil terminals); oil = PEMEX-measured where >0 else Tonalli; Tonalli oil 0, shipped 3768 bbl"
TEC-2,2019-08-01,tonalli_trucking_sales,0.0,1547.2963198248913,,,31.0,0.0,1.0,,,,,staff_production/Tecolutla Production Tracking.xlsx,TRUCKING,"9 loads (0 to oil terminals); oil = PEMEX-measured where >0 else Tonalli; Tonalli oil 0, shipped 1547 bbl"
TEC-6,1966-01-01,cnh_monthly_pemex_era,2570.077318876161,590.0177502478347,1144.7235856822954,31.0,31.0,82.90571996374713,0.1867088607594937,445.40433755621723,2336.0,2338.0,,appraisal_plan/Production (Tecolutla).xlsx,Production,
TEC-6,1966-02-01,cnh_monthly_pemex_era,2930.0881495358562,70.00210596160748,1225.0550653792984,28.0,28.0,104.64600534056629,0.023333333333333334,418.09495239020526,2336.0,2338.0,,appraisal_plan/Production (Tecolutla).xlsx,Production,
TEC-6,1966-03-01,cnh_monthly_pemex_era,3080.0926623107293,230.0069195881389,1305.3865450763014,31.0,31.0,99.35782781647514,0.06948640483383688,423.81404983348193,2336.0,2338.0,,appraisal_plan/Production (Tecolutla).xlsx,Production,
TEC-6,1966-04-01,cnh_monthly_pemex_era,2880.0866452775654,210.00631788482247,1225.0550653792984,30.0,30.0,96.00288817591884,0.06796116504854369,425.35354531364635,2336.0,2338.0,,appraisal_plan/Production (Tecolutla).xlsx,Production,
TEC-6,1966-05-01,cnh_monthly_pemex_era,2960.089052090831,140.00421192321497,1405.8008946975556,31.0,31.0,95.48674361583326,0.04516129032258064,474.9184466948997,2336.0,2338.0,,appraisal_plan/Production (Tecolutla).xlsx,Production,
TEC-6,1966-06-01,cnh_monthly_pemex_era,2710.0815307993757,230.0069195881389,1315.427980038427,30.0,30.0,90.33605102664586,0.0782312925170068,485.3831757786355,2336.0,2338.0,,appraisal_plan/Production (Tecolutla).xlsx,Production,
TEC-6,1966-07-01,cnh_monthly_pemex_era,2860.086043574249,200.00601703316428,1275.2622401899253,31.0,31.0,92.26084011529835,0.06535947712418301,445.8824737301366,2336.0,2338.0,,appraisal_plan/Production (Tecolutla).xlsx,Production,
TEC-6,1966-08-01,cnh_monthly_pemex_era,3150.094768272337,410.0123349179868,1285.3036751520508,31.0,31.0,101.61596026684958,0.11516853932584271,408.02063737814876,2336.0,2338.0,,appraisal_plan/Production (Tecolutla).xlsx,Production,
TEC-6,1966-09-01,cnh_monthly_pemex_era,1990.0598694799846,260.0078221431136,783.2319270457809,22.0,30.0,66.33532898266616,0.11555555555555555,393.57204225742436,2336.0,2338.0,,appraisal_plan/Production (Tecolutla).xlsx,Production,
TEC-6,1967-02-01,cnh_monthly_pemex_era,1660.0499413752634,20.000601703316423,793.2733620079064,0.0,28.0,59.28749790625941,0.011904761904761902,477.8611427501521,2336.0,2338.0,,appraisal_plan/Production (Tecolutla).xlsx,Production,
TEC-6,1967-03-01,cnh_monthly_pemex_era,2510.0755137662113,130.0039110715568,1245.137935303549,0.0,31.0,80.97017786342617,0.049242424242424254,496.0559666331701,2336.0,2338.0,,appraisal_plan/Production (Tecolutla).xlsx,Production,
TEC-6,1967-04-01,cnh_monthly_pemex_era,2400.0722043979713,260.0078221431136,1225.0550653792984,0.0,30.0,80.00240681326571,0.09774436090225565,510.42425437637553,2336.0,2338.0,,appraisal_plan/Production (Tecolutla).xlsx,Production,
TEC-6,1967-05-01,cnh_monthly_pemex_era,2640.0794248377683,260.0078221431136,1355.5937198869285,0.0,31.0,85.16385241412156,0.08965517241379312,513.4670219136416,2336.0,2338.0,,appraisal_plan/Production (Tecolutla).xlsx,Production,
TEC-6,1967-06-01,cnh_monthly_pemex_era,2550.0767171728444,260.0078221431136,1265.2208052278,0.0,30.0,85.00255723909481,0.09252669039145908,496.15009490008345,2336.0,2338.0,,appraisal_plan/Production (Tecolutla).xlsx,Production,
TEC-6,1967-07-01,cnh_monthly_pemex_era,2780.0836367609836,210.00631788482247,1375.6765898111794,0.0,31.0,89.68011731487044,0.07023411371237458,494.83280704962925,2336.0,2338.0,,appraisal_plan/Production (Tecolutla).xlsx,Production,
TEC-6,1967-08-01,cnh_monthly_pemex_era,2890.0869461292236,160.0048136265314,1405.8008946975556,0.0,31.0,93.22861116545883,0.052459016393442616,486.4216616667485,2336.0,2338.0,,appraisal_plan/Production (Tecolutla).xlsx,Production,
TEC-6,1967-09-01,cnh_monthly_pemex_era,2080.0625771449086,160.0048136265314,1024.2263661367906,0.0,30.0,69.33541923816362,0.07142857142857141,492.4017081941075,2336.0,2338.0,,appraisal_plan/Production (Tecolutla).xlsx,Production,
TEC-6,1967-10-01,cnh_monthly_pemex_era,370.0111315113539,0.0,220.91156916675874,3.0,31.0,11.935842951979158,0.0,597.040332987874,2336.0,2338.0,,appraisal_plan/Production (Tecolutla).xlsx,Production,
TEC-6,1967-11-01,cnh_monthly_pemex_era,2850.085742722591,40.00120340663285,1707.0439435613175,24.0,30.0,95.00285809075304,0.013840830449826985,598.9447678618384,2336.0,2338.0,,appraisal_plan/Production (Tecolutla).xlsx,Production,
TEC-6,1967-12-01,cnh_monthly_pemex_era,2660.0800265410844,120.00361021989855,1596.588158977938,2.0,31.0,85.80903311422853,0.043165467625899276,600.2030551892793,2336.0,2338.0,,appraisal_plan/Production (Tecolutla).xlsx,Production,
TEC-6,1968-01-01,cnh_monthly_pemex_era,2300.069195881389,80.0024068132657,1375.6765898111794,31.0,31.0,74.19578051230287,0.03361344537815125,598.1022624338998,2336.0,2338.0,,appraisal_plan/Production (Tecolutla).xlsx,Production,
TEC-6,1968-02-01,cnh_monthly_pemex_era,1680.0505430785797,0.0,1004.1434962125397,29.0,29.0,57.93277734753723,0.0,597.6864805343977,2336.0,2338.0,,appraisal_plan/Production (Tecolutla).xlsx,Production,
TEC-6,1968-03-01,cnh_monthly_pemex_era,1750.0526490401871,10.000300851658212,1044.3092360610412,31.0,31.0,56.45331125936087,0.005681818181818181,596.7301821655426,2336.0,2338.0,,appraisal_plan/Production (Tecolutla).xlsx,Production,
TEC-6,1968-04-01,cnh_monthly_pemex_era,1740.0523481885293,0.0,1034.267801098916,30.0,30.0,58.001744939617645,0.0,594.3888999521388,2336.0,2338.0,,appraisal_plan/Production (Tecolutla).xlsx,Production,
TEC-6,1968-05-01,cnh_monthly_pemex_era,1620.0487379686303,180.00541532984784,974.0191913261635,31.0,31.0,52.2596367086655,0.1,601.228326344972,2336.0,2338.0,,appraisal_plan/Production (Tecolutla).xlsx,Production,
TEC-6,1968-06-01,cnh_monthly_pemex_era,1750.0526490401871,40.00120340663285,1044.3092360610412,30.0,30.0,58.335088301339574,0.0223463687150838,596.7301821655426,2336.0,2338.0,,appraisal_plan/Production (Tecolutla).xlsx,Production,
TEC-6,1968-07-01,cnh_monthly_pemex_era,1880.0565601117441,0.0,1124.6407157580445,31.0,31.0,60.646985810056265,0.0,598.1951498795332,2336.0,2338.0,,appraisal_plan/Production (Tecolutla).xlsx,Production,
TEC-6,1968-08-01,cnh_monthly_pemex_era,1790.0538524468202,30.000902554974637,1074.4335409474174,31.0,31.0,57.74367265957485,0.016483516483516484,600.2241438037056,2336.0,2338.0,,appraisal_plan/Production (Tecolutla).xlsx,Production,
TEC-6,1968-09-01,cnh_monthly_pemex_era,1500.045127748732,40.00120340663285,893.6877116291603,28.0,30.0,50.00150425829107,0.02597402597402597,595.7738837966875,2336.0,2338.0,,appraisal_plan/Production (Tecolutla).xlsx,Production,
TEC-6,1968-10-01,cnh_monthly_pemex_era,1690.0508439302382,0.0,1004.1434962125397,31.0,31.0,54.51776915903994,0.0,594.1498741407029,2336.0,2338.0,,appraisal_plan/Production (Tecolutla).xlsx,Production,
TEC-6,1968-11-01,cnh_monthly_pemex_era,1810.0544541501367,0.0,1074.4335409474174,30.0,30.0,60.335148471671225,0.0,593.5918328224492,2336.0,2338.0,,appraisal_plan/Production (Tecolutla).xlsx,Production,
TEC-6,1968-12-01,cnh_monthly_pemex_era,1880.0565601117441,50.00150425829107,1124.6407157580445,31.0,31.0,60.646985810056265,0.02590673575129534,598.1951498795332,2336.0,2338.0,,appraisal_plan/Production (Tecolutla).xlsx,Production,
TEC-6,1969-01-01,cnh_monthly_pemex_era,1210.0364030506437,130.0039110715568,733.024752235154,30.0,31.0,39.033432356472375,0.09701492537313434,605.7873551465995,2336.0,2338.0,,appraisal_plan/Production (Tecolutla).xlsx,Production,
TEC-6,1969-02-01,cnh_monthly_pemex_era,910.0273775008973,130.0039110715568,391.61596352289047,28.0,28.0,32.50097776788919,0.12500000000000003,430.3342659847663,2336.0,2338.0,,appraisal_plan/Production (Tecolutla).xlsx,Production,
TEC-6,1969-03-01,cnh_monthly_pemex_era,1230.0370047539602,0.0,502.07174810626987,31.0,31.0,39.67861305657936,0.0,408.1761330478813,2336.0,2338.0,,appraisal_plan/Production (Tecolutla).xlsx,Production,
TEC-6,1969-04-01,cnh_monthly_pemex_era,1210.0364030506437,40.00120340663285,471.94744321989367,30.0,30.0,40.33454676835479,0.032,390.02747523137225,2336.0,2338.0,,appraisal_plan/Production (Tecolutla).xlsx,Production,
TEC-6,1969-05-01,cnh_monthly_pemex_era,1670.0502422269215,190.00571618150605,612.5275326896492,31.0,31.0,53.87258845893295,0.1021505376344086,366.7719193123657,2336.0,2338.0,,appraisal_plan/Production (Tecolutla).xlsx,Production,
TEC-6,1969-06-01,cnh_monthly_pemex_era,1160.0348987923528,30.000902554974637,692.8590123866524,26.0,30.0,38.66782995974509,0.025210084033613443,597.2742829616152,2336.0,2338.0,,appraisal_plan/Production (Tecolutla).xlsx,Production,
TEC-6,1969-07-01,cnh_monthly_pemex_era,1370.0412166771753,0.0,813.3562319321571,31.0,31.0,44.19487795732824,0.0,593.6728194972322,2336.0,2338.0,,appraisal_plan/Production (Tecolutla).xlsx,Production,
TEC-6,1969-08-01,cnh_monthly_pemex_era,1380.0415175288333,0.0,823.3976668942826,31.0,31.0,44.51746830738172,0.0,596.6470257856422,2336.0,2338.0,,appraisal_plan/Production (Tecolutla).xlsx,Production,
TEC-6,1969-09-01,cnh_monthly_pemex_era,1320.0397124188842,0.0,783.2319270457809,30.0,30.0,44.00132374729614,0.0,593.3396697668746,2336.0,2338.0,,appraisal_plan/Production (Tecolutla).xlsx,Production,
TEC-6,1969-10-01,cnh_monthly_pemex_era,1230.0370047539602,130.0039110715568,743.0661871972793,31.0,31.0,39.67861305657936,0.09558823529411765,604.1006769108642,2336.0,2338.0,,appraisal_plan/Production (Tecolutla).xlsx,Production,
TEC-6,1969-11-01,cnh_monthly_pemex_era,960.0288817591884,190.00571618150605,582.403227803273,30.0,30.0,32.00096272530628,0.16521739130434784,606.6517777424136,2336.0,2338.0,,appraisal_plan/Production (Tecolutla).xlsx,Production,
TEC-6,1969-12-01,cnh_monthly_pemex_era,1360.040915825517,320.0096272530628,823.3976668942826,31.0,31.0,43.87228760727474,0.19047619047619047,605.421246753078,2336.0,2338.0,,appraisal_plan/Production (Tecolutla).xlsx,Production,
TEC-6,1970-01-01,cnh_monthly_pemex_era,1390.0418183804918,170.00511447818963,833.4391018564079,31.0,31.0,44.84005865743522,0.10897435897435896,599.5784377389668,2336.0,2338.0,,appraisal_plan/Production (Tecolutla).xlsx,Production,
TEC-6,1970-02-01,cnh_monthly_pemex_era,2110.063479699883,40.00120340663285,1265.2208052278,28.0,28.0,75.35940998928153,0.018604651162790694,599.6126739313805,2336.0,2338.0,,appraisal_plan/Production (Tecolutla).xlsx,Production,
TEC-6,1970-03-01,cnh_monthly_pemex_era,2740.0824333543505,0.0,1646.7953337885651,31.0,31.0,88.38975591465648,0.0,601.0021135650993,2336.0,2338.0,,appraisal_plan/Production (Tecolutla).xlsx,Production,
TEC-6,1970-04-01,cnh_monthly_pemex_era,2010.0604711833007,0.0,1194.9307604929222,30.0,30.0,67.00201570611003,0.0,594.4750307882426,2336.0,2338.0,,appraisal_plan/Production (Tecolutla).xlsx,Production,
TEC-6,1970-05-01,cnh_monthly_pemex_era,1620.0487379686303,0.0,963.9777563640381,31.0,31.0,52.2596367086655,0.0,595.0300961764669,2336.0,2338.0,,appraisal_plan/Production (Tecolutla).xlsx,Production,
TEC-6,1970-06-01,cnh_monthly_pemex_era,1530.0460303037066,0.0,913.7705815534111,30.0,30.0,51.00153434345689,0.0,597.2177068241746,2336.0,2338.0,,appraisal_plan/Production (Tecolutla).xlsx,Production,
TEC-6,1970-07-01,cnh_monthly_pemex_era,1760.0529498918456,0.0,1054.3506710231668,31.0,31.0,56.775901609414376,0.0,599.0448588992485,2336.0,2338.0,,appraisal_plan/Production (Tecolutla).xlsx,Production,
TEC-6,1970-10-01,cnh_monthly_pemex_era,1850.0556575567693,0.0,1295.3451101141761,29.0,31.0,59.679214759895785,0.0,700.1654814130521,2336.0,2338.0,,appraisal_plan/Production (Tecolutla).xlsx,Production,
TEC-6,1970-11-01,cnh_monthly_pemex_era,1260.0379073089348,0.0,1415.842329659681,24.0,30.0,42.00126357696449,0.0,1123.6505834046675,2336.0,2338.0,,appraisal_plan/Production (Tecolutla).xlsx,Production,
TEC-6,1970-12-01,cnh_monthly_pemex_era,1530.0460303037066,0.0,1415.842329659681,22.0,31.0,49.35632355818409,0.0,925.3593039803143,2336.0,2338.0,,appraisal_plan/Production (Tecolutla).xlsx,Production,
TEC-6,1971-01-01,cnh_monthly_pemex_era,1660.0499413752634,0.0,1737.1682484476937,30.0,31.0,53.549998108879464,0.0,1046.4554138705862,2336.0,2338.0,,appraisal_plan/Production (Tecolutla).xlsx,Production,
TEC-6,1971-02-01,cnh_monthly_pemex_era,1280.038509012251,0.0,1345.5522849248032,28.0,28.0,45.71566103615182,0.0,1051.181097639872,2336.0,2338.0,,appraisal_plan/Production (Tecolutla).xlsx,Production,
TEC-6,1971-03-01,cnh_monthly_pemex_era,1930.0580643700353,0.0,1837.5825980689476,31.0,31.0,62.25993756032372,0.0,952.0866921010113,2336.0,2338.0,,appraisal_plan/Production (Tecolutla).xlsx,Production,
TEC-6,1971-04-01,cnh_monthly_pemex_era,1960.0589669250098,0.0,1164.806455606546,30.0,30.0,65.33529889750032,0.0,594.2711292170582,2336.0,2338.0,,appraisal_plan/Production (Tecolutla).xlsx,Production,
TEC-6,1971-05-01,cnh_monthly_pemex_era,1880.0565601117441,0.0,1124.6407157580445,31.0,31.0,60.646985810056265,0.0,598.1951498795332,2336.0,2338.0,,appraisal_plan/Production (Tecolutla).xlsx,Production,
TEC-6,1971-06-01,cnh_monthly_pemex_era,1730.0520473368708,10.000300851658212,1024.2263661367906,30.0,30.0,57.66840157789569,0.005747126436781608,592.0205508923375,2336.0,2338.0,,appraisal_plan/Production (Tecolutla).xlsx,Production,
TEC-6,1971-07-01,cnh_monthly_pemex_era,1640.049339671947,50.00150425829107,963.9777563640381,31.0,31.0,52.90481740877249,0.029585798816568046,587.773631588949,2336.0,2338.0,,appraisal_plan/Production (Tecolutla).xlsx,Production,
TEC-6,1971-08-01,cnh_monthly_pemex_era,70.00210596160748,0.0,40.16573984850159,2.0,31.0,2.258132450374435,0.0,573.7790213130218,2336.0,2338.0,,appraisal_plan/Production (Tecolutla).xlsx,Production,
TEC-6,1971-11-01,cnh_monthly_pemex_era,520.0156442862271,10.000300851658212,291.2016139016365,6.0,30.0,17.333854809540906,0.01886792452830188,559.9862563776124,2336.0,2338.0,,appraisal_plan/Production (Tecolutla).xlsx,Production,
TEC-6,1972-02-01,cnh_monthly_pemex_era,4610.138692614437,90.00270766492392,4006.5325498880334,24.0,29.0,158.9702997453254,0.019148936170212762,869.0698516959161,2324.0,2327.0,,appraisal_plan/Production (Tecolutla).xlsx,Production,
TEC-6,1972-03-01,cnh_monthly_pemex_era,6840.205782534218,0.0,5472.58205435834,31.0,31.0,220.65179943658768,0.0,800.0610256977988,2324.0,2327.0,,appraisal_plan/Production (Tecolutla).xlsx,Production,
TEC-6,1972-04-01,cnh_monthly_pemex_era,6080.182917808193,0.0,3474.3364968953874,30.0,30.0,202.67276392693978,0.0,571.4197325740702,2324.0,2327.0,,appraisal_plan/Production (Tecolutla).xlsx,Production,
TEC-6,1972-05-01,cnh_monthly_pemex_era,5730.172388000156,0.0,3102.803403296748,31.0,31.0,184.8442705806502,0.0,541.4851758726292,2324.0,2327.0,,appraisal_plan/Production (Tecolutla).xlsx,Production,
TEC-6,1972-06-01,cnh_monthly_pemex_era,5650.16998118689,0.0,2430.0272608343457,30.0,30.0,188.33899937289635,0.0,430.0803814620613,2324.0,2327.0,,appraisal_plan/Production (Tecolutla).xlsx,Production,
TEC-6,1972-07-01,cnh_monthly_pemex_era,3840.1155270367535,20.000601703316423,1897.8312078417,31.0,31.0,123.87469442054044,0.005181347150259067,494.21200859188,2324.0,2327.0,,appraisal_plan/Production (Tecolutla).xlsx,Production,
TEC-6,1972-08-01,cnh_monthly_pemex_era,3990.1200398116266,0.0,2279.405736402465,31.0,31.0,128.7135496713428,0.0,571.2624466581401,2324.0,2327.0,,appraisal_plan/Production (Tecolutla).xlsx,Production,
TEC-6,1972-09-01,cnh_monthly_pemex_era,3860.1161287400705,0.0,2580.648785266227,30.0,30.0,128.670537624669,0.0,668.541748278579,2324.0,2327.0,,appraisal_plan/Production (Tecolutla).xlsx,Production,
TEC-6,1972-10-01,cnh_monthly_pemex_era,4120.123950883184,0.0,2671.0216999253553,31.0,31.0,132.9072242220382,0.0,648.2867340320669,2324.0,2327.0,,appraisal_plan/Production (Tecolutla).xlsx,Production,
TEC-6,1972-11-01,cnh_monthly_pemex_era,3960.1191372566523,0.0,2570.6073503041016,30.0,30.0,132.00397124188842,0.0,649.1237412834184,2324.0,2327.0,,appraisal_plan/Production (Tecolutla).xlsx,Production,
TEC-6,1972-12-01,cnh_monthly_pemex_era,3980.1197389599693,0.0,2590.6902202283522,31.0,31.0,128.39095932128933,0.0,650.9076083488171,2324.0,2327.0,,appraisal_plan/Production (Tecolutla).xlsx,Production,
TEC-6,1973-01-01,cnh_monthly_pemex_era,650.0195553577838,0.0,391.61596352289047,29.0,31.0,20.968372753476896,0.0,602.4679723786728,2324.0,2327.0,,appraisal_plan/Production (Tecolutla).xlsx,Production,
TEC-6,1973-02-01,cnh_monthly_pemex_era,1720.0517464852126,0.0,1536.3395492051857,28.0,28.0,61.43041951732902,0.0,893.1937962590788,2324.0,2327.0,,appraisal_plan/Production (Tecolutla).xlsx,Production,
TEC-6,1973-03-01,cnh_monthly_pemex_era,1550.0466320070232,30.000902554974637,1024.2263661367906,30.0,31.0,50.00150425829107,0.018987341772151896,660.7713245443508,2324.0,2327.0,,appraisal_plan/Production (Tecolutla).xlsx,Production,
TEC-6,1973-04-01,cnh_monthly_pemex_era,2450.073708656262,100.00300851658214,1626.7124638643143,30.0,30.0,81.6691236218754,0.03921568627450981,663.9442960907822,2324.0,2327.0,,appraisal_plan/Production (Tecolutla).xlsx,Production,
TEC-6,1973-05-01,cnh_monthly_pemex_era,500.01504258291067,0.0,321.3259187880127,6.0,31.0,16.12951750267454,0.0,642.6325038705843,2324.0,2327.0,,appraisal_plan/Production (Tecolutla).xlsx,Production,
TEC-6,1973-06-01,cnh_monthly_pemex_era,3080.0926623107293,40.00120340663285,1978.1626875387033,30.0,30.0,102.66975541035764,0.012820512820512818,642.2412909015073,2324.0,2327.0,,appraisal_plan/Production (Tecolutla).xlsx,Production,
TEC-6,1973-07-01,cnh_monthly_pemex_era,2780.0836367609836,70.00210596160748,1656.8367687506905,27.0,31.0,89.68011731487044,0.024561403508771923,595.9665194393344,2324.0,2327.0,,appraisal_plan/Production (Tecolutla).xlsx,Production,
TEC-6,1973-08-01,cnh_monthly_pemex_era,1300.0391107155676,60.001805109949274,773.1904920836555,18.0,31.0,41.93674550695379,0.044117647058823525,594.7440240148437,2324.0,2327.0,,appraisal_plan/Production (Tecolutla).xlsx,Production,
TEC-6,1973-09-01,cnh_monthly_pemex_era,1730.0520473368708,80.0024068132657,1024.2263661367906,30.0,30.0,57.66840157789569,0.04419889502762431,592.0205508923375,2324.0,2327.0,,appraisal_plan/Production (Tecolutla).xlsx,Production,
TEC-6,1973-10-01,cnh_monthly_pemex_era,230.0069195881389,10.000300851658212,120.49721954550476,3.0,31.0,7.419578051230287,0.04166666666666666,523.8851933727589,2324.0,2327.0,,appraisal_plan/Production (Tecolutla).xlsx,Production,
TEC-6,1974-05-01,cnh_monthly_pemex_era,700.0210596160749,140.00421192321497,391.61596352289047,10.0,31.0,22.58132450374435,0.16666666666666666,559.4345457801961,2324.0,2327.0,,appraisal_plan/Production (Tecolutla).xlsx,Production,
TEC-6,1974-06-01,cnh_monthly_pemex_era,2250.0676916230977,240.0072204397971,1275.2622401899253,30.0,30.0,75.00225638743659,0.0963855421686747,566.7661666080847,2324.0,2327.0,,appraisal_plan/Production (Tecolutla).xlsx,Production,
TEC-6,1974-07-01,cnh_monthly_pemex_era,2480.074611211237,0.0,1405.8008946975556,31.0,31.0,80.00240681326571,0.0,566.8381460552029,2324.0,2327.0,,appraisal_plan/Production (Tecolutla).xlsx,Production,
TEC-6,1974-08-01,cnh_monthly_pemex_era,2420.0728061012874,0.0,1385.7180247733047,31.0,31.0,78.06686471294475,0.0,572.5935274673337,2324.0,2327.0,,appraisal_plan/Production (Tecolutla).xlsx,Production,
TEC-6,1974-09-01,cnh_monthly_pemex_era,1740.0523481885293,0.0,1004.1434962125397,23.0,30.0,58.001744939617645,0.0,577.0766018952804,2324.0,2327.0,,appraisal_plan/Production (Tecolutla).xlsx,Production,
TEC-6,1975-05-01,cnh_monthly_pemex_era,2310.0694967330473,0.0,963.9777563640381,24.0,31.0,74.51837086235636,0.0,417.29383368219754,2324.0,2327.0,,appraisal_plan/Production (Tecolutla).xlsx,Production,
TEC-6,1975-06-01,cnh_monthly_pemex_era,970.0291826108468,200.00601703316428,602.4860977275238,19.0,30.0,32.334306087028224,0.17094017094017094,621.1010024522399,2324.0,2327.0,,appraisal_plan/Production (Tecolutla).xlsx,Production,
TEC-6,1975-11-01,cnh_monthly_pemex_era,1360.040915825517,140.00421192321497,220.91156916675874,21.0,30.0,45.3346971941839,0.09333333333333332,162.43009059228922,2324.0,2327.0,,appraisal_plan/Production (Tecolutla).xlsx,Production,
TEC-6,1975-12-01,cnh_monthly_pemex_era,530.0159451378853,60.001805109949274,50.20717481062698,30.0,31.0,17.09728855283501,0.10169491525423728,94.72766861299885,2324.0,2327.0,,appraisal_plan/Production (Tecolutla).xlsx,Production,
TEC-6,1976-01-01,cnh_monthly_pemex_era,880.0264749459228,0.0,130.53865450763016,31.0,31.0,28.387950804707188,0.0,148.33491744171866,2324.0,2327.0,,appraisal_plan/Production (Tecolutla).xlsx,Production,
TEC-6,1976-03-01,cnh_monthly_pemex_era,910.0273775008973,100.00300851658214,371.53309359863965,31.0,31.0,29.355721854867653,0.09900990099009904,408.2658420881116,2314.0,2316.0,,appraisal_plan/Production (Tecolutla).xlsx,Production,
TEC-6,1976-04-01,cnh_monthly_pemex_era,160.0048136265314,10.000300851658212,180.74582931825714,30.0,30.0,5.333493787551046,0.058823529411764705,1129.6274482100116,2314.0,2316.0,,appraisal_plan/Production (Tecolutla).xlsx,Production,
TEC-6,1976-08-01,cnh_monthly_pemex_era,5200.1564428622705,0.0,2530.4416104556,31.0,31.0,167.74698202781516,0.0,486.60874692123576,2314.0,2316.0,,appraisal_plan/Production (Tecolutla).xlsx,Production,
TEC-6,1976-09-01,cnh_monthly_pemex_era,4620.138993466095,0.0,2239.2399965539635,30.0,30.0,154.00463311553648,0.0,484.66940057880237,2314.0,2316.0,,appraisal_plan/Production (Tecolutla).xlsx,Production,
TEC-6,1976-10-01,cnh_monthly_pemex_era,3740.1125185201713,0.0,1978.1626875387033,31.0,31.0,120.64879092000552,0.0,528.9045925071237,2314.0,2316.0,,appraisal_plan/Production (Tecolutla).xlsx,Production,
TEC-6,1976-11-01,cnh_monthly_pemex_era,3620.1089083002735,0.0,1606.6295939400634,30.0,30.0,120.67029694334245,0.0,443.8069778111769,2314.0,2316.0,,appraisal_plan/Production (Tecolutla).xlsx,Production,
TEC-6,1976-12-01,cnh_monthly_pemex_era,4540.136586652829,0.0,1385.7180247733047,31.0,31.0,146.4560189242848,0.0,305.21505208611177,2314.0,2316.0,,appraisal_plan/Production (Tecolutla).xlsx,Production,
TEC-6,1977-01-01,cnh_monthly_pemex_era,6240.187731434725,620.0186528028092,5010.676046100573,31.0,31.0,201.2963784333782,0.0903790087463557,802.9687986564043,2314.0,2316.0,,appraisal_plan/Production (Tecolutla).xlsx,Production,
TEC-6,1977-02-01,cnh_monthly_pemex_era,5250.157947120562,580.0174493961764,3092.761968334622,28.0,28.0,187.5056409685915,0.09948542024013722,589.0797952147022,2314.0,2316.0,,appraisal_plan/Production (Tecolutla).xlsx,Production,
TEC-6,1977-03-01,cnh_monthly_pemex_era,5350.160955637144,580.0174493961764,3404.04645216051,31.0,31.0,172.58583727861756,0.09780775716694773,636.251223166262,2314.0,2316.0,,appraisal_plan/Production (Tecolutla).xlsx,Production,
TEC-6,1977-04-01,cnh_monthly_pemex_era,6150.185023769802,680.0204579127585,4116.988334471413,30.0,30.0,205.0061674589934,0.09956076134699852,669.4088581985252,2314.0,2316.0,,appraisal_plan/Production (Tecolutla).xlsx,Production,
TEC-6,1977-05-01,cnh_monthly_pemex_era,7430.223532782053,820.0246698359736,7320.206087389414,31.0,31.0,239.68463008974362,0.0993939393939394,985.1932522746802,2314.0,2316.0,,appraisal_plan/Production (Tecolutla).xlsx,Production,
TEC-6,1977-06-01,cnh_monthly_pemex_era,7190.216312342255,790.0237672809989,4247.5269889790425,30.0,30.0,239.67387707807518,0.09899749373433585,590.7370243768627,2314.0,2316.0,,appraisal_plan/Production (Tecolutla).xlsx,Production,
TEC-6,1977-07-01,cnh_monthly_pemex_era,8740.262944349279,5340.160654785486,4026.615419812284,31.0,31.0,281.94396594675095,0.37926136363636365,460.6972862773603,2314.0,2316.0,,appraisal_plan/Production (Tecolutla).xlsx,Production,
TEC-6,1977-08-01,cnh_monthly_pemex_era,9090.273474157315,9090.273474157315,3494.419366819638,31.0,31.0,293.23462819862306,0.5,384.4130076783611,2314.0,2316.0,,appraisal_plan/Production (Tecolutla).xlsx,Production,
TEC-6,1977-09-01,cnh_monthly_pemex_era,8790.26444860757,8790.26444860757,3865.9524604182775,30.0,30.0,293.00881495358567,0.5,439.7993351645601,2314.0,2316.0,,appraisal_plan/Production (Tecolutla).xlsx,Production,
TEC-6,1977-10-01,cnh_monthly_pemex_era,9060.27257160234,9060.27257160234,1445.966634546057,31.0,31.0,292.2668571484626,0.5,159.5941648685226,2314.0,2316.0,,appraisal_plan/Production (Tecolutla).xlsx,Production,
TEC-6,1977-11-01,cnh_monthly_pemex_era,8760.263546052594,8760.263546052594,1586.5467240158127,30.0,30.0,292.0087848684198,0.5,181.1071910879572,2314.0,2316.0,,appraisal_plan/Production (Tecolutla).xlsx,Production,
TEC-6,1977-12-01,cnh_monthly_pemex_era,9090.273474157315,9090.273474157315,1747.209683409819,31.0,31.0,293.23462819862306,0.5,192.20650383918056,2314.0,2316.0,,appraisal_plan/Production (Tecolutla).xlsx,Production,
TEC-6,1978-01-01,cnh_monthly_pemex_era,5560.167273521967,5560.167273521967,903.7291465912857,31.0,31.0,179.3602346297409,0.5,162.53632348345485,2314.0,2316.0,,appraisal_plan/Production (Tecolutla).xlsx,Production,
TEC-6,1978-02-01,cnh_monthly_pemex_era,3080.0926623107293,3080.0926623107293,341.40878871226346,28.0,28.0,110.00330936824034,0.5,110.84367457183373,2314.0,2316.0,,appraisal_plan/Production (Tecolutla).xlsx,Production,
TEC-6,1978-03-01,cnh_monthly_pemex_era,3420.102891267109,3420.102891267109,371.53309359863965,31.0,31.0,110.32589971829384,0.5,108.63213926905891,2314.0,2316.0,,appraisal_plan/Production (Tecolutla).xlsx,Production,
TEC-6,1978-04-01,cnh_monthly_pemex_era,2100.0631788482247,2100.0631788482247,903.7291465912857,30.0,30.0,70.00210596160748,0.5,430.33426598476626,2314.0,2316.0,,appraisal_plan/Production (Tecolutla).xlsx,Production,
TEC-6,1978-05-01,cnh_monthly_pemex_era,650.0195553577838,650.0195553577838,753.1076221594047,31.0,31.0,20.968372753476896,0.5,1158.5922545743708,2314.0,2316.0,,appraisal_plan/Production (Tecolutla).xlsx,Production,
TEC-6,1979-10-01,cnh_monthly_pemex_era,30.000902554974637,50.00150425829107,20.082869924250794,2.0,31.0,0.9677710501604722,0.625,669.4088581985253,2314.0,2316.0,,appraisal_plan/Production (Tecolutla).xlsx,Production,
TEC-6,1979-12-01,cnh_monthly_pemex_era,200.00601703316428,300.0090255497464,110.45578458337937,6.0,31.0,6.451807001069816,0.6,552.2623080137834,2314.0,2316.0,,appraisal_plan/Production (Tecolutla).xlsx,Production,
TEC-6,1980-04-01,cnh_monthly_pemex_era,510.0153434345688,510.0153434345688,291.2016139016365,8.0,30.0,17.000511447818962,0.5,570.9663790516834,2314.0,2316.0,,appraisal_plan/Production (Tecolutla).xlsx,Production,
TEC-6,1980-06-01,cnh_monthly_pemex_era,60.001805109949274,10.000300851658212,0.0,0.0,30.0,2.0000601703316425,0.14285714285714285,0.0,2314.0,2316.0,,appraisal_plan/Production (Tecolutla).xlsx,Production,
TEC-6,1981-02-01,cnh_monthly_pemex_era,80.0024068132657,60.001805109949274,30.12430488637619,6.0,28.0,2.857228814759489,0.4285714285714286,376.54248273667054,2314.0,2316.0,,appraisal_plan/Production (Tecolutla).xlsx,Production,
TEC-6,1981-03-01,cnh_monthly_pemex_era,390.0117332146703,250.00752129145533,110.45578458337937,31.0,31.0,12.581023652086138,0.390625,283.2114400070684,2314.0,2316.0,,appraisal_plan/Production (Tecolutla).xlsx,Production,
TEC-6,1981-04-01,cnh_monthly_pemex_era,180.00541532984784,110.00330936824035,70.29004473487778,14.0,30.0,6.0001805109949276,0.3793103448275862,390.48850061580646,2314.0,2316.0,,appraisal_plan/Production (Tecolutla).xlsx,Production,
TEC-6,1981-05-01,cnh_monthly_pemex_era,670.0201570611003,0.0,281.1601789395111,27.0,31.0,21.613553453583883,0.0,419.629433497583,2314.0,2316.0,,appraisal_plan/Production (Tecolutla).xlsx,Production,
TEC-6,1981-06-01,cnh_monthly_pemex_era,200.00601703316428,0.0,70.29004473487778,10.0,30.0,6.66686723443881,0.0,351.43965055422575,2314.0,2316.0,,appraisal_plan/Production (Tecolutla).xlsx,Production,
TEC-6,1983-10-01,cnh_monthly_pemex_era,200.00601703316428,60.001805109949274,110.45578458337937,31.0,31.0,6.451807001069816,0.23076923076923073,552.2623080137834,2314.0,2316.0,,appraisal_plan/Production (Tecolutla).xlsx,Production,
TEC-6,1983-11-01,cnh_monthly_pemex_era,190.00571618150605,60.001805109949274,110.45578458337937,30.0,30.0,6.333523872716868,0.24,581.3287452776667,2314.0,2316.0,,appraisal_plan/Production (Tecolutla).xlsx,Production,
TEC-6,1983-12-01,cnh_monthly_pemex_era,160.0048136265314,50.00150425829107,90.37291465912857,26.0,31.0,5.161445600855851,0.23809523809523814,564.8137241050058,2314.0,2316.0,,appraisal_plan/Production (Tecolutla).xlsx,Production,
TEC-6,1984-01-01,cnh_monthly_pemex_era,20.000601703316423,10.000300851658212,10.041434962125397,3.0,31.0,0.6451807001069814,0.3333333333333333,502.05664364889407,2314.0,2316.0,,appraisal_plan/Production (Tecolutla).xlsx,Production,
TEC-6,1984-09-01,cnh_monthly_pemex_era,10.000300851658212,0.0,0.0,1.0,30.0,0.3333433617219404,0.0,0.0,2314.0,2316.0,,appraisal_plan/Production (Tecolutla).xlsx,Production,
TEC-6,1984-10-01,cnh_monthly_pemex_era,390.0117332146703,40.00120340663285,110.45578458337937,31.0,31.0,12.581023652086138,0.09302325581395349,283.2114400070684,2314.0,2316.0,,appraisal_plan/Production (Tecolutla).xlsx,Production,
TEC-6,1984-11-01,cnh_monthly_pemex_era,380.0114323630121,40.00120340663285,110.45578458337937,30.0,30.0,12.667047745433736,0.09523809523809523,290.66437263883336,2314.0,2316.0,,appraisal_plan/Production (Tecolutla).xlsx,Production,
TEC-6,1984-12-01,cnh_monthly_pemex_era,390.0117332146703,40.00120340663285,110.45578458337937,31.0,31.0,12.581023652086138,0.09302325581395349,283.2114400070684,2314.0,2316.0,,appraisal_plan/Production (Tecolutla).xlsx,Production,
TEC-6,1985-01-01,cnh_monthly_pemex_era,390.0117332146703,40.00120340663285,110.45578458337937,31.0,31.0,12.581023652086138,0.09302325581395349,283.2114400070684,2314.0,2316.0,,appraisal_plan/Production (Tecolutla).xlsx,Production,
TEC-6,1985-02-01,cnh_monthly_pemex_era,350.01052980803746,40.00120340663285,100.41434962125396,28.0,28.0,12.500376064572766,0.10256410256410255,286.8895106565108,2314.0,2316.0,,appraisal_plan/Production (Tecolutla).xlsx,Production,
TEC-6,1985-03-01,cnh_monthly_pemex_era,390.0117332146703,40.00120340663285,110.45578458337937,31.0,31.0,12.581023652086138,0.09302325581395349,283.2114400070684,2314.0,2316.0,,appraisal_plan/Production (Tecolutla).xlsx,Production,
TEC-6,1985-04-01,cnh_monthly_pemex_era,380.0114323630121,40.00120340663285,110.45578458337937,30.0,30.0,12.667047745433736,0.09523809523809523,290.66437263883336,2314.0,2316.0,,appraisal_plan/Production (Tecolutla).xlsx,Production,
TEC-6,1985-05-01,cnh_monthly_pemex_era,240.0072204397971,50.00150425829107,90.37291465912857,26.0,31.0,7.742168401283777,0.17241379310344832,376.5424827366705,2314.0,2316.0,,appraisal_plan/Production (Tecolutla).xlsx,Production,
TEC-6,1985-06-01,cnh_monthly_pemex_era,140.00421192321497,60.001805109949274,80.33147969700318,22.0,30.0,4.666807064107165,0.3,573.7790213130218,2314.0,2316.0,,appraisal_plan/Production (Tecolutla).xlsx,Production,
TEC-6,1985-07-01,cnh_monthly_pemex_era,200.00601703316428,70.00210596160748,110.45578458337937,31.0,31.0,6.451807001069816,0.2592592592592592,552.2623080137834,2314.0,2316.0,,appraisal_plan/Production (Tecolutla).xlsx,Production,
TEC-6,1985-08-01,cnh_monthly_pemex_era,200.00601703316428,70.00210596160748,110.45578458337937,31.0,31.0,6.451807001069816,0.2592592592592592,552.2623080137834,2314.0,2316.0,,appraisal_plan/Production (Tecolutla).xlsx,Production,
TEC-6,1985-09-01,cnh_monthly_pemex_era,160.0048136265314,60.001805109949274,90.37291465912857,25.0,30.0,5.333493787551046,0.2727272727272727,564.8137241050058,2314.0,2316.0,,appraisal_plan/Production (Tecolutla).xlsx,Production,
TEC-6,1985-10-01,cnh_monthly_pemex_era,140.00421192321497,0.0,90.37291465912857,23.0,31.0,4.51626490074887,0.0,645.5013989771494,2314.0,2316.0,,appraisal_plan/Production (Tecolutla).xlsx,Production,
TEC-6,1985-11-01,cnh_monthly_pemex_era,190.00571618150605,0.0,110.45578458337937,30.0,30.0,6.333523872716868,0.0,581.3287452776667,2314.0,2316.0,,appraisal_plan/Production (Tecolutla).xlsx,Production,
TEC-6,1985-12-01,cnh_monthly_pemex_era,200.00601703316428,0.0,110.45578458337937,31.0,31.0,6.451807001069816,0.0,552.2623080137834,2314.0,2316.0,,appraisal_plan/Production (Tecolutla).xlsx,Production,
TEC-6,1986-01-01,cnh_monthly_pemex_era,190.00571618150605,0.0,110.45578458337937,30.0,31.0,6.129216651016324,0.0,581.3287452776667,2314.0,2316.0,,appraisal_plan/Production (Tecolutla).xlsx,Production,
TEC-6,1986-02-01,cnh_monthly_pemex_era,180.00541532984784,0.0,100.41434962125396,28.0,28.0,6.428764833208851,0.0,557.8407151654377,2314.0,2316.0,,appraisal_plan/Production (Tecolutla).xlsx,Production,
TEC-6,1986-03-01,cnh_monthly_pemex_era,200.00601703316428,0.0,110.45578458337937,31.0,31.0,6.451807001069816,0.0,552.2623080137834,2314.0,2316.0,,appraisal_plan/Production (Tecolutla).xlsx,Production,
TEC-6,1986-04-01,cnh_monthly_pemex_era,190.00571618150605,0.0,110.45578458337937,30.0,30.0,6.333523872716868,0.0,581.3287452776667,2314.0,2316.0,,appraisal_plan/Production (Tecolutla).xlsx,Production,
TEC-6,1986-05-01,cnh_monthly_pemex_era,290.0087246980882,0.0,160.66295939400635,31.0,31.0,9.355120151551231,0.0,553.9935378194692,2314.0,2316.0,,appraisal_plan/Production (Tecolutla).xlsx,Production,
TEC-6,1986-06-01,cnh_monthly_pemex_era,190.00571618150605,0.0,110.45578458337937,30.0,30.0,6.333523872716868,0.0,581.3287452776667,2314.0,2316.0,,appraisal_plan/Production (Tecolutla).xlsx,Production,
TEC-6,1986-07-01,cnh_monthly_pemex_era,200.00601703316428,0.0,110.45578458337937,31.0,31.0,6.451807001069816,0.0,552.2623080137834,2314.0,2316.0,,appraisal_plan/Production (Tecolutla).xlsx,Production,
TEC-6,1986-08-01,cnh_monthly_pemex_era,200.00601703316428,0.0,110.45578458337937,31.0,31.0,6.451807001069816,0.0,552.2623080137834,2314.0,2316.0,,appraisal_plan/Production (Tecolutla).xlsx,Production,
TEC-6,1986-09-01,cnh_monthly_pemex_era,190.00571618150605,0.0,110.45578458337937,30.0,30.0,6.333523872716868,0.0,581.3287452776667,2314.0,2316.0,,appraisal_plan/Production (Tecolutla).xlsx,Production,
TEC-6,1986-10-01,cnh_monthly_pemex_era,200.00601703316428,0.0,110.45578458337937,31.0,31.0,6.451807001069816,0.0,552.2623080137834,2314.0,2316.0,,appraisal_plan/Production (Tecolutla).xlsx,Production,
TEC-6,1986-11-01,cnh_monthly_pemex_era,330.00992810472104,0.0,180.74582931825714,30.0,30.0,11.000330936824035,0.0,547.6981567078843,2314.0,2316.0,,appraisal_plan/Production (Tecolutla).xlsx,Production,
TEC-6,1986-12-01,cnh_monthly_pemex_era,210.00631788482247,0.0,120.49721954550476,31.0,31.0,6.774397351123305,0.0,573.7790213130218,2314.0,2316.0,,appraisal_plan/Production (Tecolutla).xlsx,Production,
TEC-6,1987-01-01,cnh_monthly_pemex_era,210.00631788482247,0.0,120.49721954550476,31.0,31.0,6.774397351123305,0.0,573.7790213130218,2314.0,2316.0,,appraisal_plan/Production (Tecolutla).xlsx,Production,
TEC-6,1987-02-01,cnh_monthly_pemex_era,180.00541532984784,0.0,100.41434962125396,28.0,28.0,6.428764833208851,0.0,557.8407151654377,2314.0,2316.0,,appraisal_plan/Production (Tecolutla).xlsx,Production,
TEC-6,1987-03-01,cnh_monthly_pemex_era,200.00601703316428,0.0,100.41434962125396,31.0,31.0,6.451807001069816,0.0,502.0566436488939,2314.0,2316.0,,appraisal_plan/Production (Tecolutla).xlsx,Production,
TEC-6,1987-04-01,cnh_monthly_pemex_era,190.00571618150605,0.0,110.45578458337937,30.0,30.0,6.333523872716868,0.0,581.3287452776667,2314.0,2316.0,,appraisal_plan/Production (Tecolutla).xlsx,Production,
TEC-6,1987-05-01,cnh_monthly_pemex_era,200.00601703316428,0.0,110.45578458337937,31.0,31.0,6.451807001069816,0.0,552.2623080137834,2314.0,2316.0,,appraisal_plan/Production (Tecolutla).xlsx,Production,
TEC-6,1987-06-01,cnh_monthly_pemex_era,190.00571618150605,0.0,110.45578458337937,30.0,30.0,6.333523872716868,0.0,581.3287452776667,2314.0,2316.0,,appraisal_plan/Production (Tecolutla).xlsx,Production,
TEC-6,1987-07-01,cnh_monthly_pemex_era,200.00601703316428,0.0,110.45578458337937,30.0,31.0,6.451807001069816,0.0,552.2623080137834,2314.0,2316.0,,appraisal_plan/Production (Tecolutla).xlsx,Production,
TEC-6,1987-08-01,cnh_monthly_pemex_era,200.00601703316428,0.0,110.45578458337937,31.0,31.0,6.451807001069816,0.0,552.2623080137834,2314.0,2316.0,,appraisal_plan/Production (Tecolutla).xlsx,Production,
TEC-6,1987-09-01,cnh_monthly_pemex_era,190.00571618150605,0.0,110.45578458337937,30.0,30.0,6.333523872716868,0.0,581.3287452776667,2314.0,2316.0,,appraisal_plan/Production (Tecolutla).xlsx,Production,
TEC-6,1987-10-01,cnh_monthly_pemex_era,200.00601703316428,0.0,110.45578458337937,31.0,31.0,6.451807001069816,0.0,552.2623080137834,2314.0,2316.0,,appraisal_plan/Production (Tecolutla).xlsx,Production,
TEC-6,1987-11-01,cnh_monthly_pemex_era,190.00571618150605,0.0,110.45578458337937,30.0,30.0,6.333523872716868,0.0,581.3287452776667,2314.0,2316.0,,appraisal_plan/Production (Tecolutla).xlsx,Production,
TEC-6,1987-12-01,cnh_monthly_pemex_era,200.00601703316428,0.0,110.45578458337937,31.0,31.0,6.451807001069816,0.0,552.2623080137834,2314.0,2316.0,,appraisal_plan/Production (Tecolutla).xlsx,Production,
TEC-6,1988-01-01,cnh_monthly_pemex_era,200.00601703316428,0.0,110.45578458337937,31.0,31.0,6.451807001069816,0.0,552.2623080137834,2314.0,2316.0,,appraisal_plan/Production (Tecolutla).xlsx,Production,
TEC-6,1988-02-01,cnh_monthly_pemex_era,170.00511447818963,0.0,170.70439435613173,28.0,29.0,5.862245326834125,0.0,1004.1132872977878,2314.0,2316.0,,appraisal_plan/Production (Tecolutla).xlsx,Production,
TEC-6,1988-03-01,cnh_monthly_pemex_era,390.0117332146703,120.00361021989855,220.91156916675874,31.0,31.0,12.581023652086138,0.2352941176470588,566.4228800141368,2314.0,2316.0,,appraisal_plan/Production (Tecolutla).xlsx,Production,
TEC-6,1988-04-01,cnh_monthly_pemex_era,380.0114323630121,110.00330936824035,190.78726428038254,30.0,30.0,12.667047745433736,0.22448979591836735,502.056643648894,2314.0,2316.0,,appraisal_plan/Production (Tecolutla).xlsx,Production,
TEC-6,1988-05-01,cnh_monthly_pemex_era,390.0117332146703,120.00361021989855,220.91156916675874,31.0,31.0,12.581023652086138,0.2352941176470588,566.4228800141368,2314.0,2316.0,,appraisal_plan/Production (Tecolutla).xlsx,Production,
TEC-6,1988-06-01,cnh_monthly_pemex_era,380.0114323630121,110.00330936824035,210.87013420463333,30.0,30.0,12.667047745433736,0.22448979591836735,554.9047114014091,2314.0,2316.0,,appraisal_plan/Production (Tecolutla).xlsx,Production,
TEC-6,1988-07-01,cnh_monthly_pemex_era,390.0117332146703,120.00361021989855,140.58008946975556,31.0,31.0,12.581023652086138,0.2352941176470588,360.4509236453598,2314.0,2316.0,,appraisal_plan/Production (Tecolutla).xlsx,Production,
TEC-6,1988-08-01,cnh_monthly_pemex_era,310.0093264014046,90.00270766492392,110.45578458337937,31.0,31.0,10.000300851658213,0.225,356.29826323469894,2314.0,2316.0,,appraisal_plan/Production (Tecolutla).xlsx,Production,
TEC-6,1988-09-01,cnh_monthly_pemex_era,100.00300851658214,50.00150425829107,60.24860977275238,16.0,30.0,3.333433617219405,0.33333333333333337,602.4679723786727,2314.0,2316.0,,appraisal_plan/Production (Tecolutla).xlsx,Production,
TEC-6,1988-10-01,cnh_monthly_pemex_era,200.00601703316428,120.00361021989855,562.3203578790223,31.0,31.0,6.451807001069816,0.37499999999999994,2811.517204433806,2314.0,2316.0,,appraisal_plan/Production (Tecolutla).xlsx,Production,
TEC-6,1988-11-01,cnh_monthly_pemex_era,190.00571618150605,110.00330936824035,150.62152443188094,30.0,30.0,6.333523872716868,0.3666666666666667,792.7210162877273,2314.0,2316.0,,appraisal_plan/Production (Tecolutla).xlsx,Production,
TEC-6,1988-12-01,cnh_monthly_pemex_era,200.00601703316428,120.00361021989855,110.45578458337937,31.0,31.0,6.451807001069816,0.37499999999999994,552.2623080137834,2314.0,2316.0,,appraisal_plan/Production (Tecolutla).xlsx,Production,
TEC-6,1989-01-01,cnh_monthly_pemex_era,200.00601703316428,120.00361021989855,110.45578458337937,31.0,31.0,6.451807001069816,0.37499999999999994,552.2623080137834,2314.0,2316.0,,appraisal_plan/Production (Tecolutla).xlsx,Production,
TEC-6,1989-02-01,cnh_monthly_pemex_era,180.00541532984784,110.00330936824035,100.41434962125396,28.0,28.0,6.428764833208851,0.3793103448275862,557.8407151654377,2314.0,2316.0,,appraisal_plan/Production (Tecolutla).xlsx,Production,
TEC-6,1989-03-01,cnh_monthly_pemex_era,200.00601703316428,240.0072204397971,110.45578458337937,31.0,31.0,6.451807001069816,0.5454545454545454,552.2623080137834,2314.0,2316.0,,appraisal_plan/Production (Tecolutla).xlsx,Production,
TEC-6,1989-04-01,cnh_monthly_pemex_era,190.00571618150605,110.00330936824035,70.29004473487778,30.0,30.0,6.333523872716868,0.3666666666666667,369.9364742676061,2314.0,2316.0,,appraisal_plan/Production (Tecolutla).xlsx,Production,
TEC-6,1989-05-01,cnh_monthly_pemex_era,200.00601703316428,120.00361021989855,100.41434962125396,31.0,31.0,6.451807001069816,0.37499999999999994,502.0566436488939,2314.0,2316.0,,appraisal_plan/Production (Tecolutla).xlsx,Production,
TEC-6,1989-06-01,cnh_monthly_pemex_era,240.0072204397971,150.0045127748732,110.45578458337937,30.0,30.0,8.00024068132657,0.38461538461538464,460.2185900114862,2314.0,2316.0,,appraisal_plan/Production (Tecolutla).xlsx,Production,
TEC-6,1989-07-01,cnh_monthly_pemex_era,390.0117332146703,250.00752129145533,110.45578458337937,31.0,31.0,12.581023652086138,0.390625,283.2114400070684,2314.0,2316.0,,appraisal_plan/Production (Tecolutla).xlsx,Production,
TEC-6,1989-08-01,cnh_monthly_pemex_era,330.00992810472104,210.00631788482247,331.3673537501381,31.0,31.0,10.645481551765196,0.3888888888888889,1004.1132872977879,2314.0,2316.0,,appraisal_plan/Production (Tecolutla).xlsx,Production,
TEC-6,1989-09-01,cnh_monthly_pemex_era,190.00571618150605,110.00330936824035,883.646276667035,30.0,30.0,6.333523872716868,0.3666666666666667,4650.629962221334,2314.0,2316.0,,appraisal_plan/Production (Tecolutla).xlsx,Production,
TEC-6,1989-10-01,cnh_monthly_pemex_era,200.00601703316428,120.00361021989855,220.91156916675874,31.0,31.0,6.451807001069816,0.37499999999999994,1104.5246160275667,2314.0,2316.0,,appraisal_plan/Production (Tecolutla).xlsx,Production,
TEC-6,1989-11-01,cnh_monthly_pemex_era,190.00571618150605,110.00330936824035,10.041434962125397,30.0,30.0,6.333523872716868,0.3666666666666667,52.848067752515156,2314.0,2316.0,,appraisal_plan/Production (Tecolutla).xlsx,Production,
TEC-6,1989-12-01,cnh_monthly_pemex_era,200.00601703316428,120.00361021989855,0.0,31.0,31.0,6.451807001069816,0.37499999999999994,0.0,2314.0,2316.0,,appraisal_plan/Production (Tecolutla).xlsx,Production,
TEC-6,1990-01-01,cnh_monthly_pemex_era,200.00601703316428,120.00361021989855,0.0,31.0,31.0,6.451807001069816,0.37499999999999994,0.0,2314.0,2316.0,,appraisal_plan/Production (Tecolutla).xlsx,Production,
TEC-6,1990-02-01,cnh_monthly_pemex_era,180.00541532984784,110.00330936824035,80.33147969700318,28.0,28.0,6.428764833208851,0.3793103448275862,446.2725721323502,2314.0,2316.0,,appraisal_plan/Production (Tecolutla).xlsx,Production,
TEC-6,1990-03-01,cnh_monthly_pemex_era,190.00571618150605,110.00330936824035,110.45578458337937,30.0,31.0,6.129216651016324,0.3666666666666667,581.3287452776667,2314.0,2316.0,,appraisal_plan/Production (Tecolutla).xlsx,Production,
TEC-6,1990-05-01,cnh_monthly_pemex_era,60.001805109949274,40.00120340663285,20.082869924250794,3.0,31.0,1.9355421003209443,0.39999999999999997,334.70442909926265,2314.0,2316.0,,appraisal_plan/Production (Tecolutla).xlsx,Production,
TEC-6,1990-06-01,cnh_monthly_pemex_era,570.0171485445181,380.0114323630121,251.03587405313493,30.0,30.0,19.000571618150605,0.4,440.400564604293,2314.0,2316.0,,appraisal_plan/Production (Tecolutla).xlsx,Production,
TEC-6,1990-07-01,cnh_monthly_pemex_era,580.0174493961764,390.0117332146703,421.74026840926666,31.0,31.0,18.710240303102463,0.4020618556701031,727.1165183880532,2314.0,2316.0,,appraisal_plan/Production (Tecolutla).xlsx,Production,
TEC-6,1990-09-01,cnh_monthly_pemex_era,570.0171485445181,320.0096272530628,210.87013420463333,30.0,30.0,19.000571618150605,0.35955056179775274,369.9364742676061,2314.0,2316.0,,appraisal_plan/Production (Tecolutla).xlsx,Production,
TEC-6,1990-10-01,cnh_monthly_pemex_era,560.0168476928599,80.0024068132657,251.03587405313493,27.0,31.0,18.06505960299548,0.125,448.2648604007983,2314.0,2316.0,,appraisal_plan/Production (Tecolutla).xlsx,Production,
TEC-6,1990-11-01,cnh_monthly_pemex_era,760.0228647260242,170.00511447818963,421.74026840926666,30.0,30.0,25.334095490867472,0.1827956989247312,554.9047114014091,2314.0,2316.0,,appraisal_plan/Production (Tecolutla).xlsx,Production,
TEC-6,1990-12-01,cnh_monthly_pemex_era,780.0234664293406,200.00601703316428,441.8231383335175,31.0,31.0,25.162047304172276,0.20408163265306123,566.4228800141368,2314.0,2316.0,,appraisal_plan/Production (Tecolutla).xlsx,Production,
TEC-6,1991-01-01,cnh_monthly_pemex_era,780.0234664293406,210.00631788482247,441.8231383335175,31.0,31.0,25.162047304172276,0.21212121212121213,566.4228800141368,2314.0,2316.0,,appraisal_plan/Production (Tecolutla).xlsx,Production,
TEC-6,1991-02-01,cnh_monthly_pemex_era,700.0210596160749,250.00752129145533,401.65739848501585,28.0,28.0,25.000752129145532,0.2631578947368421,573.7790213130216,2314.0,2316.0,,appraisal_plan/Production (Tecolutla).xlsx,Production,
TEC-6,1991-03-01,cnh_monthly_pemex_era,780.0234664293406,210.00631788482247,441.8231383335175,31.0,31.0,25.162047304172276,0.21212121212121213,566.4228800141368,2314.0,2316.0,,appraisal_plan/Production (Tecolutla).xlsx,Production,
TEC-6,1991-04-01,cnh_monthly_pemex_era,760.0228647260242,210.00631788482247,421.74026840926666,30.0,30.0,25.334095490867472,0.21649484536082475,554.9047114014091,2314.0,2316.0,,appraisal_plan/Production (Tecolutla).xlsx,Production,
TEC-6,1991-05-01,cnh_monthly_pemex_era,810.0243689843152,210.00631788482247,421.74026840926666,31.0,31.0,26.12981835433275,0.2058823529411765,520.6513341544086,2314.0,2316.0,,appraisal_plan/Production (Tecolutla).xlsx,Production,
TEC-6,1991-06-01,cnh_monthly_pemex_era,940.0282800558721,210.00631788482247,321.3259187880127,30.0,30.0,31.334276001862403,0.18260869565217389,341.82579993116184,2314.0,2316.0,,appraisal_plan/Production (Tecolutla).xlsx,Production,
TEC-6,1991-07-01,cnh_monthly_pemex_era,970.0291826108468,210.00631788482247,331.3673537501381,31.0,31.0,31.291263955188604,0.17796610169491525,341.6055513487319,2314.0,2316.0,,appraisal_plan/Production (Tecolutla).xlsx,Production,
TEC-6,1991-08-01,cnh_monthly_pemex_era,970.0291826108468,210.00631788482247,301.2430488637619,31.0,31.0,31.291263955188604,0.17796610169491525,310.55050122611993,2314.0,2316.0,,appraisal_plan/Production (Tecolutla).xlsx,Production,
TEC-6,1991-09-01,cnh_monthly_pemex_era,940.0282800558721,230.0069195881389,110.45578458337937,30.0,30.0,31.334276001862403,0.19658119658119658,117.50261872633689,2314.0,2316.0,,appraisal_plan/Production (Tecolutla).xlsx,Production,
TEC-6,1991-10-01,cnh_monthly_pemex_era,970.0291826108468,230.0069195881389,110.45578458337937,31.0,31.0,31.291263955188604,0.19166666666666665,113.86851711624399,2314.0,2316.0,,appraisal_plan/Production (Tecolutla).xlsx,Production,
TEC-6,1991-11-01,cnh_monthly_pemex_era,940.0282800558721,410.0123349179868,110.45578458337937,30.0,30.0,31.334276001862403,0.30370370370370375,117.50261872633689,2314.0,2316.0,,appraisal_plan/Production (Tecolutla).xlsx,Production,
TEC-6,1991-12-01,cnh_monthly_pemex_era,970.0291826108468,870.0261740942647,110.45578458337937,31.0,31.0,31.291263955188604,0.47282608695652173,113.86851711624399,2314.0,2316.0,,appraisal_plan/Production (Tecolutla).xlsx,Production,
TEC-6,1992-01-01,cnh_monthly_pemex_era,1010.0303860174795,990.0297843141631,130.53865450763016,31.0,31.0,32.581625355402565,0.49500000000000005,129.24230430565586,2314.0,2316.0,,appraisal_plan/Production (Tecolutla).xlsx,Production,
TEC-6,1992-02-01,cnh_monthly_pemex_era,740.0222630227078,1250.0376064572768,200.82869924250792,29.0,29.0,25.518009069748544,0.6281407035175879,271.38196953994265,2314.0,2316.0,,appraisal_plan/Production (Tecolutla).xlsx,Production,
TEC-6,1992-03-01,cnh_monthly_pemex_era,780.0234664293406,1330.0400132705422,220.91156916675874,31.0,31.0,25.162047304172276,0.6303317535545023,283.2114400070684,2314.0,2316.0,,appraisal_plan/Production (Tecolutla).xlsx,Production,
TEC-6,1992-04-01,cnh_monthly_pemex_era,760.0228647260242,1280.038509012251,210.87013420463333,30.0,30.0,25.334095490867472,0.6274509803921569,277.4523557007046,2314.0,2316.0,,appraisal_plan/Production (Tecolutla).xlsx,Production,
TEC-6,1992-05-01,cnh_monthly_pemex_era,780.0234664293406,1320.0397124188842,220.91156916675874,31.0,31.0,25.162047304172276,0.6285714285714287,283.2114400070684,2314.0,2316.0,,appraisal_plan/Production (Tecolutla).xlsx,Production,
TEC-6,1992-06-01,cnh_monthly_pemex_era,760.0228647260242,1280.038509012251,210.87013420463333,30.0,30.0,25.334095490867472,0.6274509803921569,277.4523557007046,2314.0,2316.0,,appraisal_plan/Production (Tecolutla).xlsx,Production,
TEC-6,1992-07-01,cnh_monthly_pemex_era,780.0234664293406,1330.0400132705422,220.91156916675874,31.0,31.0,25.162047304172276,0.6303317535545023,283.2114400070684,2314.0,2316.0,,appraisal_plan/Production (Tecolutla).xlsx,Production,
TEC-6,1992-08-01,cnh_monthly_pemex_era,780.0234664293406,1330.0400132705422,220.91156916675874,31.0,31.0,25.162047304172276,0.6303317535545023,283.2114400070684,2314.0,2316.0,,appraisal_plan/Production (Tecolutla).xlsx,Production,
TEC-6,1992-09-01,cnh_monthly_pemex_era,760.0228647260242,1280.038509012251,210.87013420463333,30.0,30.0,25.334095490867472,0.6274509803921569,277.4523557007046,2314.0,2316.0,,appraisal_plan/Production (Tecolutla).xlsx,Production,
TEC-6,1992-10-01,cnh_monthly_pemex_era,780.0234664293406,1300.0391107155676,220.91156916675874,31.0,31.0,25.162047304172276,0.625,283.2114400070684,2314.0,2316.0,,appraisal_plan/Production (Tecolutla).xlsx,Production,
TEC-6,1992-11-01,cnh_monthly_pemex_era,760.0228647260242,1280.038509012251,210.87013420463333,30.0,30.0,25.334095490867472,0.6274509803921569,277.4523557007046,2314.0,2316.0,,appraisal_plan/Production (Tecolutla).xlsx,Production,
TEC-6,1992-12-01,cnh_monthly_pemex_era,780.0234664293406,1330.0400132705422,220.91156916675874,31.0,31.0,25.162047304172276,0.6303317535545023,283.2114400070684,2314.0,2316.0,,appraisal_plan/Production (Tecolutla).xlsx,Production,
TEC-6,1993-01-01,cnh_monthly_pemex_era,780.0234664293406,1430.0430217871244,220.91156916675874,31.0,31.0,25.162047304172276,0.6470588235294117,283.2114400070684,2314.0,2316.0,,appraisal_plan/Production (Tecolutla).xlsx,Production,
TEC-6,1993-02-01,cnh_monthly_pemex_era,350.01052980803746,810.0243689843152,361.4916586365143,28.0,28.0,12.500376064572766,0.6982758620689655,1032.802238363439,2314.0,2316.0,,appraisal_plan/Production (Tecolutla).xlsx,Production,
TEC-6,1993-03-01,cnh_monthly_pemex_era,350.01052980803746,160.0048136265314,1385.7180247733047,28.0,31.0,11.290662251872176,0.31372549019607837,3959.07524705985,2314.0,2316.0,,appraisal_plan/Production (Tecolutla).xlsx,Production,
TEC-6,1993-04-01,cnh_monthly_pemex_era,380.0114323630121,210.00631788482247,1486.1323743945586,30.0,30.0,12.667047745433736,0.3559322033898305,3910.7570136861214,2314.0,2316.0,,appraisal_plan/Production (Tecolutla).xlsx,Production,
TEC-6,1993-05-01,cnh_monthly_pemex_era,390.0117332146703,350.01052980803746,1536.3395492051857,31.0,31.0,12.581023652086138,0.47297297297297297,3939.21366555286,2314.0,2316.0,,appraisal_plan/Production (Tecolutla).xlsx,Production,
TEC-6,1993-06-01,cnh_monthly_pemex_era,380.0114323630121,320.0096272530628,1486.1323743945586,30.0,30.0,12.667047745433736,0.45714285714285713,3910.7570136861214,2314.0,2316.0,,appraisal_plan/Production (Tecolutla).xlsx,Production,
TEC-6,1993-07-01,cnh_monthly_pemex_era,390.0117332146703,410.0123349179868,1536.3395492051857,31.0,31.0,12.581023652086138,0.5125000000000001,3939.21366555286,2314.0,2316.0,,appraisal_plan/Production (Tecolutla).xlsx,Production,
TEC-6,1993-08-01,cnh_monthly_pemex_era,390.0117332146703,740.0222630227078,1536.3395492051857,31.0,31.0,12.581023652086138,0.6548672566371682,3939.21366555286,2314.0,2316.0,,appraisal_plan/Production (Tecolutla).xlsx,Production,
TEC-6,1993-09-01,cnh_monthly_pemex_era,380.0114323630121,250.00752129145533,1486.1323743945586,30.0,30.0,12.667047745433736,0.39682539682539686,3910.7570136861214,2314.0,2316.0,,appraisal_plan/Production (Tecolutla).xlsx,Production,
TEC-6,1993-10-01,cnh_monthly_pemex_era,390.0117332146703,270.0081229947718,1536.3395492051857,31.0,31.0,12.581023652086138,0.4090909090909091,3939.21366555286,2314.0,2316.0,,appraisal_plan/Production (Tecolutla).xlsx,Production,
TEC-6,1993-11-01,cnh_monthly_pemex_era,380.0114323630121,260.0078221431136,1486.1323743945586,30.0,30.0,12.667047745433736,0.40625000000000006,3910.7570136861214,2314.0,2316.0,,appraisal_plan/Production (Tecolutla).xlsx,Production,
TEC-6,1993-12-01,cnh_monthly_pemex_era,900.0270766492391,1520.0457294520484,672.7761424624016,31.0,31.0,29.033131504814165,0.628099173553719,747.5065583216867,2314.0,2316.0,,appraisal_plan/Production (Tecolutla).xlsx,Production,
TEC-6,1994-01-01,cnh_monthly_pemex_era,970.0291826108468,1660.0499413752634,552.2789229168968,31.0,31.0,31.291263955188604,0.6311787072243347,569.34258558122,2314.0,2316.0,,appraisal_plan/Production (Tecolutla).xlsx,Production,
TEC-6,1994-02-01,cnh_monthly_pemex_era,880.0264749459228,1500.045127748732,492.03031314414443,28.0,28.0,31.429516962354388,0.6302521008403361,559.1085349726319,2314.0,2316.0,,appraisal_plan/Production (Tecolutla).xlsx,Production,
TEC-6,1994-03-01,cnh_monthly_pemex_era,970.0291826108468,1150.0345979406945,552.2789229168968,31.0,31.0,31.291263955188604,0.5424528301886793,569.34258558122,2314.0,2316.0,,appraisal_plan/Production (Tecolutla).xlsx,Production,
TEC-6,1994-04-01,cnh_monthly_pemex_era,940.0282800558721,760.0228647260242,532.1960529926461,30.0,30.0,31.334276001862403,0.44705882352941173,566.1489811359869,2314.0,2316.0,,appraisal_plan/Production (Tecolutla).xlsx,Production,
TEC-6,1994-05-01,cnh_monthly_pemex_era,970.0291826108468,780.0234664293406,552.2789229168968,31.0,31.0,31.291263955188604,0.4457142857142857,569.34258558122,2314.0,2316.0,,appraisal_plan/Production (Tecolutla).xlsx,Production,
TEC-6,1994-06-01,cnh_monthly_pemex_era,940.0282800558721,760.0228647260242,532.1960529926461,30.0,30.0,31.334276001862403,0.44705882352941173,566.1489811359869,2314.0,2316.0,,appraisal_plan/Production (Tecolutla).xlsx,Production,
TEC-6,1994-07-01,cnh_monthly_pemex_era,970.0291826108468,780.0234664293406,552.2789229168968,31.0,31.0,31.291263955188604,0.4457142857142857,569.34258558122,2314.0,2316.0,,appraisal_plan/Production (Tecolutla).xlsx,Production,
TEC-6,1994-08-01,cnh_monthly_pemex_era,970.0291826108468,780.0234664293406,552.2789229168968,31.0,31.0,31.291263955188604,0.4457142857142857,569.34258558122,2314.0,2316.0,,appraisal_plan/Production (Tecolutla).xlsx,Production,
TEC-6,1994-09-01,cnh_monthly_pemex_era,940.0282800558721,760.0228647260242,532.1960529926461,30.0,30.0,31.334276001862403,0.44705882352941173,566.1489811359869,2314.0,2316.0,,appraisal_plan/Production (Tecolutla).xlsx,Production,
TEC-6,1994-10-01,cnh_monthly_pemex_era,970.0291826108468,780.0234664293406,552.2789229168968,31.0,31.0,31.291263955188604,0.4457142857142857,569.34258558122,2314.0,2316.0,,appraisal_plan/Production (Tecolutla).xlsx,Production,
TEC-6,1994-11-01,cnh_monthly_pemex_era,760.0228647260242,500.01504258291067,512.1131830683953,29.0,30.0,25.334095490867472,0.39682539682539686,673.8128638445684,2314.0,2316.0,,appraisal_plan/Production (Tecolutla).xlsx,Production,
TEC-6,1994-12-01,cnh_monthly_pemex_era,720.0216613193913,680.0204579127585,552.2789229168968,31.0,31.0,23.226505203851335,0.4857142857142857,767.0309833524769,2314.0,2316.0,,appraisal_plan/Production (Tecolutla).xlsx,Production,
TEC-6,1995-01-01,cnh_monthly_pemex_era,580.0174493961764,860.0258732426063,552.2789229168968,31.0,31.0,18.710240303102463,0.5972222222222222,952.1763931272127,2314.0,2316.0,,appraisal_plan/Production (Tecolutla).xlsx,Production,
TEC-6,1995-02-01,cnh_monthly_pemex_era,530.0159451378853,770.0231655776823,492.03031314414443,28.0,28.0,18.92914089778162,0.5923076923076923,928.3311524073888,2314.0,2316.0,,appraisal_plan/Production (Tecolutla).xlsx,Production,
TEC-6,1995-03-01,cnh_monthly_pemex_era,610.018351951151,820.0246698359736,552.2789229168968,31.0,31.0,19.678011353262935,0.5734265734265735,905.3480459242352,2314.0,2316.0,,appraisal_plan/Production (Tecolutla).xlsx,Production,
TEC-6,1995-04-01,cnh_monthly_pemex_era,940.0282800558721,960.0288817591884,532.1960529926461,30.0,30.0,31.334276001862403,0.5052631578947369,566.1489811359869,2314.0,2316.0,,appraisal_plan/Production (Tecolutla).xlsx,Production,
TEC-6,1995-05-01,cnh_monthly_pemex_era,970.0291826108468,990.0297843141631,552.2789229168968,31.0,31.0,31.291263955188604,0.5051020408163265,569.34258558122,2314.0,2316.0,,appraisal_plan/Production (Tecolutla).xlsx,Production,
TEC-6,1995-06-01,cnh_monthly_pemex_era,910.0273775008973,390.0117332146703,602.4860977275238,29.0,30.0,30.334245916696577,0.3,662.0527168996405,2314.0,2316.0,,appraisal_plan/Production (Tecolutla).xlsx,Production,
TEC-6,1995-07-01,cnh_monthly_pemex_era,970.0291826108468,300.0090255497464,662.7347075002762,31.0,31.0,31.291263955188604,0.2362204724409449,683.2111026974638,2314.0,2316.0,,appraisal_plan/Production (Tecolutla).xlsx,Production,
TEC-6,1995-08-01,cnh_monthly_pemex_era,970.0291826108468,300.0090255497464,662.7347075002762,31.0,31.0,31.291263955188604,0.2362204724409449,683.2111026974638,2314.0,2316.0,,appraisal_plan/Production (Tecolutla).xlsx,Production,
TEC-6,1995-09-01,cnh_monthly_pemex_era,940.0282800558721,280.00842384642993,642.6518375760254,30.0,30.0,31.334276001862403,0.22950819672131145,683.6515998623237,2314.0,2316.0,,appraisal_plan/Production (Tecolutla).xlsx,Production,
TEC-6,1995-10-01,cnh_monthly_pemex_era,970.0291826108468,300.0090255497464,662.7347075002762,31.0,31.0,31.291263955188604,0.2362204724409449,683.2111026974638,2314.0,2316.0,,appraisal_plan/Production (Tecolutla).xlsx,Production,
TEC-6,1995-11-01,cnh_monthly_pemex_era,940.0282800558721,280.00842384642993,662.7347075002762,30.0,30.0,31.334276001862403,0.22950819672131145,705.0157123580212,2314.0,2316.0,,appraisal_plan/Production (Tecolutla).xlsx,Production,
TEC-6,1995-12-01,cnh_monthly_pemex_era,970.0291826108468,300.0090255497464,662.7347075002762,31.0,31.0,31.291263955188604,0.2362204724409449,683.2111026974638,2314.0,2316.0,,appraisal_plan/Production (Tecolutla).xlsx,Production,
TEC-6,1996-01-01,cnh_monthly_pemex_era,970.0291826108468,300.0090255497464,662.7347075002762,31.0,31.0,31.291263955188604,0.2362204724409449,683.2111026974638,2314.0,2316.0,,appraisal_plan/Production (Tecolutla).xlsx,Production,
TEC-6,1996-02-01,cnh_monthly_pemex_era,910.0273775008973,280.00842384642993,612.5275326896492,29.0,29.0,31.380254396582664,0.23529411764705885,673.0869288479679,2314.0,2316.0,,appraisal_plan/Production (Tecolutla).xlsx,Production,
TEC-6,1996-03-01,cnh_monthly_pemex_era,970.0291826108468,140.00421192321497,662.7347075002762,31.0,31.0,31.291263955188604,0.12612612612612611,683.2111026974638,2314.0,2316.0,,appraisal_plan/Production (Tecolutla).xlsx,Production,
TEC-6,1996-04-01,cnh_monthly_pemex_era,940.0282800558721,0.0,542.2374879547715,30.0,30.0,31.334276001862403,0.0,576.8310373838357,2314.0,2316.0,,appraisal_plan/Production (Tecolutla).xlsx,Production,
TEC-6,1996-05-01,cnh_monthly_pemex_era,970.0291826108468,0.0,351.4502236743889,31.0,31.0,31.291263955188604,0.0,362.30891809713995,2314.0,2316.0,,appraisal_plan/Production (Tecolutla).xlsx,Production,
TEC-6,1996-06-01,cnh_monthly_pemex_era,940.0282800558721,0.0,341.40878871226346,30.0,30.0,31.334276001862403,0.0,363.1899124268594,2314.0,2316.0,,appraisal_plan/Production (Tecolutla).xlsx,Production,
TEC-6,1996-07-01,cnh_monthly_pemex_era,970.0291826108468,0.0,351.4502236743889,31.0,31.0,31.291263955188604,0.0,362.30891809713995,2314.0,2316.0,,appraisal_plan/Production (Tecolutla).xlsx,Production,
TEC-6,1996-08-01,cnh_monthly_pemex_era,860.0258732426063,0.0,351.4502236743889,31.0,31.0,27.742770104600204,0.0,408.6507564584021,2314.0,2316.0,,appraisal_plan/Production (Tecolutla).xlsx,Production,
TEC-6,1996-09-01,cnh_monthly_pemex_era,1180.0355004956693,0.0,341.40878871226346,30.0,30.0,39.33451668318898,0.0,289.3207776959727,2314.0,2316.0,,appraisal_plan/Production (Tecolutla).xlsx,Production,
TEC-6,1996-10-01,cnh_monthly_pemex_era,700.0210596160749,80.0024068132657,301.2430488637619,31.0,31.0,22.58132450374435,0.10256410256410255,430.3342659847662,2314.0,2316.0,,appraisal_plan/Production (Tecolutla).xlsx,Production,
TEC-6,1996-11-01,cnh_monthly_pemex_era,400.01203406632857,260.0078221431136,230.95300412888412,30.0,30.0,13.33373446887762,0.3939393939393939,577.365140196228,2314.0,2316.0,,appraisal_plan/Production (Tecolutla).xlsx,Production,
TEC-6,1996-12-01,cnh_monthly_pemex_era,400.01203406632857,270.0081229947718,240.99443909100953,31.0,31.0,12.903614002139632,0.40298507462686567,602.4679723786727,2314.0,2316.0,,appraisal_plan/Production (Tecolutla).xlsx,Production,
TEC-6,1997-01-01,cnh_monthly_pemex_era,410.0123349179868,270.0081229947718,240.99443909100953,31.0,31.0,13.226204352193122,0.3970588235294118,587.773631588949,2314.0,2316.0,,appraisal_plan/Production (Tecolutla).xlsx,Production,
TEC-6,1997-02-01,cnh_monthly_pemex_era,350.01052980803746,200.00601703316428,190.78726428038254,28.0,28.0,12.500376064572766,0.3636363636363637,545.0900702473706,2314.0,2316.0,,appraisal_plan/Production (Tecolutla).xlsx,Production,
TEC-6,1997-03-01,cnh_monthly_pemex_era,440.0132374729614,270.0081229947718,251.03587405313493,31.0,31.0,14.193975402353594,0.38028169014084506,570.5189132373795,2314.0,2316.0,,appraisal_plan/Production (Tecolutla).xlsx,Production,
TEC-6,1997-04-01,cnh_monthly_pemex_era,450.01353832461956,290.0087246980882,261.0773090152603,30.0,30.0,15.000451277487318,0.39189189189189194,580.1543437720553,2314.0,2316.0,,appraisal_plan/Production (Tecolutla).xlsx,Production,
TEC-6,1997-05-01,cnh_monthly_pemex_era,470.01414002793604,300.0090255497464,271.11874397738575,31.0,31.0,15.161746452514066,0.38961038961038963,576.8310373838357,2314.0,2316.0,,appraisal_plan/Production (Tecolutla).xlsx,Production,
TEC-6,1997-06-01,cnh_monthly_pemex_era,450.01353832461956,290.0087246980882,261.0773090152603,30.0,30.0,15.000451277487318,0.39189189189189194,580.1543437720553,2314.0,2316.0,,appraisal_plan/Production (Tecolutla).xlsx,Production,
TEC-6,1997-07-01,cnh_monthly_pemex_era,470.01414002793604,300.0090255497464,492.03031314414443,31.0,31.0,15.161746452514066,0.38961038961038963,1046.8415122891831,2314.0,2316.0,,appraisal_plan/Production (Tecolutla).xlsx,Production,
TEC-6,1997-08-01,cnh_monthly_pemex_era,470.01414002793604,300.0090255497464,542.2374879547715,31.0,31.0,15.161746452514066,0.38961038961038963,1153.6620747676714,2314.0,2316.0,,appraisal_plan/Production (Tecolutla).xlsx,Production,
TEC-6,1997-09-01,cnh_monthly_pemex_era,450.01353832461956,300.0090255497464,522.1546180305206,30.0,30.0,15.000451277487318,0.4000000000000001,1160.3086875441106,2314.0,2316.0,,appraisal_plan/Production (Tecolutla).xlsx,Production,
TEC-6,1997-10-01,cnh_monthly_pemex_era,470.01414002793604,320.0096272530628,542.2374879547715,31.0,31.0,15.161746452514066,0.4050632911392405,1153.6620747676714,2314.0,2316.0,,appraisal_plan/Production (Tecolutla).xlsx,Production,
TEC-6,1997-11-01,cnh_monthly_pemex_era,450.01353832461956,320.0096272530628,522.1546180305206,30.0,30.0,15.000451277487318,0.41558441558441556,1160.3086875441106,2314.0,2316.0,,appraisal_plan/Production (Tecolutla).xlsx,Production,
TEC-6,1997-12-01,cnh_monthly_pemex_era,470.01414002793604,320.0096272530628,542.2374879547715,31.0,31.0,15.161746452514066,0.4050632911392405,1153.6620747676714,2314.0,2316.0,,appraisal_plan/Production (Tecolutla).xlsx,Production,
TEC-6,1998-01-01,cnh_monthly_pemex_era,460.0138391762778,320.0096272530628,542.2374879547715,31.0,31.0,14.839156102460574,0.4102564102564102,1178.7416850887078,2314.0,2316.0,,appraisal_plan/Production (Tecolutla).xlsx,Production,
TEC-6,1998-02-01,cnh_monthly_pemex_era,420.01263576964493,290.0087246980882,492.03031314414443,28.0,28.0,15.000451277487318,0.4084507042253522,1171.4655018474193,2314.0,2316.0,,appraisal_plan/Production (Tecolutla).xlsx,Production,
TEC-6,1998-03-01,cnh_monthly_pemex_era,460.0138391762778,320.0096272530628,572.3617928411477,31.0,31.0,14.839156102460574,0.4102564102564102,1244.2273342603023,2314.0,2316.0,,appraisal_plan/Production (Tecolutla).xlsx,Production,
TEC-6,1998-04-01,cnh_monthly_pemex_era,450.01353832461956,310.0093264014046,582.403227803273,30.0,30.0,15.000451277487318,0.4078947368421053,1294.1904591838156,2314.0,2316.0,,appraisal_plan/Production (Tecolutla).xlsx,Production,
TEC-6,1998-05-01,cnh_monthly_pemex_era,460.0138391762778,320.0096272530628,602.4860977275238,31.0,31.0,14.839156102460574,0.4102564102564102,1309.712983431897,2314.0,2316.0,,appraisal_plan/Production (Tecolutla).xlsx,Production,
TEC-6,1998-06-01,cnh_monthly_pemex_era,450.01353832461956,310.0093264014046,582.403227803273,30.0,30.0,15.000451277487318,0.4078947368421053,1294.1904591838156,2314.0,2316.0,,appraisal_plan/Production (Tecolutla).xlsx,Production,
TEC-6,1998-07-01,cnh_monthly_pemex_era,460.0138391762778,320.0096272530628,602.4860977275238,31.0,31.0,14.839156102460574,0.4102564102564102,1309.712983431897,2314.0,2316.0,,appraisal_plan/Production (Tecolutla).xlsx,Production,
TEC-6,1998-08-01,cnh_monthly_pemex_era,460.0138391762778,320.0096272530628,602.4860977275238,31.0,31.0,14.839156102460574,0.4102564102564102,1309.712983431897,2314.0,2316.0,,appraisal_plan/Production (Tecolutla).xlsx,Production,
TEC-6,1998-09-01,cnh_monthly_pemex_era,450.01353832461956,310.0093264014046,582.403227803273,30.0,30.0,15.000451277487318,0.4078947368421053,1294.1904591838156,2314.0,2316.0,,appraisal_plan/Production (Tecolutla).xlsx,Production,
TEC-6,1998-10-01,cnh_monthly_pemex_era,430.01293662130314,570.0171485445181,602.4860977275238,31.0,31.0,13.871385052300102,0.5700000000000001,1401.0883078573786,2314.0,2316.0,,appraisal_plan/Production (Tecolutla).xlsx,Production,
TEC-6,1998-11-01,cnh_monthly_pemex_era,360.01083065969567,1070.0321911274286,582.403227803273,30.0,30.0,12.000361021989855,0.7482517482517481,1617.7380739797695,2314.0,2316.0,,appraisal_plan/Production (Tecolutla).xlsx,Production,
TEC-6,1998-12-01,cnh_monthly_pemex_era,370.0111315113539,1110.0333945340617,602.4860977275238,31.0,31.0,11.935842951979158,0.75,1628.291817239656,2314.0,2316.0,,appraisal_plan/Production (Tecolutla).xlsx,Production,
TEC-6,1999-01-01,cnh_monthly_pemex_era,130.0039110715568,420.01263576964493,210.87013420463333,11.0,31.0,4.1936745506953805,0.7636363636363636,1622.0291564041188,2314.0,2316.0,,appraisal_plan/Production (Tecolutla).xlsx,Production,
TEC-6,2003-08-01,cnh_monthly_pemex_era,1770.0532507435037,0.0,672.7761424624016,19.0,31.0,57.09849195946786,0.0,380.08808050255254,2314.0,2316.0,,appraisal_plan/Production (Tecolutla).xlsx,Production,
TEC-6,2003-09-01,cnh_monthly_pemex_era,2920.0878486841984,0.0,1094.5164108716683,30.0,30.0,97.33626162280662,0.0,374.82311066937973,2314.0,2316.0,,appraisal_plan/Production (Tecolutla).xlsx,Production,
TEC-6,2003-10-01,cnh_monthly_pemex_era,3010.090556349122,0.0,1154.7650206444207,31.0,31.0,97.0996953661007,0.0,383.6313223895204,2314.0,2316.0,,appraisal_plan/Production (Tecolutla).xlsx,Production,
TEC-6,2003-11-01,cnh_monthly_pemex_era,2920.0878486841984,0.0,592.4446627653983,30.0,30.0,97.33626162280662,0.0,202.88590394030643,2314.0,2316.0,,appraisal_plan/Production (Tecolutla).xlsx,Production,
TEC-6,2003-12-01,cnh_monthly_pemex_era,2970.0893529424893,0.0,853.5219717806588,31.0,31.0,95.80933396588675,0.0,287.3724896306801,2314.0,2316.0,,appraisal_plan/Production (Tecolutla).xlsx,Production,
TEC-6,2004-01-01,cnh_monthly_pemex_era,2880.0866452775654,0.0,1225.0550653792984,31.0,31.0,92.90602081540534,0.0,425.35354531364635,2314.0,2316.0,,appraisal_plan/Production (Tecolutla).xlsx,Production,
TEC-6,2004-02-01,cnh_monthly_pemex_era,2380.0716026946548,0.0,903.7291465912857,29.0,29.0,82.07143457567776,0.0,379.7067052806761,2314.0,2316.0,,appraisal_plan/Production (Tecolutla).xlsx,Production,
TEC-6,2004-03-01,cnh_monthly_pemex_era,2480.074611211237,0.0,873.6048417049095,31.0,31.0,80.00240681326571,0.0,352.24941933430466,2314.0,2316.0,,appraisal_plan/Production (Tecolutla).xlsx,Production,
TEC-6,2004-04-01,cnh_monthly_pemex_era,2400.0722043979713,0.0,843.4805368185333,30.0,30.0,80.00240681326571,0.0,351.43965055422575,2314.0,2316.0,,appraisal_plan/Production (Tecolutla).xlsx,Production,
TEC-6,2004-05-01,cnh_monthly_pemex_era,2480.074611211237,0.0,863.5634067427841,31.0,31.0,80.00240681326571,0.0,348.2005754339103,2314.0,2316.0,,appraisal_plan/Production (Tecolutla).xlsx,Production,
TEC-6,2004-06-01,cnh_monthly_pemex_era,2400.0722043979713,0.0,642.6518375760254,30.0,30.0,80.00240681326571,0.0,267.7635432794101,2314.0,2316.0,,appraisal_plan/Production (Tecolutla).xlsx,Production,
TEC-6,2004-07-01,cnh_monthly_pemex_era,2480.074611211237,0.0,331.3673537501381,31.0,31.0,80.00240681326571,0.0,133.61184871301208,2314.0,2316.0,,appraisal_plan/Production (Tecolutla).xlsx,Production,
TEC-6,2004-08-01,cnh_monthly_pemex_era,2470.0743103595787,0.0,261.0773090152603,31.0,31.0,79.67981646321222,0.0,105.6961355050303,2314.0,2316.0,,appraisal_plan/Production (Tecolutla).xlsx,Production,
TEC-6,2004-09-01,cnh_monthly_pemex_era,2400.0722043979713,0.0,251.03587405313493,30.0,30.0,80.00240681326571,0.0,104.59513409351958,2314.0,2316.0,,appraisal_plan/Production (Tecolutla).xlsx,Production,
TEC-6,2004-10-01,cnh_monthly_pemex_era,2480.074611211237,0.0,321.3259187880127,31.0,31.0,80.00240681326571,0.0,129.5630048126178,2314.0,2316.0,,appraisal_plan/Production (Tecolutla).xlsx,Production,
TEC-6,2004-11-01,cnh_monthly_pemex_era,2400.0722043979713,0.0,251.03587405313493,30.0,30.0,80.00240681326571,0.0,104.59513409351958,2314.0,2316.0,,appraisal_plan/Production (Tecolutla).xlsx,Production,
TEC-6,2004-12-01,cnh_monthly_pemex_era,2420.0728061012874,0.0,592.4446627653983,31.0,31.0,78.06686471294475,0.0,244.80447913458468,2314.0,2316.0,,appraisal_plan/Production (Tecolutla).xlsx,Production,
TEC-6,2005-01-01,cnh_monthly_pemex_era,3260.0980776405772,0.0,1978.1626875387033,31.0,31.0,105.16445411743797,0.0,606.7801153302585,2314.0,2316.0,,appraisal_plan/Production (Tecolutla).xlsx,Production,
TEC-6,2005-02-01,cnh_monthly_pemex_era,2970.0893529424893,0.0,1787.3754232583206,28.0,28.0,106.07461974794604,0.0,601.7918018148359,2314.0,2316.0,,appraisal_plan/Production (Tecolutla).xlsx,Production,
TEC-6,2005-03-01,cnh_monthly_pemex_era,3220.0968742339446,0.0,1968.1212525765777,31.0,31.0,103.87409271722402,0.0,611.1993922682187,2314.0,2316.0,,appraisal_plan/Production (Tecolutla).xlsx,Production,
TEC-6,2005-04-01,cnh_monthly_pemex_era,3150.094768272337,0.0,1917.9140777659509,30.0,30.0,105.00315894241125,0.0,608.8432948377064,2314.0,2316.0,,appraisal_plan/Production (Tecolutla).xlsx,Production,
TEC-6,2005-05-01,cnh_monthly_pemex_era,3250.097776788919,0.0,1978.1626875387033,31.0,31.0,104.84186376738448,0.0,608.6471310697361,2314.0,2316.0,,appraisal_plan/Production (Tecolutla).xlsx,Production,
TEC-6,2005-06-01,cnh_monthly_pemex_era,3150.094768272337,0.0,1917.9140777659509,30.0,30.0,105.00315894241125,0.0,608.8432948377064,2314.0,2316.0,,appraisal_plan/Production (Tecolutla).xlsx,Production,
TEC-6,2005-07-01,cnh_monthly_pemex_era,2210.066488216465,470.01414002793604,1024.2263661367906,31.0,31.0,71.29246736182145,0.17537313432835822,463.4369018297483,2314.0,2316.0,,appraisal_plan/Production (Tecolutla).xlsx,Production,
TEC-6,2005-08-01,cnh_monthly_pemex_era,3740.1125185201713,2060.061975441592,692.8590123866524,31.0,31.0,120.64879092000552,0.35517241379310344,185.25084712178443,2314.0,2316.0,,appraisal_plan/Production (Tecolutla).xlsx,Production,
TEC-6,2005-09-01,cnh_monthly_pemex_era,3420.102891267109,1360.040915825517,953.9363214019127,30.0,30.0,114.00342970890364,0.28451882845188287,278.92035758271885,2314.0,2316.0,,appraisal_plan/Production (Tecolutla).xlsx,Production,
TEC-6,2005-10-01,cnh_monthly_pemex_era,1940.0583652216935,960.0288817591884,1124.6407157580445,27.0,31.0,62.58252791037721,0.33103448275862063,579.6942689554239,2314.0,2316.0,,appraisal_plan/Production (Tecolutla).xlsx,Production,
TEC-6,2005-11-01,cnh_monthly_pemex_era,1930.0580643700353,1080.0324919790871,1164.806455606546,30.0,30.0,64.3352688123345,0.3588039867109635,603.5085042826082,2314.0,2316.0,,appraisal_plan/Production (Tecolutla).xlsx,Production,
TEC-6,2005-12-01,cnh_monthly_pemex_era,1340.0403141222007,1340.0403141222007,873.6048417049095,31.0,31.0,43.227106907167766,0.5,651.9242984694594,2314.0,2316.0,,appraisal_plan/Production (Tecolutla).xlsx,Production,
TEC-6,2006-01-01,cnh_monthly_pemex_era,1780.053551595162,1080.0324919790871,1034.267801098916,31.0,31.0,57.42108230952135,0.37762237762237766,581.0318460206302,2314.0,2316.0,,appraisal_plan/Production (Tecolutla).xlsx,Production,
TEC-6,2006-02-01,cnh_monthly_pemex_era,2000.0601703316427,1040.0312885724543,1164.806455606546,28.0,28.0,71.43072036898724,0.3421052631578948,582.385706632717,2314.0,2316.0,,appraisal_plan/Production (Tecolutla).xlsx,Production,
TEC-6,2006-03-01,cnh_monthly_pemex_era,1780.053551595162,960.0288817591884,1114.5992807959192,31.0,31.0,57.42108230952135,0.3503649635036496,626.1605330901937,2314.0,2316.0,,appraisal_plan/Production (Tecolutla).xlsx,Production,
TEC-6,2006-04-01,cnh_monthly_pemex_era,1410.042420083808,940.0282800558721,974.0191913261635,30.0,30.0,47.0014140027936,0.39999999999999997,690.772970694223,2314.0,2316.0,,appraisal_plan/Production (Tecolutla).xlsx,Production,
TEC-6,2006-05-01,cnh_monthly_pemex_era,1280.038509012251,790.0237672809989,1044.3092360610412,31.0,31.0,41.29156480684681,0.38164251207729477,815.8420459294528,2314.0,2316.0,,appraisal_plan/Production (Tecolutla).xlsx,Production,
TEC-6,2006-06-01,cnh_monthly_pemex_era,370.0111315113539,220.0066187364807,431.78170337139204,15.0,30.0,12.333704383711796,0.37288135593220345,1166.9424690217536,2314.0,2316.0,,appraisal_plan/Production (Tecolutla).xlsx,Production,
TEC-6,2006-11-01,cnh_monthly_pemex_era,780.0234664293406,350.01052980803746,150.62152443188094,17.0,30.0,26.000782214311354,0.3097345132743363,193.09870909572845,2314.0,2316.0,,appraisal_plan/Production (Tecolutla).xlsx,Production,
TEC-6,2006-12-01,cnh_monthly_pemex_era,410.0123349179868,210.00631788482247,50.20717481062698,9.0,31.0,13.226204352193122,0.3387096774193548,122.45283991436436,2314.0,2316.0,,appraisal_plan/Production (Tecolutla).xlsx,Production,
TEC-7,1968-06-01,cnh_monthly_pemex_era,40.00120340663285,0.0,20.082869924250794,2.0,30.0,1.3333734468877616,0.0,502.05664364889407,2335.0,2337.0,,appraisal_plan/Production (Tecolutla).xlsx,Production,
TEC-7,1971-10-01,cnh_monthly_pemex_era,10810.32522064253,30.000902554974637,9007.16716102648,25.0,31.0,348.7201684078235,0.002767527675276752,833.2003873322068,2310.0,2313.0,,appraisal_plan/Production (Tecolutla).xlsx,Production,
TEC-7,1971-11-01,cnh_monthly_pemex_era,14210.42751020632,20.000601703316423,7008.921603563526,30.0,30.0,473.68091700687734,0.0014054813773717498,493.2238385178438,2310.0,2313.0,,appraisal_plan/Production (Tecolutla).xlsx,Production,
TEC-7,1971-12-01,cnh_monthly_pemex_era,12660.380878199298,20.000601703316423,4779.723041971689,31.0,31.0,408.3993831677193,0.0015772870662460567,377.533905808647,2310.0,2313.0,,appraisal_plan/Production (Tecolutla).xlsx,Production,
TEC-7,1972-01-01,cnh_monthly_pemex_era,13430.40404377698,20.000601703316423,8474.971108033835,31.0,31.0,433.23884012183805,0.001486988847583643,631.0287524045666,2310.0,2313.0,,appraisal_plan/Production (Tecolutla).xlsx,Production,
TEC-7,1972-02-01,cnh_monthly_pemex_era,12320.370649242917,20.000601703316423,5191.4218754188305,29.0,29.0,424.84036721527303,0.001620745542949757,421.36896877675036,2310.0,2313.0,,appraisal_plan/Production (Tecolutla).xlsx,Production,
TEC-7,1972-03-01,cnh_monthly_pemex_era,13700.412166771754,0.0,5633.245013752347,31.0,31.0,441.94877957328237,0.0,411.1733972073423,2310.0,2313.0,,appraisal_plan/Production (Tecolutla).xlsx,Production,
TEC-7,1972-04-01,cnh_monthly_pemex_era,9840.296038031682,0.0,5080.966090835451,30.0,30.0,328.0098679343894,0.0,516.3428083055699,2310.0,2313.0,,appraisal_plan/Production (Tecolutla).xlsx,Production,
TEC-7,1972-05-01,cnh_monthly_pemex_era,7820.235265996723,0.0,3574.750846516641,31.0,31.0,252.26565374182977,0.0,457.1155118644661,2310.0,2313.0,,appraisal_plan/Production (Tecolutla).xlsx,Production,
TEC-7,1972-06-01,cnh_monthly_pemex_era,7950.23917706828,0.0,2881.891834129989,30.0,30.0,265.00797256894265,0.0,362.491211892409,2310.0,2313.0,,appraisal_plan/Production (Tecolutla).xlsx,Production,
TEC-7,1972-07-01,cnh_monthly_pemex_era,7440.223833633711,0.0,2781.477484508735,31.0,31.0,240.00722043979715,0.0,373.84325346974094,2310.0,2313.0,,appraisal_plan/Production (Tecolutla).xlsx,Production,
TEC-7,1972-08-01,cnh_monthly_pemex_era,6710.201871462661,0.0,2430.0272608343457,31.0,31.0,216.4581248858923,0.0,362.13921836969394,2310.0,2313.0,,appraisal_plan/Production (Tecolutla).xlsx,Production,
TEC-7,1972-09-01,cnh_monthly_pemex_era,6300.189536544674,0.0,2389.8615209858444,30.0,30.0,210.0063178848225,0.0,379.33168631249765,2310.0,2313.0,,appraisal_plan/Production (Tecolutla).xlsx,Production,
TEC-7,1972-10-01,cnh_monthly_pemex_era,6730.202473165978,0.0,2480.234435644973,31.0,31.0,217.10330558599927,0.0,368.52300440201134,2310.0,2313.0,,appraisal_plan/Production (Tecolutla).xlsx,Production,
TEC-7,1972-11-01,cnh_monthly_pemex_era,6190.186227176434,0.0,2279.405736402465,30.0,30.0,206.33954090588114,0.0,368.22894380710477,2310.0,2313.0,,appraisal_plan/Production (Tecolutla).xlsx,Production,
TEC-7,1972-12-01,cnh_monthly_pemex_era,5470.164565857042,0.0,2018.3284273872046,31.0,31.0,176.45692147925942,0.0,368.970330433008,2310.0,2313.0,,appraisal_plan/Production (Tecolutla).xlsx,Production,
TEC-7,1973-01-01,cnh_monthly_pemex_era,650.0195553577838,0.0,391.61596352289047,29.0,31.0,20.968372753476896,0.0,602.4679723786728,2310.0,2313.0,,appraisal_plan/Production (Tecolutla).xlsx,Production,
TEC-7,1973-02-01,cnh_monthly_pemex_era,2330.070098436364,0.0,933.8534514776619,28.0,28.0,83.21678922987014,0.0,400.7834151016922,2310.0,2313.0,,appraisal_plan/Production (Tecolutla).xlsx,Production,
TEC-7,1973-03-01,cnh_monthly_pemex_era,2480.074611211237,0.0,913.7705815534111,31.0,31.0,80.00240681326571,0.0,368.4447949358819,2310.0,2313.0,,appraisal_plan/Production (Tecolutla).xlsx,Production,
TEC-7,1973-04-01,cnh_monthly_pemex_era,2960.089052090831,0.0,1084.474975909543,30.0,30.0,98.66963506969437,0.0,366.36565887892266,2310.0,2313.0,,appraisal_plan/Production (Tecolutla).xlsx,Production,
TEC-7,1973-05-01,cnh_monthly_pemex_era,2550.0767171728444,90.00270766492392,1014.184931174665,31.0,31.0,82.26053926364014,0.03409090909090909,397.7076157532415,2310.0,2313.0,,appraisal_plan/Production (Tecolutla).xlsx,Production,
TEC-7,1973-06-01,cnh_monthly_pemex_era,2520.0758146178696,390.0117332146703,1435.9251995839318,30.0,30.0,84.00252715392898,0.13402061855670105,569.7944447761257,2310.0,2313.0,,appraisal_plan/Production (Tecolutla).xlsx,Production,
TEC-7,1973-07-01,cnh_monthly_pemex_era,210.00631788482247,220.0066187364807,120.49721954550476,5.0,31.0,6.774397351123305,0.5116279069767442,573.7790213130218,2310.0,2313.0,,appraisal_plan/Production (Tecolutla).xlsx,Production,
TEC-7,1973-08-01,cnh_monthly_pemex_era,1510.0454286003903,260.0078221431136,893.6877116291603,18.0,31.0,48.71114285807711,0.14689265536723164,591.8283613874379,2310.0,2313.0,,appraisal_plan/Production (Tecolutla).xlsx,Production,
TEC-7,1973-09-01,cnh_monthly_pemex_era,1490.0448268970738,320.0096272530628,853.5219717806588,26.0,30.0,49.66816089656913,0.17679558011049723,572.8163048343087,2310.0,2313.0,,appraisal_plan/Production (Tecolutla).xlsx,Production,
TEC-7,1975-05-01,cnh_monthly_pemex_era,1010.0303860174795,0.0,401.65739848501585,23.0,31.0,32.581625355402565,0.0,397.6686286327873,2310.0,2313.0,,appraisal_plan/Production (Tecolutla).xlsx,Production,
TEC-7,1975-06-01,cnh_monthly_pemex_era,480.0144408795942,260.0078221431136,291.2016139016365,19.0,30.0,16.00048136265314,0.35135135135135137,606.6517777424136,2310.0,2313.0,,appraisal_plan/Production (Tecolutla).xlsx,Production,
TEC-7,1975-11-01,cnh_monthly_pemex_era,1360.040915825517,140.00421192321497,220.91156916675874,21.0,30.0,45.3346971941839,0.09333333333333332,162.43009059228922,2310.0,2313.0,,appraisal_plan/Production (Tecolutla).xlsx,Production,
TEC-7,1975-12-01,cnh_monthly_pemex_era,500.01504258291067,60.001805109949274,40.16573984850159,30.0,31.0,16.12951750267454,0.10714285714285712,80.32906298382304,2310.0,2313.0,,appraisal_plan/Production (Tecolutla).xlsx,Production,
TEC-7,1976-04-01,cnh_monthly_pemex_era,200.00601703316428,200.00601703316428,150.62152443188094,30.0,30.0,6.66686723443881,0.5,753.0849654733408,2310.0,2313.0,,appraisal_plan/Production (Tecolutla).xlsx,Production,
TEC-7,1978-01-01,cnh_monthly_pemex_era,3060.0920606074133,3060.0920606074133,773.1904920836555,31.0,31.0,98.71264711636817,0.5,252.66902981022767,2310.0,2313.0,,appraisal_plan/Production (Tecolutla).xlsx,Production,
TEC-7,1978-02-01,cnh_monthly_pemex_era,4620.138993466095,4620.138993466095,1154.7650206444207,28.0,28.0,165.00496405236052,0.5,249.94161913256627,2310.0,2313.0,,appraisal_plan/Production (Tecolutla).xlsx,Production,
TEC-7,1978-03-01,cnh_monthly_pemex_era,5110.1537351973475,5110.1537351973475,1275.2622401899253,31.0,31.0,164.84366887733378,0.5,249.55457433819774,2310.0,2313.0,,appraisal_plan/Production (Tecolutla).xlsx,Production,
TEC-7,1978-04-01,cnh_monthly_pemex_era,500.01504258291067,500.01504258291067,120.49721954550476,30.0,30.0,16.66716808609702,0.5,240.9871889514691,2310.0,2313.0,,appraisal_plan/Production (Tecolutla).xlsx,Production,
TEC-7,1979-10-01,cnh_monthly_pemex_era,30.000902554974637,50.00150425829107,20.082869924250794,2.0,31.0,0.9677710501604722,0.625,669.4088581985253,2310.0,2313.0,,appraisal_plan/Production (Tecolutla).xlsx,Production,
TEC-7,1979-12-01,cnh_monthly_pemex_era,2250.0676916230977,1700.0511447818963,1265.2208052278,18.0,31.0,72.5828287620354,0.43037974683544306,562.3034408867613,2310.0,2313.0,,appraisal_plan/Production (Tecolutla).xlsx,Production,
TEC-7,1980-01-01,cnh_monthly_pemex_era,550.0165468412017,1750.0526490401871,331.3673537501381,11.0,31.0,17.74246925294199,0.7608695652173914,602.4679723786727,2310.0,2313.0,,appraisal_plan/Production (Tecolutla).xlsx,Production,
TEC-7,1980-04-01,cnh_monthly_pemex_era,1150.0345979406945,1150.0345979406945,642.6518375760254,20.0,30.0,38.334486598023155,0.5,558.8108729309429,2310.0,2313.0,,appraisal_plan/Production (Tecolutla).xlsx,Production,
TEC-7,1980-05-01,cnh_monthly_pemex_era,760.0228647260242,1660.0499413752634,431.78170337139204,20.0,31.0,24.516866604065296,0.6859504132231404,568.1167283395379,2310.0,2313.0,,appraisal_plan/Production (Tecolutla).xlsx,Production,
TEC-7,1980-07-01,cnh_monthly_pemex_era,300.0090255497464,300.0090255497464,220.91156916675874,11.0,31.0,9.677710501604723,0.5,736.3497440183778,2310.0,2313.0,,appraisal_plan/Production (Tecolutla).xlsx,Production,
TEC-7,1981-01-01,cnh_monthly_pemex_era,130.0039110715568,0.0,70.29004473487778,1.0,31.0,4.1936745506953805,0.0,540.6763854680396,2310.0,2313.0,,appraisal_plan/Production (Tecolutla).xlsx,Production,
TEC-7,1981-02-01,cnh_monthly_pemex_era,2810.084539315958,0.0,2038.4112973114554,28.0,28.0,100.36016211842707,0.0,725.39144954253,2310.0,2313.0,,appraisal_plan/Production (Tecolutla).xlsx,Production,
TEC-7,1981-03-01,cnh_monthly_pemex_era,1970.0592677766679,0.0,913.7705815534111,31.0,31.0,63.550298960537674,0.0,463.82898042689703,2310.0,2313.0,,appraisal_plan/Production (Tecolutla).xlsx,Production,
TEC-7,1981-04-01,cnh_monthly_pemex_era,620.0186528028092,0.0,281.1601789395111,10.0,30.0,20.667288426760308,0.0,453.4705168441623,2310.0,2313.0,,appraisal_plan/Production (Tecolutla).xlsx,Production,
TEC-7,1981-05-01,cnh_monthly_pemex_era,670.0201570611003,0.0,281.1601789395111,27.0,31.0,21.613553453583883,0.0,419.629433497583,2310.0,2313.0,,appraisal_plan/Production (Tecolutla).xlsx,Production,
TEC-7,1981-06-01,cnh_monthly_pemex_era,200.00601703316428,0.0,70.29004473487778,10.0,30.0,6.66686723443881,0.0,351.43965055422575,2310.0,2313.0,,appraisal_plan/Production (Tecolutla).xlsx,Production,
TEC-7,1981-12-01,cnh_monthly_pemex_era,1380.0415175288333,0.0,712.9418823109031,29.0,31.0,44.51746830738172,0.0,516.6090101314707,2310.0,2313.0,,appraisal_plan/Production (Tecolutla).xlsx,Production,
TEC-7,1982-01-01,cnh_monthly_pemex_era,290.0087246980882,0.0,140.58008946975556,12.0,31.0,9.355120151551231,0.0,484.74434559203553,2310.0,2313.0,,appraisal_plan/Production (Tecolutla).xlsx,Production,
TEC-7,1983-07-01,cnh_monthly_pemex_era,770.0231655776823,770.0231655776823,251.03587405313493,23.0,31.0,24.839456954118784,0.5,326.0108075642169,2310.0,2313.0,,appraisal_plan/Production (Tecolutla).xlsx,Production,
TEC-7,1983-08-01,cnh_monthly_pemex_era,2740.0824333543505,180.00541532984784,733.024752235154,31.0,31.0,88.38975591465648,0.06164383561643835,267.5192334771479,2310.0,2313.0,,appraisal_plan/Production (Tecolutla).xlsx,Production,
TEC-7,1983-09-01,cnh_monthly_pemex_era,2230.0670899197817,60.001805109949274,582.403227803273,30.0,30.0,74.33556966399273,0.026200873362445413,261.15950970076995,2310.0,2313.0,,appraisal_plan/Production (Tecolutla).xlsx,Production,
TEC-7,1983-10-01,cnh_monthly_pemex_era,1950.0586660733516,0.0,1104.5578458337936,31.0,31.0,62.9051182604307,0.0,566.4228800141368,2310.0,2313.0,,appraisal_plan/Production (Tecolutla).xlsx,Production,
TEC-7,1983-11-01,cnh_monthly_pemex_era,1890.0568609634024,0.0,923.8120165155365,30.0,30.0,63.00189536544675,0.0,488.7747218592406,2310.0,2313.0,,appraisal_plan/Production (Tecolutla).xlsx,Production,
TEC-7,1983-12-01,cnh_monthly_pemex_era,1640.049339671947,0.0,1014.184931174665,26.0,31.0,52.90481740877249,0.0,618.38684156754,2310.0,2313.0,,appraisal_plan/Production (Tecolutla).xlsx,Production,
TEC-7,1984-01-01,cnh_monthly_pemex_era,2130.0640814031995,0.0,1245.137935303549,31.0,31.0,68.71174456139353,0.0,584.554214201529,2310.0,2313.0,,appraisal_plan/Production (Tecolutla).xlsx,Production,
TEC-7,1984-02-01,cnh_monthly_pemex_era,2010.0604711833007,0.0,1134.6821507201698,29.0,29.0,69.31243004080348,0.0,564.5014998241295,2310.0,2313.0,,appraisal_plan/Production (Tecolutla).xlsx,Production,
TEC-7,1984-03-01,cnh_monthly_pemex_era,2150.064683106516,0.0,1204.9721954550475,31.0,31.0,69.35692526150052,0.0,560.4353231429513,2310.0,2313.0,,appraisal_plan/Production (Tecolutla).xlsx,Production,
TEC-7,1984-04-01,cnh_monthly_pemex_era,2080.0625771449086,0.0,1174.8478905686713,30.0,30.0,69.33541923816362,0.0,564.8137241050056,2310.0,2313.0,,appraisal_plan/Production (Tecolutla).xlsx,Production,
TEC-7,1984-05-01,cnh_monthly_pemex_era,1560.0469328586812,0.0,793.2733620079064,31.0,31.0,50.32409460834455,0.0,508.4932672854183,2310.0,2313.0,,appraisal_plan/Production (Tecolutla).xlsx,Production,
TEC-7,1984-06-01,cnh_monthly_pemex_era,1510.0454286003903,0.0,743.0661871972793,30.0,30.0,50.33484762001301,0.0,492.0820083446112,2310.0,2313.0,,appraisal_plan/Production (Tecolutla).xlsx,Production,
TEC-7,1984-07-01,cnh_monthly_pemex_era,1560.0469328586812,0.0,773.1904920836555,31.0,31.0,50.32409460834455,0.0,495.6200200123697,2310.0,2313.0,,appraisal_plan/Production (Tecolutla).xlsx,Production,
TEC-7,1984-08-01,cnh_monthly_pemex_era,1560.0469328586812,0.0,773.1904920836555,31.0,31.0,50.32409460834455,0.0,495.6200200123697,2310.0,2313.0,,appraisal_plan/Production (Tecolutla).xlsx,Production,
TEC-7,1984-09-01,cnh_monthly_pemex_era,1250.0376064572768,0.0,612.5275326896492,25.0,30.0,41.66792021524256,0.0,490.00728420132054,2310.0,2313.0,,appraisal_plan/Production (Tecolutla).xlsx,Production,
TEC-7,1984-10-01,cnh_monthly_pemex_era,1170.0351996440108,0.0,662.7347075002762,31.0,31.0,37.743070956258414,0.0,566.4228800141368,2310.0,2313.0,,appraisal_plan/Production (Tecolutla).xlsx,Production,
TEC-7,1984-11-01,cnh_monthly_pemex_era,1130.0339962373782,0.0,642.6518375760254,30.0,30.0,37.66779987457927,0.0,568.701330858924,2310.0,2313.0,,appraisal_plan/Production (Tecolutla).xlsx,Production,
TEC-7,1984-12-01,cnh_monthly_pemex_era,960.0288817591884,0.0,542.2374879547715,31.0,31.0,30.96867360513511,0.0,564.8137241050058,2310.0,2313.0,,appraisal_plan/Production (Tecolutla).xlsx,Production,
TEC-7,1985-01-01,cnh_monthly_pemex_era,810.0243689843152,0.0,441.8231383335175,31.0,31.0,26.12981835433275,0.0,545.4442548284281,2310.0,2313.0,,appraisal_plan/Production (Tecolutla).xlsx,Production,
TEC-7,1985-02-01,cnh_monthly_pemex_era,700.0210596160749,0.0,401.65739848501585,28.0,28.0,25.000752129145532,0.0,573.7790213130216,2310.0,2313.0,,appraisal_plan/Production (Tecolutla).xlsx,Production,
TEC-7,1985-03-01,cnh_monthly_pemex_era,780.0234664293406,0.0,441.8231383335175,31.0,31.0,25.162047304172276,0.0,566.4228800141368,2310.0,2313.0,,appraisal_plan/Production (Tecolutla).xlsx,Production,
TEC-7,1985-04-01,cnh_monthly_pemex_era,760.0228647260242,0.0,421.74026840926666,30.0,30.0,25.334095490867472,0.0,554.9047114014091,2310.0,2313.0,,appraisal_plan/Production (Tecolutla).xlsx,Production,
TEC-7,1985-05-01,cnh_monthly_pemex_era,670.0201570611003,160.0048136265314,421.74026840926666,26.0,31.0,21.613553453583883,0.19277108433734935,629.4441502463744,2310.0,2313.0,,appraisal_plan/Production (Tecolutla).xlsx,Production,
TEC-7,1985-06-01,cnh_monthly_pemex_era,540.0162459895436,230.0069195881389,381.5745285607651,22.0,30.0,18.000541532984787,0.2987012987012987,706.5982392095544,2310.0,2313.0,,appraisal_plan/Production (Tecolutla).xlsx,Production,
TEC-7,1985-07-01,cnh_monthly_pemex_era,610.018351951151,250.00752129145533,371.53309359863965,31.0,31.0,19.678011353262935,0.29069767441860467,609.0523218035763,2310.0,2313.0,,appraisal_plan/Production (Tecolutla).xlsx,Production,
TEC-7,1985-08-01,cnh_monthly_pemex_era,580.0174493961764,230.0069195881389,331.3673537501381,31.0,31.0,18.710240303102463,0.2839506172839506,571.3058358763276,2310.0,2313.0,,appraisal_plan/Production (Tecolutla).xlsx,Production,
TEC-7,1985-09-01,cnh_monthly_pemex_era,470.01414002793604,190.00571618150605,271.11874397738575,25.0,30.0,15.667138000931201,0.28787878787878785,576.8310373838357,2310.0,2313.0,,appraisal_plan/Production (Tecolutla).xlsx,Production,
TEC-7,1985-10-01,cnh_monthly_pemex_era,820.0246698359736,430.01293662130314,532.1960529926461,23.0,31.0,26.452408704386244,0.344,649.0000515461313,2310.0,2313.0,,appraisal_plan/Production (Tecolutla).xlsx,Production,
TEC-7,1985-11-01,cnh_monthly_pemex_era,1140.0342970890363,610.018351951151,753.1076221594047,30.0,30.0,38.00114323630121,0.3485714285714286,660.6008469064395,2310.0,2313.0,,appraisal_plan/Production (Tecolutla).xlsx,Production,
TEC-7,1985-12-01,cnh_monthly_pemex_era,1110.0333945340617,580.0174493961764,733.024752235154,31.0,31.0,35.80752885593748,0.3431952662721894,660.3627925471939,2310.0,2313.0,,appraisal_plan/Production (Tecolutla).xlsx,Production,
TEC-7,1986-01-01,cnh_monthly_pemex_era,780.0234664293406,410.0123349179868,502.07174810626987,31.0,31.0,25.162047304172276,0.3445378151260505,643.6623636524282,2310.0,2313.0,,appraisal_plan/Production (Tecolutla).xlsx,Production,
TEC-7,1986-02-01,cnh_monthly_pemex_era,700.0210596160749,370.0111315113539,421.74026840926666,28.0,28.0,25.000752129145532,0.34579439252336447,602.4679723786728,2310.0,2313.0,,appraisal_plan/Production (Tecolutla).xlsx,Production,
TEC-7,1986-03-01,cnh_monthly_pemex_era,810.0243689843152,420.01263576964493,552.2789229168968,31.0,31.0,26.12981835433275,0.34146341463414637,681.8053185355352,2310.0,2313.0,,appraisal_plan/Production (Tecolutla).xlsx,Production,
TEC-7,1986-04-01,cnh_monthly_pemex_era,1140.0342970890363,610.018351951151,642.6518375760254,30.0,30.0,38.00114323630121,0.3485714285714286,563.712722693495,2310.0,2313.0,,appraisal_plan/Production (Tecolutla).xlsx,Production,
TEC-7,1986-05-01,cnh_monthly_pemex_era,1270.038208160593,670.0201570611003,712.9418823109031,31.0,31.0,40.968974456793326,0.3453608247422681,561.3546724263224,2310.0,2313.0,,appraisal_plan/Production (Tecolutla).xlsx,Production,
TEC-7,1986-06-01,cnh_monthly_pemex_era,1100.0330936824034,580.0174493961764,622.5689676517745,30.0,30.0,36.66776978941345,0.3452380952380953,565.9547619314804,2310.0,2313.0,,appraisal_plan/Production (Tecolutla).xlsx,Production,
TEC-7,1986-07-01,cnh_monthly_pemex_era,1130.0339962373782,620.0186528028092,662.7347075002762,31.0,31.0,36.45270955604446,0.35428571428571426,586.4732474482654,2310.0,2313.0,,appraisal_plan/Production (Tecolutla).xlsx,Production,
TEC-7,1986-08-01,cnh_monthly_pemex_era,1240.0373056056185,660.0198562094421,702.9004473487778,31.0,31.0,40.001203406632854,0.34736842105263155,566.8381460552029,2310.0,2313.0,,appraisal_plan/Production (Tecolutla).xlsx,Production,
TEC-7,1986-09-01,cnh_monthly_pemex_era,1320.0397124188842,700.0210596160749,743.0661871972793,30.0,30.0,44.00132374729614,0.34653465346534656,562.9119943942144,2310.0,2313.0,,appraisal_plan/Production (Tecolutla).xlsx,Production,
TEC-7,1986-10-01,cnh_monthly_pemex_era,1370.0412166771753,720.0216613193913,773.1904920836555,31.0,31.0,44.19487795732824,0.3444976076555024,564.355643225764,2310.0,2313.0,,appraisal_plan/Production (Tecolutla).xlsx,Production,
TEC-7,1986-11-01,cnh_monthly_pemex_era,1460.0439243420992,780.0234664293406,823.3976668942826,30.0,30.0,48.66813081140331,0.3482142857142857,563.9540380713603,2310.0,2313.0,,appraisal_plan/Production (Tecolutla).xlsx,Production,
TEC-7,1986-12-01,cnh_monthly_pemex_era,1170.0351996440108,620.0186528028092,662.7347075002762,31.0,31.0,37.743070956258414,0.3463687150837989,566.4228800141368,2310.0,2313.0,,appraisal_plan/Production (Tecolutla).xlsx,Production,
TEC-7,1987-01-01,cnh_monthly_pemex_era,1180.0355004956693,630.0189536544674,662.7347075002762,31.0,31.0,38.06566130631192,0.3480662983425414,561.6226861157118,2310.0,2313.0,,appraisal_plan/Production (Tecolutla).xlsx,Production,
TEC-7,1987-02-01,cnh_monthly_pemex_era,880.0264749459228,460.0138391762778,492.03031314414443,28.0,28.0,31.429516962354388,0.34328358208955223,559.1085349726319,2310.0,2313.0,,appraisal_plan/Production (Tecolutla).xlsx,Production,
TEC-7,1987-03-01,cnh_monthly_pemex_era,970.0291826108468,510.0153434345688,512.1131830683953,31.0,31.0,31.291263955188604,0.34459459459459457,527.935852084404,2310.0,2313.0,,appraisal_plan/Production (Tecolutla).xlsx,Production,
TEC-7,1987-04-01,cnh_monthly_pemex_era,940.0282800558721,490.01474173125246,532.1960529926461,30.0,30.0,31.334276001862403,0.34265734265734266,566.1489811359869,2310.0,2313.0,,appraisal_plan/Production (Tecolutla).xlsx,Production,
TEC-7,1987-05-01,cnh_monthly_pemex_era,970.0291826108468,500.01504258291067,552.2789229168968,31.0,31.0,31.291263955188604,0.3401360544217687,569.34258558122,2310.0,2313.0,,appraisal_plan/Production (Tecolutla).xlsx,Production,
TEC-7,1987-06-01,cnh_monthly_pemex_era,940.0282800558721,490.01474173125246,532.1960529926461,30.0,30.0,31.334276001862403,0.34265734265734266,566.1489811359869,2310.0,2313.0,,appraisal_plan/Production (Tecolutla).xlsx,Production,
TEC-7,1987-07-01,cnh_monthly_pemex_era,970.0291826108468,510.0153434345688,552.2789229168968,30.0,31.0,31.291263955188604,0.34459459459459457,569.34258558122,2310.0,2313.0,,appraisal_plan/Production (Tecolutla).xlsx,Production,
TEC-7,1987-08-01,cnh_monthly_pemex_era,970.0291826108468,510.0153434345688,552.2789229168968,31.0,31.0,31.291263955188604,0.34459459459459457,569.34258558122,2310.0,2313.0,,appraisal_plan/Production (Tecolutla).xlsx,Production,
TEC-7,1987-09-01,cnh_monthly_pemex_era,850.0255723909481,450.01353832461956,481.98887818201905,30.0,30.0,28.334185746364938,0.34615384615384615,567.0286798858097,2310.0,2313.0,,appraisal_plan/Production (Tecolutla).xlsx,Production,
TEC-7,1987-10-01,cnh_monthly_pemex_era,790.0237672809989,410.0123349179868,441.8231383335175,31.0,31.0,25.48463765422577,0.3416666666666667,559.2529701405401,2310.0,2313.0,,appraisal_plan/Production (Tecolutla).xlsx,Production,
TEC-7,1987-11-01,cnh_monthly_pemex_era,760.0228647260242,400.01203406632857,451.86457329564286,30.0,30.0,25.334095490867472,0.3448275862068966,594.5407622157956,2310.0,2313.0,,appraisal_plan/Production (Tecolutla).xlsx,Production,
TEC-7,1987-12-01,cnh_monthly_pemex_era,780.0234664293406,410.0123349179868,682.8175774245269,31.0,31.0,25.162047304172276,0.3445378151260505,875.3808145673022,2310.0,2313.0,,appraisal_plan/Production (Tecolutla).xlsx,Production,
TEC-7,1988-01-01,cnh_monthly_pemex_era,780.0234664293406,410.0123349179868,743.0661871972793,31.0,31.0,25.162047304172276,0.3445378151260505,952.6202982055936,2310.0,2313.0,,appraisal_plan/Production (Tecolutla).xlsx,Production,
TEC-7,1988-02-01,cnh_monthly_pemex_era,690.0207587644167,360.01083065969567,773.1904920836555,28.0,29.0,23.793819267738506,0.34285714285714286,1120.5322191584012,2310.0,2313.0,,appraisal_plan/Production (Tecolutla).xlsx,Production,
TEC-7,1988-03-01,cnh_monthly_pemex_era,390.0117332146703,0.0,220.91156916675874,31.0,31.0,12.581023652086138,0.0,566.4228800141368,2310.0,2313.0,,appraisal_plan/Production (Tecolutla).xlsx,Production,
TEC-7,1988-04-01,cnh_monthly_pemex_era,380.0114323630121,0.0,190.78726428038254,30.0,30.0,12.667047745433736,0.0,502.056643648894,2310.0,2313.0,,appraisal_plan/Production (Tecolutla).xlsx,Production,
TEC-7,1988-05-01,cnh_monthly_pemex_era,390.0117332146703,0.0,220.91156916675874,31.0,31.0,12.581023652086138,0.0,566.4228800141368,2310.0,2313.0,,appraisal_plan/Production (Tecolutla).xlsx,Production,
TEC-7,1988-06-01,cnh_monthly_pemex_era,380.0114323630121,0.0,210.87013420463333,30.0,30.0,12.667047745433736,0.0,554.9047114014091,2310.0,2313.0,,appraisal_plan/Production (Tecolutla).xlsx,Production,
TEC-7,1988-07-01,cnh_monthly_pemex_era,390.0117332146703,0.0,140.58008946975556,31.0,31.0,12.581023652086138,0.0,360.4509236453598,2310.0,2313.0,,appraisal_plan/Production (Tecolutla).xlsx,Production,
TEC-7,1988-08-01,cnh_monthly_pemex_era,310.0093264014046,0.0,110.45578458337937,31.0,31.0,10.000300851658213,0.0,356.29826323469894,2310.0,2313.0,,appraisal_plan/Production (Tecolutla).xlsx,Production,
TEC-7,1988-09-01,cnh_monthly_pemex_era,160.0048136265314,0.0,90.37291465912857,16.0,30.0,5.333493787551046,0.0,564.8137241050058,2310.0,2313.0,,appraisal_plan/Production (Tecolutla).xlsx,Production,
TEC-7,1988-10-01,cnh_monthly_pemex_era,430.01293662130314,0.0,1114.5992807959192,31.0,31.0,13.871385052300102,0.0,2592.013369536151,2310.0,2313.0,,appraisal_plan/Production (Tecolutla).xlsx,Production,
TEC-7,1988-11-01,cnh_monthly_pemex_era,570.0171485445181,0.0,371.53309359863965,30.0,30.0,19.000571618150605,0.0,651.7928356143535,2310.0,2313.0,,appraisal_plan/Production (Tecolutla).xlsx,Production,
TEC-7,1988-12-01,cnh_monthly_pemex_era,580.0174493961764,0.0,291.2016139016365,31.0,31.0,18.710240303102463,0.0,502.05664364889395,2310.0,2313.0,,appraisal_plan/Production (Tecolutla).xlsx,Production,
TEC-7,1989-01-01,cnh_monthly_pemex_era,580.0174493961764,0.0,311.28448382588726,31.0,31.0,18.710240303102463,0.0,536.6812397626107,2310.0,2313.0,,appraisal_plan/Production (Tecolutla).xlsx,Production,
TEC-7,1989-02-01,cnh_monthly_pemex_era,530.0159451378853,0.0,301.2430488637619,28.0,28.0,18.92914089778162,0.0,568.3660116779931,2310.0,2313.0,,appraisal_plan/Production (Tecolutla).xlsx,Production,
TEC-7,1989-03-01,cnh_monthly_pemex_era,580.0174493961764,0.0,331.3673537501381,31.0,31.0,18.710240303102463,0.0,571.3058358763276,2310.0,2313.0,,appraisal_plan/Production (Tecolutla).xlsx,Production,
TEC-7,1989-04-01,cnh_monthly_pemex_era,570.0171485445181,0.0,240.99443909100953,30.0,30.0,19.000571618150605,0.0,422.78454202012125,2310.0,2313.0,,appraisal_plan/Production (Tecolutla).xlsx,Production,
TEC-7,1989-05-01,cnh_monthly_pemex_era,580.0174493961764,0.0,110.45578458337937,31.0,31.0,18.710240303102463,0.0,190.43527862544252,2310.0,2313.0,,appraisal_plan/Production (Tecolutla).xlsx,Production,
TEC-7,1989-06-01,cnh_monthly_pemex_era,570.0171485445181,0.0,130.53865450763016,30.0,30.0,19.000571618150605,0.0,229.00829359423233,2310.0,2313.0,,appraisal_plan/Production (Tecolutla).xlsx,Production,
TEC-7,1989-07-01,cnh_monthly_pemex_era,580.0174493961764,0.0,130.53865450763016,31.0,31.0,18.710240303102463,0.0,225.05987473915934,2310.0,2313.0,,appraisal_plan/Production (Tecolutla).xlsx,Production,
TEC-7,1989-08-01,cnh_monthly_pemex_era,530.0159451378853,10.000300851658212,431.78170337139204,28.0,31.0,17.09728855283501,0.018518518518518514,814.6579500717902,2310.0,2313.0,,appraisal_plan/Production (Tecolutla).xlsx,Production,
TEC-7,1989-09-01,cnh_monthly_pemex_era,570.0171485445181,130.0039110715568,1737.1682484476937,30.0,30.0,19.000571618150605,0.18571428571428575,3047.5719070617074,2310.0,2313.0,,appraisal_plan/Production (Tecolutla).xlsx,Production,
TEC-7,1989-10-01,cnh_monthly_pemex_era,580.0174493961764,140.00421192321497,361.4916586365143,31.0,31.0,18.710240303102463,0.19444444444444442,623.2427300469028,2310.0,2313.0,,appraisal_plan/Production (Tecolutla).xlsx,Production,
TEC-7,1989-11-01,cnh_monthly_pemex_era,570.0171485445181,130.0039110715568,80.33147969700318,30.0,30.0,19.000571618150605,0.18571428571428575,140.92818067337376,2310.0,2313.0,,appraisal_plan/Production (Tecolutla).xlsx,Production,
TEC-7,1989-12-01,cnh_monthly_pemex_era,580.0174493961764,140.00421192321497,60.24860977275238,31.0,31.0,18.710240303102463,0.19444444444444442,103.87378834115047,2310.0,2313.0,,appraisal_plan/Production (Tecolutla).xlsx,Production,
TEC-7,1990-01-01,cnh_monthly_pemex_era,90.00270766492392,30.000902554974637,20.082869924250794,5.0,31.0,2.903313150481417,0.25,223.1362860661751,2310.0,2313.0,,appraisal_plan/Production (Tecolutla).xlsx,Production,
TEC-7,2006-10-01,cnh_monthly_pemex_era,1200.0361021989856,480.0144408795942,662.7347075002762,29.0,31.0,38.71084200641889,0.2857142857142857,552.2623080137834,2310.0,2313.0,,appraisal_plan/Production (Tecolutla).xlsx,Production,
TEC-7,2006-11-01,cnh_monthly_pemex_era,1100.0330936824034,490.01474173125246,261.0773090152603,30.0,30.0,36.66776978941345,0.30817610062893086,237.33586790674988,2310.0,2313.0,,appraisal_plan/Production (Tecolutla).xlsx,Production,
TEC-7,2006-12-01,cnh_monthly_pemex_era,320.0096272530628,260.0078221431136,210.87013420463333,12.0,31.0,10.322891201711702,0.44827586206896564,658.9493447891734,2310.0,2313.0,,appraisal_plan/Production (Tecolutla).xlsx,Production,
TEC-7,2019-06-01,tonalli_trucking_sales,0.0,1371.1812915521396,,,30.0,0.0,1.0,,,,,staff_production/Tecolutla Production Tracking.xlsx,TRUCKING,"8 loads (0 to oil terminals); oil = PEMEX-measured where >0 else Tonalli; Tonalli oil 0, shipped 1371 bbl"
TEC-7,2019-07-01,tonalli_trucking_sales,0.0,1880.6569090554574,,,31.0,0.0,1.0,,,,,staff_production/Tecolutla Production Tracking.xlsx,TRUCKING,"11 loads (0 to oil terminals); oil = PEMEX-measured where >0 else Tonalli; Tonalli oil 0, shipped 1881 bbl"
TEC-9,1973-05-01,cnh_monthly_pemex_era,1180.0355004956693,0.0,883.646276667035,12.0,31.0,38.06566130631192,0.0,748.8302481542825,2328.0,2333.0,,appraisal_plan/Production (Tecolutla).xlsx,Production,
TEC-9,1973-06-01,cnh_monthly_pemex_era,3510.105598932033,10.000300851658212,2259.3228664782146,30.0,30.0,117.0035199644011,0.00284090909090909,643.6623636524282,2328.0,2333.0,,appraisal_plan/Production (Tecolutla).xlsx,Production,
TEC-9,1973-07-01,cnh_monthly_pemex_era,3010.090556349122,40.00120340663285,1797.416858220446,31.0,31.0,97.0996953661007,0.013114754098360654,597.1304931106447,2328.0,2333.0,,appraisal_plan/Production (Tecolutla).xlsx,Production,
TEC-9,1973-08-01,cnh_monthly_pemex_era,3200.0962725306285,0.0,1897.8312078417,31.0,31.0,103.22891201711705,0.0,593.0544103102559,2328.0,2333.0,,appraisal_plan/Production (Tecolutla).xlsx,Production,
TEC-9,1973-09-01,cnh_monthly_pemex_era,2840.0854418709323,10.000300851658212,1676.9196386749413,30.0,30.0,94.66951472903108,0.003508771929824561,590.4468978124318,2328.0,2333.0,,appraisal_plan/Production (Tecolutla).xlsx,Production,
TEC-9,1973-10-01,cnh_monthly_pemex_era,3150.094768272337,150.0045127748732,1817.4997281446967,23.0,31.0,101.61596026684958,0.045454545454545456,576.9666825425384,2328.0,2333.0,,appraisal_plan/Production (Tecolutla).xlsx,Production,
TEC-9,1973-11-01,cnh_monthly_pemex_era,4570.137489207804,230.0069195881389,3002.389053675494,30.0,30.0,152.3379163069268,0.04791666666666666,656.9581463939575,2328.0,2333.0,,appraisal_plan/Production (Tecolutla).xlsx,Production,
TEC-9,1973-12-01,cnh_monthly_pemex_era,4810.1447096476,250.00752129145533,2881.891834129989,31.0,31.0,155.16595837572905,0.04940711462450593,599.1278865997197,2328.0,2333.0,,appraisal_plan/Production (Tecolutla).xlsx,Production,
TEC-9,1974-01-01,cnh_monthly_pemex_era,3210.0965733822864,160.0048136265314,3042.5547935239956,31.0,31.0,103.55150236717053,0.047477744807121657,947.8078693184729,2328.0,2333.0,,appraisal_plan/Production (Tecolutla).xlsx,Production,
TEC-9,1974-02-01,cnh_monthly_pemex_era,3240.0974759372607,210.00631788482247,1817.4997281446967,28.0,28.0,115.71776699775931,0.06086956521739131,560.9398302496902,2328.0,2333.0,,appraisal_plan/Production (Tecolutla).xlsx,Production,
TEC-9,1974-03-01,cnh_monthly_pemex_era,3280.098679343894,500.01504258291067,2088.6184721220825,31.0,31.0,105.80963481754497,0.13227513227513227,636.7547675546947,2328.0,2333.0,,appraisal_plan/Production (Tecolutla).xlsx,Production,
TEC-9,1974-04-01,cnh_monthly_pemex_era,2950.088751239173,560.0168476928599,2249.281431516089,30.0,30.0,98.33629170797242,0.15954415954415954,762.4453435752696,2328.0,2333.0,,appraisal_plan/Production (Tecolutla).xlsx,Production,
TEC-9,1974-05-01,cnh_monthly_pemex_era,2160.0649839581743,650.0195553577838,1937.9969476902015,31.0,31.0,69.67951561155401,0.23131672597864766,897.1938168910789,2328.0,2333.0,,appraisal_plan/Production (Tecolutla).xlsx,Production,
TEC-9,1974-06-01,cnh_monthly_pemex_era,1210.0364030506437,510.0153434345688,883.646276667035,30.0,30.0,40.33454676835479,0.2965116279069767,730.2642089438459,2328.0,2333.0,,appraisal_plan/Production (Tecolutla).xlsx,Production,
TEC-9,1974-07-01,cnh_monthly_pemex_era,1240.0373056056185,520.0156442862271,883.646276667035,31.0,31.0,40.001203406632854,0.29545454545454547,712.5965264693979,2328.0,2333.0,,appraisal_plan/Production (Tecolutla).xlsx,Production,
TEC-9,1974-08-01,cnh_monthly_pemex_era,1210.0364030506437,510.0153434345688,863.5634067427841,31.0,31.0,39.033432356472375,0.2965116279069767,713.6672951042129,2328.0,2333.0,,appraisal_plan/Production (Tecolutla).xlsx,Production,
TEC-9,1974-09-01,cnh_monthly_pemex_era,860.0258732426063,360.01083065969567,622.5689676517745,23.0,30.0,28.667529108086875,0.29508196721311475,723.8956257263122,2328.0,2333.0,,appraisal_plan/Production (Tecolutla).xlsx,Production,
TEC-9,1975-05-01,cnh_monthly_pemex_era,2420.0728061012874,480.0144408795942,843.4805368185333,24.0,31.0,78.06686471294475,0.16551724137931034,348.53519063229004,2328.0,2333.0,,appraisal_plan/Production (Tecolutla).xlsx,Production,
TEC-9,1975-06-01,cnh_monthly_pemex_era,3200.0962725306285,1330.0400132705422,1666.8782037128158,30.0,30.0,106.66987575102095,0.29359823399558493,520.8837677857274,2328.0,2333.0,,appraisal_plan/Production (Tecolutla).xlsx,Production,
TEC-9,1975-07-01,cnh_monthly_pemex_era,3350.100785305501,1420.0427209354661,1697.002508599192,31.0,31.0,108.0677672679194,0.29769392033542974,506.5526732935109,2328.0,2333.0,,appraisal_plan/Production (Tecolutla).xlsx,Production,
TEC-9,1975-08-01,cnh_monthly_pemex_era,3530.1062006353495,1020.0306868691376,2811.601789395111,31.0,31.0,113.87439356888224,0.22417582417582413,796.46379729003,2328.0,2333.0,,appraisal_plan/Production (Tecolutla).xlsx,Production,
TEC-9,1975-09-01,cnh_monthly_pemex_era,1170.0351996440108,130.0039110715568,1315.427980038427,10.0,30.0,39.00117332146703,0.10000000000000002,1124.2635951795746,2328.0,2333.0,,appraisal_plan/Production (Tecolutla).xlsx,Production,
TEC-9,1975-11-01,cnh_monthly_pemex_era,1230.0370047539602,130.0039110715568,281.1601789395111,21.0,30.0,41.00123349179867,0.09558823529411765,228.57863450681353,2328.0,2333.0,,appraisal_plan/Production (Tecolutla).xlsx,Production,
TEC-9,1975-12-01,cnh_monthly_pemex_era,1600.0481362653143,420.01263576964493,190.78726428038254,31.0,31.0,51.61445600855853,0.20792079207920788,119.2384528666123,2328.0,2333.0,,appraisal_plan/Production (Tecolutla).xlsx,Production,
TEC-9,1976-01-01,cnh_monthly_pemex_era,1400.0421192321498,460.0138391762778,110.45578458337937,31.0,31.0,45.1626490074887,0.24731182795698925,78.89461543054048,2328.0,2333.0,,appraisal_plan/Production (Tecolutla).xlsx,Production,
TEC-9,1976-02-01,cnh_monthly_pemex_era,1600.0481362653143,530.0159451378853,110.45578458337937,29.0,29.0,55.174073664321185,0.2488262910798122,69.03278850172292,2328.0,2333.0,,appraisal_plan/Production (Tecolutla).xlsx,Production,
TEC-9,1976-03-01,cnh_monthly_pemex_era,1930.0580643700353,630.0189536544674,210.87013420463333,31.0,31.0,62.25993756032372,0.24609374999999997,109.2558499132308,2328.0,2333.0,,appraisal_plan/Production (Tecolutla).xlsx,Production,
TEC-9,1976-04-01,cnh_monthly_pemex_era,2010.0604711833007,810.0243689843152,1084.474975909543,30.0,30.0,67.00201570611003,0.2872340425531915,539.5235573540355,2328.0,2333.0,,appraisal_plan/Production (Tecolutla).xlsx,Production,
TEC-9,1976-05-01,cnh_monthly_pemex_era,1470.0442251937573,810.0243689843152,753.1076221594047,31.0,31.0,47.420781457863136,0.35526315789473684,512.3026976009122,2328.0,2333.0,,appraisal_plan/Production (Tecolutla).xlsx,Production,
TEC-9,1976-06-01,cnh_monthly_pemex_era,1210.0364030506437,800.0240681326571,953.9363214019127,30.0,30.0,40.33454676835479,0.3980099502487563,788.3534073825608,2328.0,2333.0,,appraisal_plan/Production (Tecolutla).xlsx,Production,
TEC-9,1976-07-01,cnh_monthly_pemex_era,730.0219621710496,730.0219621710496,582.403227803273,31.0,31.0,23.549095553904827,0.5,797.7886392229,2328.0,2333.0,,appraisal_plan/Production (Tecolutla).xlsx,Production,
TEC-9,1976-08-01,cnh_monthly_pemex_era,1760.0529498918456,1760.0529498918456,1174.8478905686713,31.0,31.0,56.775901609414376,0.5,667.5071284877339,2328.0,2333.0,,appraisal_plan/Production (Tecolutla).xlsx,Production,
TEC-9,1976-09-01,cnh_monthly_pemex_era,1390.0418183804918,1390.0418183804918,984.0606262882889,30.0,30.0,46.33472727934973,0.5,707.9359867279367,2328.0,2333.0,,appraisal_plan/Production (Tecolutla).xlsx,Production,
TEC-9,1976-10-01,cnh_monthly_pemex_era,1130.0339962373782,1130.0339962373782,863.5634067427841,31.0,31.0,36.45270955604446,0.5,764.1924133416792,2328.0,2333.0,,appraisal_plan/Production (Tecolutla).xlsx,Production,
TEC-9,1976-11-01,cnh_monthly_pemex_era,1100.0330936824034,1100.0330936824034,702.9004473487778,30.0,30.0,36.66776978941345,0.5,638.9811828258651,2328.0,2333.0,,appraisal_plan/Production (Tecolutla).xlsx,Production,
TEC-9,1976-12-01,cnh_monthly_pemex_era,1370.0412166771753,1370.0412166771753,602.4860977275238,31.0,31.0,44.19487795732824,0.5,439.7576440720239,2328.0,2333.0,,appraisal_plan/Production (Tecolutla).xlsx,Production,
TEC-9,1977-01-01,cnh_monthly_pemex_era,2420.0728061012874,2420.0728061012874,2520.4001754934748,31.0,31.0,78.06686471294475,0.5,1041.456343436962,2328.0,2333.0,,appraisal_plan/Production (Tecolutla).xlsx,Production,
TEC-9,1977-02-01,cnh_monthly_pemex_era,2040.0613737382753,2040.0613737382753,1536.3395492051857,28.0,28.0,72.85933477636698,0.5,753.084965473341,2328.0,2333.0,,appraisal_plan/Production (Tecolutla).xlsx,Production,
TEC-9,1977-03-01,cnh_monthly_pemex_era,2080.0625771449086,2080.0625771449086,1686.9610736370666,31.0,31.0,67.09879281112609,0.5,811.0145782020594,2328.0,2333.0,,appraisal_plan/Production (Tecolutla).xlsx,Production,
TEC-9,1977-04-01,cnh_monthly_pemex_era,2310.0694967330473,3860.1161287400705,2209.1156916675873,30.0,30.0,77.00231655776824,0.6256077795786062,956.2983688550362,2328.0,2333.0,,appraisal_plan/Production (Tecolutla).xlsx,Production,
TEC-9,1977-05-01,cnh_monthly_pemex_era,2890.0869461292236,6730.202473165978,4448.355688221551,31.0,31.0,93.22861116545883,0.6995841995841996,1539.1771151312112,2328.0,2333.0,,appraisal_plan/Production (Tecolutla).xlsx,Production,
TEC-9,1977-06-01,cnh_monthly_pemex_era,2790.0839376126414,6510.195854429497,2580.648785266227,30.0,30.0,93.00279792042139,0.7,924.935895467855,2328.0,2333.0,,appraisal_plan/Production (Tecolutla).xlsx,Production,
TEC-9,1977-07-01,cnh_monthly_pemex_era,3110.093564865704,5030.151328384081,1948.038382652327,31.0,31.0,100.32559886663562,0.6179361179361179,626.3600570282022,2328.0,2333.0,,appraisal_plan/Production (Tecolutla).xlsx,Production,
TEC-9,1977-08-01,cnh_monthly_pemex_era,3000.090255497464,2870.086344425907,1355.5937198869285,31.0,31.0,96.77710501604723,0.4889267461669506,451.85097928400455,2328.0,2333.0,,appraisal_plan/Production (Tecolutla).xlsx,Production,
TEC-9,1977-09-01,cnh_monthly_pemex_era,2910.0875478325397,2770.083335909325,1496.1738093566842,30.0,30.0,97.00291826108466,0.4876760563380282,514.1336075854654,2328.0,2333.0,,appraisal_plan/Production (Tecolutla).xlsx,Production,
TEC-9,1977-10-01,cnh_monthly_pemex_era,3000.090255497464,2860.086043574249,552.2789229168968,31.0,31.0,96.77710501604723,0.4880546075085324,184.08743600459445,2328.0,2333.0,,appraisal_plan/Production (Tecolutla).xlsx,Production,
TEC-9,1977-11-01,cnh_monthly_pemex_era,2890.0869461292236,2770.083335909325,753.1076221594047,30.0,30.0,96.33623153764078,0.489399293286219,260.58303303575815,2328.0,2333.0,,appraisal_plan/Production (Tecolutla).xlsx,Production,
TEC-9,1977-12-01,cnh_monthly_pemex_era,3000.090255497464,2870.086344425907,843.4805368185333,31.0,31.0,96.77710501604723,0.4889267461669506,281.1517204433806,2328.0,2333.0,,appraisal_plan/Production (Tecolutla).xlsx,Production,
TEC-9,1978-01-01,cnh_monthly_pemex_era,1160.0348987923528,1110.0333945340617,331.3673537501381,31.0,31.0,37.420480606204926,0.4889867841409692,285.6529179381638,2328.0,2333.0,,appraisal_plan/Production (Tecolutla).xlsx,Production,
TEC-9,1978-04-01,cnh_monthly_pemex_era,760.0228647260242,2560.077018024502,411.6988334471413,30.0,30.0,25.334095490867472,0.7710843373493975,541.6926944632804,2328.0,2333.0,,appraisal_plan/Production (Tecolutla).xlsx,Production,
TEC-9,1978-05-01,cnh_monthly_pemex_era,60.001805109949274,1150.0345979406945,40.16573984850159,31.0,31.0,1.9355421003209443,0.9504132231404958,669.4088581985253,2328.0,2333.0,,appraisal_plan/Production (Tecolutla).xlsx,Production,
TEC-9,1979-10-01,cnh_monthly_pemex_era,140.00421192321497,240.0072204397971,100.41434962125396,4.0,31.0,4.51626490074887,0.631578947368421,717.2237766412771,2328.0,2333.0,,appraisal_plan/Production (Tecolutla).xlsx,Production,
TEC-9,1979-12-01,cnh_monthly_pemex_era,690.0207587644167,1040.0312885724543,391.61596352289047,18.0,31.0,22.25873415369086,0.6011560693641619,567.5422928204889,2328.0,2333.0,,appraisal_plan/Production (Tecolutla).xlsx,Production,
TEC-9,1980-01-01,cnh_monthly_pemex_era,1490.0448268970738,1670.0502422269215,1014.184931174665,26.0,31.0,48.06596215797012,0.5284810126582279,680.6405504501784,2328.0,2333.0,,appraisal_plan/Production (Tecolutla).xlsx,Production,
TEC-9,1980-04-01,cnh_monthly_pemex_era,1150.0345979406945,1150.0345979406945,642.6518375760254,20.0,30.0,38.334486598023155,0.5,558.8108729309429,2328.0,2333.0,,appraisal_plan/Production (Tecolutla).xlsx,Production,
TEC-9,1980-05-01,cnh_monthly_pemex_era,1180.0355004956693,1720.0517464852126,632.6104026139,31.0,31.0,38.06566130631192,0.593103448275862,536.0943822013613,2328.0,2333.0,,appraisal_plan/Production (Tecolutla).xlsx,Production,
TEC-9,1980-06-01,cnh_monthly_pemex_era,1020.0306868691376,1530.0460303037066,471.94744321989367,30.0,30.0,34.001022895637924,0.6,462.67965199015725,2328.0,2333.0,,appraisal_plan/Production (Tecolutla).xlsx,Production,
TEC-9,1980-07-01,cnh_monthly_pemex_era,940.0282800558721,1420.0427209354661,391.61596352289047,31.0,31.0,30.323492905028132,0.6016949152542372,416.6001936661035,2328.0,2333.0,,appraisal_plan/Production (Tecolutla).xlsx,Production,
TEC-9,1980-08-01,cnh_monthly_pemex_era,670.0201570611003,1000.0300851658213,381.5745285607651,20.0,31.0,21.613553453583883,0.5988023952095808,569.4970883181484,2328.0,2333.0,,appraisal_plan/Production (Tecolutla).xlsx,Production,
TEC-9,1981-01-01,cnh_monthly_pemex_era,70.00210596160748,0.0,40.16573984850159,1.0,31.0,2.258132450374435,0.0,573.7790213130218,2328.0,2333.0,,appraisal_plan/Production (Tecolutla).xlsx,Production,
TEC-9,1981-02-01,cnh_monthly_pemex_era,1530.0460303037066,0.0,1084.474975909543,28.0,28.0,54.644501082275234,0.0,708.7858498572622,2328.0,2333.0,,appraisal_plan/Production (Tecolutla).xlsx,Production,
TEC-9,1981-03-01,cnh_monthly_pemex_era,1170.0351996440108,0.0,552.2789229168968,31.0,31.0,37.743070956258414,0.0,472.0190666784474,2328.0,2333.0,,appraisal_plan/Production (Tecolutla).xlsx,Production,
TEC-9,1981-04-01,cnh_monthly_pemex_era,1270.038208160593,0.0,722.9833172730285,30.0,30.0,42.334606938686434,0.0,569.2610762633128,2328.0,2333.0,,appraisal_plan/Production (Tecolutla).xlsx,Production,
TEC-9,1981-05-01,cnh_monthly_pemex_era,1400.0421192321498,0.0,823.3976668942826,31.0,31.0,45.1626490074887,0.0,588.1234968458473,2328.0,2333.0,,appraisal_plan/Production (Tecolutla).xlsx,Production,
TEC-9,1981-06-01,cnh_monthly_pemex_era,500.01504258291067,0.0,240.99443909100953,17.0,30.0,16.66716808609702,0.0,481.9743779029382,2328.0,2333.0,,appraisal_plan/Production (Tecolutla).xlsx,Production,
TEC-9,1982-09-01,cnh_monthly_pemex_era,320.0096272530628,320.0096272530628,170.70439435613173,10.0,30.0,10.666987575102093,0.5,533.4351838769498,2328.0,2333.0,,appraisal_plan/Production (Tecolutla).xlsx,Production,
TEC-9,1983-07-01,cnh_monthly_pemex_era,670.0201570611003,670.0201570611003,251.03587405313493,23.0,31.0,21.613553453583883,0.5,374.6691370514134,2328.0,2333.0,,appraisal_plan/Production (Tecolutla).xlsx,Production,
TEC-9,1983-08-01,cnh_monthly_pemex_era,810.0243689843152,740.0222630227078,240.99443909100953,31.0,31.0,26.12981835433275,0.4774193548387097,297.51504808823347,2328.0,2333.0,,appraisal_plan/Production (Tecolutla).xlsx,Production,
TEC-9,1983-09-01,cnh_monthly_pemex_era,610.018351951151,550.0165468412017,210.87013420463333,30.0,30.0,20.333945065038368,0.4741379310344828,345.6783448074352,2328.0,2333.0,,appraisal_plan/Production (Tecolutla).xlsx,Production,
TEC-9,1983-10-01,cnh_monthly_pemex_era,580.0174493961764,390.0117332146703,331.3673537501381,31.0,31.0,18.710240303102463,0.4020618556701031,571.3058358763276,2328.0,2333.0,,appraisal_plan/Production (Tecolutla).xlsx,Production,
TEC-9,1983-11-01,cnh_monthly_pemex_era,570.0171485445181,380.0114323630121,291.2016139016365,30.0,30.0,19.000571618150605,0.4,510.86465494097985,2328.0,2333.0,,appraisal_plan/Production (Tecolutla).xlsx,Production,
TEC-9,1983-12-01,cnh_monthly_pemex_era,490.01474173125246,330.00992810472104,281.1601789395111,26.0,31.0,15.806927152621046,0.40243902439024387,573.7790213130216,2328.0,2333.0,,appraisal_plan/Production (Tecolutla).xlsx,Production,
TEC-9,1984-01-01,cnh_monthly_pemex_era,600.0180510994928,400.01203406632857,431.78170337139204,31.0,31.0,19.355421003209447,0.39999999999999997,719.6145225634147,2328.0,2333.0,,appraisal_plan/Production (Tecolutla).xlsx,Production,
TEC-9,1984-02-01,cnh_monthly_pemex_era,550.0165468412017,360.01083065969567,411.6988334471413,29.0,29.0,18.966087822110403,0.3956043956043956,748.5208141674419,2328.0,2333.0,,appraisal_plan/Production (Tecolutla).xlsx,Production,
TEC-9,1984-03-01,cnh_monthly_pemex_era,580.0174493961764,390.0117332146703,441.8231383335175,31.0,31.0,18.710240303102463,0.4020618556701031,761.7411145017701,2328.0,2333.0,,appraisal_plan/Production (Tecolutla).xlsx,Production,
TEC-9,1984-04-01,cnh_monthly_pemex_era,570.0171485445181,380.0114323630121,421.74026840926666,30.0,30.0,19.000571618150605,0.4,739.8729485352122,2328.0,2333.0,,appraisal_plan/Production (Tecolutla).xlsx,Production,
TEC-9,1984-05-01,cnh_monthly_pemex_era,400.01203406632857,260.0078221431136,331.3673537501381,31.0,31.0,12.903614002139632,0.3939393939393939,828.393462020675,2328.0,2333.0,,appraisal_plan/Production (Tecolutla).xlsx,Production,
TEC-9,1984-06-01,cnh_monthly_pemex_era,380.0114323630121,250.00752129145533,321.3259187880127,30.0,30.0,12.667047745433736,0.39682539682539686,845.5690840402425,2328.0,2333.0,,appraisal_plan/Production (Tecolutla).xlsx,Production,
TEC-9,1984-07-01,cnh_monthly_pemex_era,390.0117332146703,250.00752129145533,331.3673537501381,31.0,31.0,12.581023652086138,0.390625,849.6343200212052,2328.0,2333.0,,appraisal_plan/Production (Tecolutla).xlsx,Production,
TEC-9,1984-08-01,cnh_monthly_pemex_era,390.0117332146703,250.00752129145533,331.3673537501381,31.0,31.0,12.581023652086138,0.390625,849.6343200212052,2328.0,2333.0,,appraisal_plan/Production (Tecolutla).xlsx,Production,
TEC-9,1984-09-01,cnh_monthly_pemex_era,320.0096272530628,210.00631788482247,271.11874397738575,25.0,30.0,10.666987575102093,0.3962264150943397,847.2205861575088,2328.0,2333.0,,appraisal_plan/Production (Tecolutla).xlsx,Production,
TEC-9,1984-10-01,cnh_monthly_pemex_era,390.0117332146703,250.00752129145533,331.3673537501381,31.0,31.0,12.581023652086138,0.390625,849.6343200212052,2328.0,2333.0,,appraisal_plan/Production (Tecolutla).xlsx,Production,
TEC-9,1984-11-01,cnh_monthly_pemex_era,380.0114323630121,250.00752129145533,321.3259187880127,30.0,30.0,12.667047745433736,0.39682539682539686,845.5690840402425,2328.0,2333.0,,appraisal_plan/Production (Tecolutla).xlsx,Production,
TEC-9,1984-12-01,cnh_monthly_pemex_era,390.0117332146703,250.00752129145533,331.3673537501381,31.0,31.0,12.581023652086138,0.390625,849.6343200212052,2328.0,2333.0,,appraisal_plan/Production (Tecolutla).xlsx,Production,
TEC-9,1985-01-01,cnh_monthly_pemex_era,390.0117332146703,250.00752129145533,331.3673537501381,31.0,31.0,12.581023652086138,0.390625,849.6343200212052,2328.0,2333.0,,appraisal_plan/Production (Tecolutla).xlsx,Production,
TEC-9,1985-02-01,cnh_monthly_pemex_era,350.01052980803746,230.0069195881389,301.2430488637619,20.0,28.0,12.500376064572766,0.39655172413793105,860.6685319695324,2328.0,2333.0,,appraisal_plan/Production (Tecolutla).xlsx,Production,
TEC-9,1985-03-01,cnh_monthly_pemex_era,390.0117332146703,250.00752129145533,331.3673537501381,31.0,31.0,12.581023652086138,0.390625,849.6343200212052,2328.0,2333.0,,appraisal_plan/Production (Tecolutla).xlsx,Production,
TEC-9,1985-04-01,cnh_monthly_pemex_era,380.0114323630121,250.00752129145533,321.3259187880127,30.0,30.0,12.667047745433736,0.39682539682539686,845.5690840402425,2328.0,2333.0,,appraisal_plan/Production (Tecolutla).xlsx,Production,
TEC-9,1985-05-01,cnh_monthly_pemex_era,330.00992810472104,240.0072204397971,230.95300412888412,26.0,31.0,10.645481551765196,0.42105263157894735,699.8365335711854,2328.0,2333.0,,appraisal_plan/Production (Tecolutla).xlsx,Production,
TEC-9,1985-06-01,cnh_monthly_pemex_era,270.0081229947718,210.00631788482247,150.62152443188094,22.0,30.0,9.000270766492394,0.43749999999999994,557.8407151654377,2328.0,2333.0,,appraisal_plan/Production (Tecolutla).xlsx,Production,
TEC-9,1985-07-01,cnh_monthly_pemex_era,230.0069195881389,180.00541532984784,220.91156916675874,31.0,31.0,7.419578051230287,0.4390243902439024,960.456187850058,2328.0,2333.0,,appraisal_plan/Production (Tecolutla).xlsx,Production,
TEC-9,1985-08-01,cnh_monthly_pemex_era,200.00601703316428,160.0048136265314,220.91156916675874,31.0,31.0,6.451807001069816,0.44444444444444436,1104.5246160275667,2328.0,2333.0,,appraisal_plan/Production (Tecolutla).xlsx,Production,
TEC-9,1985-09-01,cnh_monthly_pemex_era,230.0069195881389,180.00541532984784,180.74582931825714,25.0,30.0,7.66689731960463,0.4390243902439024,785.8277900591384,2328.0,2333.0,,appraisal_plan/Production (Tecolutla).xlsx,Production,
TEC-9,1985-10-01,cnh_monthly_pemex_era,150.0045127748732,70.00210596160748,90.37291465912857,23.0,31.0,4.838855250802362,0.3181818181818182,602.4679723786727,2328.0,2333.0,,appraisal_plan/Production (Tecolutla).xlsx,Production,
TEC-9,1985-11-01,cnh_monthly_pemex_era,190.00571618150605,90.00270766492392,110.45578458337937,30.0,30.0,6.333523872716868,0.3214285714285714,581.3287452776667,2328.0,2333.0,,appraisal_plan/Production (Tecolutla).xlsx,Production,
TEC-9,1985-12-01,cnh_monthly_pemex_era,200.00601703316428,100.00300851658214,110.45578458337937,31.0,31.0,6.451807001069816,0.33333333333333337,552.2623080137834,2328.0,2333.0,,appraisal_plan/Production (Tecolutla).xlsx,Production,
TEC-9,1986-01-01,cnh_monthly_pemex_era,190.00571618150605,90.00270766492392,110.45578458337937,30.0,31.0,6.129216651016324,0.3214285714285714,581.3287452776667,2328.0,2333.0,,appraisal_plan/Production (Tecolutla).xlsx,Production,
TEC-9,1986-02-01,cnh_monthly_pemex_era,180.00541532984784,90.00270766492392,100.41434962125396,28.0,28.0,6.428764833208851,0.33333333333333337,557.8407151654377,2328.0,2333.0,,appraisal_plan/Production (Tecolutla).xlsx,Production,
TEC-9,1986-03-01,cnh_monthly_pemex_era,200.00601703316428,100.00300851658214,110.45578458337937,31.0,31.0,6.451807001069816,0.33333333333333337,552.2623080137834,2328.0,2333.0,,appraisal_plan/Production (Tecolutla).xlsx,Production,
TEC-9,1986-04-01,cnh_monthly_pemex_era,190.00571618150605,90.00270766492392,110.45578458337937,30.0,30.0,6.333523872716868,0.3214285714285714,581.3287452776667,2328.0,2333.0,,appraisal_plan/Production (Tecolutla).xlsx,Production,
TEC-9,1986-05-01,cnh_monthly_pemex_era,290.0087246980882,140.00421192321497,160.66295939400635,31.0,31.0,9.355120151551231,0.3255813953488371,553.9935378194692,2328.0,2333.0,,appraisal_plan/Production (Tecolutla).xlsx,Production,
TEC-9,1986-06-01,cnh_monthly_pemex_era,190.00571618150605,90.00270766492392,110.45578458337937,30.0,30.0,6.333523872716868,0.3214285714285714,581.3287452776667,2328.0,2333.0,,appraisal_plan/Production (Tecolutla).xlsx,Production,
TEC-9,1986-07-01,cnh_monthly_pemex_era,200.00601703316428,100.00300851658214,110.45578458337937,31.0,31.0,6.451807001069816,0.33333333333333337,552.2623080137834,2328.0,2333.0,,appraisal_plan/Production (Tecolutla).xlsx,Production,
TEC-9,1986-08-01,cnh_monthly_pemex_era,200.00601703316428,100.00300851658214,110.45578458337937,31.0,31.0,6.451807001069816,0.33333333333333337,552.2623080137834,2328.0,2333.0,,appraisal_plan/Production (Tecolutla).xlsx,Production,
TEC-9,1986-09-01,cnh_monthly_pemex_era,190.00571618150605,90.00270766492392,110.45578458337937,30.0,30.0,6.333523872716868,0.3214285714285714,581.3287452776667,2328.0,2333.0,,appraisal_plan/Production (Tecolutla).xlsx,Production,
TEC-9,1986-10-01,cnh_monthly_pemex_era,200.00601703316428,100.00300851658214,110.45578458337937,31.0,31.0,6.451807001069816,0.33333333333333337,552.2623080137834,2328.0,2333.0,,appraisal_plan/Production (Tecolutla).xlsx,Production,
TEC-9,1986-11-01,cnh_monthly_pemex_era,330.00992810472104,160.0048136265314,180.74582931825714,30.0,30.0,11.000330936824035,0.3265306122448979,547.6981567078843,2328.0,2333.0,,appraisal_plan/Production (Tecolutla).xlsx,Production,
TEC-9,1986-12-01,cnh_monthly_pemex_era,210.00631788482247,110.00330936824035,120.49721954550476,31.0,31.0,6.774397351123305,0.34375,573.7790213130218,2328.0,2333.0,,appraisal_plan/Production (Tecolutla).xlsx,Production,
TEC-9,1987-01-01,cnh_monthly_pemex_era,210.00631788482247,110.00330936824035,120.49721954550476,31.0,31.0,6.774397351123305,0.34375,573.7790213130218,2328.0,2333.0,,appraisal_plan/Production (Tecolutla).xlsx,Production,
TEC-9,1987-02-01,cnh_monthly_pemex_era,180.00541532984784,90.00270766492392,100.41434962125396,28.0,28.0,6.428764833208851,0.33333333333333337,557.8407151654377,2328.0,2333.0,,appraisal_plan/Production (Tecolutla).xlsx,Production,
TEC-9,1987-03-01,cnh_monthly_pemex_era,200.00601703316428,100.00300851658214,100.41434962125396,31.0,31.0,6.451807001069816,0.33333333333333337,502.0566436488939,2328.0,2333.0,,appraisal_plan/Production (Tecolutla).xlsx,Production,
TEC-9,1987-04-01,cnh_monthly_pemex_era,190.00571618150605,90.00270766492392,110.45578458337937,30.0,30.0,6.333523872716868,0.3214285714285714,581.3287452776667,2328.0,2333.0,,appraisal_plan/Production (Tecolutla).xlsx,Production,
TEC-9,1987-05-01,cnh_monthly_pemex_era,200.00601703316428,90.00270766492392,110.45578458337937,31.0,31.0,6.451807001069816,0.31034482758620685,552.2623080137834,2328.0,2333.0,,appraisal_plan/Production (Tecolutla).xlsx,Production,
TEC-9,1987-06-01,cnh_monthly_pemex_era,190.00571618150605,90.00270766492392,110.45578458337937,30.0,30.0,6.333523872716868,0.3214285714285714,581.3287452776667,2328.0,2333.0,,appraisal_plan/Production (Tecolutla).xlsx,Production,
TEC-9,1987-07-01,cnh_monthly_pemex_era,200.00601703316428,100.00300851658214,110.45578458337937,31.0,31.0,6.451807001069816,0.33333333333333337,552.2623080137834,2328.0,2333.0,,appraisal_plan/Production (Tecolutla).xlsx,Production,
TEC-9,1987-08-01,cnh_monthly_pemex_era,200.00601703316428,100.00300851658214,110.45578458337937,31.0,31.0,6.451807001069816,0.33333333333333337,552.2623080137834,2328.0,2333.0,,appraisal_plan/Production (Tecolutla).xlsx,Production,
TEC-9,1987-09-01,cnh_monthly_pemex_era,190.00571618150605,90.00270766492392,110.45578458337937,30.0,30.0,6.333523872716868,0.3214285714285714,581.3287452776667,2328.0,2333.0,,appraisal_plan/Production (Tecolutla).xlsx,Production,
TEC-9,1987-10-01,cnh_monthly_pemex_era,200.00601703316428,100.00300851658214,110.45578458337937,8.0,31.0,6.451807001069816,0.33333333333333337,552.2623080137834,2328.0,2333.0,,appraisal_plan/Production (Tecolutla).xlsx,Production,
TEC-9,1987-11-01,cnh_monthly_pemex_era,190.00571618150605,90.00270766492392,110.45578458337937,30.0,30.0,6.333523872716868,0.3214285714285714,581.3287452776667,2328.0,2333.0,,appraisal_plan/Production (Tecolutla).xlsx,Production,
TEC-9,1987-12-01,cnh_monthly_pemex_era,200.00601703316428,90.00270766492392,110.45578458337937,31.0,31.0,6.451807001069816,0.31034482758620685,552.2623080137834,2328.0,2333.0,,appraisal_plan/Production (Tecolutla).xlsx,Production,
TEC-9,1988-01-01,cnh_monthly_pemex_era,200.00601703316428,100.00300851658214,110.45578458337937,31.0,31.0,6.451807001069816,0.33333333333333337,552.2623080137834,2328.0,2333.0,,appraisal_plan/Production (Tecolutla).xlsx,Production,
TEC-9,1988-02-01,cnh_monthly_pemex_era,170.00511447818963,90.00270766492392,170.70439435613173,28.0,29.0,5.862245326834125,0.3461538461538461,1004.1132872977878,2328.0,2333.0,,appraisal_plan/Production (Tecolutla).xlsx,Production,
TEC-9,1988-03-01,cnh_monthly_pemex_era,390.0117332146703,160.0048136265314,220.91156916675874,31.0,31.0,12.581023652086138,0.2909090909090909,566.4228800141368,2328.0,2333.0,,appraisal_plan/Production (Tecolutla).xlsx,Production,
TEC-9,1988-04-01,cnh_monthly_pemex_era,380.0114323630121,150.0045127748732,190.78726428038254,30.0,30.0,12.667047745433736,0.2830188679245283,502.056643648894,2328.0,2333.0,,appraisal_plan/Production (Tecolutla).xlsx,Production,
TEC-9,1988-05-01,cnh_monthly_pemex_era,390.0117332146703,160.0048136265314,220.91156916675874,31.0,31.0,12.581023652086138,0.2909090909090909,566.4228800141368,2328.0,2333.0,,appraisal_plan/Production (Tecolutla).xlsx,Production,
TEC-9,1988-06-01,cnh_monthly_pemex_era,380.0114323630121,150.0045127748732,210.87013420463333,30.0,30.0,12.667047745433736,0.2830188679245283,554.9047114014091,2328.0,2333.0,,appraisal_plan/Production (Tecolutla).xlsx,Production,
TEC-9,1988-07-01,cnh_monthly_pemex_era,390.0117332146703,160.0048136265314,140.58008946975556,31.0,31.0,12.581023652086138,0.2909090909090909,360.4509236453598,2328.0,2333.0,,appraisal_plan/Production (Tecolutla).xlsx,Production,
TEC-9,1988-08-01,cnh_monthly_pemex_era,310.0093264014046,130.0039110715568,110.45578458337937,31.0,31.0,10.000300851658213,0.29545454545454547,356.29826323469894,2328.0,2333.0,,appraisal_plan/Production (Tecolutla).xlsx,Production,
TEC-9,1988-09-01,cnh_monthly_pemex_era,100.00300851658214,160.0048136265314,60.24860977275238,16.0,30.0,3.333433617219405,0.6153846153846153,602.4679723786727,2328.0,2333.0,,appraisal_plan/Production (Tecolutla).xlsx,Production,
TEC-9,1988-10-01,cnh_monthly_pemex_era,200.00601703316428,450.01353832461956,562.3203578790223,31.0,31.0,6.451807001069816,0.6923076923076923,2811.517204433806,2328.0,2333.0,,appraisal_plan/Production (Tecolutla).xlsx,Production,
TEC-9,1988-11-01,cnh_monthly_pemex_era,190.00571618150605,430.01293662130314,150.62152443188094,30.0,30.0,6.333523872716868,0.6935483870967742,792.7210162877273,2328.0,2333.0,,appraisal_plan/Production (Tecolutla).xlsx,Production,
TEC-9,1988-12-01,cnh_monthly_pemex_era,200.00601703316428,450.01353832461956,110.45578458337937,31.0,31.0,6.451807001069816,0.6923076923076923,552.2623080137834,2328.0,2333.0,,appraisal_plan/Production (Tecolutla).xlsx,Production,
TEC-9,1989-01-01,cnh_monthly_pemex_era,200.00601703316428,450.01353832461956,110.45578458337937,31.0,31.0,6.451807001069816,0.6923076923076923,552.2623080137834,2328.0,2333.0,,appraisal_plan/Production (Tecolutla).xlsx,Production,
TEC-9,1989-02-01,cnh_monthly_pemex_era,180.00541532984784,400.01203406632857,100.41434962125396,28.0,28.0,6.428764833208851,0.6896551724137931,557.8407151654377,2328.0,2333.0,,appraisal_plan/Production (Tecolutla).xlsx,Production,
TEC-9,1989-03-01,cnh_monthly_pemex_era,200.00601703316428,440.0132374729614,110.45578458337937,31.0,31.0,6.451807001069816,0.6875,552.2623080137834,2328.0,2333.0,,appraisal_plan/Production (Tecolutla).xlsx,Production,
TEC-9,1989-04-01,cnh_monthly_pemex_era,190.00571618150605,430.01293662130314,70.29004473487778,30.0,30.0,6.333523872716868,0.6935483870967742,369.9364742676061,2328.0,2333.0,,appraisal_plan/Production (Tecolutla).xlsx,Production,
TEC-9,1989-05-01,cnh_monthly_pemex_era,200.00601703316428,450.01353832461956,100.41434962125396,31.0,31.0,6.451807001069816,0.6923076923076923,502.0566436488939,2328.0,2333.0,,appraisal_plan/Production (Tecolutla).xlsx,Production,
TEC-9,1989-06-01,cnh_monthly_pemex_era,240.0072204397971,550.0165468412017,110.45578458337937,30.0,30.0,8.00024068132657,0.6962025316455697,460.2185900114862,2328.0,2333.0,,appraisal_plan/Production (Tecolutla).xlsx,Production,
TEC-9,1989-07-01,cnh_monthly_pemex_era,390.0117332146703,900.0270766492391,110.45578458337937,31.0,31.0,12.581023652086138,0.6976744186046512,283.2114400070684,2328.0,2333.0,,appraisal_plan/Production (Tecolutla).xlsx,Production,
TEC-9,1989-08-01,cnh_monthly_pemex_era,390.0117332146703,770.0231655776823,321.3259187880127,28.0,31.0,12.581023652086138,0.6637931034482759,823.8878254751081,2328.0,2333.0,,appraisal_plan/Production (Tecolutla).xlsx,Production,
TEC-9,1989-09-01,cnh_monthly_pemex_era,760.0228647260242,490.01474173125246,2620.814525114729,30.0,30.0,25.334095490867472,0.39200000000000007,3448.3364208516145,2328.0,2333.0,,appraisal_plan/Production (Tecolutla).xlsx,Production,
TEC-9,1989-10-01,cnh_monthly_pemex_era,780.0234664293406,510.0153434345688,562.3203578790223,31.0,31.0,25.162047304172276,0.3953488372093023,720.9018472907196,2328.0,2333.0,,appraisal_plan/Production (Tecolutla).xlsx,Production,
TEC-9,1989-11-01,cnh_monthly_pemex_era,760.0228647260242,490.01474173125246,110.45578458337937,30.0,30.0,25.334095490867472,0.39200000000000007,145.33218631941668,2328.0,2333.0,,appraisal_plan/Production (Tecolutla).xlsx,Production,
TEC-9,1989-12-01,cnh_monthly_pemex_era,780.0234664293406,510.0153434345688,110.45578458337937,31.0,31.0,25.162047304172276,0.3953488372093023,141.6057200035342,2328.0,2333.0,,appraisal_plan/Production (Tecolutla).xlsx,Production,
TEC-9,1990-01-01,cnh_monthly_pemex_era,940.0282800558721,620.0186528028092,110.45578458337937,31.0,31.0,30.323492905028132,0.3974358974358974,117.50261872633689,2328.0,2333.0,,appraisal_plan/Production (Tecolutla).xlsx,Production,
TEC-9,1990-02-01,cnh_monthly_pemex_era,880.0264749459228,580.0174493961764,311.28448382588726,28.0,28.0,31.429516962354388,0.3972602739726027,353.7217262071752,2328.0,2333.0,,appraisal_plan/Production (Tecolutla).xlsx,Production,
TEC-9,1990-03-01,cnh_monthly_pemex_era,940.0282800558721,620.0186528028092,401.65739848501585,30.0,31.0,30.323492905028132,0.3974358974358974,427.2822499139523,2328.0,2333.0,,appraisal_plan/Production (Tecolutla).xlsx,Production,
TEC-9,1990-05-01,cnh_monthly_pemex_era,60.001805109949274,90.00270766492392,20.082869924250794,3.0,31.0,1.9355421003209443,0.6,334.70442909926265,2328.0,2333.0,,appraisal_plan/Production (Tecolutla).xlsx,Production,
TEC-9,1990-06-01,cnh_monthly_pemex_era,570.0171485445181,850.0255723909481,251.03587405313493,30.0,30.0,19.000571618150605,0.5985915492957747,440.400564604293,2328.0,2333.0,,appraisal_plan/Production (Tecolutla).xlsx,Production,
TEC-9,1990-07-01,cnh_monthly_pemex_era,580.0174493961764,880.0264749459228,421.74026840926666,31.0,31.0,18.710240303102463,0.6027397260273972,727.1165183880532,2328.0,2333.0,,appraisal_plan/Production (Tecolutla).xlsx,Production,
TEC-9,1990-09-01,cnh_monthly_pemex_era,570.0171485445181,750.022563874366,210.87013420463333,30.0,30.0,19.000571618150605,0.5681818181818182,369.9364742676061,2328.0,2333.0,,appraisal_plan/Production (Tecolutla).xlsx,Production,
TEC-9,1990-10-01,cnh_monthly_pemex_era,510.0153434345688,140.00421192321497,220.91156916675874,27.0,31.0,16.452107852728027,0.21538461538461537,433.14690824610466,2328.0,2333.0,,appraisal_plan/Production (Tecolutla).xlsx,Production,
TEC-9,1990-11-01,cnh_monthly_pemex_era,570.0171485445181,60.001805109949274,321.3259187880127,30.0,30.0,19.000571618150605,0.09523809523809523,563.712722693495,2328.0,2333.0,,appraisal_plan/Production (Tecolutla).xlsx,Production,
TEC-9,1990-12-01,cnh_monthly_pemex_era,580.0174493961764,60.001805109949274,331.3673537501381,31.0,31.0,18.710240303102463,0.09374999999999999,571.3058358763276,2328.0,2333.0,,appraisal_plan/Production (Tecolutla).xlsx,Production,
TEC-9,1991-01-01,cnh_monthly_pemex_era,580.0174493961764,60.001805109949274,331.3673537501381,31.0,31.0,18.710240303102463,0.09374999999999999,571.3058358763276,2328.0,2333.0,,appraisal_plan/Production (Tecolutla).xlsx,Production,
TEC-9,1991-02-01,cnh_monthly_pemex_era,530.0159451378853,90.00270766492392,301.2430488637619,28.0,28.0,18.92914089778162,0.14516129032258063,568.3660116779931,2328.0,2333.0,,appraisal_plan/Production (Tecolutla).xlsx,Production,
TEC-9,1991-03-01,cnh_monthly_pemex_era,580.0174493961764,70.00210596160748,331.3673537501381,31.0,31.0,18.710240303102463,0.10769230769230767,571.3058358763276,2328.0,2333.0,,appraisal_plan/Production (Tecolutla).xlsx,Production,
TEC-9,1991-04-01,cnh_monthly_pemex_era,570.0171485445181,70.00210596160748,321.3259187880127,30.0,30.0,19.000571618150605,0.10937499999999999,563.712722693495,2328.0,2333.0,,appraisal_plan/Production (Tecolutla).xlsx,Production,
TEC-9,1991-05-01,cnh_monthly_pemex_era,610.018351951151,70.00210596160748,311.28448382588726,31.0,31.0,19.678011353262935,0.10294117647058822,510.28708043002337,2328.0,2333.0,,appraisal_plan/Production (Tecolutla).xlsx,Production,
TEC-9,1991-06-01,cnh_monthly_pemex_era,760.0228647260242,70.00210596160748,210.87013420463333,30.0,30.0,25.334095490867472,0.08433734939759036,277.4523557007046,2328.0,2333.0,,appraisal_plan/Production (Tecolutla).xlsx,Production,
TEC-9,1991-07-01,cnh_monthly_pemex_era,780.0234664293406,70.00210596160748,220.91156916675874,31.0,31.0,25.162047304172276,0.08235294117647057,283.2114400070684,2328.0,2333.0,,appraisal_plan/Production (Tecolutla).xlsx,Production,
TEC-9,1991-08-01,cnh_monthly_pemex_era,780.0234664293406,70.00210596160748,220.91156916675874,31.0,31.0,25.162047304172276,0.08235294117647057,283.2114400070684,2328.0,2333.0,,appraisal_plan/Production (Tecolutla).xlsx,Production,
TEC-9,1991-09-01,cnh_monthly_pemex_era,760.0228647260242,70.00210596160748,210.87013420463333,30.0,30.0,25.334095490867472,0.08433734939759036,277.4523557007046,2328.0,2333.0,,appraisal_plan/Production (Tecolutla).xlsx,Production,
TEC-9,1991-10-01,cnh_monthly_pemex_era,780.0234664293406,0.0,220.91156916675874,31.0,31.0,25.162047304172276,0.0,283.2114400070684,2328.0,2333.0,,appraisal_plan/Production (Tecolutla).xlsx,Production,
TEC-9,1991-11-01,cnh_monthly_pemex_era,760.0228647260242,140.00421192321497,210.87013420463333,30.0,30.0,25.334095490867472,0.15555555555555556,277.4523557007046,2328.0,2333.0,,appraisal_plan/Production (Tecolutla).xlsx,Production,
TEC-9,1991-12-01,cnh_monthly_pemex_era,780.0234664293406,320.0096272530628,220.91156916675874,31.0,31.0,25.162047304172276,0.2909090909090909,283.2114400070684,2328.0,2333.0,,appraisal_plan/Production (Tecolutla).xlsx,Production,
TEC-9,1992-01-01,cnh_monthly_pemex_era,780.0234664293406,290.0087246980882,220.91156916675874,31.0,31.0,25.162047304172276,0.2710280373831776,283.2114400070684,2328.0,2333.0,,appraisal_plan/Production (Tecolutla).xlsx,Production,
TEC-9,1992-02-01,cnh_monthly_pemex_era,730.0219621710496,110.00330936824035,200.82869924250792,29.0,29.0,25.173171109346537,0.13095238095238096,275.0995307665172,2328.0,2333.0,,appraisal_plan/Production (Tecolutla).xlsx,Production,
TEC-9,1992-03-01,cnh_monthly_pemex_era,780.0234664293406,120.00361021989855,220.91156916675874,31.0,31.0,25.162047304172276,0.13333333333333333,283.2114400070684,2328.0,2333.0,,appraisal_plan/Production (Tecolutla).xlsx,Production,
TEC-9,1992-04-01,cnh_monthly_pemex_era,760.0228647260242,110.00330936824035,210.87013420463333,30.0,30.0,25.334095490867472,0.12643678160919541,277.4523557007046,2328.0,2333.0,,appraisal_plan/Production (Tecolutla).xlsx,Production,
TEC-9,1992-05-01,cnh_monthly_pemex_era,780.0234664293406,120.00361021989855,220.91156916675874,31.0,31.0,25.162047304172276,0.13333333333333333,283.2114400070684,2328.0,2333.0,,appraisal_plan/Production (Tecolutla).xlsx,Production,
TEC-9,1992-06-01,cnh_monthly_pemex_era,760.0228647260242,60.001805109949274,210.87013420463333,30.0,30.0,25.334095490867472,0.07317073170731707,277.4523557007046,2328.0,2333.0,,appraisal_plan/Production (Tecolutla).xlsx,Production,
TEC-9,1992-07-01,cnh_monthly_pemex_era,780.0234664293406,120.00361021989855,220.91156916675874,31.0,31.0,25.162047304172276,0.13333333333333333,283.2114400070684,2328.0,2333.0,,appraisal_plan/Production (Tecolutla).xlsx,Production,
TEC-9,1992-08-01,cnh_monthly_pemex_era,780.0234664293406,120.00361021989855,220.91156916675874,31.0,31.0,25.162047304172276,0.13333333333333333,283.2114400070684,2328.0,2333.0,,appraisal_plan/Production (Tecolutla).xlsx,Production,
TEC-9,1992-09-01,cnh_monthly_pemex_era,760.0228647260242,110.00330936824035,210.87013420463333,30.0,30.0,25.334095490867472,0.12643678160919541,277.4523557007046,2328.0,2333.0,,appraisal_plan/Production (Tecolutla).xlsx,Production,
TEC-9,1992-10-01,cnh_monthly_pemex_era,780.0234664293406,110.00330936824035,220.91156916675874,31.0,31.0,25.162047304172276,0.12359550561797754,283.2114400070684,2328.0,2333.0,,appraisal_plan/Production (Tecolutla).xlsx,Production,
TEC-9,1992-11-01,cnh_monthly_pemex_era,760.0228647260242,110.00330936824035,210.87013420463333,30.0,30.0,25.334095490867472,0.12643678160919541,277.4523557007046,2328.0,2333.0,,appraisal_plan/Production (Tecolutla).xlsx,Production,
TEC-9,1992-12-01,cnh_monthly_pemex_era,780.0234664293406,120.00361021989855,220.91156916675874,31.0,31.0,25.162047304172276,0.13333333333333333,283.2114400070684,2328.0,2333.0,,appraisal_plan/Production (Tecolutla).xlsx,Production,
TEC-9,1993-01-01,cnh_monthly_pemex_era,780.0234664293406,120.00361021989855,220.91156916675874,31.0,31.0,25.162047304172276,0.13333333333333333,283.2114400070684,2328.0,2333.0,,appraisal_plan/Production (Tecolutla).xlsx,Production,
TEC-9,1993-02-01,cnh_monthly_pemex_era,180.00541532984784,30.000902554974637,361.4916586365143,28.0,28.0,6.428764833208851,0.14285714285714285,2008.2265745955758,2328.0,2333.0,,appraisal_plan/Production (Tecolutla).xlsx,Production,
TEC-9,1993-03-01,cnh_monthly_pemex_era,350.01052980803746,160.0048136265314,1385.7180247733047,28.0,31.0,11.290662251872176,0.31372549019607837,3959.07524705985,2328.0,2333.0,,appraisal_plan/Production (Tecolutla).xlsx,Production,
TEC-9,1993-04-01,cnh_monthly_pemex_era,380.0114323630121,210.00631788482247,1486.1323743945586,30.0,30.0,12.667047745433736,0.3559322033898305,3910.7570136861214,2328.0,2333.0,,appraisal_plan/Production (Tecolutla).xlsx,Production,
TEC-9,1993-05-01,cnh_monthly_pemex_era,390.0117332146703,350.01052980803746,1536.3395492051857,31.0,31.0,12.581023652086138,0.47297297297297297,3939.21366555286,2328.0,2333.0,,appraisal_plan/Production (Tecolutla).xlsx,Production,
TEC-9,1993-06-01,cnh_monthly_pemex_era,380.0114323630121,320.0096272530628,1486.1323743945586,30.0,30.0,12.667047745433736,0.45714285714285713,3910.7570136861214,2328.0,2333.0,,appraisal_plan/Production (Tecolutla).xlsx,Production,
TEC-9,1993-07-01,cnh_monthly_pemex_era,390.0117332146703,410.0123349179868,1536.3395492051857,31.0,31.0,12.581023652086138,0.5125000000000001,3939.21366555286,2328.0,2333.0,,appraisal_plan/Production (Tecolutla).xlsx,Production,
TEC-9,1993-08-01,cnh_monthly_pemex_era,390.0117332146703,740.0222630227078,1536.3395492051857,31.0,31.0,12.581023652086138,0.6548672566371682,3939.21366555286,2328.0,2333.0,,appraisal_plan/Production (Tecolutla).xlsx,Production,
TEC-9,1993-09-01,cnh_monthly_pemex_era,380.0114323630121,250.00752129145533,1486.1323743945586,30.0,30.0,12.667047745433736,0.39682539682539686,3910.7570136861214,2328.0,2333.0,,appraisal_plan/Production (Tecolutla).xlsx,Production,
TEC-9,1993-10-01,cnh_monthly_pemex_era,390.0117332146703,270.0081229947718,1536.3395492051857,31.0,31.0,12.581023652086138,0.4090909090909091,3939.21366555286,2328.0,2333.0,,appraisal_plan/Production (Tecolutla).xlsx,Production,
TEC-9,1993-11-01,cnh_monthly_pemex_era,380.0114323630121,260.0078221431136,1486.1323743945586,30.0,30.0,12.667047745433736,0.40625000000000006,3910.7570136861214,2328.0,2333.0,,appraisal_plan/Production (Tecolutla).xlsx,Production,
TEC-9,1993-12-01,cnh_monthly_pemex_era,390.0117332146703,650.0195553577838,1345.5522849248032,31.0,31.0,12.581023652086138,0.625,3450.0302691770153,2328.0,2333.0,,appraisal_plan/Production (Tecolutla).xlsx,Production,
TEC-9,1994-01-01,cnh_monthly_pemex_era,390.0117332146703,660.0198562094421,1315.427980038427,31.0,31.0,12.581023652086138,0.6285714285714287,3372.790785538724,2328.0,2333.0,,appraisal_plan/Production (Tecolutla).xlsx,Production,
TEC-9,1994-02-01,cnh_monthly_pemex_era,350.01052980803746,600.0180510994928,1194.9307604929222,28.0,28.0,12.500376064572766,0.631578947368421,3413.985176812479,2328.0,2333.0,,appraisal_plan/Production (Tecolutla).xlsx,Production,
TEC-9,1994-03-01,cnh_monthly_pemex_era,390.0117332146703,460.0138391762778,1315.427980038427,31.0,31.0,12.581023652086138,0.5411764705882353,3372.790785538724,2328.0,2333.0,,appraisal_plan/Production (Tecolutla).xlsx,Production,
TEC-9,1994-04-01,cnh_monthly_pemex_era,380.0114323630121,300.0090255497464,1275.2622401899253,30.0,30.0,12.667047745433736,0.44117647058823534,3355.852302284712,2328.0,2333.0,,appraisal_plan/Production (Tecolutla).xlsx,Production,
TEC-9,1994-05-01,cnh_monthly_pemex_era,390.0117332146703,320.0096272530628,1315.427980038427,31.0,31.0,12.581023652086138,0.45070422535211263,3372.790785538724,2328.0,2333.0,,appraisal_plan/Production (Tecolutla).xlsx,Production,
TEC-9,1994-06-01,cnh_monthly_pemex_era,380.0114323630121,300.0090255497464,1275.2622401899253,30.0,30.0,12.667047745433736,0.44117647058823534,3355.852302284712,2328.0,2333.0,,appraisal_plan/Production (Tecolutla).xlsx,Production,
TEC-9,1994-07-01,cnh_monthly_pemex_era,390.0117332146703,320.0096272530628,1315.427980038427,31.0,31.0,12.581023652086138,0.45070422535211263,3372.790785538724,2328.0,2333.0,,appraisal_plan/Production (Tecolutla).xlsx,Production,
TEC-9,1994-08-01,cnh_monthly_pemex_era,390.0117332146703,320.0096272530628,1315.427980038427,31.0,31.0,12.581023652086138,0.45070422535211263,3372.790785538724,2328.0,2333.0,,appraisal_plan/Production (Tecolutla).xlsx,Production,
TEC-9,1994-09-01,cnh_monthly_pemex_era,380.0114323630121,300.0090255497464,1275.2622401899253,30.0,30.0,12.667047745433736,0.44117647058823534,3355.852302284712,2328.0,2333.0,,appraisal_plan/Production (Tecolutla).xlsx,Production,
TEC-9,1994-10-01,cnh_monthly_pemex_era,390.0117332146703,320.0096272530628,1315.427980038427,31.0,31.0,12.581023652086138,0.45070422535211263,3372.790785538724,2328.0,2333.0,,appraisal_plan/Production (Tecolutla).xlsx,Production,
TEC-9,1994-11-01,cnh_monthly_pemex_era,440.0132374729614,400.01203406632857,933.8534514776619,29.0,30.0,14.66710791576538,0.4761904761904762,2122.330357243052,2328.0,2333.0,,appraisal_plan/Production (Tecolutla).xlsx,Production,
TEC-9,1994-12-01,cnh_monthly_pemex_era,720.0216613193913,480.0144408795942,552.2789229168968,31.0,31.0,23.226505203851335,0.39999999999999997,767.0309833524769,2328.0,2333.0,,appraisal_plan/Production (Tecolutla).xlsx,Production,
TEC-9,1995-01-01,cnh_monthly_pemex_era,580.0174493961764,490.01474173125246,552.2789229168968,31.0,31.0,18.710240303102463,0.45794392523364486,952.1763931272127,2328.0,2333.0,,appraisal_plan/Production (Tecolutla).xlsx,Production,
TEC-9,1995-02-01,cnh_monthly_pemex_era,530.0159451378853,440.0132374729614,492.03031314414443,28.0,28.0,18.92914089778162,0.45360824742268047,928.3311524073888,2328.0,2333.0,,appraisal_plan/Production (Tecolutla).xlsx,Production,
TEC-9,1995-03-01,cnh_monthly_pemex_era,610.018351951151,470.01414002793604,552.2789229168968,31.0,31.0,19.678011353262935,0.43518518518518523,905.3480459242352,2328.0,2333.0,,appraisal_plan/Production (Tecolutla).xlsx,Production,
TEC-9,1995-04-01,cnh_monthly_pemex_era,940.0282800558721,910.0273775008973,532.1960529926461,30.0,30.0,31.334276001862403,0.49189189189189186,566.1489811359869,2328.0,2333.0,,appraisal_plan/Production (Tecolutla).xlsx,Production,
TEC-9,1995-05-01,cnh_monthly_pemex_era,970.0291826108468,940.0282800558721,552.2789229168968,31.0,31.0,31.291263955188604,0.4921465968586387,569.34258558122,2328.0,2333.0,,appraisal_plan/Production (Tecolutla).xlsx,Production,
TEC-9,1995-06-01,cnh_monthly_pemex_era,910.0273775008973,1150.0345979406945,431.78170337139204,29.0,30.0,30.334245916696577,0.558252427184466,474.4711137780757,2328.0,2333.0,,appraisal_plan/Production (Tecolutla).xlsx,Production,
TEC-9,1995-07-01,cnh_monthly_pemex_era,970.0291826108468,1290.0388098639096,441.8231383335175,31.0,31.0,31.291263955188604,0.5707964601769911,455.47406846497597,2328.0,2333.0,,appraisal_plan/Production (Tecolutla).xlsx,Production,
TEC-9,1995-08-01,cnh_monthly_pemex_era,970.0291826108468,660.0198562094421,441.8231383335175,31.0,31.0,31.291263955188604,0.4049079754601227,455.47406846497597,2328.0,2333.0,,appraisal_plan/Production (Tecolutla).xlsx,Production,
TEC-9,1995-09-01,cnh_monthly_pemex_era,940.0282800558721,1250.0376064572768,421.74026840926666,30.0,30.0,31.334276001862403,0.5707762557077625,448.6463624096499,2328.0,2333.0,,appraisal_plan/Production (Tecolutla).xlsx,Production,
TEC-9,1995-10-01,cnh_monthly_pemex_era,970.0291826108468,1290.0388098639096,441.8231383335175,31.0,31.0,31.291263955188604,0.5707964601769911,455.47406846497597,2328.0,2333.0,,appraisal_plan/Production (Tecolutla).xlsx,Production,
TEC-9,1995-11-01,cnh_monthly_pemex_era,980.0294834625049,1690.0508439302382,421.74026840926666,30.0,30.0,32.66764944875016,0.6329588014981273,430.33426598476626,2328.0,2333.0,,appraisal_plan/Production (Tecolutla).xlsx,Production,
TEC-9,1995-12-01,cnh_monthly_pemex_era,970.0291826108468,1290.0388098639096,441.8231383335175,31.0,31.0,31.291263955188604,0.5707964601769911,455.47406846497597,2328.0,2333.0,,appraisal_plan/Production (Tecolutla).xlsx,Production,
TEC-9,1996-01-01,cnh_monthly_pemex_era,970.0291826108468,1290.0388098639096,662.7347075002762,31.0,31.0,31.291263955188604,0.5707964601769911,683.2111026974638,2328.0,2333.0,,appraisal_plan/Production (Tecolutla).xlsx,Production,
TEC-9,1996-02-01,cnh_monthly_pemex_era,910.0273775008973,1200.0361021989856,411.6988334471413,29.0,29.0,31.380254396582664,0.5687203791469195,452.402689881421,2328.0,2333.0,,appraisal_plan/Production (Tecolutla).xlsx,Production,
TEC-9,1996-03-01,cnh_monthly_pemex_era,970.0291826108468,620.0186528028092,441.8231383335175,31.0,31.0,31.291263955188604,0.38993710691823896,455.47406846497597,2328.0,2333.0,,appraisal_plan/Production (Tecolutla).xlsx,Production,
TEC-9,1996-04-01,cnh_monthly_pemex_era,940.0282800558721,0.0,361.4916586365143,30.0,30.0,31.334276001862403,0.0,384.55402492255706,2328.0,2333.0,,appraisal_plan/Production (Tecolutla).xlsx,Production,
TEC-9,1996-05-01,cnh_monthly_pemex_era,970.0291826108468,0.0,230.95300412888412,31.0,31.0,31.291263955188604,0.0,238.08871760669194,2328.0,2333.0,,appraisal_plan/Production (Tecolutla).xlsx,Production,
TEC-9,1996-06-01,cnh_monthly_pemex_era,940.0282800558721,0.0,230.95300412888412,30.0,30.0,31.334276001862403,0.0,245.68729370052256,2328.0,2333.0,,appraisal_plan/Production (Tecolutla).xlsx,Production,
TEC-9,1996-07-01,cnh_monthly_pemex_era,970.0291826108468,0.0,230.95300412888412,31.0,31.0,31.291263955188604,0.0,238.08871760669194,2328.0,2333.0,,appraisal_plan/Production (Tecolutla).xlsx,Production,
TEC-9,1996-08-01,cnh_monthly_pemex_era,860.0258732426063,0.0,230.95300412888412,31.0,31.0,27.742770104600204,0.0,268.5419256726642,2328.0,2333.0,,appraisal_plan/Production (Tecolutla).xlsx,Production,
TEC-9,1996-09-01,cnh_monthly_pemex_era,1180.0355004956693,0.0,230.95300412888412,30.0,30.0,39.33451668318898,0.0,195.71699667668744,2328.0,2333.0,,appraisal_plan/Production (Tecolutla).xlsx,Production,
TEC-9,1996-10-01,cnh_monthly_pemex_era,700.0210596160749,350.01052980803746,200.82869924250792,31.0,31.0,22.58132450374435,0.33333333333333337,286.8895106565108,2328.0,2333.0,,appraisal_plan/Production (Tecolutla).xlsx,Production,
TEC-9,1996-11-01,cnh_monthly_pemex_era,400.01203406632857,1130.0339962373782,150.62152443188094,30.0,30.0,13.33373446887762,0.7385620915032679,376.5424827366704,2328.0,2333.0,,appraisal_plan/Production (Tecolutla).xlsx,Production,
TEC-9,1996-12-01,cnh_monthly_pemex_era,400.01203406632857,1170.0351996440108,160.66295939400635,31.0,31.0,12.903614002139632,0.7452229299363057,401.64531491911515,2328.0,2333.0,,appraisal_plan/Production (Tecolutla).xlsx,Production,
TEC-9,1997-01-01,cnh_monthly_pemex_era,410.0123349179868,1170.0351996440108,160.66295939400635,31.0,31.0,13.226204352193122,0.7405063291139241,391.849087725966,2328.0,2333.0,,appraisal_plan/Production (Tecolutla).xlsx,Production,
TEC-9,1997-02-01,cnh_monthly_pemex_era,350.01052980803746,850.0255723909481,130.53865450763016,28.0,28.0,12.500376064572766,0.7083333333333333,372.9563638534641,2328.0,2333.0,,appraisal_plan/Production (Tecolutla).xlsx,Production,
TEC-9,1997-03-01,cnh_monthly_pemex_era,440.0132374729614,1160.0348987923528,170.70439435613173,31.0,31.0,14.193975402353594,0.725,387.952861001418,2328.0,2333.0,,appraisal_plan/Production (Tecolutla).xlsx,Production,
TEC-9,1997-04-01,cnh_monthly_pemex_era,450.01353832461956,1260.0379073089348,170.70439435613173,30.0,30.0,15.000451277487318,0.736842105263158,379.33168631249765,2328.0,2333.0,,appraisal_plan/Production (Tecolutla).xlsx,Production,
TEC-9,1997-05-01,cnh_monthly_pemex_era,470.01414002793604,1300.0391107155676,180.74582931825714,31.0,31.0,15.161746452514066,0.7344632768361582,384.55402492255706,2328.0,2333.0,,appraisal_plan/Production (Tecolutla).xlsx,Production,
TEC-9,1997-06-01,cnh_monthly_pemex_era,450.01353832461956,1260.0379073089348,170.70439435613173,29.0,30.0,15.000451277487318,0.736842105263158,379.33168631249765,2328.0,2333.0,,appraisal_plan/Production (Tecolutla).xlsx,Production,
TEC-9,1997-07-01,cnh_monthly_pemex_era,470.01414002793604,1300.0391107155676,331.3673537501381,31.0,31.0,15.161746452514066,0.7344632768361582,705.0157123580212,2328.0,2333.0,,appraisal_plan/Production (Tecolutla).xlsx,Production,
TEC-9,1997-08-01,cnh_monthly_pemex_era,470.01414002793604,1300.0391107155676,361.4916586365143,31.0,31.0,15.161746452514066,0.7344632768361582,769.1080498451141,2328.0,2333.0,,appraisal_plan/Production (Tecolutla).xlsx,Production,
TEC-9,1997-09-01,cnh_monthly_pemex_era,450.01353832461956,1300.0391107155676,351.4502236743889,30.0,30.0,15.000451277487318,0.7428571428571429,780.9770012316129,2328.0,2333.0,,appraisal_plan/Production (Tecolutla).xlsx,Production,
TEC-9,1997-10-01,cnh_monthly_pemex_era,470.01414002793604,1400.0421192321498,361.4916586365143,31.0,31.0,15.161746452514066,0.7486631016042781,769.1080498451141,2328.0,2333.0,,appraisal_plan/Production (Tecolutla).xlsx,Production,
TEC-9,1997-11-01,cnh_monthly_pemex_era,450.01353832461956,1350.0406149738587,351.4502236743889,30.0,30.0,15.000451277487318,0.75,780.9770012316129,2328.0,2333.0,,appraisal_plan/Production (Tecolutla).xlsx,Production,
TEC-9,1997-12-01,cnh_monthly_pemex_era,470.01414002793604,1400.0421192321498,361.4916586365143,31.0,31.0,15.161746452514066,0.7486631016042781,769.1080498451141,2328.0,2333.0,,appraisal_plan/Production (Tecolutla).xlsx,Production,
TEC-9,1998-01-01,cnh_monthly_pemex_era,460.0138391762778,1400.0421192321498,361.4916586365143,31.0,31.0,14.839156102460574,0.7526881720430108,785.8277900591384,2328.0,2333.0,,appraisal_plan/Production (Tecolutla).xlsx,Production,
TEC-9,1998-02-01,cnh_monthly_pemex_era,420.01263576964493,1260.0379073089348,321.3259187880127,28.0,28.0,15.000451277487318,0.75,765.038695084029,2328.0,2333.0,,appraisal_plan/Production (Tecolutla).xlsx,Production,
TEC-9,1998-03-01,cnh_monthly_pemex_era,460.0138391762778,1400.0421192321498,381.5745285607651,31.0,31.0,14.839156102460574,0.7526881720430108,829.4848895068683,2328.0,2333.0,,appraisal_plan/Production (Tecolutla).xlsx,Production,
TEC-9,1998-04-01,cnh_monthly_pemex_era,450.01353832461956,1350.0406149738587,391.61596352289047,30.0,30.0,15.000451277487318,0.75,870.2315156580829,2328.0,2333.0,,appraisal_plan/Production (Tecolutla).xlsx,Production,
TEC-9,1998-05-01,cnh_monthly_pemex_era,460.0138391762778,1400.0421192321498,401.65739848501585,31.0,31.0,14.839156102460574,0.7526881720430108,873.1419889545981,2328.0,2333.0,,appraisal_plan/Production (Tecolutla).xlsx,Production,
TEC-9,1998-06-01,cnh_monthly_pemex_era,450.01353832461956,1350.0406149738587,391.61596352289047,30.0,30.0,15.000451277487318,0.75,870.2315156580829,2328.0,2333.0,,appraisal_plan/Production (Tecolutla).xlsx,Production,
TEC-9,1998-07-01,cnh_monthly_pemex_era,460.0138391762778,1400.0421192321498,401.65739848501585,31.0,31.0,14.839156102460574,0.7526881720430108,873.1419889545981,2328.0,2333.0,,appraisal_plan/Production (Tecolutla).xlsx,Production,
TEC-9,1998-08-01,cnh_monthly_pemex_era,460.0138391762778,1400.0421192321498,401.65739848501585,31.0,31.0,14.839156102460574,0.7526881720430108,873.1419889545981,2328.0,2333.0,,appraisal_plan/Production (Tecolutla).xlsx,Production,
TEC-9,1998-09-01,cnh_monthly_pemex_era,450.01353832461956,1350.0406149738587,391.61596352289047,30.0,30.0,15.000451277487318,0.75,870.2315156580829,2328.0,2333.0,,appraisal_plan/Production (Tecolutla).xlsx,Production,
TEC-9,1998-10-01,cnh_monthly_pemex_era,430.01293662130314,2480.074611211237,401.65739848501585,31.0,31.0,13.871385052300102,0.852233676975945,934.058871904919,2328.0,2333.0,,appraisal_plan/Production (Tecolutla).xlsx,Production,
TEC-9,1998-11-01,cnh_monthly_pemex_era,360.01083065969567,4640.139595169411,391.61596352289047,30.0,30.0,12.000361021989855,0.9279999999999999,1087.7893945726037,2328.0,2333.0,,appraisal_plan/Production (Tecolutla).xlsx,Production,
TEC-9,1998-12-01,cnh_monthly_pemex_era,370.0111315113539,4800.144408795943,401.65739848501585,31.0,31.0,11.935842951979158,0.9284332688588008,1085.5278781597706,2328.0,2333.0,,appraisal_plan/Production (Tecolutla).xlsx,Production,
TEC-9,1999-01-01,cnh_monthly_pemex_era,540.0162459895436,5960.179307588295,712.9418823109031,29.0,31.0,17.419878902888502,0.916923076923077,1320.2230258915358,2328.0,2333.0,,appraisal_plan/Production (Tecolutla).xlsx,Production,
TEC-9,2003-06-01,cnh_monthly_pemex_era,1430.0430217871244,0.0,532.1960529926461,13.0,30.0,47.66810072623748,0.0,372.1538757117676,2328.0,2333.0,,appraisal_plan/Production (Tecolutla).xlsx,Production,
TEC-9,2003-07-01,cnh_monthly_pemex_era,3490.104997228716,0.0,1094.5164108716683,31.0,31.0,112.58403216866826,0.0,313.6055825657848,2328.0,2333.0,,appraisal_plan/Production (Tecolutla).xlsx,Production,
TEC-9,2003-08-01,cnh_monthly_pemex_era,3230.097175085603,0.0,722.9833172730285,31.0,31.0,104.19668306727752,0.0,223.82711048124065,2328.0,2333.0,,appraisal_plan/Production (Tecolutla).xlsx,Production,
TEC-9,2003-09-01,cnh_monthly_pemex_era,2890.0869461292236,0.0,793.2733620079064,30.0,30.0,96.33623153764078,0.0,274.4807947976652,2328.0,2333.0,,appraisal_plan/Production (Tecolutla).xlsx,Production,
TEC-9,2003-10-01,cnh_monthly_pemex_era,2990.089954645806,0.0,833.4391018564079,31.0,31.0,96.45451466599374,0.0,278.73378878166017,2328.0,2333.0,,appraisal_plan/Production (Tecolutla).xlsx,Production,
TEC-9,2003-11-01,cnh_monthly_pemex_era,2890.0869461292236,0.0,431.78170337139204,30.0,30.0,96.33623153764078,0.0,149.4009389405013,2328.0,2333.0,,appraisal_plan/Production (Tecolutla).xlsx,Production,
TEC-9,2003-12-01,cnh_monthly_pemex_era,2950.088751239173,0.0,622.5689676517745,31.0,31.0,95.16415326577977,0.0,211.03397902529778,2328.0,2333.0,,appraisal_plan/Production (Tecolutla).xlsx,Production,
TEC-9,2004-01-01,cnh_monthly_pemex_era,2850.085742722591,0.0,883.646276667035,31.0,31.0,91.93824976524488,0.0,310.04199748142224,2328.0,2333.0,,appraisal_plan/Production (Tecolutla).xlsx,Production,
TEC-9,2004-02-01,cnh_monthly_pemex_era,2360.0710009913387,0.0,652.6932725381507,29.0,29.0,81.38175865487375,0.0,276.5566257387975,2328.0,2333.0,,appraisal_plan/Production (Tecolutla).xlsx,Production,
TEC-9,2004-03-01,cnh_monthly_pemex_era,2460.0740095079204,0.0,632.6104026139,31.0,31.0,79.35722611315872,0.0,257.1509638201652,2328.0,2333.0,,appraisal_plan/Production (Tecolutla).xlsx,Production,
TEC-9,2004-04-01,cnh_monthly_pemex_era,2380.0716026946548,0.0,612.5275326896492,30.0,30.0,79.33572008982182,0.0,257.3567669124583,2328.0,2333.0,,appraisal_plan/Production (Tecolutla).xlsx,Production,
TEC-9,2004-05-01,cnh_monthly_pemex_era,2460.0740095079204,0.0,622.5689676517745,31.0,31.0,79.35722611315872,0.0,253.06920248968635,2328.0,2333.0,,appraisal_plan/Production (Tecolutla).xlsx,Production,
TEC-9,2004-06-01,cnh_monthly_pemex_era,2380.0716026946548,0.0,461.90600825776824,30.0,30.0,79.33572008982182,0.0,194.07231603234555,2328.0,2333.0,,appraisal_plan/Production (Tecolutla).xlsx,Production,
TEC-9,2004-07-01,cnh_monthly_pemex_era,2460.0740095079204,0.0,240.99443909100953,31.0,31.0,79.35722611315872,0.0,97.9622719314915,2328.0,2333.0,,appraisal_plan/Production (Tecolutla).xlsx,Production,
TEC-9,2004-08-01,cnh_monthly_pemex_era,2450.073708656262,0.0,190.78726428038254,31.0,31.0,79.03463576310523,0.0,77.87001003533867,2328.0,2333.0,,appraisal_plan/Production (Tecolutla).xlsx,Production,
TEC-9,2004-09-01,cnh_monthly_pemex_era,2380.0716026946548,0.0,180.74582931825714,30.0,30.0,79.33572008982182,0.0,75.94134105613522,2328.0,2333.0,,appraisal_plan/Production (Tecolutla).xlsx,Production,
TEC-9,2004-10-01,cnh_monthly_pemex_era,2460.0740095079204,0.0,230.95300412888412,31.0,31.0,79.35722611315872,0.0,93.88051060101269,2328.0,2333.0,,appraisal_plan/Production (Tecolutla).xlsx,Production,
TEC-9,2004-11-01,cnh_monthly_pemex_era,2380.0716026946548,0.0,180.74582931825714,30.0,30.0,79.33572008982182,0.0,75.94134105613522,2328.0,2333.0,,appraisal_plan/Production (Tecolutla).xlsx,Production,
TEC-9,2004-12-01,cnh_monthly_pemex_era,2390.071903546313,0.0,431.78170337139204,31.0,31.0,77.09909366278428,0.0,180.65636549709154,2328.0,2333.0,,appraisal_plan/Production (Tecolutla).xlsx,Production,
TEC-9,2005-01-01,cnh_monthly_pemex_era,3230.097175085603,0.0,1425.8837646218062,31.0,31.0,104.19668306727752,0.0,441.4368012268913,2328.0,2333.0,,appraisal_plan/Production (Tecolutla).xlsx,Production,
TEC-9,2005-02-01,cnh_monthly_pemex_era,2950.088751239173,0.0,1295.3451101141761,28.0,28.0,105.36031254425617,0.0,439.0868273268293,2328.0,2333.0,,appraisal_plan/Production (Tecolutla).xlsx,Production,
TEC-9,2005-03-01,cnh_monthly_pemex_era,3190.09597167897,0.0,1415.842329659681,31.0,31.0,102.90632166706354,0.0,443.82436836673384,2328.0,2333.0,,appraisal_plan/Production (Tecolutla).xlsx,Production,
TEC-9,2005-04-01,cnh_monthly_pemex_era,3120.0938657173624,0.0,1385.7180247733047,30.0,30.0,104.00312885724541,0.0,444.12703092017546,2328.0,2333.0,,appraisal_plan/Production (Tecolutla).xlsx,Production,
TEC-9,2005-05-01,cnh_monthly_pemex_era,3220.0968742339446,0.0,1425.8837646218062,31.0,31.0,103.87409271722402,0.0,442.80772296983196,2328.0,2333.0,,appraisal_plan/Production (Tecolutla).xlsx,Production,
TEC-9,2005-06-01,cnh_monthly_pemex_era,3120.0938657173624,0.0,1385.7180247733047,30.0,30.0,104.00312885724541,0.0,444.12703092017546,2328.0,2333.0,,appraisal_plan/Production (Tecolutla).xlsx,Production,
TEC-9,2005-07-01,cnh_monthly_pemex_era,2110.063479699883,2120.063780551541,1064.3921059852921,31.0,31.0,68.06656386128654,0.5011820330969268,504.4360590216376,2328.0,2333.0,,appraisal_plan/Production (Tecolutla).xlsx,Production,
TEC-9,2005-08-01,cnh_monthly_pemex_era,1460.0439243420992,2130.0640814031995,943.8948864397873,31.0,31.0,47.098191107809654,0.5933147632311978,646.4838973013156,2328.0,2333.0,,appraisal_plan/Production (Tecolutla).xlsx,Production,
TEC-9,2005-09-01,cnh_monthly_pemex_era,1750.0526490401871,2880.0866452775654,702.9004473487778,30.0,30.0,58.335088301339574,0.6220302375809935,401.6453149191152,2328.0,2333.0,,appraisal_plan/Production (Tecolutla).xlsx,Production,
TEC-9,2005-10-01,cnh_monthly_pemex_era,1230.0370047539602,1040.0312885724543,652.6932725381507,27.0,31.0,39.67861305657936,0.4581497797356829,530.6289729622456,2328.0,2333.0,,appraisal_plan/Production (Tecolutla).xlsx,Production,
TEC-9,2005-11-01,cnh_monthly_pemex_era,1370.0412166771753,950.0285809075302,763.1490571215302,30.0,30.0,45.66804055590584,0.4094827586206896,557.0263491578969,2328.0,2333.0,,appraisal_plan/Production (Tecolutla).xlsx,Production,
TEC-9,2005-12-01,cnh_monthly_pemex_era,1760.0529498918456,1010.0303860174795,1024.2263661367906,31.0,31.0,56.775901609414376,0.36462093862815886,581.9292915021272,2328.0,2333.0,,appraisal_plan/Production (Tecolutla).xlsx,Production,
TEC-9,2006-01-01,cnh_monthly_pemex_era,1830.055055853453,1130.0339962373782,1044.3092360610412,31.0,31.0,59.03403405978881,0.38175675675675674,570.6436168249724,2328.0,2333.0,,appraisal_plan/Production (Tecolutla).xlsx,Production,
TEC-9,2006-02-01,cnh_monthly_pemex_era,1410.042420083808,950.0285809075302,813.3562319321571,28.0,28.0,50.358657860136006,0.4025423728813559,576.8310373838357,2328.0,2333.0,,appraisal_plan/Production (Tecolutla).xlsx,Production,
TEC-9,2006-03-01,cnh_monthly_pemex_era,1580.0475345619977,1120.0336953857197,1024.2263661367906,30.0,31.0,50.96927530845154,0.4148148148148148,648.2250335719897,2328.0,2333.0,,appraisal_plan/Production (Tecolutla).xlsx,Production,
TEC-9,2006-04-01,cnh_monthly_pemex_era,1340.0403141222007,1060.0318902757706,1215.0136304171729,30.0,30.0,44.66801047074002,0.44166666666666665,906.6993116644202,2328.0,2333.0,,appraisal_plan/Production (Tecolutla).xlsx,Production,
TEC-9,2006-05-01,cnh_monthly_pemex_era,1380.0415175288333,1010.0303860174795,1064.3921059852921,31.0,31.0,44.51746830738172,0.4225941422594143,771.2754235765619,2328.0,2333.0,,appraisal_plan/Production (Tecolutla).xlsx,Production,
TEC-9,2006-06-01,cnh_monthly_pemex_era,1470.0442251937573,910.0273775008973,2138.82564693271,30.0,30.0,49.00147417312524,0.3823529411764705,1454.9396611865911,2328.0,2333.0,,appraisal_plan/Production (Tecolutla).xlsx,Production,
TEC-9,2006-07-01,cnh_monthly_pemex_era,1400.0421192321498,940.0282800558721,2600.731655190478,31.0,31.0,45.1626490074887,0.4017094017094018,1857.6095815009076,2328.0,2333.0,,appraisal_plan/Production (Tecolutla).xlsx,Production,
TEC-9,2006-08-01,cnh_monthly_pemex_era,920.0276783525557,520.0156442862271,2299.488606326716,31.0,31.0,29.67831220492115,0.36111111111111116,2499.3689433825375,2328.0,2333.0,,appraisal_plan/Production (Tecolutla).xlsx,Production,
TEC-9,2006-09-01,cnh_monthly_pemex_era,1150.0345979406945,580.0174493961764,1546.380984167311,30.0,30.0,38.334486598023155,0.3352601156069364,1344.6386629900812,2328.0,2333.0,,appraisal_plan/Production (Tecolutla).xlsx,Production,
TEC-9,2006-10-01,cnh_monthly_pemex_era,920.0276783525557,540.0162459895436,481.98887818201905,31.0,31.0,29.67831220492115,0.36986301369863017,523.8851933727589,2328.0,2333.0,,appraisal_plan/Production (Tecolutla).xlsx,Production,
TEC-9,2006-11-01,cnh_monthly_pemex_era,740.0222630227078,450.01353832461956,411.6988334471413,30.0,30.0,24.66740876742359,0.37815126050420167,556.3330375568826,2328.0,2333.0,,appraisal_plan/Production (Tecolutla).xlsx,Production,
TEC-9,2006-12-01,cnh_monthly_pemex_era,780.0234664293406,470.01414002793604,441.8231383335175,31.0,31.0,25.162047304172276,0.37600000000000006,566.4228800141368,2328.0,2333.0,,appraisal_plan/Production (Tecolutla).xlsx,Production,
TEC-9,2007-01-01,cnh_monthly_pemex_era,780.0234664293406,490.01474173125246,441.8231383335175,31.0,31.0,25.162047304172276,0.38582677165354334,566.4228800141368,2328.0,2333.0,,appraisal_plan/Production (Tecolutla).xlsx,Production,
TEC-9,2007-02-01,cnh_monthly_pemex_era,700.0210596160749,440.0132374729614,421.74026840926666,28.0,28.0,25.000752129145532,0.3859649122807018,602.4679723786728,2328.0,2333.0,,appraisal_plan/Production (Tecolutla).xlsx,Production,
TEC-9,2007-03-01,cnh_monthly_pemex_era,790.0237672809989,380.0114323630121,421.74026840926666,31.0,31.0,25.48463765422577,0.3247863247863248,533.8323805886973,2328.0,2333.0,,appraisal_plan/Production (Tecolutla).xlsx,Production,
TEC-9,2007-04-01,cnh_monthly_pemex_era,800.0240681326571,350.01052980803746,361.4916586365143,29.0,30.0,26.66746893775524,0.30434782608695654,451.8509792840045,2328.0,2333.0,,appraisal_plan/Production (Tecolutla).xlsx,Production,
TEC-9,2007-05-01,cnh_monthly_pemex_era,980.0294834625049,590.0177502478347,411.6988334471413,31.0,31.0,31.613854305242093,0.37579617834394907,420.088212032748,2328.0,2333.0,,appraisal_plan/Production (Tecolutla).xlsx,Production,
TEC-9,2007-06-01,cnh_monthly_pemex_era,970.0291826108468,480.0144408795942,471.94744321989367,30.0,30.0,32.334306087028224,0.33103448275862063,486.52911858758796,2328.0,2333.0,,appraisal_plan/Production (Tecolutla).xlsx,Production,
TEC-9,2007-07-01,cnh_monthly_pemex_era,850.0255723909481,400.01203406632857,492.03031314414443,31.0,31.0,27.420179754546712,0.32,578.8417773834307,2328.0,2333.0,,appraisal_plan/Production (Tecolutla).xlsx,Production,
TEC-9,2007-08-01,cnh_monthly_pemex_era,1030.030987720796,460.0138391762778,803.3147969700317,31.0,31.0,33.22680605550955,0.3087248322147651,779.8938153769226,2328.0,2333.0,,appraisal_plan/Production (Tecolutla).xlsx,Production,
TEC-9,2007-09-01,cnh_monthly_pemex_era,980.0294834625049,660.0198562094421,622.5689676517745,30.0,30.0,32.66764944875016,0.40243902439024387,635.2553450251311,2328.0,2333.0,,appraisal_plan/Production (Tecolutla).xlsx,Production,
TEC-9,2007-10-01,cnh_monthly_pemex_era,1110.0333945340617,730.0219621710496,220.91156916675874,31.0,31.0,35.80752885593748,0.3967391304347826,199.0134443292913,2328.0,2333.0,,appraisal_plan/Production (Tecolutla).xlsx,Production,
TEC-9,2007-11-01,cnh_monthly_pemex_era,1030.030987720796,610.018351951151,210.87013420463333,30.0,30.0,34.33436625735987,0.37195121951219506,204.72212653644218,2328.0,2333.0,,appraisal_plan/Production (Tecolutla).xlsx,Production,
TEC-9,2007-12-01,cnh_monthly_pemex_era,1030.030987720796,510.0153434345688,190.78726428038254,31.0,31.0,33.22680605550955,0.3311688311688311,185.22478115201912,2328.0,2333.0,,appraisal_plan/Production (Tecolutla).xlsx,Production,
TEC-9,2008-01-01,cnh_monthly_pemex_era,830.0249706876317,370.0111315113539,120.49721954550476,21.0,31.0,26.774999054439732,0.3083333333333333,145.17300539245127,2328.0,2333.0,,appraisal_plan/Production (Tecolutla).xlsx,Production,
TEC-9,2008-02-01,cnh_monthly_pemex_era,190.00571618150605,140.00421192321497,40.16573984850159,6.0,29.0,6.551921247638139,0.42424242424242425,211.39227101006063,2328.0,2333.0,,appraisal_plan/Production (Tecolutla).xlsx,Production,
TEC-9,2008-03-01,cnh_monthly_pemex_era,940.0282800558721,740.0222630227078,331.3673537501381,31.0,31.0,30.323492905028132,0.44047619047619047,352.5078561790106,2328.0,2333.0,,appraisal_plan/Production (Tecolutla).xlsx,Production,
TEC-9,2008-04-01,cnh_monthly_pemex_era,550.0165468412017,200.00601703316428,200.82869924250792,17.0,30.0,18.333884894706724,0.26666666666666666,365.13210447192284,2328.0,2333.0,,appraisal_plan/Production (Tecolutla).xlsx,Production,
TEC-9,2008-06-01,cnh_monthly_pemex_era,290.0087246980882,200.00601703316428,160.66295939400635,9.0,30.0,9.666957489936273,0.40816326530612246,553.9935378194692,2328.0,2333.0,,appraisal_plan/Production (Tecolutla).xlsx,Production,
TEC-9,2008-07-01,cnh_monthly_pemex_era,1310.039411567226,870.0261740942647,1054.3506710231668,31.0,31.0,42.25933585700729,0.39908256880733955,804.8236272234179,2328.0,2333.0,,appraisal_plan/Production (Tecolutla).xlsx,Production,
TEC-9,2008-08-01,cnh_monthly_pemex_era,760.0228647260242,1290.0388098639096,612.5275326896492,31.0,31.0,24.516866604065296,0.6292682926829268,805.9330332258562,2328.0,2333.0,,appraisal_plan/Production (Tecolutla).xlsx,Production,
TEC-9,2008-09-01,cnh_monthly_pemex_era,620.0186528028092,1270.038208160593,652.6932725381507,30.0,30.0,20.667288426760308,0.6719576719576719,1052.6994141025195,2328.0,2333.0,,appraisal_plan/Production (Tecolutla).xlsx,Production,
TEC-9,2008-10-01,cnh_monthly_pemex_era,620.0186528028092,1360.040915825517,974.0191913261635,31.0,31.0,20.000601703316427,0.6868686868686869,1570.951433352991,2328.0,2333.0,,appraisal_plan/Production (Tecolutla).xlsx,Production,
TEC-9,2008-11-01,cnh_monthly_pemex_era,670.0201570611003,1370.0412166771753,953.9363214019127,30.0,30.0,22.33400523537001,0.6715686274509804,1423.7427207953708,2328.0,2333.0,,appraisal_plan/Production (Tecolutla).xlsx,Production,
TEC-9,2008-12-01,cnh_monthly_pemex_era,730.0219621710496,1490.0448268970738,1596.588158977938,31.0,31.0,23.549095553904827,0.6711711711711712,2187.041269593812,2328.0,2333.0,,appraisal_plan/Production (Tecolutla).xlsx,Production,
TEC-9,2009-01-01,cnh_monthly_pemex_era,560.0168476928599,1380.0415175288333,1516.2566792809348,31.0,31.0,18.06505960299548,0.7113402061855669,2707.5197568208214,2328.0,2333.0,,appraisal_plan/Production (Tecolutla).xlsx,Production,
TEC-9,2009-02-01,cnh_monthly_pemex_era,430.01293662130314,1240.0373056056185,1435.9251995839318,28.0,28.0,15.357604879332255,0.7425149700598802,3339.260467060086,2328.0,2333.0,,appraisal_plan/Production (Tecolutla).xlsx,Production,
TEC-9,2009-03-01,cnh_monthly_pemex_era,520.0156442862271,1490.0448268970738,1556.4224191294365,31.0,31.0,16.774698202781522,0.7412935323383084,2993.029990983791,2328.0,2333.0,,appraisal_plan/Production (Tecolutla).xlsx,Production,
TEC-9,2009-04-01,cnh_monthly_pemex_era,400.01203406632857,480.0144408795942,662.7347075002762,24.0,30.0,13.33373446887762,0.5454545454545454,1656.78692404135,2328.0,2333.0,,appraisal_plan/Production (Tecolutla).xlsx,Production,
TEC-9,2009-05-01,cnh_monthly_pemex_era,730.0219621710496,640.0192545061255,612.5275326896492,31.0,31.0,23.549095553904827,0.4671532846715328,839.0535688378776,2328.0,2333.0,,appraisal_plan/Production (Tecolutla).xlsx,Production,
TEC-9,2009-06-01,cnh_monthly_pemex_era,1070.0321911274286,2600.0782214311353,1255.1793702656746,30.0,30.0,35.66773970424762,0.7084468664850136,1173.0295412357336,2328.0,2333.0,,appraisal_plan/Production (Tecolutla).xlsx,Production,
TEC-9,2009-07-01,cnh_monthly_pemex_era,1100.0330936824034,2780.0836367609836,1405.8008946975556,31.0,31.0,35.48493850588398,0.7164948453608248,1277.9623656517301,2328.0,2333.0,,appraisal_plan/Production (Tecolutla).xlsx,Production,
TEC-9,2009-08-01,cnh_monthly_pemex_era,750.022563874366,3770.1134210751466,733.024752235154,31.0,31.0,24.194276254011807,0.8340707964601769,977.336932969847,2328.0,2333.0,,appraisal_plan/Production (Tecolutla).xlsx,Production,
TEC-9,2009-09-01,cnh_monthly_pemex_era,620.0186528028092,2060.061975441592,271.11874397738575,30.0,30.0,20.667288426760308,0.7686567164179104,437.2751412425851,2328.0,2333.0,,appraisal_plan/Production (Tecolutla).xlsx,Production,
TEC-9,2009-10-01,cnh_monthly_pemex_era,490.01474173125246,1670.0502422269215,271.11874397738575,24.0,31.0,15.806927152621046,0.7731481481481481,553.2869134089852,2328.0,2333.0,,appraisal_plan/Production (Tecolutla).xlsx,Production,
TEC-9,2009-11-01,cnh_monthly_pemex_era,120.00361021989855,270.0081229947718,40.16573984850159,6.0,30.0,4.000120340663285,0.6923076923076923,334.70442909926265,2328.0,2333.0,,appraisal_plan/Production (Tecolutla).xlsx,Production,
TEC-9,2009-12-01,cnh_monthly_pemex_era,510.0153434345688,1780.053551595162,220.91156916675874,31.0,31.0,16.452107852728027,0.777292576419214,433.14690824610466,2328.0,2333.0,,appraisal_plan/Production (Tecolutla).xlsx,Production,
TEC-9,2010-01-01,cnh_monthly_pemex_era,490.01474173125246,2060.061975441592,210.87013420463333,31.0,31.0,15.806927152621046,0.807843137254902,430.33426598476626,2328.0,2333.0,,appraisal_plan/Production (Tecolutla).xlsx,Production,
TEC-9,2010-02-01,cnh_monthly_pemex_era,410.0123349179868,1550.0466320070232,180.74582931825714,28.0,28.0,14.643297675642385,0.7908163265306123,440.8302236917117,2328.0,2333.0,,appraisal_plan/Production (Tecolutla).xlsx,Production,
TEC-9,2010-03-01,cnh_monthly_pemex_era,510.0153434345688,1580.0475345619977,281.1601789395111,31.0,31.0,16.452107852728027,0.7559808612440192,551.277883222315,2328.0,2333.0,,appraisal_plan/Production (Tecolutla).xlsx,Production,
TEC-9,2010-04-01,cnh_monthly_pemex_era,610.018351951151,2020.060772034959,331.3673537501381,30.0,30.0,20.333945065038368,0.7680608365019012,543.208827554541,2328.0,2333.0,,appraisal_plan/Production (Tecolutla).xlsx,Production,
TEC-9,2010-05-01,cnh_monthly_pemex_era,600.0180510994928,1920.0577635183768,813.3562319321571,31.0,31.0,19.355421003209447,0.7619047619047619,1355.5529378520137,2328.0,2333.0,,appraisal_plan/Production (Tecolutla).xlsx,Production,
TEC-9,2010-06-01,cnh_monthly_pemex_era,540.0162459895436,1220.036703902302,853.5219717806588,30.0,30.0,18.000541532984787,0.6931818181818182,1580.5486929687404,2328.0,2333.0,,appraisal_plan/Production (Tecolutla).xlsx,Production,
TEC-9,2010-07-01,cnh_monthly_pemex_era,860.0258732426063,1350.0406149738587,913.7705815534111,31.0,31.0,27.742770104600204,0.6108597285067873,1062.4919667918455,2328.0,2333.0,,appraisal_plan/Production (Tecolutla).xlsx,Production,
TEC-9,2010-08-01,cnh_monthly_pemex_era,870.0261740942647,1350.0406149738587,1215.0136304171729,31.0,31.0,28.0653604546537,0.6081081081081081,1396.5253765865782,2328.0,2333.0,,appraisal_plan/Production (Tecolutla).xlsx,Production,
TEC-9,2010-09-01,cnh_monthly_pemex_era,500.01504258291067,1180.0355004956693,753.1076221594047,22.0,30.0,16.66716808609702,0.7023809523809524,1506.169930946682,2328.0,2333.0,,appraisal_plan/Production (Tecolutla).xlsx,Production,
TEC-9,2010-10-01,cnh_monthly_pemex_era,710.0213604677331,1630.0490388202886,933.8534514776619,31.0,31.0,22.90391485379784,0.6965811965811965,1315.2469819534408,2328.0,2333.0,,appraisal_plan/Production (Tecolutla).xlsx,Production,
TEC-9,2010-11-01,cnh_monthly_pemex_era,790.0237672809989,1850.0556575567693,492.03031314414443,30.0,30.0,26.334125576033294,0.7007575757575757,622.8044440201469,2328.0,2333.0,,appraisal_plan/Production (Tecolutla).xlsx,Production,
TEC-9,2010-12-01,cnh_monthly_pemex_era,700.0210596160749,1600.0481362653143,562.3203578790223,31.0,31.0,22.58132450374435,0.6956521739130436,803.2906298382304,2328.0,2333.0,,appraisal_plan/Production (Tecolutla).xlsx,Production,
TEC-9,2011-01-01,cnh_monthly_pemex_era,830.0249706876317,1560.0469328586812,712.9418823109031,31.0,31.0,26.774999054439732,0.6527196652719665,858.9402819053366,2328.0,2333.0,,appraisal_plan/Production (Tecolutla).xlsx,Production,
TEC-9,2011-02-01,cnh_monthly_pemex_era,880.0264749459228,1430.0430217871244,622.5689676517745,28.0,28.0,31.429516962354388,0.619047619047619,707.4434524143504,2328.0,2333.0,,appraisal_plan/Production (Tecolutla).xlsx,Production,
TEC-9,2011-03-01,cnh_monthly_pemex_era,540.0162459895436,1170.0351996440108,481.98887818201905,31.0,31.0,17.419878902888502,0.6842105263157894,892.5451442647003,2328.0,2333.0,,appraisal_plan/Production (Tecolutla).xlsx,Production,
TEC-9,2011-04-01,cnh_monthly_pemex_era,220.0066187364807,1150.0345979406945,291.2016139016365,30.0,30.0,7.33355395788269,0.8394160583941606,1323.6038787107204,2328.0,2333.0,,appraisal_plan/Production (Tecolutla).xlsx,Production,
TEC-9,2011-05-01,cnh_monthly_pemex_era,260.0078221431136,320.0096272530628,492.03031314414443,17.0,31.0,8.387349101390761,0.5517241379310345,1892.3673491381385,2328.0,2333.0,,appraisal_plan/Production (Tecolutla).xlsx,Production,
TEC-9,2011-08-01,cnh_monthly_pemex_era,410.0123349179868,240.0072204397971,401.65739848501585,9.0,31.0,13.226204352193122,0.36923076923076914,979.6227193149149,2328.0,2333.0,,appraisal_plan/Production (Tecolutla).xlsx,Production,
TEC-9,2012-02-01,cnh_monthly_pemex_era,330.00992810472104,1190.0358013473274,200.82869924250792,18.0,29.0,11.379652693266243,0.7828947368421053,608.5535074532047,2328.0,2333.0,,appraisal_plan/Production (Tecolutla).xlsx,Production,
TEC-9,2012-03-01,cnh_monthly_pemex_era,360.01083065969567,1440.0433226387827,140.58008946975556,31.0,31.0,11.613252601925668,0.7999999999999999,390.48850061580646,2328.0,2333.0,,appraisal_plan/Production (Tecolutla).xlsx,Production,
TEC-9,2012-04-01,cnh_monthly_pemex_era,1050.0315894241123,1430.0430217871244,291.2016139016365,30.0,30.0,35.00105298080374,0.5766129032258065,277.3265269679605,2328.0,2333.0,,appraisal_plan/Production (Tecolutla).xlsx,Production,
TEC-9,2012-05-01,cnh_monthly_pemex_era,1370.0412166771753,1530.0460303037066,502.07174810626987,31.0,31.0,44.19487795732824,0.5275862068965517,366.46470339335326,2328.0,2333.0,,appraisal_plan/Production (Tecolutla).xlsx,Production,
TEC-9,2012-06-01,cnh_monthly_pemex_era,1170.0351996440108,1430.0430217871244,471.94744321989367,30.0,30.0,39.00117332146703,0.55,403.361747888855,2328.0,2333.0,,appraisal_plan/Production (Tecolutla).xlsx,Production,
TEC-9,2012-07-01,cnh_monthly_pemex_era,1010.0303860174795,1240.0373056056185,401.65739848501585,26.0,31.0,32.581625355402565,0.5511111111111112,397.6686286327873,2328.0,2333.0,,appraisal_plan/Production (Tecolutla).xlsx,Production,
