mMD,mTVD,mSS,inclination_deg,north_m,east_m,vs_m,dominant,grainstone_pct,mudwack_pct,oil_show
40.5,40.49920743639922,35.799207436399215,0.05151663405088063,-0.056272015655577295,-0.22271037181996087,0.22970948927313986,gravel,0.0,0.0,none
41.5,41.49918786692759,36.79918786692759,0.05278864970645793,-0.05766144814090019,-0.22820939334637966,0.23538132851445195,gravel,0.0,0.0,none
42.5,42.49916829745597,37.799168297455964,0.05406066536203523,-0.05905088062622309,-0.23370841487279845,0.24105316775576405,gravel,0.0,0.0,none
43.5,43.49914872798434,38.79914872798434,0.05533268101761253,-0.06044031311154598,-0.23920743639921724,0.24672500699707614,gravel,0.0,0.0,none
44.5,44.499129158512716,39.79912915851271,0.056604696673189826,-0.06182974559686888,-0.244706457925636,0.2523968462383882,gravel,0.0,0.0,none
45.5,45.4991095890411,40.799109589041095,0.05787671232876713,-0.06321917808219177,-0.2502054794520548,0.2580686854797003,shale,0.0,0.0,none
46.5,46.49909001956947,41.79909001956947,0.05914872798434443,-0.06460861056751467,-0.2557045009784736,0.26374052472101245,shale,0.0,0.0,none
47.5,47.49907045009785,42.799070450097844,0.060420743639921726,-0.06599804305283756,-0.26120352250489237,0.26941236396232454,shale,0.0,0.0,none
48.5,48.49905088062622,43.79905088062622,0.06169275929549903,-0.06738747553816046,-0.26670254403131116,0.27508420320363663,shale,0.0,0.0,none
49.5,49.499031311154596,44.79903131115459,0.06296477495107633,-0.06877690802348337,-0.27220156555772995,0.28075604244494873,shale,0.0,0.0,none
50.5,50.49901174168297,45.79901174168297,0.06423679060665363,-0.07016634050880625,-0.27770058708414874,0.2864278816862608,shale,0.0,0.0,none
51.5,51.49899217221135,46.79899217221135,0.06550880626223092,-0.07155577299412916,-0.28319960861056753,0.2920997209275729,shale,0.0,0.0,none
52.5,52.49897260273973,47.798972602739724,0.06678082191780822,-0.07294520547945205,-0.2886986301369863,0.297771560168885,shale,0.0,0.0,none
53.5,53.4989530332681,48.7989530332681,0.06805283757338552,-0.07433463796477495,-0.2941976516634051,0.3034433994101971,shale,0.0,0.0,none
54.5,54.498933463796476,49.79893346379647,0.06932485322896283,-0.07572407045009784,-0.2996966731898239,0.3091152386515092,shale,0.0,0.0,none
55.5,55.49891389432485,50.79891389432485,0.07059686888454013,-0.07711350293542074,-0.3051956947162427,0.3147870778928213,shale,0.0,0.0,none
56.5,56.498894324853225,51.79889432485322,0.07186888454011742,-0.07850293542074363,-0.31069471624266143,0.3204589171341334,shale,0.0,0.0,none
57.5,57.4988747553816,52.7988747553816,0.07314090019569472,-0.07989236790606653,-0.3161937377690802,0.3261307563754455,shale,0.0,0.0,none
58.5,58.49885518590998,53.79885518590998,0.07441291585127202,-0.08128180039138942,-0.321692759295499,0.33180259561675757,shale,0.0,0.0,none
59.5,59.498835616438356,54.79883561643835,0.07568493150684932,-0.08267123287671233,-0.3271917808219178,0.33747443485806966,shale,0.0,0.0,none
60.5,60.49881604696673,55.79881604696673,0.07695694716242663,-0.08406066536203521,-0.3326908023483366,0.34314627409938175,shale,0.0,0.0,none
61.5,61.498796477495105,56.7987964774951,0.07822896281800391,-0.08545009784735812,-0.3381898238747554,0.34881811334069385,shale,0.0,0.0,none
62.5,62.49877690802348,57.79877690802348,0.07950097847358122,-0.086839530332681,-0.34368884540117417,0.35448995258200594,shale,0.0,0.0,none
63.5,63.498757338551854,58.79875733855185,0.08077299412915852,-0.08822896281800391,-0.34918786692759296,0.36016179182331803,shale,0.0,0.0,none
64.5,64.49873776908024,59.79873776908023,0.08204500978473582,-0.0896183953033268,-0.35468688845401175,0.3658336310646301,shale,0.0,0.0,none
65.5,65.4987181996086,60.7987181996086,0.08331702544031312,-0.0910078277886497,-0.36018590998043054,0.3715054703059422,shale,0.0,0.0,none
66.5,66.49869863013699,61.79869863013698,0.08458904109589042,-0.09239726027397259,-0.36568493150684933,0.3771773095472543,shale,0.0,0.0,none
67.5,67.49867906066537,62.798679060665364,0.08586105675146771,-0.09378669275929549,-0.3711839530332681,0.38284914878856646,shale,0.0,0.0,none
68.5,68.49865949119373,63.79865949119373,0.08713307240704501,-0.09517612524461838,-0.3766829745596869,0.38852098802987856,shale,0.0,0.0,none
69.5,69.49863992172212,64.79863992172211,0.08840508806262232,-0.09656555772994128,-0.3821819960861057,0.39419282727119065,shale,0.0,0.0,none
70.5,70.49862035225048,65.79862035225048,0.08967710371819962,-0.09795499021526417,-0.3876810176125245,0.39986466651250274,shale,0.0,0.0,none
71.5,71.49860078277887,66.79860078277886,0.09094911937377692,-0.09934442270058708,-0.3931800391389433,0.40553650575381484,shale,0.0,0.0,none
72.5,72.49858121330723,67.79858121330723,0.09222113502935421,-0.10073385518590997,-0.398679060665362,0.4112083449951269,shale,0.0,0.0,none
73.5,73.49856164383561,68.79856164383561,0.09349315068493151,-0.10212328767123287,-0.4041780821917808,0.41688018423643897,shale,0.0,0.0,none
74.5,74.498542074364,69.798542074364,0.09476516634050881,-0.10351272015655576,-0.4096771037181996,0.42255202347775106,shale,0.0,0.0,none
75.5,75.49852250489236,70.79852250489236,0.09603718199608612,-0.10490215264187866,-0.4151761252446184,0.42822386271906315,shale,0.0,0.0,none
76.5,76.49850293542075,71.79850293542074,0.09730919765166342,-0.10629158512720155,-0.4206751467710372,0.43389570196037525,shale,0.0,0.0,none
77.5,77.49848336594911,72.79848336594911,0.0985812133072407,-0.10768101761252445,-0.42617416829745597,0.4395675412016874,shale,0.0,0.0,none
78.5,78.4984637964775,73.79846379647749,0.09985322896281801,-0.10907045009784734,-0.43167318982387476,0.4452393804429995,shale,0.0,0.0,none
79.5,79.49844422700586,74.79844422700586,0.10112524461839531,-0.11045988258317024,-0.43717221135029355,0.4509112196843116,shale,0.0,0.0,none
80.5,80.49842465753424,75.79842465753424,0.10239726027397261,-0.11184931506849315,-0.44267123287671234,0.4565830589256237,shale,0.0,0.0,none
81.5,81.49840508806263,76.79840508806262,0.10366927592954991,-0.11323874755381604,-0.44817025440313113,0.46225489816693577,shale,0.0,0.0,none
82.5,82.498385518591,77.79838551859099,0.10494129158512722,-0.11462818003913894,-0.4536692759295499,0.46792673740824786,shale,0.0,0.0,none
83.5,83.49836594911937,78.79836594911937,0.1062133072407045,-0.11601761252446183,-0.4591682974559687,0.47359857664955995,shale,0.0,0.0,none
84.5,84.49834637964774,79.79834637964774,0.1074853228962818,-0.11740704500978473,-0.4646673189823875,0.47927041589087205,shale,0.0,0.0,none
85.5,85.49832681017612,80.79832681017612,0.10875733855185911,-0.11879647749510762,-0.4701663405088063,0.48494225513218414,shale,0.0,0.0,none
86.5,86.4983072407045,81.7983072407045,0.11002935420743641,-0.12018590998043052,-0.4756653620352251,0.49061409437349623,shale,0.0,0.0,none
87.5,87.49828767123287,82.79828767123287,0.11130136986301371,-0.12157534246575341,-0.48116438356164387,0.4962859336148084,shale,0.0,0.0,none
88.5,88.49826810176125,83.79826810176125,0.112573385518591,-0.12296477495107631,-0.4866634050880626,0.5019577728561204,shale,0.0,0.0,none
89.5,89.49824853228962,84.79824853228962,0.1138454011741683,-0.1243542074363992,-0.4921624266144814,0.5076296120974325,shale,0.0,0.0,none
90.5,90.498228962818,85.798228962818,0.1151174168297456,-0.1257436399217221,-0.4976614481409002,0.5133014513387446,shale,0.0,0.0,none
91.5,91.49820939334637,86.79820939334637,0.11638943248532291,-0.127133072407045,-0.503160469667319,0.5189732905800567,shale,0.0,0.0,none
92.5,92.49818982387475,87.79818982387475,0.11766144814090021,-0.12852250489236788,-0.5086594911937378,0.5246451298213688,shale,0.0,0.0,none
93.5,93.49817025440314,88.79817025440313,0.1189334637964775,-0.1299119373776908,-0.5141585127201566,0.5303169690626809,shale,0.0,0.0,none
94.5,94.4981506849315,89.7981506849315,0.1202054794520548,-0.1313013698630137,-0.5196575342465753,0.535988808303993,shale,0.0,0.0,none
95.5,95.49813111545988,90.79813111545988,0.1214774951076321,-0.13269080234833658,-0.5251565557729941,0.5416606475453051,shale,0.0,0.0,none
96.5,96.49811154598825,91.79811154598825,0.1227495107632094,-0.13408023483365947,-0.5306555772994129,0.5473324867866172,shale,0.0,0.0,none
97.5,97.49809197651663,92.79809197651663,0.1240215264187867,-0.13546966731898238,-0.5361545988258317,0.5530043260279293,shale,0.0,0.0,none
98.5,98.498072407045,93.798072407045,0.125293542074364,-0.13685909980430527,-0.5416536203522505,0.5586761652692414,shale,0.0,0.0,none
99.5,99.49805283757338,94.79805283757338,0.1265655577299413,-0.13824853228962816,-0.5471526418786693,0.5643480045105534,shale,0.0,0.0,none
100.5,100.49803326810176,95.79803326810176,0.1278375733855186,-0.13963796477495105,-0.5526516634050881,0.5700198437518655,shale,0.0,0.0,none
101.5,101.49801369863013,96.79801369863013,0.1291095890410959,-0.14102739726027397,-0.5581506849315069,0.5756916829931776,shale,0.0,0.0,none
102.5,102.49799412915851,97.79799412915851,0.1303816046966732,-0.14241682974559686,-0.5636497064579257,0.5813635222344897,shale,0.0,0.0,none
103.5,103.49797455968688,98.79797455968688,0.1316536203522505,-0.14380626223091975,-0.5691487279843445,0.5870353614758019,shale,0.0,0.0,none
104.5,104.49795499021526,99.79795499021526,0.1329256360078278,-0.14519569471624263,-0.5746477495107633,0.592707200717114,shale,0.0,0.0,none
105.5,105.49793542074363,100.79793542074363,0.1341976516634051,-0.14658512720156555,-0.580146771037182,0.5983790399584261,shale,0.0,0.0,none
106.5,106.49791585127201,101.79791585127201,0.1354696673189824,-0.14797455968688844,-0.5856457925636008,0.6040508791997382,shale,0.0,0.0,none
107.5,107.4978962818004,102.79789628180039,0.1367416829745597,-0.14936399217221133,-0.5911448140900196,0.6097227184410503,shale,0.0,0.0,none
108.5,108.49787671232876,103.79787671232876,0.138013698630137,-0.15075342465753422,-0.5966438356164384,0.6153945576823624,shale,0.0,0.0,none
109.5,109.49785714285714,104.79785714285714,0.1392857142857143,-0.15214285714285714,-0.6021428571428572,0.6210663969236745,shale,0.0,0.0,none
110.5,110.49783757338551,105.79783757338551,0.1405577299412916,-0.15353228962818002,-0.607641878669276,0.6267382361649866,shale,0.0,0.0,none
111.5,111.49781800391389,106.79781800391389,0.1418297455968689,-0.1549217221135029,-0.6131409001956948,0.6324100754062987,shale,0.0,0.0,none
112.5,112.49779843444227,107.79779843444227,0.1431017612524462,-0.15631115459882583,-0.6186399217221135,0.6380819146476107,shale,0.0,0.0,none
113.5,113.49777886497064,108.79777886497064,0.1443737769080235,-0.15770058708414872,-0.6241389432485323,0.6437537538889228,shale,0.0,0.0,none
114.5,114.49775929549902,109.79775929549902,0.1456457925636008,-0.1590900195694716,-0.629637964774951,0.6494255931302348,shale,0.0,0.0,none
115.5,115.49773972602739,110.79773972602739,0.1469178082191781,-0.1604794520547945,-0.6351369863013698,0.6550974323715469,shale,0.0,0.0,none
116.5,116.49772015655577,111.79772015655577,0.1481898238747554,-0.1618688845401174,-0.6406360078277886,0.660769271612859,shale,0.0,0.0,none
117.5,117.49770058708414,112.79770058708414,0.14946183953033268,-0.1632583170254403,-0.6461350293542074,0.6664411108541711,shale,0.0,0.0,none
118.5,118.49768101761252,113.79768101761252,0.15073385518590998,-0.1646477495107632,-0.6516340508806262,0.6721129500954832,shale,0.0,0.0,none
119.5,119.4976614481409,114.7976614481409,0.15200587084148728,-0.16603718199608608,-0.657133072407045,0.6777847893367953,shale,0.0,0.0,none
120.5,120.49764187866927,115.79764187866927,0.15327788649706459,-0.167426614481409,-0.6626320939334638,0.6834566285781074,shale,0.0,0.0,none
121.5,121.49762230919765,116.79762230919765,0.1545499021526419,-0.1688160469667319,-0.6681311154598826,0.6891284678194195,shale,0.0,0.0,none
122.5,122.49760273972602,117.79760273972602,0.1558219178082192,-0.17020547945205478,-0.6736301369863014,0.6948003070607316,shale,0.0,0.0,none
123.5,123.4975831702544,118.7975831702544,0.1570939334637965,-0.17159491193737766,-0.6791291585127202,0.7004721463020438,shale,0.0,0.0,none
124.5,124.49756360078277,119.79756360078277,0.1583659491193738,-0.17298434442270058,-0.684628180039139,0.7061439855433559,shale,0.0,0.0,none
125.5,125.49754403131115,120.79754403131115,0.1596379647749511,-0.17437377690802347,-0.6901272015655577,0.711815824784668,shale,0.0,0.0,none
126.5,126.49752446183953,121.79752446183953,0.1609099804305284,-0.17576320939334636,-0.6956262230919765,0.7174876640259801,shale,0.0,0.0,none
127.5,127.4975048923679,122.7975048923679,0.1621819960861057,-0.17715264187866925,-0.7011252446183953,0.7231595032672922,shale,0.0,0.0,none
128.5,128.49748532289627,123.79748532289626,0.16345401174168298,-0.17854207436399216,-0.7066242661448141,0.7288313425086043,shale,0.0,0.0,none
129.5,129.49746575342465,124.79746575342465,0.16472602739726028,-0.17993150684931505,-0.7121232876712329,0.7345031817499164,shale,0.0,0.0,none
130.5,130.49744618395303,125.79744618395303,0.16599804305283758,-0.18132093933463794,-0.7176223091976517,0.7401750209912284,shale,0.0,0.0,none
131.5,131.4974266144814,126.79742661448141,0.16727005870841488,-0.18271037181996083,-0.7231213307240705,0.7458468602325405,shale,0.0,0.0,none
132.5,132.4974070450098,127.79740704500979,0.16854207436399218,-0.18409980430528375,-0.7286203522504893,0.7515186994738526,shale,0.0,0.0,none
133.5,133.49738747553815,128.79738747553816,0.16981409001956949,-0.18548923679060664,-0.7341193737769081,0.7571905387151647,shale,0.0,0.0,none
134.5,134.49736790606653,129.79736790606654,0.1710861056751468,-0.18687866927592953,-0.7396183953033268,0.7628623779564768,shale,0.0,0.0,none
135.5,135.4973483365949,130.79734833659492,0.1723581213307241,-0.18826810176125242,-0.7451174168297456,0.7685342171977889,shale,0.0,0.0,none
136.5,136.4973287671233,131.7973287671233,0.1736301369863014,-0.18965753424657533,-0.7506164383561644,0.774206056439101,shale,0.0,0.0,none
137.5,137.49730919765165,132.79730919765166,0.1749021526418787,-0.19104696673189822,-0.7561154598825832,0.7798778956804131,shale,0.0,0.0,none
138.5,138.49728962818003,133.79728962818004,0.176174168297456,-0.1924363992172211,-0.761614481409002,0.7855497349217252,shale,0.0,0.0,none
139.5,139.4972700587084,134.79727005870842,0.17744618395303327,-0.193825831702544,-0.7671135029354208,0.7912215741630373,shale,0.0,0.0,none
140.5,140.4972504892368,135.7972504892368,0.17871819960861057,-0.19521526418786692,-0.7726125244618396,0.7968934134043494,shale,0.0,0.0,none
141.5,141.49723091976517,136.79723091976518,0.17999021526418787,-0.1966046966731898,-0.7781115459882584,0.8025652526456615,shale,0.0,0.0,none
142.5,142.49721135029353,137.79721135029354,0.18126223091976518,-0.1979941291585127,-0.7836105675146772,0.8082370918869736,shale,0.0,0.0,none
143.5,143.4971917808219,138.79719178082192,0.18253424657534248,-0.19938356164383558,-0.789109589041096,0.8139089311282857,shale,0.0,0.0,none
144.5,144.4971722113503,139.7971722113503,0.18380626223091978,-0.2007729941291585,-0.7946086105675146,0.8195807703695978,shale,0.0,0.0,none
145.5,145.49715264187867,140.79715264187868,0.18507827788649708,-0.2021624266144814,-0.8001076320939334,0.8252526096109098,shale,0.0,0.0,none
146.5,146.49713307240705,141.79713307240706,0.18635029354207439,-0.20355185909980428,-0.8056066536203522,0.8309244488522219,shale,0.0,0.0,none
147.5,147.4971135029354,142.79711350293542,0.1876223091976517,-0.2049412915851272,-0.811105675146771,0.836596288093534,shale,0.0,0.0,none
148.5,148.4970939334638,143.7970939334638,0.188894324853229,-0.20633072407045008,-0.8166046966731898,0.8422681273348461,shale,0.0,0.0,none
149.5,149.49707436399217,144.79707436399218,0.19016634050880626,-0.20772015655577297,-0.8221037181996086,0.8479399665761582,shale,0.0,0.0,none
150.5,150.49705479452055,145.79705479452056,0.19143835616438357,-0.20910958904109586,-0.8276027397260274,0.8536118058174703,shale,0.0,0.0,none
151.5,151.49703522504893,146.79703522504894,0.19271037181996087,-0.21049902152641878,-0.8331017612524462,0.8592836450587824,shale,0.0,0.0,none
152.5,152.4970156555773,147.7970156555773,0.19398238747553817,-0.21188845401174167,-0.838600782778865,0.8649554843000945,shale,0.0,0.0,none
153.5,153.49699608610567,148.79699608610568,0.19525440313111547,-0.21327788649706456,-0.8440998043052838,0.8706273235414066,shale,0.0,0.0,none
154.5,154.49697651663405,149.79697651663406,0.19652641878669277,-0.21466731898238745,-0.8495988258317025,0.8762991627827187,shale,0.0,0.0,none
155.5,155.49695694716243,150.79695694716244,0.19779843444227008,-0.21605675146771036,-0.8550978473581213,0.8819710020240308,shale,0.0,0.0,none
156.5,156.49693737769078,151.7969373776908,0.19907045009784738,-0.21744618395303325,-0.8605968688845401,0.8876428412653429,shale,0.0,0.0,none
157.5,157.49691780821917,152.79691780821918,0.20034246575342468,-0.21883561643835614,-0.8660958904109589,0.893314680506655,shale,0.0,0.0,none
158.5,158.49689823874755,153.79689823874756,0.20161448140900198,-0.22022504892367903,-0.8715949119373777,0.8989865197479671,shale,0.0,0.0,none
159.5,159.49687866927593,154.79687866927594,0.20288649706457929,-0.22161448140900195,-0.8770939334637965,0.9046583589892792,shale,0.0,0.0,none
160.5,160.4968590998043,155.79685909980432,0.20415851272015656,-0.22300391389432483,-0.8825929549902153,0.9103301982305912,shale,0.0,0.0,none
161.5,161.49683953033266,156.79683953033268,0.20543052837573386,-0.22439334637964772,-0.8880919765166341,0.9160020374719033,shale,0.0,0.0,none
162.5,162.49681996086105,157.79681996086106,0.20670254403131116,-0.2257827788649706,-0.8935909980430529,0.9216738767132154,shale,0.0,0.0,none
163.5,163.49680039138943,158.79680039138944,0.20797455968688847,-0.22717221135029353,-0.8990900195694717,0.9273457159545276,shale,0.0,0.0,none
164.5,164.4967808219178,159.79678082191782,0.20924657534246577,-0.22856164383561642,-0.9045890410958904,0.9330175551958397,shale,0.0,0.0,none
165.5,165.4967612524462,160.7967612524462,0.21051859099804307,-0.2299510763209393,-0.9100880626223092,0.9386893944371518,shale,0.0,0.0,none
166.5,166.49674168297454,161.79674168297456,0.21179060665362037,-0.2313405088062622,-0.915587084148728,0.9443612336784639,shale,0.0,0.0,none
167.5,167.49672211350293,162.79672211350294,0.21306262230919767,-0.2327299412915851,-0.9210861056751468,0.950033072919776,shale,0.0,0.0,none
168.5,168.4967025440313,163.79670254403132,0.21433463796477498,-0.234119373776908,-0.9265851272015656,0.9557049121610881,shale,0.0,0.0,none
169.5,169.4966829745597,164.7966829745597,0.21560665362035228,-0.2355088062622309,-0.9320841487279844,0.9613767514024002,shale,0.0,0.0,none
170.5,170.49666340508807,165.79666340508808,0.21687866927592958,-0.23689823874755378,-0.9375831702544032,0.9670485906437123,shale,0.0,0.0,none
171.5,171.49664383561642,166.79664383561644,0.21815068493150686,-0.2382876712328767,-0.943082191780822,0.9727204298850244,shale,0.0,0.0,none
172.5,172.4966242661448,167.79662426614482,0.21942270058708416,-0.23967710371819959,-0.9485812133072408,0.9783922691263365,shale,0.0,0.0,none
173.5,173.4966046966732,168.7966046966732,0.22069471624266146,-0.24106653620352247,-0.9540802348336596,0.9840641083676486,shale,0.0,0.0,none
174.5,174.49658512720157,169.79658512720158,0.22196673189823876,-0.24245596868884536,-0.9595792563600783,0.9897359476089607,shale,0.0,0.0,none
175.5,175.49656555772992,170.79656555772993,0.22323874755381606,-0.24384540117416828,-0.9650782778864971,0.9954077868502728,shale,0.0,0.0,none
176.5,176.4965459882583,171.79654598825832,0.22451076320939337,-0.24523483365949117,-0.9705772994129158,1.0010796260915849,shale,0.0,0.0,none
177.5,177.4965264187867,172.7965264187867,0.22578277886497067,-0.24662426614481406,-0.9760763209393346,1.0067514653328968,shale,0.0,0.0,none
178.5,178.49650684931507,173.79650684931508,0.22705479452054797,-0.24801369863013698,-0.9815753424657534,1.012423304574209,shale,0.0,0.0,none
179.5,179.49648727984345,174.79648727984346,0.22832681017612527,-0.24940313111545986,-0.9870743639921722,1.018095143815521,shale,0.0,0.0,none
180.5,180.4964677103718,175.79646771037181,0.22959882583170257,-0.2507925636007828,-0.992573385518591,1.0237669830568332,shale,0.0,0.0,none
181.5,181.49644814090018,176.7964481409002,0.23087084148727985,-0.25218199608610564,-0.9980724070450098,1.0294388222981452,shale,0.0,0.0,none
182.5,182.49642857142857,177.79642857142858,0.23214285714285715,-0.25357142857142856,-1.0035714285714286,1.0351106615394574,shale,0.0,0.0,none
183.5,183.49640900195695,178.79640900195696,0.23341487279843445,-0.2549608610567514,-1.0090704500978473,1.0407825007807694,shale,0.0,0.0,none
184.5,184.49638943248533,179.79638943248534,0.23468688845401176,-0.25635029354207434,-1.0145694716242661,1.0464543400220816,shale,0.0,0.0,none
185.5,185.49636986301368,180.7963698630137,0.23595890410958906,-0.25773972602739725,-1.020068493150685,1.0521261792633936,shale,0.0,0.0,none
186.5,186.49635029354206,181.79635029354208,0.23723091976516636,-0.2591291585127201,-1.0255675146771037,1.0577980185047058,shale,0.0,0.0,none
187.5,187.49633072407045,182.79633072407046,0.23850293542074366,-0.26051859099804303,-1.0310665362035225,1.0634698577460178,shale,0.0,0.0,none
188.5,188.49631115459883,183.79631115459884,0.23977495107632096,-0.26190802348336595,-1.0365655577299413,1.06914169698733,shale,0.0,0.0,none
189.5,189.4962915851272,184.79629158512722,0.24104696673189827,-0.2632974559686888,-1.04206457925636,1.074813536228642,shale,0.0,0.0,none
190.5,190.49627201565556,185.79627201565557,0.24231898238747557,-0.2646868884540117,-1.0475636007827789,1.0804853754699542,shale,0.0,0.0,none
191.5,191.49625244618395,186.79625244618396,0.24359099804305287,-0.2660763209393346,-1.0530626223091977,1.0861572147112661,shale,0.0,0.0,none
192.5,192.49623287671233,187.79623287671234,0.24486301369863014,-0.2674657534246575,-1.0585616438356165,1.0918290539525783,shale,0.0,0.0,none
193.5,193.4962133072407,188.79621330724072,0.24613502935420745,-0.2688551859099804,-1.0640606653620353,1.0975008931938903,shale,0.0,0.0,none
194.5,194.49619373776906,189.79619373776907,0.24740704500978475,-0.2702446183953033,-1.069559686888454,1.1031727324352025,shale,0.0,0.0,none
195.5,195.49617416829744,190.79617416829745,0.24867906066536205,-0.2716340508806262,-1.0750587084148728,1.1088445716765147,shale,0.0,0.0,none
196.5,196.49615459882583,191.79615459882584,0.24995107632093935,-0.2730234833659491,-1.0805577299412916,1.1145164109178267,shale,0.0,0.0,none
197.5,197.4961350293542,192.79613502935422,0.25122309197651665,-0.274412915851272,-1.0860567514677104,1.120188250159139,shale,0.0,0.0,none
198.5,198.4961154598826,193.7961154598826,0.25249510763209393,-0.2758023483365949,-1.0915557729941292,1.125860089400451,shale,0.0,0.0,none
199.5,199.49609589041094,194.79609589041095,0.25376712328767126,-0.27719178082191775,-1.097054794520548,1.131531928641763,shale,0.0,0.0,none
200.5,200.49607632093932,195.79607632093933,0.25503913894324853,-0.27858121330724067,-1.1025538160469668,1.137203767883075,shale,0.0,0.0,none
201.5,201.4960567514677,196.79605675146772,0.25631115459882586,-0.2799706457925636,-1.1080528375733856,1.1428756071243873,shale,0.0,0.0,none
202.5,202.4960371819961,197.7960371819961,0.25758317025440314,-0.28136007827788645,-1.1135518590998044,1.1485474463656993,shale,0.0,0.0,none
203.5,203.49601761252447,198.79601761252448,0.25885518590998047,-0.28274951076320937,-1.1190508806262232,1.1542192856070115,shale,0.0,0.0,none
204.5,204.49599804305282,199.79599804305283,0.26012720156555774,-0.2841389432485323,-1.124549902152642,1.1598911248483235,shale,0.0,0.0,none
205.5,205.4959784735812,200.79597847358121,0.26139921722113507,-0.28552837573385514,-1.1300489236790607,1.1655629640896357,shale,0.0,0.0,none
206.5,206.49595890410959,201.7959589041096,0.26267123287671235,-0.28691780821917806,-1.1355479452054795,1.1712348033309476,shale,0.0,0.0,none
207.5,207.49593933463797,202.79593933463798,0.2639432485322897,-0.2883072407045009,-1.1410469667318983,1.1769066425722599,shale,0.0,0.0,none
208.5,208.49591976516635,203.79591976516636,0.26521526418786695,-0.28969667318982384,-1.146545988258317,1.1825784818135718,shale,0.0,0.0,none
209.5,209.4959001956947,204.7959001956947,0.2664872798434442,-0.29108610567514676,-1.152045009784736,1.188250321054884,shale,0.0,0.0,none
210.5,210.49588062622308,205.7958806262231,0.26775929549902155,-0.2924755381604696,-1.1575440313111547,1.193922160296196,shale,0.0,0.0,none
211.5,211.49586105675147,206.79586105675148,0.26903131115459883,-0.29386497064579253,-1.1630430528375735,1.1995939995375082,shale,0.0,0.0,none
212.5,212.49584148727985,207.79584148727986,0.27030332681017616,-0.29525440313111545,-1.1685420743639923,1.2052658387788202,shale,0.0,0.0,none
213.5,213.4958219178082,208.7958219178082,0.27157534246575343,-0.2966438356164383,-1.174041095890411,1.2109376780201324,shale,0.0,0.0,none
214.5,214.49580234833658,209.7958023483366,0.27284735812133076,-0.29803326810176123,-1.1795401174168298,1.2166095172614444,shale,0.0,0.0,none
215.5,215.49578277886496,210.79578277886498,0.27411937377690804,-0.29942270058708415,-1.1850391389432486,1.2222813565027566,shale,0.0,0.0,none
216.5,216.49576320939335,211.79576320939336,0.27539138943248537,-0.300812133072407,-1.1905381604696674,1.2279531957440688,shale,0.0,0.0,none
217.5,217.49574363992173,212.79574363992174,0.27666340508806264,-0.3022015655577299,-1.1960371819960862,1.2336250349853808,shale,0.0,0.0,none
218.5,218.49572407045008,213.7957240704501,0.27793542074363997,-0.3035909980430528,-1.201536203522505,1.239296874226693,shale,0.0,0.0,none
219.5,219.49570450097846,214.79570450097847,0.27920743639921725,-0.3049804305283757,-1.2070352250489238,1.244968713468005,shale,0.0,0.0,none
220.5,220.49568493150684,215.79568493150686,0.2804794520547945,-0.3063698630136986,-1.2125342465753426,1.2506405527093172,shale,0.0,0.0,none
221.5,221.49566536203523,216.79566536203524,0.28175146771037185,-0.3077592954990215,-1.2180332681017614,1.2563123919506292,shale,0.0,0.0,none
222.5,222.4956457925636,217.79564579256362,0.2830234833659491,-0.3091487279843444,-1.2235322896281802,1.2619842311919414,shale,0.0,0.0,none
223.5,223.49562622309196,218.79562622309197,0.28429549902152645,-0.3105381604696673,-1.229031311154599,1.2676560704332533,shale,0.0,0.0,none
224.5,224.49560665362034,219.79560665362035,0.28556751467710373,-0.3119275929549902,-1.2345303326810175,1.2733279096745653,shale,0.0,0.0,none
225.5,225.49558708414872,220.79558708414874,0.28683953033268106,-0.3133170254403131,-1.2400293542074363,1.2789997489158773,shale,0.0,0.0,none
226.5,226.4955675146771,221.79556751467712,0.28811154598825833,-0.31470645792563595,-1.245528375733855,1.2846715881571895,shale,0.0,0.0,none
227.5,227.4955479452055,222.7955479452055,0.28938356164383566,-0.31609589041095887,-1.251027397260274,1.2903434273985015,shale,0.0,0.0,none
228.5,228.49552837573384,223.79552837573385,0.29065557729941294,-0.3174853228962818,-1.2565264187866927,1.2960152666398137,shale,0.0,0.0,none
229.5,229.49550880626222,224.79550880626223,0.2919275929549902,-0.31887475538160465,-1.2620254403131115,1.3016871058811257,shale,0.0,0.0,none
230.5,230.4954892367906,225.79548923679062,0.29319960861056754,-0.32026418786692756,-1.2675244618395303,1.3073589451224379,shale,0.0,0.0,none
231.5,231.49546966731899,226.795469667319,0.2944716242661448,-0.3216536203522505,-1.273023483365949,1.3130307843637499,shale,0.0,0.0,none
232.5,232.49545009784734,227.79545009784735,0.29574363992172215,-0.32304305283757334,-1.2785225048923679,1.318702623605062,shale,0.0,0.0,none
233.5,233.49543052837572,228.79543052837573,0.2970156555772994,-0.32443248532289626,-1.2840215264187866,1.324374462846374,shale,0.0,0.0,none
234.5,234.4954109589041,229.7954109589041,0.29828767123287675,-0.3258219178082191,-1.2895205479452054,1.3300463020876863,shale,0.0,0.0,none
235.5,235.49539138943248,230.7953913894325,0.299559686888454,-0.32721135029354204,-1.2950195694716242,1.3357181413289985,shale,0.0,0.0,none
236.5,236.49537181996087,231.79537181996088,0.30083170254403135,-0.32860078277886495,-1.300518590998043,1.3413899805703104,shale,0.0,0.0,none
237.5,237.49535225048922,232.79535225048923,0.30210371819960863,-0.3299902152641878,-1.3060176125244618,1.3470618198116227,shale,0.0,0.0,none
238.5,238.4953326810176,233.7953326810176,0.30337573385518596,-0.33137964774951073,-1.3115166340508806,1.3527336590529346,shale,0.0,0.0,none
239.5,239.49531311154598,234.795313111546,0.30464774951076323,-0.33276908023483365,-1.3170156555772994,1.3584054982942468,shale,0.0,0.0,none
240.5,240.49529354207436,235.79529354207438,0.3059197651663405,-0.3341585127201565,-1.3225146771037182,1.3640773375355588,shale,0.0,0.0,none
241.5,241.49527397260275,236.79527397260276,0.30719178082191784,-0.3355479452054794,-1.328013698630137,1.369749176776871,shale,0.0,0.0,none
242.5,242.4952544031311,237.7952544031311,0.3084637964774951,-0.33693737769080234,-1.3335127201565558,1.375421016018183,shale,0.0,0.0,none
243.5,243.49523483365948,238.7952348336595,0.30973581213307244,-0.3383268101761252,-1.3390117416829745,1.3810928552594952,shale,0.0,0.0,none
244.5,244.49521526418786,239.79521526418787,0.3110078277886497,-0.3397162426614481,-1.3445107632093933,1.3867646945008072,shale,0.0,0.0,none
245.5,245.49519569471624,240.79519569471626,0.31227984344422705,-0.341105675146771,-1.3500097847358121,1.3924365337421194,shale,0.0,0.0,none
246.5,246.49517612524463,241.79517612524464,0.3135518590998043,-0.3424951076320939,-1.355508806262231,1.3981083729834314,shale,0.0,0.0,none
247.5,247.49515655577298,242.795156555773,0.31482387475538165,-0.3438845401174168,-1.3610078277886497,1.4037802122247436,shale,0.0,0.0,none
248.5,248.49513698630136,243.79513698630137,0.3160958904109589,-0.3452739726027397,-1.3665068493150685,1.4094520514660556,shale,0.0,0.0,none
249.5,249.49511741682974,244.79511741682975,0.31736790606653625,-0.3466634050880626,-1.3720058708414873,1.4151238907073678,shale,0.0,0.0,none
250.5,250.49509784735812,245.79509784735814,0.31863992172211353,-0.3480528375733855,-1.377504892367906,1.4207957299486798,shale,0.0,0.0,none
251.5,251.49507827788648,246.7950782778865,0.3199119373776908,-0.34944227005870837,-1.3830039138943249,1.426467569189992,shale,0.0,0.0,none
252.5,252.49505870841486,247.79505870841487,0.32118395303326813,-0.3508317025440313,-1.3885029354207437,1.432139408431304,shale,0.0,0.0,none
253.5,253.49503913894324,248.79503913894325,0.3224559686888454,-0.35222113502935415,-1.3940019569471624,1.4378112476726161,shale,0.0,0.0,none
254.5,254.49501956947162,249.79501956947163,0.32372798434442274,-0.35361056751467707,-1.3995009784735812,1.4434830869139281,shale,0.0,0.0,none
255.5,255.495,250.79500000000002,0.325,-0.355,-1.405,1.4491549261552403,shale,0.0,0.0,none
256.5,256.49498043052836,251.79498043052837,0.32627201565557734,-0.35638943248532284,-1.4104990215264188,1.4548267653965523,shale,0.0,0.0,none
257.5,257.49496086105677,252.79496086105678,0.3275440313111546,-0.35777886497064576,-1.4159980430528376,1.4604986046378645,shale,0.0,0.0,none
258.5,258.4949412915851,253.79494129158513,0.32881604696673195,-0.3591682974559687,-1.4214970645792564,1.4661704438791767,shale,0.0,0.0,none
259.5,259.4949217221135,254.7949217221135,0.3300880626223092,-0.36055772994129154,-1.4269960861056752,1.4718422831204887,shale,0.0,0.0,none
260.5,260.4949021526419,255.7949021526419,0.33136007827788655,-0.36194716242661445,-1.432495107632094,1.477514122361801,shale,0.0,0.0,none
261.5,261.49488258317024,256.79488258317025,0.3326320939334638,-0.3633365949119373,-1.4379941291585128,1.483185961603113,shale,0.0,0.0,none
262.5,262.49486301369865,257.79486301369866,0.3339041095890411,-0.36472602739726023,-1.4434931506849316,1.488857800844425,shale,0.0,0.0,none
263.5,263.494843444227,258.794843444227,0.33517612524461843,-0.36611545988258315,-1.4489921722113503,1.494529640085737,shale,0.0,0.0,none
264.5,264.49482387475535,259.79482387475537,0.3364481409001957,-0.367504892367906,-1.4544911937377691,1.5002014793270493,shale,0.0,0.0,none
265.5,265.49480430528376,260.7948043052838,0.33772015655577303,-0.3688943248532289,-1.459990215264188,1.5058733185683613,shale,0.0,0.0,none
266.5,266.4947847358121,261.79478473581213,0.3389921722113503,-0.37028375733855184,-1.4654892367906067,1.5115451578096735,shale,0.0,0.0,none
267.5,267.4947651663405,262.79476516634054,0.34026418786692764,-0.3716731898238747,-1.4709882583170255,1.5172169970509854,shale,0.0,0.0,none
268.5,268.4947455968689,263.7947455968689,0.3415362035225049,-0.3730626223091976,-1.4764872798434443,1.5228888362922977,shale,0.0,0.0,none
269.5,269.49472602739723,264.79472602739725,0.34280821917808224,-0.3744520547945205,-1.481986301369863,1.5285606755336096,shale,0.0,0.0,none
270.5,270.49470645792564,265.79470645792566,0.3440802348336595,-0.3758414872798434,-1.4874853228962819,1.5342325147749218,shale,0.0,0.0,none
271.5,271.494686888454,266.794686888454,0.34535225048923684,-0.3772309197651663,-1.4929843444227007,1.5399043540162338,shale,0.0,0.0,none
272.5,272.4946673189824,267.7946673189824,0.3466242661448141,-0.3786203522504892,-1.4984833659491195,1.545576193257546,shale,0.0,0.0,none
273.5,273.49464774951076,268.7946477495108,0.3478962818003914,-0.3800097847358121,-1.5039823874755383,1.551248032498858,shale,0.0,0.0,none
274.5,274.4946281800391,269.7946281800391,0.3491682974559687,-0.381399217221135,-1.509481409001957,1.5569198717401702,shale,0.0,0.0,none
275.5,275.4946086105675,270.79460861056754,0.350440313111546,-0.3827886497064579,-1.5149804305283758,1.5625917109814822,shale,0.0,0.0,none
276.5,276.4945890410959,271.7945890410959,0.35171232876712333,-0.3841780821917808,-1.5204794520547946,1.5682635502227944,shale,0.0,0.0,none
277.5,277.49456947162423,272.79456947162424,0.3529843444227006,-0.3855675146771037,-1.5259784735812134,1.5739353894641066,shale,0.0,0.0,none
278.5,278.49454990215264,273.79454990215265,0.35425636007827793,-0.38695694716242657,-1.5314774951076322,1.5796072287054186,shale,0.0,0.0,none
279.5,279.494530332681,274.794530332681,0.3555283757338552,-0.3883463796477495,-1.536976516634051,1.5852790679467308,shale,0.0,0.0,none
280.5,280.4945107632094,275.7945107632094,0.35680039138943254,-0.38973581213307235,-1.5424755381604698,1.5909509071880428,shale,0.0,0.0,none
281.5,281.49449119373776,276.79449119373777,0.3580724070450098,-0.39112524461839526,-1.5479745596868886,1.596622746429355,shale,0.0,0.0,none
282.5,282.4944716242661,277.7944716242661,0.35934442270058714,-0.3925146771037182,-1.5534735812133074,1.602294585670667,shale,0.0,0.0,none
283.5,283.4944520547945,278.79445205479453,0.3606164383561644,-0.39390410958904104,-1.5589726027397262,1.6079664249119792,shale,0.0,0.0,none
284.5,284.4944324853229,279.7944324853229,0.3618884540117417,-0.39529354207436396,-1.564471624266145,1.6136382641532911,shale,0.0,0.0,none
285.5,285.4944129158513,280.7944129158513,0.363160469667319,-0.3966829745596869,-1.5699706457925637,1.6193101033946034,shale,0.0,0.0,none
286.5,286.49439334637964,281.79439334637965,0.3644324853228963,-0.39807240704500974,-1.5754696673189825,1.6249819426359153,shale,0.0,0.0,none
287.5,287.494373776908,282.794373776908,0.3657045009784736,-0.39946183953033265,-1.5809686888454013,1.6306537818772275,shale,0.0,0.0,none
288.5,288.4943542074364,283.7943542074364,0.3669765166340509,-0.4008512720156555,-1.5864677103718199,1.6363256211185393,shale,0.0,0.0,none
289.5,289.49433463796476,284.79433463796477,0.3682485322896282,-0.40224070450097843,-1.5919667318982387,1.6419974603598515,shale,0.0,0.0,none
290.5,290.49431506849317,285.7943150684932,0.3695205479452055,-0.40363013698630135,-1.5974657534246575,1.6476692996011635,shale,0.0,0.0,none
291.5,291.4942954990215,286.79429549902153,0.37079256360078283,-0.4050195694716242,-1.6029647749510763,1.6533411388424757,shale,0.0,0.0,none
292.5,292.4942759295499,287.7942759295499,0.3720645792563601,-0.4064090019569471,-1.608463796477495,1.6590129780837877,shale,0.0,0.0,none
293.5,293.4942563600783,288.7942563600783,0.3733365949119374,-0.40779843444227004,-1.6139628180039138,1.6646848173250999,shale,0.0,0.0,none
294.5,294.49423679060664,289.79423679060665,0.3746086105675147,-0.4091878669275929,-1.6194618395303326,1.6703566565664119,shale,0.0,0.0,none
295.5,295.49421722113505,290.79421722113506,0.375880626223092,-0.4105772994129158,-1.6249608610567514,1.676028495807724,shale,0.0,0.0,none
296.5,296.4941976516634,291.7941976516634,0.3771526418786693,-0.4119667318982387,-1.6304598825831702,1.681700335049036,shale,0.0,0.0,none
297.5,297.49417808219175,292.79417808219176,0.3784246575342466,-0.4133561643835616,-1.635958904109589,1.6873721742903482,shale,0.0,0.0,none
298.5,298.49415851272016,293.7941585127202,0.3796966731898239,-0.4147455968688845,-1.6414579256360078,1.6930440135316605,shale,0.0,0.0,none
299.5,299.4941389432485,294.7941389432485,0.3809686888454012,-0.4161350293542074,-1.6469569471624266,1.6987158527729724,shale,0.0,0.0,none
300.5,300.4941193737769,295.79411937377694,0.3822407045009785,-0.4175244618395303,-1.6524559686888454,1.7043876920142846,shale,0.0,0.0,none
301.5,301.4940998043053,296.7940998043053,0.3835127201565558,-0.4189138943248532,-1.6579549902152642,1.7100595312555966,shale,0.0,0.0,none
302.5,302.49408023483363,297.79408023483364,0.3847847358121331,-0.42030332681017607,-1.663454011741683,1.7157313704969088,shale,0.0,0.0,none
303.5,303.49406066536204,298.79406066536205,0.3860567514677104,-0.421692759295499,-1.6689530332681017,1.7214032097382208,shale,0.0,0.0,none
304.5,304.4940410958904,299.7940410958904,0.3873287671232877,-0.4230821917808219,-1.6744520547945205,1.727075048979533,shale,0.0,0.0,none
305.5,305.4940215264188,300.7940215264188,0.388600782778865,-0.42447162426614476,-1.6799510763209393,1.732746888220845,shale,0.0,0.0,none
306.5,306.49400195694716,301.79400195694717,0.3898727984344423,-0.4258610567514677,-1.685450097847358,1.7384187274621572,shale,0.0,0.0,none
307.5,307.4939823874755,302.7939823874755,0.3911448140900196,-0.42725048923679054,-1.690949119373777,1.7440905667034692,shale,0.0,0.0,none
308.5,308.4939628180039,303.79396281800393,0.3924168297455969,-0.42863992172211346,-1.6964481409001957,1.7497624059447814,shale,0.0,0.0,none
309.5,309.4939432485323,304.7939432485323,0.3936888454011742,-0.4300293542074364,-1.7019471624266145,1.7554342451860934,shale,0.0,0.0,none
310.5,310.4939236790607,305.7939236790607,0.3949608610567515,-0.43141878669275924,-1.7074461839530333,1.7611060844274056,shale,0.0,0.0,none
311.5,311.49390410958904,306.79390410958905,0.3962328767123288,-0.43280821917808215,-1.712945205479452,1.7667779236687176,shale,0.0,0.0,none
312.5,312.4938845401174,307.7938845401174,0.3975048923679061,-0.43419765166340507,-1.7184442270058709,1.7724497629100298,shale,0.0,0.0,none
313.5,313.4938649706458,308.7938649706458,0.3987769080234834,-0.43558708414872793,-1.7239432485322896,1.7781216021513417,shale,0.0,0.0,none
314.5,314.49384540117416,309.79384540117417,0.4000489236790607,-0.43697651663405085,-1.7294422700587084,1.783793441392654,shale,0.0,0.0,none
315.5,315.4938258317025,310.7938258317025,0.40132093933463797,-0.4383659491193737,-1.7349412915851272,1.789465280633966,shale,0.0,0.0,none
316.5,316.4938062622309,311.79380626223093,0.4025929549902153,-0.4397553816046966,-1.740440313111546,1.7951371198752781,shale,0.0,0.0,none
317.5,317.4937866927593,312.7937866927593,0.4038649706457926,-0.44114481409001954,-1.7459393346379648,1.8008089591165903,shale,0.0,0.0,none
318.5,318.4937671232877,313.7937671232877,0.4051369863013699,-0.4425342465753424,-1.7514383561643836,1.8064807983579023,shale,0.0,0.0,none
319.5,319.49374755381604,314.79374755381605,0.4064090019569472,-0.4439236790606653,-1.7569373776908024,1.8121526375992145,shale,0.0,0.0,none
320.5,320.4937279843444,315.7937279843444,0.4076810176125245,-0.44531311154598824,-1.7624363992172212,1.8178244768405265,shale,0.0,0.0,none
321.5,321.4937084148728,316.7937084148728,0.4089530332681018,-0.4467025440313111,-1.76793542074364,1.8234963160818387,shale,0.0,0.0,none
322.5,322.49368884540115,317.79368884540116,0.4102250489236791,-0.448091976516634,-1.7734344422700588,1.8291681553231507,shale,0.0,0.0,none
323.5,323.49366927592956,318.7936692759296,0.4114970645792564,-0.4494814090019569,-1.7789334637964775,1.834839994564463,shale,0.0,0.0,none
324.5,324.4936497064579,319.7936497064579,0.4127690802348337,-0.4508708414872798,-1.7844324853228963,1.8405118338057749,shale,0.0,0.0,none
325.5,325.49363013698627,320.7936301369863,0.414041095890411,-0.4522602739726027,-1.7899315068493151,1.846183673047087,shale,0.0,0.0,none
326.5,326.4936105675147,321.7936105675147,0.41531311154598827,-0.4536497064579256,-1.795430528375734,1.851855512288399,shale,0.0,0.0,none
327.5,327.49359099804303,322.79359099804304,0.4165851272015656,-0.4550391389432485,-1.8009295499021527,1.8575273515297113,shale,0.0,0.0,none
328.5,328.49357142857144,323.79357142857145,0.41785714285714287,-0.4564285714285714,-1.8064285714285715,1.8631991907710233,shale,0.0,0.0,none
329.5,329.4935518590998,324.7935518590998,0.4191291585127202,-0.45781800391389427,-1.8119275929549903,1.8688710300123355,shale,0.0,0.0,none
330.5,330.49353228962815,325.79353228962816,0.4204011741682975,-0.4592074363992172,-1.817426614481409,1.8745428692536474,shale,0.0,0.0,none
331.5,331.49351272015656,326.79351272015657,0.4216731898238748,-0.46059686888454004,-1.8229256360078279,1.8802147084949596,shale,0.0,0.0,none
332.5,332.4934931506849,327.7934931506849,0.4229452054794521,-0.46198630136986296,-1.8284246575342467,1.8858865477362716,shale,0.0,0.0,none
333.5,333.4934735812133,328.79347358121333,0.4242172211350294,-0.4633757338551859,-1.8339236790606654,1.8915583869775838,shale,0.0,0.0,none
334.5,334.4934540117417,329.7934540117417,0.4254892367906067,-0.46476516634050874,-1.8394227005870842,1.8972302262188958,shale,0.0,0.0,none
335.5,335.49343444227003,330.79343444227004,0.426761252446184,-0.46615459882583166,-1.844921722113503,1.902902065460208,shale,0.0,0.0,none
336.5,336.49341487279844,331.79341487279845,0.4280332681017613,-0.4675440313111546,-1.8504207436399218,1.90857390470152,shale,0.0,0.0,none
337.5,337.4933953033268,332.7933953033268,0.42930528375733856,-0.46893346379647743,-1.8559197651663406,1.9142457439428322,shale,0.0,0.0,none
338.5,338.4933757338552,333.7933757338552,0.4305772994129159,-0.47032289628180035,-1.8614187866927594,1.9199175831841444,shale,0.0,0.0,none
339.5,339.49335616438356,334.79335616438357,0.43184931506849317,-0.47171232876712327,-1.8669178082191782,1.9255894224254564,shale,0.0,0.0,none
340.5,340.4933365949119,335.7933365949119,0.4331213307240705,-0.47310176125244613,-1.872416829745597,1.9312612616667686,shale,0.0,0.0,none
341.5,341.4933170254403,336.79331702544033,0.43439334637964777,-0.47449119373776905,-1.8779158512720158,1.9369331009080806,shale,0.0,0.0,none
342.5,342.4932974559687,337.7932974559687,0.4356653620352251,-0.4758806262230919,-1.8834148727984346,1.9426049401493928,shale,0.0,0.0,none
343.5,343.4932778864971,338.7932778864971,0.4369373776908024,-0.4772700587084148,-1.8889138943248533,1.9482767793907048,shale,0.0,0.0,none
344.5,344.49325831702544,339.79325831702545,0.4382093933463797,-0.47865949119373774,-1.8944129158512721,1.953948618632017,shale,0.0,0.0,none
345.5,345.4932387475538,340.7932387475538,0.439481409001957,-0.4800489236790606,-1.899911937377691,1.959620457873329,shale,0.0,0.0,none
346.5,346.4932191780822,341.7932191780822,0.4407534246575343,-0.4814383561643835,-1.9054109589041097,1.9652922971146412,shale,0.0,0.0,none
347.5,347.49319960861055,342.79319960861056,0.4420254403131116,-0.48282778864970644,-1.9109099804305285,1.9709641363559531,shale,0.0,0.0,none
348.5,348.4931800391389,343.7931800391389,0.44329745596868886,-0.4842172211350293,-1.9164090019569473,1.9766359755972653,shale,0.0,0.0,none
349.5,349.4931604696673,344.7931604696673,0.4445694716242662,-0.4856066536203522,-1.921908023483366,1.9823078148385773,shale,0.0,0.0,none
350.5,350.49314090019567,345.7931409001957,0.44584148727984346,-0.4869960861056751,-1.9274070450097849,1.9879796540798895,shale,0.0,0.0,none
351.5,351.4931213307241,346.7931213307241,0.4471135029354208,-0.488385518590998,-1.9329060665362037,1.9936514933212015,shale,0.0,0.0,none
352.5,352.49310176125243,347.79310176125244,0.44838551859099807,-0.4897749510763209,-1.9384050880626222,1.9993233325625135,shale,0.0,0.0,none
353.5,353.4930821917808,348.7930821917808,0.4496575342465754,-0.49116438356164377,-1.943904109589041,2.0049951718038255,shale,0.0,0.0,none
354.5,354.4930626223092,349.7930626223092,0.45092954990215267,-0.4925538160469667,-1.9494031311154598,2.0106670110451375,shale,0.0,0.0,none
355.5,355.49304305283755,350.79304305283756,0.45220156555773,-0.4939432485322896,-1.9549021526418786,2.01633885028645,shale,0.0,0.0,none
356.5,356.49302348336596,351.79302348336597,0.4534735812133073,-0.49533268101761246,-1.9604011741682974,2.022010689527762,shale,0.0,0.0,none
357.5,357.4930039138943,352.7930039138943,0.45474559686888455,-0.4967221135029354,-1.9659001956947162,2.027682528769074,shale,0.0,0.0,none
358.5,358.49298434442267,353.7929843444227,0.4560176125244619,-0.49811154598825824,-1.971399217221135,2.033354368010386,shale,0.0,0.0,none
359.5,359.4929647749511,354.7929647749511,0.45728962818003915,-0.49950097847358116,-1.9768982387475538,2.0390262072516983,shale,0.0,0.0,none
360.5,360.49294520547943,355.79294520547944,0.4585616438356165,-0.5008904109589041,-1.9823972602739726,2.0446980464930102,shale,0.0,0.0,none
361.5,361.49292563600784,356.79292563600785,0.45983365949119376,-0.5022798434442269,-1.9878962818003914,2.050369885734322,shale,0.0,0.0,none
362.5,362.4929060665362,357.7929060665362,0.4611056751467711,-0.5036692759295498,-1.9933953033268101,2.0560417249756346,shale,0.0,0.0,none
363.5,363.49288649706455,358.79288649706456,0.46237769080234836,-0.5050587084148728,-1.998894324853229,2.0617135642169466,shale,0.0,0.0,none
364.5,364.49286692759296,359.79286692759297,0.4636497064579257,-0.5064481409001956,-2.004393346379648,2.067385403458259,shale,0.0,0.0,none
365.5,365.4928473581213,360.7928473581213,0.46492172211350297,-0.5078375733855185,-2.0098923679060667,2.073057242699571,shale,0.0,0.0,none
366.5,366.4928277886497,361.79282778864973,0.4661937377690803,-0.5092270058708415,-2.0153913894324855,2.078729081940883,shale,0.0,0.0,none
367.5,367.4928082191781,362.7928082191781,0.46746575342465757,-0.5106164383561643,-2.0208904109589043,2.084400921182195,shale,0.0,0.0,none
368.5,368.4927886497064,363.79278864970644,0.46873776908023485,-0.5120058708414872,-2.026389432485323,2.0900727604235074,shale,0.0,0.0,none
369.5,369.49276908023484,364.79276908023485,0.4700097847358122,-0.5133953033268102,-2.031888454011742,2.0957445996648194,shale,0.0,0.0,none
370.5,370.4927495107632,365.7927495107632,0.47128180039138945,-0.514784735812133,-2.0373874755381607,2.1014164389061314,shale,0.0,0.0,none
371.5,371.4927299412916,366.7927299412916,0.4725538160469668,-0.5161741682974559,-2.0428864970645795,2.1070882781474434,shale,0.0,0.0,none
372.5,372.49271037181995,367.79271037181996,0.47382583170254405,-0.5175636007827789,-2.0483855185909983,2.112760117388756,shale,0.0,0.0,none
373.5,373.4926908023483,368.7926908023483,0.4750978473581214,-0.5189530332681017,-2.053884540117417,2.118431956630068,shale,0.0,0.0,none
374.5,374.4926712328767,369.7926712328767,0.47636986301369866,-0.5203424657534246,-2.059383561643836,2.1241037958713798,shale,0.0,0.0,none
375.5,375.49265166340507,370.7926516634051,0.477641878669276,-0.5217318982387475,-2.0648825831702546,2.1297756351126917,shale,0.0,0.0,none
376.5,376.4926320939335,371.7926320939335,0.47891389432485326,-0.5231213307240704,-2.0703816046966734,2.135447474354004,shale,0.0,0.0,none
377.5,377.49261252446183,372.79261252446184,0.4801859099804306,-0.5245107632093933,-2.075880626223092,2.141119313595316,shale,0.0,0.0,none
378.5,378.4925929549902,373.7925929549902,0.48145792563600787,-0.5259001956947162,-2.081379647749511,2.146791152836628,shale,0.0,0.0,none
379.5,379.4925733855186,374.7925733855186,0.48272994129158514,-0.5272896281800391,-2.08687866927593,2.1524629920779406,shale,0.0,0.0,none
380.5,380.49255381604695,375.79255381604696,0.48400195694716247,-0.528679060665362,-2.0923776908023486,2.1581348313192525,shale,0.0,0.0,none
381.5,381.49253424657536,376.79253424657537,0.48527397260273974,-0.5300684931506848,-2.0978767123287674,2.1638066705605645,shale,0.0,0.0,none
382.5,382.4925146771037,377.7925146771037,0.4865459882583171,-0.5314579256360078,-2.103375733855186,2.1694785098018765,shale,0.0,0.0,none
383.5,383.49249510763207,378.7924951076321,0.48781800391389435,-0.5328473581213307,-2.108874755381605,2.175150349043189,shale,0.0,0.0,none
384.5,384.4924755381605,379.7924755381605,0.4890900195694717,-0.5342367906066535,-2.1143737769080233,2.1808221882845005,shale,0.0,0.0,none
385.5,385.49245596868883,380.79245596868884,0.49036203522504895,-0.5356262230919765,-2.119872798434442,2.1864940275258125,shale,0.0,0.0,none
386.5,386.4924363992172,381.7924363992172,0.4916340508806263,-0.5370156555772994,-2.125371819960861,2.1921658667671244,shale,0.0,0.0,none
387.5,387.4924168297456,382.7924168297456,0.49290606653620356,-0.5384050880626222,-2.1308708414872797,2.197837706008437,shale,0.0,0.0,none
388.5,388.49239726027395,383.79239726027396,0.4941780821917809,-0.5397945205479452,-2.1363698630136985,2.203509545249749,shale,0.0,0.0,none
389.5,389.49237769080236,384.79237769080237,0.49545009784735816,-0.541183953033268,-2.1418688845401173,2.209181384491061,shale,0.0,0.0,none
390.5,390.4923581213307,385.7923581213307,0.49672211350293544,-0.5425733855185909,-2.147367906066536,2.214853223732373,shale,0.0,0.0,none
391.5,391.49233855185906,386.7923385518591,0.49799412915851277,-0.5439628180039139,-2.152866927592955,2.2205250629736852,shale,0.0,0.0,none
392.5,392.4923189823875,387.7923189823875,0.49926614481409004,-0.5453522504892367,-2.1583659491193736,2.226196902214997,shale,0.0,0.0,none
393.5,393.4922994129158,388.79229941291584,0.5005381604696674,-0.5467416829745596,-2.1638649706457924,2.231868741456309,shale,0.0,0.0,none
394.5,394.49227984344424,389.79227984344425,0.5018101761252447,-0.5481311154598826,-2.169363992172211,2.237540580697621,shale,0.0,0.0,none
395.5,395.4922602739726,390.7922602739726,0.5030821917808219,-0.5495205479452054,-2.17486301369863,2.2432124199389336,shale,0.0,0.0,none
396.5,396.49224070450094,391.79224070450095,0.5043542074363992,-0.5509099804305283,-2.180362035225049,2.2488842591802456,shale,0.0,0.0,none
397.5,397.49222113502935,392.79222113502937,0.5056262230919766,-0.5522994129158512,-2.1858610567514676,2.2545560984215576,shale,0.0,0.0,none
398.5,398.4922015655577,393.7922015655577,0.5068982387475539,-0.5536888454011741,-2.1913600782778864,2.26022793766287,shale,0.0,0.0,none
399.5,399.4921819960861,394.79218199608613,0.5081702544031311,-0.555078277886497,-2.196859099804305,2.265899776904182,shale,0.0,0.0,none
400.5,400.49216242661447,395.7921624266145,0.5094422700587085,-0.5564677103718199,-2.202358121330724,2.271571616145494,shale,0.0,0.0,none
401.5,401.4921428571428,396.79214285714284,0.5107142857142858,-0.5578571428571428,-2.2078571428571427,2.277243455386806,shale,0.0,0.0,none
402.5,402.49212328767123,397.79212328767125,0.511986301369863,-0.5592465753424657,-2.2133561643835615,2.2829152946281184,shale,0.0,0.0,none
403.5,403.4921037181996,398.7921037181996,0.5132583170254403,-0.5606360078277886,-2.2188551859099803,2.2885871338694304,shale,0.0,0.0,none
404.5,404.492084148728,399.792084148728,0.5145303326810177,-0.5620254403131115,-2.224354207436399,2.2942589731107423,shale,0.0,0.0,none
405.5,405.49206457925635,400.79206457925636,0.515802348336595,-0.5634148727984344,-2.229853228962818,2.2999308123520543,shale,0.0,0.0,none
406.5,406.4920450097847,401.7920450097847,0.5170743639921722,-0.5648043052837572,-2.2353522504892367,2.3056026515933667,shale,0.0,0.0,none
407.5,407.4920254403131,402.7920254403131,0.5183463796477495,-0.5661937377690802,-2.2408512720156555,2.3112744908346787,shale,0.0,0.0,none
408.5,408.49200587084147,403.7920058708415,0.5196183953033269,-0.5675831702544031,-2.2463502935420743,2.3169463300759907,shale,0.0,0.0,none
409.5,409.4919863013699,404.7919863013699,0.5208904109589042,-0.5689726027397259,-2.251849315068493,2.3226181693173027,shale,0.0,0.0,none
410.5,410.49196673189823,405.79196673189824,0.5221624266144814,-0.5703620352250489,-2.257348336594912,2.328290008558615,shale,0.0,0.0,none
411.5,411.4919471624266,406.7919471624266,0.5234344422700588,-0.5717514677103718,-2.2628473581213306,2.333961847799927,shale,0.0,0.0,none
412.5,412.491927592955,407.791927592955,0.5247064579256361,-0.5731409001956946,-2.2683463796477494,2.339633687041239,shale,0.0,0.0,none
413.5,413.49190802348335,408.79190802348336,0.5259784735812133,-0.5745303326810176,-2.2738454011741682,2.345305526282551,shale,0.0,0.0,none
414.5,414.49188845401176,409.79188845401177,0.5272504892367906,-0.5759197651663405,-2.279344422700587,2.3509773655238635,shale,0.0,0.0,none
415.5,415.4918688845401,410.7918688845401,0.528522504892368,-0.5773091976516633,-2.284843444227006,2.3566492047651755,shale,0.0,0.0,none
416.5,416.49184931506846,411.7918493150685,0.5297945205479453,-0.5786986301369862,-2.2903424657534246,2.3623210440064875,shale,0.0,0.0,none
417.5,417.4918297455969,412.7918297455969,0.5310665362035225,-0.5800880626223092,-2.2958414872798434,2.3679928832477994,shale,0.0,0.0,none
418.5,418.4918101761252,413.79181017612524,0.5323385518590998,-0.581477495107632,-2.301340508806262,2.373664722489112,shale,0.0,0.0,none
419.5,419.49179060665364,414.79179060665365,0.5336105675146772,-0.5828669275929549,-2.306839530332681,2.379336561730424,shale,0.0,0.0,none
420.5,420.491771037182,415.791771037182,0.5348825831702545,-0.5842563600782779,-2.3123385518590998,2.385008400971736,shale,0.0,0.0,none
421.5,421.49175146771034,416.79175146771036,0.5361545988258317,-0.5856457925636007,-2.3178375733855185,2.3906802402130483,shale,0.0,0.0,none
422.5,422.49173189823875,417.79173189823877,0.537426614481409,-0.5870352250489236,-2.3233365949119373,2.3963520794543602,shale,0.0,0.0,none
423.5,423.4917123287671,418.7917123287671,0.5386986301369864,-0.5884246575342466,-2.328835616438356,2.4020239186956722,shale,0.0,0.0,none
424.5,424.49169275929546,419.7916927592955,0.5399706457925636,-0.5898140900195694,-2.334334637964775,2.407695757936984,shale,0.0,0.0,none
425.5,425.49167318982387,420.7916731898239,0.5412426614481409,-0.5912035225048923,-2.3398336594911937,2.4133675971782966,shale,0.0,0.0,none
426.5,426.4916536203522,421.79165362035224,0.5425146771037183,-0.5925929549902152,-2.3453326810176125,2.4190394364196086,shale,0.0,0.0,none
427.5,427.49163405088063,422.79163405088065,0.5437866927592956,-0.5939823874755381,-2.3508317025440313,2.4247112756609206,shale,0.0,0.0,none
428.5,428.491614481409,423.791614481409,0.5450587084148728,-0.595371819960861,-2.35633072407045,2.4303831149022326,shale,0.0,0.0,none
429.5,429.49159491193734,424.79159491193735,0.5463307240704501,-0.5967612524461839,-2.361829745596869,2.436054954143545,shale,0.0,0.0,none
430.5,430.49157534246575,425.79157534246576,0.5476027397260275,-0.5981506849315068,-2.3673287671232877,2.441726793384857,shale,0.0,0.0,none
431.5,431.4915557729941,426.7915557729941,0.5488747553816048,-0.5995401174168297,-2.3728277886497064,2.447398632626169,shale,0.0,0.0,none
432.5,432.4915362035225,427.7915362035225,0.550146771037182,-0.6009295499021526,-2.3783268101761252,2.453070471867481,shale,0.0,0.0,none
433.5,433.49151663405087,428.7915166340509,0.5514187866927593,-0.6023189823874755,-2.383825831702544,2.4587423111087934,shale,0.0,0.0,none
434.5,434.4914970645792,429.79149706457923,0.5526908023483367,-0.6037084148727984,-2.389324853228963,2.4644141503501054,shale,0.0,0.0,none
435.5,435.49147749510763,430.79147749510764,0.5539628180039139,-0.6050978473581212,-2.3948238747553816,2.4700859895914173,shale,0.0,0.0,none
436.5,436.491457925636,431.791457925636,0.5552348336594912,-0.6064872798434442,-2.4003228962818004,2.4757578288327293,shale,0.0,0.0,none
437.5,437.4914383561644,432.7914383561644,0.5565068493150686,-0.607876712328767,-2.405821917808219,2.4814296680740418,shale,0.0,0.0,none
438.5,438.49141878669275,433.79141878669276,0.5577788649706459,-0.6092661448140899,-2.411320939334638,2.4871015073153537,shale,0.0,0.0,none
439.5,439.4913992172211,434.7913992172211,0.5590508806262231,-0.6106555772994129,-2.4168199608610568,2.4927733465566657,shale,0.0,0.0,none
440.5,440.4913796477495,435.7913796477495,0.5603228962818004,-0.6120450097847357,-2.4223189823874756,2.498445185797978,shale,0.0,0.0,none
441.5,441.49136007827786,436.7913600782779,0.5615949119373778,-0.6134344422700586,-2.4278180039138944,2.50411702503929,shale,0.0,0.0,none
442.5,442.4913405088063,437.7913405088063,0.5628669275929551,-0.6148238747553816,-2.433317025440313,2.509788864280602,shale,0.0,0.0,none
443.5,443.4913209393346,438.79132093933464,0.5641389432485323,-0.6162133072407044,-2.438816046966732,2.515460703521914,shale,0.0,0.0,none
444.5,444.491301369863,439.791301369863,0.5654109589041096,-0.6176027397260273,-2.4443150684931507,2.5211325427632265,shale,0.0,0.0,none
445.5,445.4912818003914,440.7912818003914,0.566682974559687,-0.6189921722113503,-2.4498140900195695,2.5268043820045385,shale,0.0,0.0,none
446.5,446.49126223091974,441.79126223091976,0.5679549902152642,-0.6203816046966731,-2.4553131115459883,2.5324762212458505,shale,0.0,0.0,none
447.5,447.49124266144815,442.79124266144817,0.5692270058708415,-0.621771037181996,-2.460812133072407,2.5381480604871625,shale,0.0,0.0,none
448.5,448.4912230919765,443.7912230919765,0.5704990215264188,-0.623160469667319,-2.466311154598826,2.543819899728475,shale,0.0,0.0,none
449.5,449.49120352250486,444.7912035225049,0.5717710371819962,-0.6245499021526418,-2.4718101761252447,2.549491738969787,shale,0.0,0.0,none
450.5,450.49118395303327,445.7911839530333,0.5730430528375734,-0.6259393346379647,-2.4773091976516635,2.555163578211099,shale,0.0,0.0,none
451.5,451.4911643835616,446.79116438356164,0.5743150684931507,-0.6273287671232876,-2.4828082191780823,2.560835417452411,shale,0.0,0.0,none
452.5,452.49114481409003,447.79114481409005,0.5755870841487281,-0.6287181996086105,-2.488307240704501,2.5665072566937233,shale,0.0,0.0,none
453.5,453.4911252446184,448.7911252446184,0.5768590998043053,-0.6301076320939334,-2.49380626223092,2.5721790959350352,shale,0.0,0.0,none
454.5,454.49110567514674,449.79110567514675,0.5781311154598826,-0.6314970645792563,-2.4993052837573386,2.5778509351763472,shale,0.0,0.0,none
455.5,455.49108610567515,450.79108610567516,0.5794031311154599,-0.6328864970645792,-2.5048043052837574,2.583522774417659,shale,0.0,0.0,none
456.5,456.4910665362035,451.7910665362035,0.5806751467710373,-0.6342759295499021,-2.510303326810176,2.5891946136589716,shale,0.0,0.0,none
457.5,457.49104696673186,452.79104696673187,0.5819471624266145,-0.635665362035225,-2.515802348336595,2.5948664529002836,shale,0.0,0.0,none
458.5,458.49102739726027,453.7910273972603,0.5832191780821918,-0.6370547945205479,-2.521301369863014,2.6005382921415956,shale,0.0,0.0,none
459.5,459.4910078277886,454.79100782778863,0.5844911937377691,-0.6384442270058708,-2.5268003913894326,2.6062101313829076,shale,0.0,0.0,none
460.5,460.49098825831703,455.79098825831704,0.5857632093933465,-0.6398336594911936,-2.5322994129158514,2.61188197062422,shale,0.0,0.0,none
461.5,461.4909686888454,456.7909686888454,0.5870352250489237,-0.6412230919765166,-2.53779843444227,2.617553809865532,shale,0.0,0.0,none
462.5,462.49094911937374,457.79094911937375,0.588307240704501,-0.6426125244618395,-2.543297455968689,2.623225649106844,shale,0.0,0.0,none
463.5,463.49092954990215,458.79092954990216,0.5895792563600784,-0.6440019569471623,-2.5487964774951077,2.6288974883481564,shale,0.0,0.0,none
464.5,464.4909099804305,459.7909099804305,0.5908512720156556,-0.6453913894324853,-2.5542954990215265,2.6345693275894684,shale,0.0,0.0,none
465.5,465.4908904109589,460.7908904109589,0.5921232876712329,-0.6467808219178082,-2.5597945205479453,2.6402411668307804,shale,0.0,0.0,none
466.5,466.49087084148726,461.7908708414873,0.5933953033268102,-0.648170254403131,-2.565293542074364,2.6459130060720923,shale,0.0,0.0,none
467.5,467.4908512720156,462.79085127201563,0.5946673189823876,-0.649559686888454,-2.570792563600783,2.6515848453134048,shale,0.0,0.0,none
468.5,468.490831702544,463.79083170254404,0.5959393346379648,-0.6509491193737769,-2.5762915851272017,2.6572566845547168,shale,0.0,0.0,none
469.5,469.4908121330724,464.7908121330724,0.5972113502935421,-0.6523385518590997,-2.5817906066536205,2.6629285237960287,shale,0.0,0.0,none
470.5,470.4907925636008,465.7907925636008,0.5984833659491194,-0.6537279843444226,-2.5872896281800393,2.6686003630373407,shale,0.0,0.0,none
471.5,471.49077299412914,466.79077299412916,0.5997553816046968,-0.6551174168297456,-2.592788649706458,2.674272202278653,shale,0.0,0.0,none
472.5,472.4907534246575,467.7907534246575,0.601027397260274,-0.6565068493150684,-2.598287671232877,2.679944041519965,shale,0.0,0.0,none
473.5,473.4907338551859,468.7907338551859,0.6022994129158513,-0.6578962818003913,-2.6037866927592956,2.685615880761277,shale,0.0,0.0,none
474.5,474.49071428571426,469.7907142857143,0.6035714285714286,-0.6592857142857143,-2.6092857142857144,2.691287720002589,shale,0.0,0.0,none
475.5,475.4906947162427,470.7906947162427,0.6048434442270059,-0.6606751467710371,-2.614784735812133,2.6969595592439015,shale,0.0,0.0,none
476.5,476.490675146771,471.79067514677104,0.6061154598825832,-0.66206457925636,-2.620283757338552,2.7026313984852135,shale,0.0,0.0,none
477.5,477.4906555772994,472.7906555772994,0.6073874755381605,-0.663454011741683,-2.625782778864971,2.7083032377265255,shale,0.0,0.0,none
478.5,478.4906360078278,473.7906360078278,0.6086594911937379,-0.6648434442270058,-2.6312818003913896,2.7139750769678375,shale,0.0,0.0,none
479.5,479.49061643835614,474.79061643835615,0.6099315068493151,-0.6662328767123287,-2.6367808219178084,2.71964691620915,shale,0.0,0.0,none
480.5,480.49059686888455,475.79059686888456,0.6112035225048924,-0.6676223091976516,-2.642279843444227,2.725318755450462,shale,0.0,0.0,none
481.5,481.4905772994129,476.7905772994129,0.6124755381604697,-0.6690117416829745,-2.647778864970646,2.730990594691774,shale,0.0,0.0,none
482.5,482.49055772994126,477.79055772994127,0.6137475538160471,-0.6704011741682974,-2.6532778864970648,2.736662433933086,shale,0.0,0.0,none
483.5,483.49053816046967,478.7905381604697,0.6150195694716243,-0.6717906066536203,-2.6587769080234835,2.7423342731743983,shale,0.0,0.0,none
484.5,484.490518590998,479.79051859099803,0.6162915851272016,-0.6731800391389432,-2.6642759295499023,2.7480061124157102,shale,0.0,0.0,none
485.5,485.49049902152643,480.79049902152644,0.6175636007827789,-0.6745694716242661,-2.669774951076321,2.7536779516570222,shale,0.0,0.0,none
486.5,486.4904794520548,481.7904794520548,0.6188356164383562,-0.6759589041095889,-2.67527397260274,2.7593497908983347,shale,0.0,0.0,none
487.5,487.49045988258314,482.79045988258315,0.6201076320939335,-0.6773483365949119,-2.6807729941291587,2.7650216301396466,shale,0.0,0.0,none
488.5,488.49044031311155,483.79044031311156,0.6213796477495108,-0.6787377690802348,-2.6862720156555775,2.7706934693809586,shale,0.0,0.0,none
489.5,489.4904207436399,484.7904207436399,0.6226516634050882,-0.6801272015655576,-2.6917710371819963,2.7763653086222706,shale,0.0,0.0,none
490.5,490.4904011741683,485.7904011741683,0.6239236790606654,-0.6815166340508806,-2.697270058708415,2.782037147863583,shale,0.0,0.0,none
491.5,491.49038160469667,486.7903816046967,0.6251956947162427,-0.6829060665362034,-2.702769080234834,2.787708987104895,shale,0.0,0.0,none
492.5,492.490362035225,487.79036203522503,0.62646771037182,-0.6842954990215263,-2.7082681017612527,2.793380826346207,shale,0.0,0.0,none
493.5,493.49034246575343,488.79034246575344,0.6277397260273974,-0.6856849315068493,-2.7137671232876714,2.799052665587519,shale,0.0,0.0,none
494.5,494.4903228962818,489.7903228962818,0.6290117416829746,-0.6870743639921721,-2.7192661448140902,2.8047245048288314,shale,0.0,0.0,none
495.5,495.49030332681014,490.79030332681015,0.6302837573385519,-0.688463796477495,-2.724765166340509,2.8103963440701434,shale,0.0,0.0,none
496.5,496.49028375733855,491.79028375733856,0.6315557729941292,-0.689853228962818,-2.730264187866928,2.8160681833114554,shale,0.0,0.0,none
497.5,497.4902641878669,492.7902641878669,0.6328277886497065,-0.6912426614481408,-2.7357632093933466,2.8217400225527673,shale,0.0,0.0,none
498.5,498.4902446183953,493.7902446183953,0.6340998043052838,-0.6926320939334637,-2.7412622309197654,2.8274118617940798,shale,0.0,0.0,none
499.5,499.49022504892366,494.7902250489237,0.6353718199608611,-0.6940215264187867,-2.746761252446184,2.8330837010353918,shale,0.0,0.0,none
500.5,500.490205479452,495.790205479452,0.6366438356164384,-0.6954109589041095,-2.752260273972603,2.8387555402767037,shale,0.0,0.0,none
501.5,501.4901859099804,496.79018590998044,0.6379158512720157,-0.6968003913894324,-2.7577592954990218,2.8444273795180157,shale,0.0,0.0,none
502.5,502.4901663405088,497.7901663405088,0.639187866927593,-0.6981898238747554,-2.7632583170254406,2.850099218759328,shale,0.0,0.0,none
503.5,503.4901467710372,498.7901467710372,0.6404598825831703,-0.6995792563600782,-2.7687573385518593,2.85577105800064,shale,0.0,0.0,none
504.5,504.49012720156554,499.79012720156555,0.6417318982387477,-0.7009686888454011,-2.774256360078278,2.861442897241952,shale,0.0,0.0,none
505.5,505.4901076320939,500.7901076320939,0.6430039138943249,-0.702358121330724,-2.779755381604697,2.8671147364832645,shale,0.0,0.0,none
506.5,506.4900880626223,501.7900880626223,0.6442759295499022,-0.7037475538160469,-2.7852544031311157,2.8727865757245765,shale,0.0,0.0,none
507.5,507.49006849315066,502.79006849315067,0.6455479452054795,-0.7051369863013698,-2.7907534246575345,2.8784584149658885,shale,0.0,0.0,none
508.5,508.49004892367907,503.7900489236791,0.6468199608610568,-0.7065264187866926,-2.7962524461839533,2.8841302542072005,shale,0.0,0.0,none
509.5,509.4900293542074,504.79002935420743,0.6480919765166341,-0.7079158512720156,-2.801751467710372,2.889802093448513,shale,0.0,0.0,none
510.5,510.4900097847358,505.7900097847358,0.6493639921722114,-0.7093052837573385,-2.807250489236791,2.895473932689825,shale,0.0,0.0,none
511.5,511.49,506.79,0.6390740740740741,-0.7107407407407407,-2.812962962962963,2.9013639950116685,shale,0.0,0.0,none
512.5,512.49,507.79,0.6172222222222222,-0.7122222222222222,-2.818888888888889,2.9074722804746385,shale,0.0,0.0,none
513.5,513.49,508.79,0.5953703703703703,-0.7137037037037036,-2.8248148148148147,2.913580566017978,shale,0.0,0.0,none
514.5,514.49,509.79,0.5735185185185185,-0.7151851851851851,-2.830740740740741,2.9196888516411823,shale,0.0,0.0,none
515.5,515.49,510.79,0.5516666666666666,-0.7166666666666667,-2.836666666666667,2.9257971373437512,shale,0.0,0.0,none
516.5,516.49,511.79,0.5298148148148148,-0.7181481481481481,-2.8425925925925926,2.9319054231251886,shale,0.0,0.0,none
517.5,517.49,512.79,0.507962962962963,-0.7196296296296296,-2.8485185185185187,2.938013708985003,shale,0.0,0.0,none
518.5,518.49,513.79,0.4861111111111111,-0.721111111111111,-2.8544444444444443,2.944121994922706,shale,0.0,0.0,none
519.5,519.49,514.79,0.46425925925925926,-0.7225925925925926,-2.8603703703703705,2.9502302809378143,shale,0.0,0.0,none
520.5,520.49,515.79,0.44240740740740736,-0.7240740740740741,-2.8662962962962966,2.956338567029848,shale,0.0,0.0,none
521.5,521.49,516.79,0.42055555555555557,-0.7255555555555555,-2.8722222222222222,2.9624468531983306,shale,0.0,0.0,none
522.5,522.49,517.79,0.39870370370370367,-0.727037037037037,-2.8781481481481483,2.9685551394427914,shale,0.0,0.0,none
523.5,523.49,518.79,0.3768518518518518,-0.7285185185185185,-2.884074074074074,2.9746634257627607,shale,0.0,0.0,none
524.5,524.49,519.79,0.355,-0.73,-2.89,2.980771712157776,shale,0.0,0.0,none
525.5,525.49,520.79,0.33314814814814814,-0.7314814814814815,-2.8959259259259262,2.9868799986273764,shale,0.0,0.0,none
526.5,526.49,521.79,0.3112962962962963,-0.7329629629629629,-2.901851851851852,2.9929882851711045,shale,0.0,0.0,none
527.5,527.49,522.79,0.2894444444444444,-0.7344444444444445,-2.907777777777778,2.999096571788508,shale,0.0,0.0,none
528.5,528.49,523.79,0.26759259259259255,-0.7359259259259259,-2.9137037037037037,3.005204858479137,shale,0.0,0.0,none
529.5,529.49,524.79,0.2457407407407407,-0.7374074074074074,-2.91962962962963,3.0113131452425472,shale,0.0,0.0,none
530.5,530.49,525.79,0.22388888888888886,-0.7388888888888889,-2.925555555555556,3.017421432078296,shale,0.0,0.0,none
531.5,531.49,526.79,0.20203703703703701,-0.7403703703703703,-2.9314814814814816,3.023529718985944,shale,0.0,0.0,none
532.5,532.49,527.79,0.18018518518518511,-0.7418518518518519,-2.9374074074074077,3.0296380059650576,shale,0.0,0.0,none
533.5,533.49,528.79,0.15833333333333327,-0.7433333333333333,-2.9433333333333334,3.0357462930152046,shale,0.0,0.0,none
534.5,534.49,529.79,0.13648148148148143,-0.7448148148148148,-2.9492592592592595,3.0418545801359578,shale,0.0,0.0,none
535.5,535.49,530.79,0.11462962962962953,-0.7462962962962962,-2.9551851851851856,3.047962867326892,shale,0.0,0.0,none
536.5,536.49,531.79,0.09277777777777774,-0.7477777777777778,-2.9611111111111112,3.0540711545875863,shale,0.0,0.0,none
537.5,537.49,532.79,0.07092592592592584,-0.7492592592592593,-2.9670370370370374,3.060179441917623,shale,0.0,0.0,none
538.5,538.49,533.79,0.06148148148148148,-0.7496296296296296,-2.970740740740741,3.0638611473621813,shale,0.0,0.0,none
539.5,539.49,534.79,0.06444444444444444,-0.7488888888888889,-2.9722222222222223,3.0651165567026712,shale,0.0,0.0,none
540.5,540.49,535.79,0.0674074074074074,-0.7481481481481481,-2.9737037037037037,3.066372346763946,shale,0.0,0.0,none
541.5,541.49,536.79,0.07037037037037037,-0.7474074074074074,-2.975185185185185,3.0676285170784396,shale,0.0,0.0,none
542.5,542.49,537.79,0.07333333333333333,-0.7466666666666667,-2.9766666666666666,3.068885067179212,shale,0.0,0.0,none
543.5,543.49,538.79,0.0762962962962963,-0.7459259259259259,-2.9781481481481484,3.070141996599945,shale,0.0,0.0,none
544.5,544.49,539.79,0.07925925925925927,-0.7451851851851852,-2.97962962962963,3.071399304874943,shale,0.0,0.0,none
545.5,545.49,540.79,0.08222222222222222,-0.7444444444444445,-2.9811111111111113,3.072656991539134,shale,0.0,0.0,none
546.5,546.49,541.79,0.0851851851851852,-0.7437037037037036,-2.9825925925925927,3.0739150561280657,shale,0.0,0.0,none
547.5,547.49,542.79,0.08814814814814816,-0.7429629629629629,-2.984074074074074,3.0751734981779073,shale,0.0,0.0,none
548.5,548.49,543.79,0.09111111111111111,-0.7422222222222222,-2.9855555555555555,3.0764323172254473,shale,0.0,0.0,none
549.5,549.49,544.79,0.09407407407407409,-0.7414814814814815,-2.987037037037037,3.077691512808094,shale,0.0,0.0,none
550.5,550.49,545.79,0.09703703703703705,-0.7407407407407407,-2.9885185185185184,3.0789510844638732,shale,0.0,0.0,none
551.5,551.49,546.79,0.1,-0.74,-2.99,3.08021103173143,shale,0.0,0.0,none
552.5,552.49,547.79,0.10296296296296298,-0.7392592592592593,-2.9914814814814816,3.081471354150025,shale,0.0,0.0,none
553.5,553.49,548.79,0.10592592592592594,-0.7385185185185185,-2.992962962962963,3.0827320512595358,shale,0.0,0.0,none
554.5,554.49,549.79,0.1088888888888889,-0.7377777777777778,-2.9944444444444445,3.0839931226004564,shale,0.0,0.0,none
555.5,555.49,550.79,0.11185185185185187,-0.737037037037037,-2.995925925925926,3.0852545677138945,shale,0.0,0.0,none
556.5,556.49,551.79,0.11481481481481483,-0.7362962962962963,-2.9974074074074073,3.0865163861415734,shale,0.0,0.0,none
557.5,557.49,552.79,0.11777777777777779,-0.7355555555555555,-2.9988888888888887,3.087778577425829,shale,0.0,0.0,none
558.5,558.49,553.79,0.12074074074074076,-0.7348148148148148,-3.00037037037037,3.08904114110961,shale,0.0,0.0,none
559.5,559.49,554.79,0.12370370370370372,-0.7340740740740741,-3.0018518518518515,3.0903040767364787,shale,0.0,0.0,none
560.5,560.49,555.79,0.12666666666666668,-0.7333333333333333,-3.003333333333333,3.0915673838506073,shale,0.0,0.0,none
561.5,561.49,556.79,0.12962962962962965,-0.7325925925925926,-3.004814814814815,3.0928310619967796,shale,0.0,0.0,none
562.5,562.49,557.79,0.1325925925925926,-0.7318518518518519,-3.0062962962962962,3.0940951107203887,shale,0.0,0.0,none
563.5,563.49,558.79,0.13555555555555557,-0.731111111111111,-3.0077777777777777,3.0953595295674377,shale,0.0,0.0,none
564.5,564.49,559.79,0.13851851851851854,-0.7303703703703703,-3.009259259259259,3.096624318084539,shale,0.0,0.0,none
565.5,565.49,560.79,0.13964285714285715,-0.73,-3.010535714285714,3.0977774753829226,shale,0.0,0.0,none
566.5,566.49,561.79,0.13892857142857143,-0.73,-3.0116071428571427,3.0988187399246447,shale,0.0,0.0,none
567.5,567.49,562.79,0.13821428571428573,-0.73,-3.0126785714285713,3.0998600250245008,shale,0.0,0.0,none
568.5,568.49,563.79,0.1375,-0.73,-3.01375,3.10090133066178,shale,0.0,0.0,none
569.5,569.49,564.79,0.1367857142857143,-0.73,-3.0148214285714285,3.101942656815801,shale,0.0,0.0,none
570.5,570.49,565.79,0.1360714285714286,-0.73,-3.015892857142857,3.102984003465907,shale,0.0,0.0,none
571.5,571.49,566.79,0.13535714285714287,-0.73,-3.0169642857142858,3.1040253705914695,shale,0.0,0.0,none
572.5,572.49,567.79,0.13464285714285715,-0.73,-3.018035714285714,3.1050667581718883,shale,0.0,0.0,none
573.5,573.49,568.79,0.13392857142857142,-0.73,-3.0191071428571425,3.1061081661865897,shale,0.0,0.0,none
574.5,574.49,569.79,0.13321428571428573,-0.73,-3.020178571428571,3.1071495946150267,shale,0.0,0.0,none
575.5,575.49,570.79,0.1325,-0.73,-3.0212499999999998,3.10819104343668,shale,0.0,0.0,none
576.5,576.49,571.79,0.13178571428571428,-0.73,-3.0223214285714284,3.1092325126310576,shale,0.0,0.0,none
577.5,577.49,572.79,0.1310714285714286,-0.73,-3.023392857142857,3.1102740021776936,shale,0.0,0.0,none
578.5,578.49,573.79,0.13035714285714287,-0.73,-3.0244642857142856,3.11131551205615,shale,0.0,0.0,none
579.5,579.49,574.79,0.12964285714285714,-0.73,-3.025535714285714,3.112357042246016,shale,0.0,0.0,none
580.5,580.49,575.79,0.12892857142857142,-0.73,-3.026607142857143,3.113398592726906,shale,0.0,0.0,none
581.5,581.49,576.79,0.12821428571428573,-0.73,-3.0276785714285714,3.114440163478463,shale,0.0,0.0,none
582.5,582.49,577.79,0.1275,-0.73,-3.02875,3.1154817544803564,shale,0.0,0.0,none
583.5,583.49,578.79,0.12678571428571428,-0.73,-3.0298214285714287,3.1165233657122826,shale,0.0,0.0,none
584.5,584.49,579.79,0.12607142857142858,-0.73,-3.0308928571428573,3.1175649971539636,shale,0.0,0.0,none
585.5,585.49,580.79,0.12535714285714286,-0.73,-3.031964285714286,3.1186066487851494,shale,0.0,0.0,none
586.5,586.49,581.79,0.12464285714285714,-0.73,-3.033035714285714,3.1196483205856156,shale,0.0,0.0,none
587.5,587.49,582.79,0.12392857142857143,-0.73,-3.0341071428571427,3.120690012535166,shale,0.0,0.0,none
588.5,588.49,583.79,0.12321428571428572,-0.73,-3.0351785714285713,3.121731724613629,shale,0.0,0.0,none
589.5,589.49,584.79,0.1225,-0.73,-3.03625,3.122773456800861,shale,0.0,0.0,none
590.5,590.49,585.79,0.12178571428571427,-0.73,-3.0373214285714285,3.1238152090767444,shale,0.0,0.0,none
591.5,591.49,586.79,0.12107142857142857,-0.73,-3.038392857142857,3.1248569814211873,shale,0.0,0.0,none
592.5,592.49,587.79,0.12035714285714286,-0.73,-3.0394642857142857,3.1258987738141255,shale,0.0,0.0,none
593.5,593.49,588.79,0.12388888888888888,-0.731111111111111,-3.0416666666666665,3.1282997886873365,shale,0.0,0.0,none
594.5,594.49,589.79,0.13166666666666665,-0.7333333333333333,-3.045,3.132060468410177,shale,0.0,0.0,none
595.5,595.49,590.79,0.13944444444444443,-0.7355555555555555,-3.0483333333333333,3.135821756162131,shale,0.0,0.0,none
596.5,596.49,591.79,0.14722222222222223,-0.7377777777777778,-3.0516666666666667,3.139583649757904,shale,0.0,0.0,none
597.5,597.49,592.79,0.155,-0.74,-3.055,3.14334614702231,shale,0.0,0.0,none
598.5,598.49,593.79,0.16277777777777777,-0.7422222222222222,-3.058333333333333,3.1471092457902174,shale,0.0,0.0,none
599.5,599.49,594.79,0.17055555555555557,-0.7444444444444445,-3.0616666666666665,3.150872943906494,shale,0.0,0.0,none
600.5,600.49,595.79,0.17833333333333334,-0.7466666666666667,-3.065,3.154637239225948,shale,0.0,0.0,none
601.5,601.49,596.79,0.18611111111111112,-0.7488888888888889,-3.0683333333333334,3.1584021296132763,shale,0.0,0.0,none
602.5,602.49,597.79,0.1938888888888889,-0.7511111111111111,-3.0716666666666668,3.1621676129430076,shale,0.0,0.0,none
603.5,603.49,598.79,0.20166666666666666,-0.7533333333333333,-3.075,3.1659336870994492,shale,0.0,0.0,none
604.5,604.49,599.79,0.20944444444444443,-0.7555555555555555,-3.078333333333333,3.1697003499766305,shale,0.0,0.0,none
605.5,605.49,600.79,0.2172222222222222,-0.7577777777777778,-3.0816666666666666,3.1734675994782537,shale,0.0,0.0,none
606.5,606.49,601.79,0.225,-0.76,-3.085,3.177235433517636,shale,0.0,0.0,none
607.5,607.49,602.79,0.23277777777777778,-0.7622222222222222,-3.0883333333333334,3.1810038500176576,shale,0.0,0.0,none
608.5,608.49,603.79,0.24055555555555558,-0.7644444444444445,-3.091666666666667,3.1847728469107106,shale,0.0,0.0,none
609.5,609.49,604.79,0.24833333333333335,-0.7666666666666667,-3.0949999999999998,3.188542422138645,shale,0.0,0.0,none
610.5,610.49,605.79,0.2561111111111111,-0.768888888888889,-3.098333333333333,3.192312573652717,shale,0.0,0.0,none
611.5,611.49,606.79,0.2638888888888889,-0.7711111111111111,-3.1016666666666666,3.1960832994135373,shale,0.0,0.0,none
612.5,612.49,607.79,0.27166666666666667,-0.7733333333333333,-3.105,3.1998545973910195,shale,0.0,0.0,none
613.5,613.49,608.79,0.27944444444444444,-0.7755555555555556,-3.1083333333333334,3.2036264655643296,shale,0.0,0.0,none
614.5,614.49,609.79,0.28722222222222227,-0.7777777777777778,-3.1116666666666664,3.207398901921833,shale,0.0,0.0,none
615.5,615.49,610.79,0.29500000000000004,-0.78,-3.1149999999999998,3.2111719044610485,shale,0.0,0.0,none
616.5,616.49,611.79,0.3027777777777778,-0.7822222222222223,-3.118333333333333,3.2149454711885936,shale,0.0,0.0,none
617.5,617.49,612.79,0.3105555555555556,-0.7844444444444445,-3.1216666666666666,3.2187196001201364,shale,0.0,0.0,none
618.5,618.49,613.79,0.31833333333333336,-0.7866666666666667,-3.125,3.2224942892803465,shale,0.0,0.0,none
619.5,619.49,614.79,0.32611111111111113,-0.788888888888889,-3.1283333333333334,3.226269536702845,shale,0.0,0.0,none
620.5,620.49,615.79,0.3290740740740741,-0.7907407407407407,-3.132407407407407,3.2306728532997595,shale,0.0,0.0,none
621.5,621.49,616.79,0.32722222222222225,-0.7922222222222223,-3.137222222222222,3.235703837032625,shale,0.0,0.0,none
622.5,622.49,617.79,0.32537037037037037,-0.7937037037037037,-3.1420370370370367,3.240734841264471,shale,0.0,0.0,none
623.5,623.49,618.79,0.32351851851851854,-0.7951851851851852,-3.1468518518518516,3.2457658658999766,shale,0.0,0.0,none
624.5,624.49,619.79,0.32166666666666666,-0.7966666666666666,-3.1516666666666664,3.250796910844409,shale,0.0,0.0,none
625.5,625.49,620.79,0.31981481481481483,-0.7981481481481482,-3.156481481481481,3.2558279760036224,shale,0.0,0.0,none
626.5,626.49,621.79,0.317962962962963,-0.7996296296296297,-3.161296296296296,3.2608590612840502,shale,0.0,0.0,none
627.5,627.49,622.79,0.3161111111111111,-0.8011111111111111,-3.166111111111111,3.265890166592703,shale,0.0,0.0,none
628.5,628.49,623.79,0.3142592592592593,-0.8025925925925926,-3.1709259259259257,3.270921291837162,shale,0.0,0.0,none
629.5,629.49,624.79,0.3124074074074074,-0.804074074074074,-3.1757407407407405,3.2759524369255772,shale,0.0,0.0,none
630.5,630.49,625.79,0.3105555555555556,-0.8055555555555556,-3.1805555555555554,3.2809836017666605,shale,0.0,0.0,none
631.5,631.49,626.79,0.3087037037037037,-0.807037037037037,-3.18537037037037,3.286014786269683,shale,0.0,0.0,none
632.5,632.49,627.79,0.3068518518518519,-0.8085185185185185,-3.190185185185185,3.29104599034447,shale,0.0,0.0,none
633.5,633.49,628.79,0.30500000000000005,-0.81,-3.195,3.2960772139013974,shale,0.0,0.0,none
634.5,634.49,629.79,0.30314814814814817,-0.8114814814814815,-3.1998148148148147,3.301108456851387,shale,0.0,0.0,none
635.5,635.49,630.79,0.30129629629629634,-0.812962962962963,-3.2046296296296295,3.3061397191059028,shale,0.0,0.0,none
636.5,636.49,631.79,0.29944444444444446,-0.8144444444444444,-3.2094444444444443,3.311171000576945,shale,0.0,0.0,none
637.5,637.49,632.79,0.29759259259259263,-0.8159259259259259,-3.214259259259259,3.31620230117705,shale,0.0,0.0,none
638.5,638.49,633.79,0.29574074074074075,-0.8174074074074074,-3.219074074074074,3.3212336208192816,shale,0.0,0.0,none
639.5,639.49,634.79,0.2938888888888889,-0.8188888888888889,-3.223888888888889,3.326264959417231,shale,0.0,0.0,none
640.5,640.49,635.79,0.29203703703703704,-0.8203703703703703,-3.2287037037037036,3.33129631688501,shale,0.0,0.0,none
641.5,641.49,636.79,0.2901851851851852,-0.8218518518518518,-3.2335185185185185,3.3363276931372483,shale,0.0,0.0,none
642.5,642.49,637.79,0.28833333333333333,-0.8233333333333333,-3.2383333333333333,3.34135908808909,shale,0.0,0.0,none
643.5,643.49,638.79,0.2864814814814815,-0.8248148148148148,-3.243148148148148,3.346390501656189,shale,0.0,0.0,none
644.5,644.49,639.79,0.2846296296296297,-0.8262962962962963,-3.247962962962963,3.351421933754705,shale,0.0,0.0,none
645.5,645.49,640.79,0.2827777777777778,-0.8277777777777777,-3.2527777777777778,3.3564533843013007,shale,0.0,0.0,none
646.5,646.49,641.79,0.28092592592592597,-0.8292592592592593,-3.2575925925925926,3.361484853213137,shale,0.0,0.0,none
647.5,647.49,642.79,0.28,-0.8314285714285714,-3.261428571428571,3.365737630285279,shale,0.0,0.0,none
648.5,648.49,643.79,0.28,-0.8342857142857143,-3.2642857142857142,3.369212649500031,shale,0.0,0.0,none
649.5,649.49,644.79,0.28,-0.8371428571428571,-3.267142857142857,3.3726889290660793,shale,0.0,0.0,none
650.5,650.49,645.79,0.28,-0.84,-3.2699999999999996,3.3761664650902503,shale,0.0,0.0,none
651.5,651.49,646.79,0.28,-0.8428571428571429,-3.2728571428571427,3.3796452536939916,shale,0.0,0.0,none
652.5,652.49,647.79,0.28,-0.8457142857142856,-3.2757142857142854,3.3831252910133074,shale,0.0,0.0,none
653.5,653.49,648.79,0.28,-0.8485714285714285,-3.2785714285714285,3.3866065731987014,shale,0.0,0.0,none
654.5,654.49,649.79,0.28,-0.8514285714285714,-3.281428571428571,3.390089096415115,shale,0.0,0.0,none
655.5,655.49,650.79,0.28,-0.8542857142857143,-3.2842857142857143,3.393572856841868,shale,0.0,0.0,none
656.5,656.49,651.79,0.28,-0.8571428571428571,-3.287142857142857,3.397057850672597,shale,0.0,0.0,none
657.5,657.49,652.79,0.28,-0.86,-3.29,3.4005440741151998,shale,0.0,0.0,none
658.5,658.49,653.79,0.28,-0.8628571428571429,-3.2928571428571427,3.40403152339177,shale,0.0,0.0,none
659.5,659.49,654.79,0.28,-0.8657142857142857,-3.2957142857142854,3.407520194738546,shale,0.0,0.0,none
660.5,660.49,655.79,0.28,-0.8685714285714285,-3.2985714285714285,3.4110100844058446,shale,0.0,0.0,none
661.5,661.49,656.79,0.28,-0.8714285714285714,-3.301428571428571,3.414501188658006,shale,0.0,0.0,none
662.5,662.49,657.79,0.28,-0.8742857142857143,-3.3042857142857143,3.4179935037733373,shale,0.0,0.0,none
663.5,663.49,658.79,0.28,-0.8771428571428571,-3.307142857142857,3.4214870260440495,shale,0.0,0.0,none
664.5,664.49,659.79,0.28,-0.88,-3.3099999999999996,3.4249817517762042,shale,0.0,0.0,none
665.5,665.49,660.79,0.28,-0.8828571428571429,-3.3128571428571427,3.428477677289655,shale,0.0,0.0,none
666.5,666.49,661.79,0.28,-0.8857142857142857,-3.3157142857142854,3.4319747989179876,shale,0.0,0.0,none
667.5,667.49,662.79,0.28,-0.8885714285714286,-3.3185714285714285,3.435473113008466,shale,0.0,0.0,none
668.5,668.49,663.79,0.28,-0.8914285714285715,-3.321428571428571,3.4389726159219736,shale,0.0,0.0,none
669.5,669.49,664.79,0.28,-0.8942857142857144,-3.3242857142857143,3.442473304032958,shale,0.0,0.0,none
670.5,670.49,665.79,0.28,-0.8971428571428571,-3.327142857142857,3.445975173729373,shale,0.0,0.0,none
671.5,671.49,666.79,0.28,-0.9,-3.33,3.4494782214126243,shale,0.0,0.0,none
672.5,672.49,667.79,0.28,-0.9028571428571429,-3.3328571428571427,3.4529824434975107,shale,0.0,0.0,none
673.5,673.49,668.79,0.28,-0.9057142857142857,-3.3357142857142854,3.456487836412173,shale,0.0,0.0,none
674.5,674.49,669.79,0.28,-0.9085714285714286,-3.3385714285714285,3.4599943965980344,shale,0.0,0.0,none
675.5,675.49,670.79,0.28314814814814815,-0.9118518518518519,-3.3383333333333334,3.4606275795251498,shale,0.0,0.0,none
676.5,676.49,671.79,0.28944444444444445,-0.9155555555555556,-3.335,3.4583908071975675,shale,0.0,0.0,none
677.5,677.49,672.79,0.29574074074074075,-0.9192592592592593,-3.3316666666666666,3.456159771120493,shale,0.0,0.0,none
678.5,678.49,673.79,0.30203703703703705,-0.922962962962963,-3.328333333333333,3.453934482409756,shale,0.0,0.0,none
679.5,679.49,674.79,0.30833333333333335,-0.9266666666666667,-3.3249999999999997,3.451714952181178,shale,0.0,0.0,none
680.5,680.49,675.79,0.31462962962962965,-0.9303703703703704,-3.3216666666666668,3.4495011915503877,shale,0.0,0.0,none
681.5,681.49,676.79,0.32092592592592595,-0.9340740740740741,-3.3183333333333334,3.4472932116326356,shale,0.0,0.0,none
682.5,682.49,677.79,0.32722222222222225,-0.9377777777777778,-3.315,3.445091023542604,shale,0.0,0.0,none
683.5,683.49,678.79,0.33351851851851855,-0.9414814814814815,-3.3116666666666665,3.4428946383942214,shale,0.0,0.0,none
684.5,684.49,679.79,0.33981481481481485,-0.9451851851851852,-3.308333333333333,3.44070406730047,shale,0.0,0.0,none
685.5,685.49,680.79,0.34611111111111115,-0.9488888888888889,-3.3049999999999997,3.4385193213731964,shale,0.0,0.0,none
686.5,686.49,681.79,0.3524074074074074,-0.9525925925925927,-3.3016666666666667,3.436340411722921,shale,0.0,0.0,none
687.5,687.49,682.79,0.35870370370370375,-0.9562962962962963,-3.2983333333333333,3.4341673494586415,shale,0.0,0.0,none
688.5,688.49,683.79,0.365,-0.96,-3.295,3.4320001456876423,shale,0.0,0.0,none
689.5,689.49,684.79,0.3712962962962963,-0.9637037037037037,-3.2916666666666665,3.429838811515299,shale,0.0,0.0,none
690.5,690.49,685.79,0.3775925925925926,-0.9674074074074074,-3.288333333333333,3.427683358044881,shale,0.0,0.0,none
691.5,691.49,686.79,0.3838888888888889,-0.9711111111111111,-3.285,3.4255337963773553,shale,0.0,0.0,none
692.5,692.49,687.79,0.3901851851851852,-0.9748148148148148,-3.2816666666666667,3.4233901376111886,shale,0.0,0.0,none
693.5,693.49,688.79,0.3964814814814815,-0.9785185185185186,-3.2783333333333333,3.4212523928421477,shale,0.0,0.0,none
694.5,694.49,689.79,0.4027777777777778,-0.9822222222222222,-3.275,3.419120573163099,shale,0.0,0.0,none
695.5,695.49,690.79,0.4090740740740741,-0.985925925925926,-3.2716666666666665,3.416994689663809,shale,0.0,0.0,none
696.5,696.49,691.79,0.4153703703703704,-0.9896296296296296,-3.2683333333333335,3.4148747534307398,shale,0.0,0.0,none
697.5,697.49,692.79,0.42166666666666663,-0.9933333333333334,-3.265,3.4127607755468463,shale,0.0,0.0,none
698.5,698.49,693.79,0.427962962962963,-0.997037037037037,-3.2616666666666667,3.410652767091373,shale,0.0,0.0,none
699.5,699.49,694.79,0.43425925925925923,-1.0007407407407407,-3.2583333333333333,3.4085507391396477,shale,0.0,0.0,none
700.5,700.49,695.79,0.4405555555555556,-1.0044444444444445,-3.255,3.406454702762875,shale,0.0,0.0,none
701.5,701.49,696.79,0.44685185185185183,-1.0081481481481482,-3.2516666666666665,3.4043646690279306,shale,0.0,0.0,none
702.5,702.49,697.79,0.4430357142857143,-1.0105357142857143,-3.248392857142857,3.401946293547809,shale,0.0,0.0,none
703.5,703.49,698.79,0.42910714285714285,-1.011607142857143,-3.2451785714285712,3.3991959302074326,shale,0.0,0.0,none
704.5,704.49,699.79,0.41517857142857145,-1.0126785714285715,-3.241964285714286,3.3964467195699615,shale,0.0,0.0,none
705.5,705.49,700.79,0.40125,-1.01375,-3.23875,3.393698664436782,shale,0.0,0.0,none
706.5,706.49,701.79,0.3873214285714286,-1.0148214285714285,-3.235535714285714,3.3909517676171865,shale,0.0,0.0,none
707.5,707.49,702.79,0.37339285714285714,-1.0158928571428572,-3.232321428571429,3.388206031928389,shale,0.0,0.0,none
708.5,708.49,703.79,0.35946428571428574,-1.0169642857142858,-3.229107142857143,3.3854614601955504,shale,0.0,0.0,none
709.5,709.49,704.79,0.3455357142857143,-1.0180357142857144,-3.225892857142857,3.3827180552518015,shale,0.0,0.0,none
710.5,710.49,705.79,0.3316071428571429,-1.0191071428571428,-3.2226785714285713,3.379975819938265,shale,0.0,0.0,none
711.5,711.49,706.79,0.3176785714285714,-1.0201785714285714,-3.219464285714286,3.3772347571040777,shale,0.0,0.0,none
712.5,712.49,707.79,0.30375,-1.02125,-3.21625,3.3744948696064125,shale,0.0,0.0,none
713.5,713.49,708.79,0.28982142857142856,-1.0223214285714286,-3.213035714285714,3.3717561603105044,shale,0.0,0.0,none
714.5,714.49,709.79,0.27589285714285716,-1.0233928571428572,-3.209821428571429,3.3690186320896696,shale,0.0,0.0,none
715.5,715.49,710.79,0.2619642857142857,-1.0244642857142858,-3.206607142857143,3.366282287825329,shale,0.0,0.0,none
716.5,716.49,711.79,0.2480357142857143,-1.0255357142857142,-3.203392857142857,3.3635471304070332,shale,0.0,0.0,none
717.5,717.49,712.79,0.23410714285714285,-1.0266071428571428,-3.2001785714285713,3.3608131627324833,shale,0.0,0.0,none
718.5,718.49,713.79,0.22017857142857145,-1.0276785714285714,-3.196964285714286,3.358080387707555,shale,0.0,0.0,none
719.5,719.49,714.79,0.20625,-1.02875,-3.19375,3.3553488082463203,shale,0.0,0.0,none
720.5,720.49,715.79,0.1923214285714286,-1.0298214285714287,-3.1905357142857143,3.352618427271071,shale,0.0,0.0,none
721.5,721.49,716.79,0.17839285714285713,-1.0308928571428573,-3.187321428571429,3.3498892477123445,shale,0.0,0.0,none
722.5,722.49,717.79,0.16446428571428573,-1.0319642857142857,-3.184107142857143,3.347161272508941,shale,0.0,0.0,none
723.5,723.49,718.79,0.15053571428571427,-1.0330357142857143,-3.180892857142857,3.3444345046079533,shale,0.0,0.0,none
724.5,724.49,719.79,0.13660714285714287,-1.034107142857143,-3.1776785714285714,3.3417089469647845,shale,0.0,0.0,none
725.5,725.49,720.79,0.12267857142857141,-1.0351785714285715,-3.174464285714286,3.3389846025431758,shale,0.0,0.0,none
726.5,726.49,721.79,0.10875000000000001,-1.0362500000000001,-3.17125,3.3362614743152252,shale,0.0,0.0,none
727.5,727.49,722.79,0.09482142857142856,-1.0373214285714285,-3.1680357142857143,3.333539565261415,shale,0.0,0.0,none
728.5,728.49,723.79,0.08089285714285716,-1.0383928571428571,-3.164821428571429,3.330818878370634,shale,0.0,0.0,none
729.5,729.49,724.79,0.0669642857142857,-1.0394642857142857,-3.161607142857143,3.3280994166401965,shale,0.0,0.0,none
730.5,730.49,725.79,0.06074074074074074,-1.0396296296296297,-3.1597222222222223,3.3263605169026373,shale,0.0,0.0,none
731.5,731.49,726.79,0.06222222222222222,-1.038888888888889,-3.1591666666666667,3.3256013217513862,shale,0.0,0.0,none
732.5,732.49,727.79,0.0637037037037037,-1.0381481481481483,-3.158611111111111,3.3248422111038587,shale,0.0,0.0,none
733.5,733.49,728.79,0.06518518518518518,-1.0374074074074073,-3.158055555555556,3.3240831850179484,shale,0.0,0.0,none
734.5,734.49,729.79,0.06666666666666667,-1.0366666666666666,-3.1575,3.323324243551595,shale,0.0,0.0,none
735.5,735.49,730.79,0.06814814814814815,-1.035925925925926,-3.1569444444444446,3.322565386762784,shale,0.0,0.0,none
736.5,736.49,731.79,0.06962962962962962,-1.0351851851851852,-3.156388888888889,3.32180661470955,shale,0.0,0.0,none
737.5,737.49,732.79,0.07111111111111111,-1.0344444444444445,-3.1558333333333333,3.3210479274499716,shale,0.0,0.0,none
738.5,738.49,733.79,0.0725925925925926,-1.0337037037037038,-3.155277777777778,3.320289325042176,shale,0.0,0.0,none
739.5,739.49,734.79,0.07407407407407407,-1.032962962962963,-3.1547222222222224,3.3195308075443344,shale,0.0,0.0,none
740.5,740.49,735.79,0.07555555555555556,-1.0322222222222222,-3.154166666666667,3.318772375014667,shale,0.0,0.0,none
741.5,741.49,736.79,0.07703703703703704,-1.0314814814814814,-3.153611111111111,3.3180140275114405,shale,0.0,0.0,none
742.5,742.49,737.79,0.07851851851851852,-1.0307407407407407,-3.1530555555555555,3.3172557650929666,shale,0.0,0.0,none
743.5,743.49,738.79,0.08,-1.03,-3.1525000000000003,3.3164975878176066,shale,0.0,0.0,none
744.5,744.49,739.79,0.08148148148148149,-1.0292592592592593,-3.1519444444444447,3.3157394957437654,shale,0.0,0.0,none
745.5,745.49,740.79,0.08296296296296296,-1.0285185185185186,-3.151388888888889,3.3149814889298965,shale,0.0,0.0,none
746.5,746.49,741.79,0.08444444444444445,-1.027777777777778,-3.1508333333333334,3.3142235674345013,shale,0.0,0.0,none
747.5,747.49,742.79,0.08592592592592593,-1.027037037037037,-3.1502777777777777,3.313465731316126,shale,0.0,0.0,none
748.5,748.49,743.79,0.0874074074074074,-1.0262962962962963,-3.149722222222222,3.3127079806333652,shale,0.0,0.0,none
749.5,749.49,744.79,0.08888888888888889,-1.0255555555555556,-3.149166666666667,3.3119503154448604,shale,0.0,0.0,none
750.5,750.49,745.79,0.09037037037037038,-1.0248148148148148,-3.1486111111111112,3.311192735809299,shale,0.0,0.0,none
751.5,751.49,746.79,0.09185185185185185,-1.0240740740740741,-3.1480555555555556,3.3104352417854166,shale,0.0,0.0,none
752.5,752.49,747.79,0.09333333333333334,-1.0233333333333334,-3.1475,3.309677833431996,shale,0.0,0.0,none
753.5,753.49,748.79,0.09481481481481482,-1.0225925925925927,-3.1469444444444443,3.3089205108078668,shale,0.0,0.0,none
754.5,754.49,749.79,0.0962962962962963,-1.0218518518518518,-3.146388888888889,3.3081632739719056,shale,0.0,0.0,none
755.5,755.49,750.79,0.09777777777777778,-1.021111111111111,-3.1458333333333335,3.3074061229830365,shale,0.0,0.0,none
756.5,756.49,751.79,0.09925925925925927,-1.0203703703703704,-3.145277777777778,3.3066490579002306,shale,0.0,0.0,none
757.5,757.49,752.79,0.10074074074074074,-1.0196296296296297,-3.144722222222222,3.3058920787825072,shale,0.0,0.0,none
758.5,758.49,753.79,0.10222222222222223,-1.018888888888889,-3.1441666666666666,3.305135185688932,shale,0.0,0.0,none
759.5,759.49,754.79,0.10370370370370371,-1.0181481481481482,-3.143611111111111,3.3043783786786185,shale,0.0,0.0,none
760.5,760.49,755.79,0.10518518518518519,-1.0174074074074073,-3.1430555555555557,3.3036216578107283,shale,0.0,0.0,none
761.5,761.49,756.79,0.10666666666666667,-1.0166666666666666,-3.1425,3.3028650231444687,shale,0.0,0.0,none
762.5,762.49,757.79,0.10814814814814816,-1.015925925925926,-3.1419444444444444,3.302108474739096,shale,0.0,0.0,none
763.5,763.49,758.79,0.10962962962962963,-1.0151851851851852,-3.141388888888889,3.3013520126539135,shale,0.0,0.0,none
764.5,764.49,759.79,0.11111111111111112,-1.0144444444444445,-3.140833333333333,3.3005956369482727,shale,0.0,0.0,none
765.5,765.49,760.79,0.1125925925925926,-1.0137037037037038,-3.140277777777778,3.2998393476815724,shale,0.0,0.0,none
766.5,766.49,761.79,0.11407407407407408,-1.012962962962963,-3.1397222222222223,3.2990831449132583,shale,0.0,0.0,none
767.5,767.49,762.79,0.11555555555555556,-1.0122222222222221,-3.1391666666666667,3.2983270287028246,shale,0.0,0.0,none
768.5,768.49,763.79,0.11703703703703705,-1.0114814814814814,-3.138611111111111,3.297570999109814,shale,0.0,0.0,none
769.5,769.49,764.79,0.11851851851851852,-1.0107407407407407,-3.1380555555555554,3.296815056193815,shale,0.0,0.0,none
770.5,770.49,765.79,0.12000000000000001,-1.01,-3.1375,3.296059200014466,shale,0.0,0.0,none
771.5,771.49,766.79,0.1214814814814815,-1.0092592592592593,-3.1369444444444445,3.2953034306314515,shale,0.0,0.0,none
772.5,772.49,767.79,0.12296296296296298,-1.0085185185185186,-3.136388888888889,3.294547748104505,shale,0.0,0.0,none
773.5,773.49,768.79,0.12444444444444445,-1.0077777777777779,-3.1358333333333333,3.2937921524934084,shale,0.0,0.0,none
774.5,774.49,769.79,0.12592592592592594,-1.007037037037037,-3.1352777777777776,3.29303664385799,shale,0.0,0.0,none
775.5,775.49,770.79,0.1274074074074074,-1.0062962962962962,-3.134722222222222,3.2922812222581275,shale,0.0,0.0,none
776.5,776.49,771.79,0.1288888888888889,-1.0055555555555555,-3.1341666666666668,3.291525887753746,shale,0.0,0.0,none
777.5,777.49,772.79,0.1303703703703704,-1.0048148148148148,-3.133611111111111,3.290770640404819,shale,0.0,0.0,none
778.5,778.49,773.79,0.1318518518518519,-1.0040740740740741,-3.1330555555555555,3.290015480271368,shale,0.0,0.0,none
779.5,779.49,774.79,0.13333333333333336,-1.0033333333333334,-3.1325,3.2892604074134626,shale,0.0,0.0,none
780.5,780.49,775.79,0.13481481481481483,-1.0025925925925927,-3.131944444444444,3.2885054218912204,shale,0.0,0.0,none
781.5,781.49,776.79,0.1362962962962963,-1.0018518518518518,-3.131388888888889,3.287750523764809,shale,0.0,0.0,none
782.5,782.49,777.79,0.13777777777777778,-1.001111111111111,-3.1308333333333334,3.2869957130944414,shale,0.0,0.0,none
783.5,783.49,778.79,0.13925925925925928,-1.0003703703703704,-3.1302777777777777,3.286240989940381,shale,0.0,0.0,none
784.5,784.49,779.79,0.1385714285714286,-1.0,-3.1294642857142856,3.28535336235864,shale,0.0,0.0,none
785.5,785.49,780.79,0.13571428571428573,-1.0,-3.128392857142857,3.2843327889576672,shale,0.0,0.0,none
786.5,786.49,781.79,0.13285714285714287,-1.0,-3.1273214285714284,3.283312247959679,shale,0.0,0.0,none
787.5,787.49,782.79,0.13,-1.0,-3.1262499999999998,3.2822917393949,shale,0.0,0.0,none
788.5,788.49,783.79,0.12714285714285717,-1.0,-3.125178571428571,3.281271263293592,shale,0.0,0.0,none
789.5,789.49,784.79,0.1242857142857143,-1.0,-3.124107142857143,3.280250819686053,shale,0.0,0.0,none
790.5,790.49,785.79,0.12142857142857144,-1.0,-3.1230357142857144,3.2792304086026163,shale,0.0,0.0,none
791.5,791.49,786.79,0.11857142857142858,-1.0,-3.1219642857142857,3.2782100300736543,shale,0.0,0.0,none
792.5,792.49,787.79,0.11571428571428573,-1.0,-3.120892857142857,3.2771896841295756,shale,0.0,0.0,none
793.5,793.49,788.79,0.11285714285714286,-1.0,-3.1198214285714285,3.276169370800824,shale,0.0,0.0,none
794.5,794.49,789.79,0.11000000000000001,-1.0,-3.11875,3.2751490901178832,shale,0.0,0.0,none
795.5,795.49,790.79,0.10714285714285715,-1.0,-3.1176785714285713,3.274128842111272,shale,0.0,0.0,none
796.5,796.49,791.79,0.10428571428571429,-1.0,-3.1166071428571427,3.2731086268115455,shale,0.0,0.0,none
797.5,797.49,792.79,0.10142857142857144,-1.0,-3.115535714285714,3.2720884442492983,shale,0.0,0.0,none
798.5,798.49,793.79,0.09857142857142859,-1.0,-3.114464285714286,3.2710682944551612,shale,0.0,0.0,none
799.5,799.49,794.79,0.09571428571428572,-1.0,-3.1133928571428573,3.2700481774598007,shale,0.0,0.0,none
800.5,800.49,795.79,0.09285714285714286,-1.0,-3.1123214285714287,3.2690280932939224,shale,0.0,0.0,none
801.5,801.49,796.79,0.09,-1.0,-3.11125,3.268008041988269,shale,0.0,0.0,none
802.5,802.49,797.79,0.08714285714285715,-1.0,-3.1101785714285715,3.2669880235736204,shale,0.0,0.0,none
803.5,803.49,798.79,0.0842857142857143,-1.0,-3.109107142857143,3.265968038080793,shale,0.0,0.0,none
804.5,804.49,799.79,0.08142857142857143,-1.0,-3.1080357142857142,3.264948085540643,shale,0.0,0.0,none
805.5,805.49,800.79,0.07857142857142857,-1.0,-3.1069642857142856,3.2639281659840615,shale,0.0,0.0,none
806.5,806.49,801.79,0.07571428571428572,-1.0,-3.105892857142857,3.2629082794419797,shale,0.0,0.0,none
807.5,807.49,802.79,0.07285714285714286,-1.0,-3.104821428571429,3.2618884259453647,shale,0.0,0.0,none
808.5,808.49,803.79,0.07,-1.0,-3.1037500000000002,3.2608686055252214,shale,0.0,0.0,none
809.5,809.49,804.79,0.06714285714285714,-1.0,-3.1026785714285716,3.2598488182125935,shale,0.0,0.0,none
810.5,810.49,805.79,0.0642857142857143,-1.0,-3.101607142857143,3.258829064038562,shale,0.0,0.0,none
811.5,811.49,806.79,0.06142857142857143,-1.0,-3.1005357142857144,3.257809343034246,shale,0.0,0.0,none
812.5,812.49,807.79,0.06148148148148148,-1.0007407407407407,-3.1005555555555557,3.25805567528622,shale,0.0,0.0,none
813.5,813.49,808.79,0.06444444444444444,-1.0022222222222221,-3.1016666666666666,3.259568298690359,shale,0.0,0.0,none
814.5,814.49,809.79,0.0674074074074074,-1.0037037037037038,-3.102777777777778,3.261081272078348,shale,0.0,0.0,none
815.5,815.49,810.79,0.07037037037037037,-1.0051851851851852,-3.103888888888889,3.2625945949632906,shale,0.0,0.0,none
816.5,816.49,811.79,0.07333333333333333,-1.0066666666666666,-3.105,3.2641082668590786,shale,0.0,0.0,none
817.5,817.49,812.79,0.0762962962962963,-1.0081481481481482,-3.1061111111111113,3.2656222872803955,shale,0.0,0.0,none
818.5,818.49,813.79,0.07925925925925927,-1.0096296296296297,-3.107222222222222,3.267136655742711,shale,0.0,0.0,none
819.5,819.49,814.79,0.08222222222222222,-1.011111111111111,-3.1083333333333334,3.2686513717622834,shale,0.0,0.0,none
820.5,820.49,815.79,0.0851851851851852,-1.0125925925925927,-3.1094444444444447,3.2701664348561543,shale,0.0,0.0,none
821.5,821.49,816.79,0.08814814814814816,-1.0140740740740741,-3.1105555555555555,3.2716818445421496,shale,0.0,0.0,none
822.5,822.49,817.79,0.09111111111111111,-1.0155555555555555,-3.111666666666667,3.273197600338879,shale,0.0,0.0,none
823.5,823.49,818.79,0.09407407407407409,-1.017037037037037,-3.1127777777777776,3.2747137017657337,shale,0.0,0.0,none
824.5,824.49,819.79,0.09703703703703705,-1.0185185185185186,-3.113888888888889,3.276230148342884,shale,0.0,0.0,none
825.5,825.49,820.79,0.1,-1.02,-3.115,3.27774693959128,shale,0.0,0.0,none
826.5,826.49,821.79,0.10296296296296298,-1.0214814814814814,-3.116111111111111,3.2792640750326476,shale,0.0,0.0,none
827.5,827.49,822.79,0.10592592592592594,-1.022962962962963,-3.1172222222222223,3.2807815541894914,shale,0.0,0.0,none
828.5,828.49,823.79,0.1088888888888889,-1.0244444444444445,-3.118333333333333,3.282299376585089,shale,0.0,0.0,none
829.5,829.49,824.79,0.11185185185185187,-1.025925925925926,-3.1194444444444445,3.283817541743493,shale,0.0,0.0,none
830.5,830.49,825.79,0.11481481481481483,-1.0274074074074073,-3.1205555555555553,3.285336049189527,shale,0.0,0.0,none
831.5,831.49,826.79,0.11777777777777779,-1.028888888888889,-3.1216666666666666,3.2868548984487878,shale,0.0,0.0,none
832.5,832.49,827.79,0.12074074074074076,-1.0303703703703704,-3.122777777777778,3.288374089047639,shale,0.0,0.0,none
833.5,833.49,828.79,0.12370370370370372,-1.0318518518518518,-3.1238888888888887,3.289893620513215,shale,0.0,0.0,none
834.5,834.49,829.79,0.12666666666666668,-1.0333333333333334,-3.125,3.2914134923734175,shale,0.0,0.0,none
835.5,835.49,830.79,0.12962962962962965,-1.0348148148148149,-3.126111111111111,3.2929337041569124,shale,0.0,0.0,none
836.5,836.49,831.79,0.1325925925925926,-1.0362962962962963,-3.127222222222222,3.294454255393132,shale,0.0,0.0,none
837.5,837.49,832.79,0.13555555555555557,-1.037777777777778,-3.1283333333333334,3.2959751456122706,shale,0.0,0.0,none
838.5,838.49,833.79,0.13851851851851854,-1.0392592592592593,-3.1294444444444443,3.297496374345285,shale,0.0,0.0,none
839.5,839.49,834.79,0.13910714285714287,-1.040357142857143,-3.13,3.2983697465102177,shale,0.0,0.0,none
840.5,840.49,835.79,0.1373214285714286,-1.0410714285714286,-3.13,3.2985951129818516,shale,0.0,0.0,none
841.5,841.49,836.79,0.1355357142857143,-1.0417857142857143,-3.13,3.298820618719635,shale,0.0,0.0,none
842.5,842.49,837.79,0.13375,-1.0425,-3.13,3.299046263695009,shale,0.0,0.0,none
843.5,843.49,838.79,0.13196428571428573,-1.0432142857142856,-3.13,3.2992720478794055,shale,0.0,0.0,none
844.5,844.49,839.79,0.13017857142857145,-1.0439285714285715,-3.13,3.2994979712442465,shale,0.0,0.0,none
845.5,845.49,840.79,0.12839285714285714,-1.0446428571428572,-3.13,3.2997240337609433,shale,0.0,0.0,none
846.5,846.49,841.79,0.12660714285714286,-1.0453571428571429,-3.13,3.299950235400899,shale,0.0,0.0,none
847.5,847.49,842.79,0.12482142857142858,-1.0460714285714285,-3.13,3.3001765761355055,shale,0.0,0.0,none
848.5,848.49,843.79,0.12303571428571429,-1.0467857142857144,-3.13,3.300403055936146,shale,0.0,0.0,none
849.5,849.49,844.79,0.12125000000000001,-1.0475,-3.13,3.3006296747741937,shale,0.0,0.0,none
850.5,850.49,845.79,0.11946428571428572,-1.0482142857142858,-3.13,3.3008564326210115,shale,0.0,0.0,none
851.5,851.49,846.79,0.11767857142857144,-1.0489285714285714,-3.13,3.301083329447953,shale,0.0,0.0,none
852.5,852.49,847.79,0.11589285714285714,-1.049642857142857,-3.13,3.3013103652263625,shale,0.0,0.0,none
853.5,853.49,848.79,0.11410714285714287,-1.050357142857143,-3.13,3.3015375399275744,shale,0.0,0.0,none
854.5,854.49,849.79,0.11232142857142857,-1.0510714285714287,-3.13,3.301764853522913,shale,0.0,0.0,none
855.5,855.49,850.79,0.11053571428571429,-1.0517857142857143,-3.13,3.3019923059836933,shale,0.0,0.0,none
856.5,856.49,851.79,0.10875,-1.0525,-3.13,3.3022198972812213,shale,0.0,0.0,none
857.5,857.49,852.79,0.10696428571428572,-1.0532142857142857,-3.13,3.302447627386792,shale,0.0,0.0,none
858.5,858.49,853.79,0.10517857142857143,-1.0539285714285715,-3.13,3.3026754962716924,shale,0.0,0.0,none
859.5,859.49,854.79,0.10339285714285715,-1.0546428571428572,-3.13,3.3029035039071983,shale,0.0,0.0,none
860.5,860.49,855.79,0.10160714285714285,-1.0553571428571429,-3.13,3.3031316502645773,shale,0.0,0.0,none
861.5,861.49,856.79,0.09982142857142857,-1.0560714285714285,-3.13,3.303359935315087,shale,0.0,0.0,none
862.5,862.49,857.79,0.09803571428571428,-1.0567857142857144,-3.13,3.3035883590299755,shale,0.0,0.0,none
863.5,863.49,858.79,0.09625,-1.0575,-3.13,3.303816921380481,shale,0.0,0.0,none
864.5,864.49,859.79,0.09446428571428571,-1.0582142857142858,-3.13,3.3040456223378327,shale,0.0,0.0,none
865.5,865.49,860.79,0.09267857142857143,-1.0589285714285714,-3.13,3.30427446187325,shale,0.0,0.0,none
866.5,866.49,861.79,0.09089285714285714,-1.059642857142857,-3.13,3.304503439957943,shale,0.0,0.0,none
867.5,867.49,862.79,0.09296296296296296,-1.0605555555555557,-3.1305555555555555,3.305322400740888,shale,0.0,0.0,none
868.5,868.49,863.79,0.09888888888888889,-1.0616666666666668,-3.1316666666666664,3.3067313501737967,shale,0.0,0.0,none
869.5,869.49,864.79,0.1048148148148148,-1.0627777777777778,-3.1327777777777777,3.308140445911652,shale,0.0,0.0,none
870.5,870.49,865.79,0.11074074074074074,-1.0638888888888889,-3.133888888888889,3.3095496877675776,shale,0.0,0.0,none
871.5,871.49,866.79,0.11666666666666667,-1.065,-3.135,3.310959075554997,shale,0.0,0.0,none
872.5,872.49,867.79,0.12259259259259259,-1.0661111111111112,-3.136111111111111,3.312368609087632,shale,0.0,0.0,none
873.5,873.49,868.79,0.1285185185185185,-1.0672222222222223,-3.1372222222222224,3.313778288179503,shale,0.0,0.0,none
874.5,874.49,869.79,0.13444444444444442,-1.0683333333333334,-3.138333333333333,3.3151881126449254,shale,0.0,0.0,none
875.5,875.49,870.79,0.14037037037037037,-1.0694444444444444,-3.1394444444444445,3.316598082298513,shale,0.0,0.0,none
876.5,876.49,871.79,0.14629629629629629,-1.0705555555555557,-3.1405555555555553,3.3180081969551742,shale,0.0,0.0,none
877.5,877.49,872.79,0.1522222222222222,-1.0716666666666668,-3.1416666666666666,3.3194184564301152,shale,0.0,0.0,none
878.5,878.49,873.79,0.15814814814814815,-1.0727777777777778,-3.142777777777778,3.3208288605388345,shale,0.0,0.0,none
879.5,879.49,874.79,0.16407407407407407,-1.073888888888889,-3.1438888888888887,3.3222394090971266,shale,0.0,0.0,none
880.5,880.49,875.79,0.16999999999999998,-1.0750000000000002,-3.145,3.3236501019210793,shale,0.0,0.0,none
881.5,881.49,876.79,0.17592592592592593,-1.0761111111111112,-3.1461111111111113,3.325060938827074,shale,0.0,0.0,none
882.5,882.49,877.79,0.18185185185185185,-1.0772222222222223,-3.147222222222222,3.326471919631784,shale,0.0,0.0,none
883.5,883.49,878.79,0.18777777777777777,-1.0783333333333334,-3.1483333333333334,3.3278830441521765,shale,0.0,0.0,none
884.5,884.49,879.79,0.1937037037037037,-1.0794444444444444,-3.1494444444444447,3.329294312205509,shale,0.0,0.0,none
885.5,885.49,880.79,0.1996296296296296,-1.0805555555555557,-3.1505555555555556,3.3307057236093303,shale,0.0,0.0,none
886.5,886.49,881.79,0.20555555555555555,-1.0816666666666668,-3.151666666666667,3.3321172781814803,shale,0.0,0.0,none
887.5,887.49,882.79,0.2114814814814815,-1.0827777777777778,-3.1527777777777777,3.3335289757400886,shale,0.0,0.0,none
888.5,888.49,883.79,0.2174074074074074,-1.083888888888889,-3.153888888888889,3.3349408161035754,shale,0.0,0.0,none
889.5,889.49,884.79,0.22333333333333333,-1.0850000000000002,-3.1550000000000002,3.336352799090648,shale,0.0,0.0,none
890.5,890.49,885.79,0.22925925925925925,-1.0861111111111112,-3.156111111111111,3.337764924520303,shale,0.0,0.0,none
891.5,891.49,886.79,0.23518518518518516,-1.0872222222222223,-3.1572222222222224,3.3391771922118263,shale,0.0,0.0,none
892.5,892.49,887.79,0.2411111111111111,-1.0883333333333334,-3.1583333333333337,3.340589601984789,shale,0.0,0.0,none
893.5,893.49,888.79,0.24703703703703703,-1.0894444444444444,-3.1594444444444445,3.34200215365905,shale,0.0,0.0,none
894.5,894.49,889.79,0.25125,-1.0907142857142857,-3.1623214285714285,3.3451359420303484,shale,0.0,0.0,none
895.5,895.49,890.79,0.25375,-1.0921428571428573,-3.1669642857142857,3.3499908667633647,shale,0.0,0.0,none
896.5,896.49,891.79,0.25625,-1.0935714285714286,-3.171607142857143,3.3548457994385084,shale,0.0,0.0,none
897.5,897.49,892.79,0.25875,-1.095,-3.17625,3.3597007400213488,shale,0.0,0.0,none
898.5,898.49,893.79,0.26125,-1.0964285714285715,-3.180892857142857,3.364555688477655,shale,0.0,0.0,none
899.5,899.49,894.79,0.26375,-1.0978571428571429,-3.1855357142857144,3.3694106447733922,shale,0.0,0.0,none
900.5,900.49,895.79,0.26625,-1.0992857142857144,-3.1901785714285715,3.3742656088747216,shale,0.0,0.0,none
901.5,901.49,896.79,0.26875,-1.1007142857142858,-3.1948214285714287,3.379120580747999,shale,0.0,0.0,none
902.5,902.49,897.79,0.27125,-1.102142857142857,-3.199464285714286,3.383975560359774,shale,0.0,0.0,none
903.5,903.49,898.79,0.27375,-1.1035714285714286,-3.204107142857143,3.3888305476767866,shale,0.0,0.0,none
904.5,904.49,899.79,0.27625,-1.105,-3.20875,3.3936855426659673,shale,0.0,0.0,none
905.5,905.49,900.79,0.27875,-1.1064285714285715,-3.2133928571428574,3.3985405452944364,shale,0.0,0.0,none
906.5,906.49,901.79,0.28125,-1.1078571428571429,-3.2180357142857146,3.4033955555295012,shale,0.0,0.0,none
907.5,907.49,902.79,0.28375,-1.1092857142857142,-3.2226785714285717,3.4082505733386546,shale,0.0,0.0,none
908.5,908.49,903.79,0.28625,-1.1107142857142858,-3.2273214285714285,3.413105598689575,shale,0.0,0.0,none
909.5,909.49,904.79,0.28875,-1.112142857142857,-3.2319642857142856,3.417960631550125,shale,0.0,0.0,none
910.5,910.49,905.79,0.29125,-1.1135714285714284,-3.236607142857143,3.422815671888349,shale,0.0,0.0,none
911.5,911.49,906.79,0.29375,-1.115,-3.24125,3.427670719672472,shale,0.0,0.0,none
912.5,912.49,907.79,0.29625,-1.1164285714285713,-3.245892857142857,3.432525774870898,shale,0.0,0.0,none
913.5,913.49,908.79,0.29875,-1.1178571428571429,-3.2505357142857143,3.4373808374522126,shale,0.0,0.0,none
914.5,914.49,909.79,0.30125,-1.1192857142857142,-3.2551785714285715,3.4422359073851747,shale,0.0,0.0,none
915.5,915.49,910.79,0.30375,-1.1207142857142856,-3.2598214285714286,3.4470909846387214,shale,0.0,0.0,none
916.5,916.49,911.79,0.30625,-1.122142857142857,-3.264464285714286,3.4519460691819646,shale,0.0,0.0,none
917.5,917.49,912.79,0.30875,-1.1235714285714284,-3.269107142857143,3.4568011609841887,shale,0.0,0.0,none
918.5,918.49,913.79,0.31125,-1.125,-3.27375,3.46165626001485,shale,0.0,0.0,none
919.5,919.49,914.79,0.31375,-1.1264285714285713,-3.2783928571428573,3.4665113662435783,shale,0.0,0.0,none
920.5,920.49,915.79,0.31625000000000003,-1.1278571428571427,-3.2830357142857145,3.4713664796401704,shale,0.0,0.0,none
921.5,921.49,916.79,0.31875,-1.1292857142857142,-3.2876785714285717,3.4762216001745934,shale,0.0,0.0,none
922.5,922.49,917.79,0.31981481481481483,-1.130925925925926,-3.2905555555555557,3.4794754366325025,shale,0.0,0.0,none
923.5,923.49,918.79,0.3194444444444445,-1.1327777777777777,-3.2916666666666665,3.4811284001414835,shale,0.0,0.0,none
924.5,924.49,919.79,0.31907407407407407,-1.1346296296296294,-3.292777777777778,3.4827819182746182,shale,0.0,0.0,none
925.5,925.49,920.79,0.3187037037037037,-1.1364814814814814,-3.293888888888889,3.4844359902423268,shale,0.0,0.0,none
926.5,926.49,921.79,0.31833333333333336,-1.1383333333333332,-3.295,3.486090615256261,shale,0.0,0.0,none
927.5,927.49,922.79,0.31796296296296295,-1.1401851851851852,-3.296111111111111,3.487745792529309,shale,0.0,0.0,none
928.5,928.49,923.79,0.3175925925925926,-1.142037037037037,-3.297222222222222,3.489401521275587,shale,0.0,0.0,none
929.5,929.49,924.79,0.31722222222222224,-1.1438888888888887,-3.2983333333333333,3.491057800710443,shale,0.0,0.0,none
930.5,930.49,925.79,0.31685185185185183,-1.1457407407407407,-3.2994444444444446,3.49271463005045,shale,0.0,0.0,none
931.5,931.49,926.79,0.3164814814814815,-1.1475925925925925,-3.3005555555555555,3.494372008513408,shale,0.0,0.0,none
932.5,932.49,927.79,0.3161111111111111,-1.1494444444444443,-3.3016666666666667,3.496029935318343,shale,0.0,0.0,none
933.5,933.49,928.79,0.31574074074074077,-1.1512962962962963,-3.3027777777777776,3.4976884096855003,shale,0.0,0.0,none
934.5,934.49,929.79,0.31537037037037036,-1.153148148148148,-3.303888888888889,3.4993474308363495,shale,0.0,0.0,none
935.5,935.49,930.79,0.315,-1.1549999999999998,-3.305,3.5010069979935774,shale,0.0,0.0,none
936.5,936.49,931.79,0.31462962962962965,-1.1568518518518518,-3.306111111111111,3.5026671103810885,shale,0.0,0.0,none
937.5,937.49,932.79,0.31425925925925924,-1.1587037037037036,-3.3072222222222223,3.5043277672240043,shale,0.0,0.0,none
938.5,938.49,933.79,0.3138888888888889,-1.1605555555555556,-3.308333333333333,3.505988967748659,shale,0.0,0.0,none
939.5,939.49,934.79,0.31351851851851853,-1.1624074074074073,-3.3094444444444444,3.507650711182601,shale,0.0,0.0,none
940.5,940.49,935.79,0.3131481481481482,-1.164259259259259,-3.3105555555555553,3.509312996754588,shale,0.0,0.0,none
941.5,941.49,936.79,0.31277777777777777,-1.166111111111111,-3.3116666666666665,3.510975823694589,shale,0.0,0.0,none
942.5,942.49,937.79,0.3124074074074074,-1.1679629629629629,-3.312777777777778,3.5126391912337787,shale,0.0,0.0,none
943.5,943.49,938.79,0.31203703703703706,-1.1698148148148146,-3.3138888888888887,3.5143030986045374,shale,0.0,0.0,none
944.5,944.49,939.79,0.31166666666666665,-1.1716666666666666,-3.315,3.5159675450404513,shale,0.0,0.0,none
945.5,945.49,940.79,0.3112962962962963,-1.1735185185185184,-3.316111111111111,3.5176325297763076,shale,0.0,0.0,none
946.5,946.49,941.79,0.31092592592592594,-1.1753703703703704,-3.317222222222222,3.519298052048095,shale,0.0,0.0,none
947.5,947.49,942.79,0.31055555555555553,-1.1772222222222222,-3.3183333333333334,3.5209641110930026,shale,0.0,0.0,none
948.5,948.49,943.79,0.3101851851851852,-1.179074074074074,-3.319444444444444,3.522630706149414,shale,0.0,0.0,none
949.5,949.49,944.79,0.3068518518518519,-1.1805555555555556,-3.319444444444444,3.5231268554376767,shale,0.0,0.0,none
950.5,950.49,945.79,0.3005555555555556,-1.1816666666666666,-3.3183333333333334,3.5224525862277014,shale,0.0,0.0,none
951.5,951.49,946.79,0.2942592592592593,-1.1827777777777777,-3.317222222222222,3.5217788890289343,shale,0.0,0.0,none
952.5,952.49,947.79,0.287962962962963,-1.1838888888888888,-3.316111111111111,3.5211057641697066,shale,0.0,0.0,none
953.5,953.49,948.79,0.2816666666666667,-1.185,-3.315,3.5204332119783213,shale,0.0,0.0,none
954.5,954.49,949.79,0.2753703703703704,-1.1861111111111111,-3.3138888888888887,3.519761232783052,shale,0.0,0.0,none
955.5,955.49,950.79,0.2690740740740741,-1.1872222222222222,-3.312777777777778,3.519089826912144,shale,0.0,0.0,none
956.5,956.49,951.79,0.2627777777777778,-1.1883333333333332,-3.3116666666666665,3.5184189946938127,shale,0.0,0.0,none
957.5,957.49,952.79,0.2564814814814815,-1.1894444444444443,-3.3105555555555553,3.5177487364562445,shale,0.0,0.0,none
958.5,958.49,953.79,0.2501851851851852,-1.1905555555555556,-3.3094444444444444,3.5170790525275937,shale,0.0,0.0,none
959.5,959.49,954.79,0.24388888888888888,-1.1916666666666667,-3.308333333333333,3.5164099432359825,shale,0.0,0.0,none
960.5,960.49,955.79,0.2375925925925926,-1.1927777777777777,-3.3072222222222223,3.5157414089095047,shale,0.0,0.0,none
961.5,961.49,956.79,0.2312962962962963,-1.1938888888888888,-3.306111111111111,3.5150734498762173,shale,0.0,0.0,none
962.5,962.49,957.79,0.225,-1.195,-3.3049999999999997,3.5144060664641468,shale,0.0,0.0,none
963.5,963.49,958.79,0.21870370370370373,-1.1961111111111111,-3.303888888888889,3.513739259001287,shale,0.0,0.0,none
964.5,964.49,959.79,0.21240740740740743,-1.1972222222222222,-3.3027777777777776,3.5130730278155946,shale,0.0,0.0,none
965.5,965.49,960.79,0.20611111111111113,-1.1983333333333333,-3.3016666666666667,3.512407373234995,shale,0.0,0.0,none
966.5,966.49,961.79,0.19981481481481483,-1.1994444444444443,-3.3005555555555555,3.5117422955873745,shale,0.0,0.0,none
967.5,967.49,962.79,0.19351851851851853,-1.2005555555555556,-3.2994444444444446,3.5110777952005874,shale,0.0,0.0,none
968.5,968.49,963.79,0.18722222222222223,-1.2016666666666667,-3.2983333333333333,3.5104138724024487,shale,0.0,0.0,none
969.5,969.49,964.79,0.18092592592592593,-1.2027777777777777,-3.297222222222222,3.5097505275207377,shale,0.0,0.0,none
970.5,970.49,965.79,0.17462962962962963,-1.2038888888888888,-3.296111111111111,3.5090877608831965,shale,0.0,0.0,none
971.5,971.49,966.79,0.16833333333333336,-1.205,-3.295,3.508425572817528,shale,0.0,0.0,none
972.5,972.49,967.79,0.16203703703703706,-1.2061111111111111,-3.293888888888889,3.507763963651397,shale,0.0,0.0,none
973.5,973.49,968.79,0.15574074074074076,-1.2072222222222222,-3.292777777777778,3.5071029337124284,shale,0.0,0.0,none
974.5,974.49,969.79,0.14944444444444446,-1.2083333333333333,-3.2916666666666665,3.5064424833282075,shale,0.0,0.0,none
975.5,975.49,970.79,0.14314814814814816,-1.2094444444444443,-3.2905555555555557,3.5057826128262803,shale,0.0,0.0,none
976.5,976.49,971.79,0.14321428571428574,-1.2091071428571427,-3.289107142857143,3.5043067617008132,shale,0.0,0.0,none
977.5,977.49,972.79,0.14964285714285716,-1.2073214285714284,-3.2873214285714285,3.502014735353444,shale,0.0,0.0,none
978.5,978.49,973.79,0.15607142857142858,-1.2055357142857142,-3.2855357142857144,3.499723030221864,shale,0.0,0.0,none
979.5,979.49,974.79,0.1625,-1.2037499999999999,-3.28375,3.4974316469375064,shale,0.0,0.0,none
980.5,980.49,975.79,0.16892857142857143,-1.2019642857142856,-3.281964285714286,3.4951405861333726,shale,0.0,0.0,none
981.5,981.49,976.79,0.17535714285714288,-1.2001785714285713,-3.2801785714285714,3.492849848444034,shale,0.0,0.0,none
982.5,982.49,977.79,0.1817857142857143,-1.198392857142857,-3.2783928571428573,3.490559434505639,shale,0.0,0.0,none
983.5,983.49,978.79,0.18821428571428572,-1.1966071428571428,-3.276607142857143,3.488269344955917,shale,0.0,0.0,none
984.5,984.49,979.79,0.19464285714285715,-1.1948214285714285,-3.2748214285714288,3.485979580434183,shale,0.0,0.0,none
985.5,985.49,980.79,0.20107142857142857,-1.1930357142857142,-3.2730357142857143,3.4836901415813406,shale,0.0,0.0,none
986.5,986.49,981.79,0.20750000000000002,-1.19125,-3.27125,3.4814010290398896,shale,0.0,0.0,none
987.5,987.49,982.79,0.21392857142857144,-1.1894642857142856,-3.2694642857142857,3.4791122434539274,shale,0.0,0.0,none
988.5,988.49,983.79,0.22035714285714286,-1.1876785714285714,-3.2676785714285717,3.4768237854691577,shale,0.0,0.0,none
989.5,989.49,984.79,0.2267857142857143,-1.185892857142857,-3.265892857142857,3.47453565573289,shale,0.0,0.0,none
990.5,990.49,985.79,0.2332142857142857,-1.1841071428571428,-3.264107142857143,3.4722478548940496,shale,0.0,0.0,none
991.5,991.49,986.79,0.23964285714285716,-1.1823214285714285,-3.2623214285714286,3.4699603836031776,shale,0.0,0.0,none
992.5,992.49,987.79,0.24607142857142858,-1.1805357142857142,-3.2605357142857145,3.4676732425124395,shale,0.0,0.0,none
993.5,993.49,988.79,0.2525,-1.17875,-3.25875,3.4653864322756274,shale,0.0,0.0,none
994.5,994.49,989.79,0.25892857142857145,-1.1769642857142857,-3.256964285714286,3.463099953548166,shale,0.0,0.0,none
995.5,995.49,990.79,0.26535714285714285,-1.1751785714285714,-3.2551785714285715,3.4608138069871157,shale,0.0,0.0,none
996.5,996.49,991.79,0.2717857142857143,-1.1733928571428571,-3.2533928571428574,3.4585279932511814,shale,0.0,0.0,none
997.5,997.49,992.79,0.27821428571428575,-1.1716071428571428,-3.251607142857143,3.456242513000711,shale,0.0,0.0,none
998.5,998.49,993.79,0.28464285714285714,-1.1698214285714286,-3.249821428571429,3.453957366897707,shale,0.0,0.0,none
999.5,999.49,994.79,0.2910714285714286,-1.1680357142857143,-3.2480357142857144,3.451672555605825,shale,0.0,0.0,none
1000.5,1000.49,995.79,0.2975,-1.16625,-3.2462500000000003,3.4493880797903853,shale,0.0,0.0,none
1001.5,1001.49,996.79,0.30392857142857144,-1.1644642857142857,-3.244464285714286,3.44710394011837,shale,0.0,0.0,none
1002.5,1002.49,997.79,0.3103571428571429,-1.1626785714285715,-3.2426785714285717,3.4448201372584357,shale,0.0,0.0,none
1003.5,1003.49,998.79,0.31678571428571434,-1.1608928571428572,-3.2408928571428572,3.442536671880911,shale,0.0,0.0,none
1004.5,1004.49,999.79,0.3188888888888889,-1.1588888888888889,-3.239814814814815,3.4408463335469777,shale,0.0,0.0,none
1005.5,1005.49,1000.79,0.31666666666666665,-1.1566666666666665,-3.2394444444444446,3.4397497127581467,shale,0.0,0.0,none
1006.5,1006.49,1001.79,0.31444444444444447,-1.1544444444444444,-3.2390740740740744,3.4386542182440305,shale,0.0,0.0,none
1007.5,1007.49,1002.79,0.31222222222222223,-1.1522222222222223,-3.238703703703704,3.4375598510814043,shale,0.0,0.0,none
1008.5,1008.49,1003.79,0.31,-1.15,-3.2383333333333333,3.4364666123473073,shale,0.0,0.0,none
1009.5,1009.49,1004.79,0.30777777777777776,-1.1477777777777778,-3.237962962962963,3.4353745031190392,shale,0.0,0.0,none
1010.5,1010.49,1005.79,0.3055555555555556,-1.1455555555555554,-3.2375925925925926,3.434283524474155,shale,0.0,0.0,none
1011.5,1011.49,1006.79,0.30333333333333334,-1.1433333333333333,-3.2372222222222224,3.433193677490464,shale,0.0,0.0,none
1012.5,1012.49,1007.79,0.3011111111111111,-1.1411111111111112,-3.236851851851852,3.432104963246025,shale,0.0,0.0,none
1013.5,1013.49,1008.79,0.29888888888888887,-1.1388888888888888,-3.2364814814814817,3.431017382819145,shale,0.0,0.0,none
1014.5,1014.49,1009.79,0.2966666666666667,-1.1366666666666667,-3.236111111111111,3.4299309372883737,shale,0.0,0.0,none
1015.5,1015.49,1010.79,0.29444444444444445,-1.1344444444444444,-3.235740740740741,3.4288456277325032,shale,0.0,0.0,none
1016.5,1016.49,1011.79,0.2922222222222222,-1.1322222222222222,-3.2353703703703705,3.427761455230561,shale,0.0,0.0,none
1017.5,1017.49,1012.79,0.29000000000000004,-1.13,-3.2350000000000003,3.426678420861812,shale,0.0,0.0,none
1018.5,1018.49,1013.79,0.2877777777777778,-1.1277777777777778,-3.2346296296296297,3.425596525705749,shale,0.0,0.0,none
1019.5,1019.49,1014.79,0.28555555555555556,-1.1255555555555556,-3.234259259259259,3.424515770842095,shale,0.0,0.0,none
1020.5,1020.49,1015.79,0.2833333333333333,-1.1233333333333333,-3.233888888888889,3.423436157350797,shale,0.0,0.0,none
1021.5,1021.49,1016.79,0.2811111111111111,-1.1211111111111112,-3.2335185185185185,3.422357686312023,shale,0.0,0.0,none
1022.5,1022.49,1017.79,0.2788888888888889,-1.1188888888888888,-3.2331481481481483,3.421280358806161,shale,0.0,0.0,none
1023.5,1023.49,1018.79,0.27666666666666667,-1.1166666666666667,-3.2327777777777778,3.420204175913811,shale,0.0,0.0,none
1024.5,1024.49,1019.79,0.27444444444444444,-1.1144444444444446,-3.2324074074074076,3.419129138715788,shale,0.0,0.0,none
1025.5,1025.49,1020.79,0.27222222222222225,-1.1122222222222222,-3.232037037037037,3.418055248293112,shale,0.0,0.0,none
1026.5,1026.49,1021.79,0.27,-1.11,-3.2316666666666665,3.416982505727011,shale,0.0,0.0,none
1027.5,1027.49,1022.79,0.2677777777777778,-1.1077777777777778,-3.2312962962962963,3.415910912098914,shale,0.0,0.0,none
1028.5,1028.49,1023.79,0.26555555555555554,-1.1055555555555556,-3.2309259259259258,3.4148404684904468,shale,0.0,0.0,none
1029.5,1029.49,1024.79,0.26333333333333336,-1.1033333333333335,-3.2305555555555556,3.413771175983433,shale,0.0,0.0,none
1030.5,1030.49,1025.79,0.2611111111111111,-1.1011111111111112,-3.230185185185185,3.412703035659885,shale,0.0,0.0,none
1031.5,1031.49,1026.79,0.2611111111111111,-1.1003703703703704,-3.232222222222222,3.4143923977504675,shale,0.0,0.0,none
1032.5,1032.49,1027.79,0.26333333333333336,-1.1011111111111112,-3.236666666666667,3.418838514777125,shale,0.0,0.0,none
1033.5,1033.49,1028.79,0.26555555555555554,-1.1018518518518519,-3.241111111111111,3.423284787743675,shale,0.0,0.0,none
1034.5,1034.49,1029.79,0.2677777777777778,-1.1025925925925928,-3.2455555555555557,3.4277312160432865,shale,0.0,0.0,none
1035.5,1035.49,1030.79,0.27,-1.1033333333333335,-3.25,3.4321777990722517,shale,0.0,0.0,none
1036.5,1036.49,1031.79,0.27222222222222225,-1.1040740740740742,-3.2544444444444443,3.4366245362299663,shale,0.0,0.0,none
1037.5,1037.49,1032.79,0.27444444444444444,-1.104814814814815,-3.258888888888889,3.441071426918911,shale,0.0,0.0,none
1038.5,1038.49,1033.79,0.27666666666666667,-1.1055555555555556,-3.263333333333333,3.4455184705446285,shale,0.0,0.0,none
1039.5,1039.49,1034.79,0.2788888888888889,-1.1062962962962963,-3.267777777777778,3.449965666515708,shale,0.0,0.0,none
1040.5,1040.49,1035.79,0.28111111111111114,-1.107037037037037,-3.272222222222222,3.454413014243763,shale,0.0,0.0,none
1041.5,1041.49,1036.79,0.2833333333333333,-1.107777777777778,-3.276666666666667,3.4588605131434136,shale,0.0,0.0,none
1042.5,1042.49,1037.79,0.28555555555555556,-1.1085185185185187,-3.281111111111111,3.463308162632266,shale,0.0,0.0,none
1043.5,1043.49,1038.79,0.2877777777777778,-1.1092592592592594,-3.285555555555556,3.467755962130896,shale,0.0,0.0,none
1044.5,1044.49,1039.79,0.29000000000000004,-1.11,-3.29,3.472203911062828,shale,0.0,0.0,none
1045.5,1045.49,1040.79,0.2922222222222222,-1.1107407407407408,-3.2944444444444443,3.4766520088545176,shale,0.0,0.0,none
1046.5,1046.49,1041.79,0.29444444444444445,-1.1114814814814815,-3.298888888888889,3.4811002549353325,shale,0.0,0.0,none
1047.5,1047.49,1042.79,0.2966666666666667,-1.1122222222222222,-3.3033333333333332,3.485548648737534,shale,0.0,0.0,none
1048.5,1048.49,1043.79,0.29888888888888887,-1.1129629629629632,-3.307777777777778,3.48999718969626,shale,0.0,0.0,none
1049.5,1049.49,1044.79,0.3011111111111111,-1.1137037037037039,-3.312222222222222,3.4944458772495053,shale,0.0,0.0,none
1050.5,1050.49,1045.79,0.30333333333333334,-1.1144444444444446,-3.316666666666667,3.4988947108381048,shale,0.0,0.0,none
1051.5,1051.49,1046.79,0.3055555555555556,-1.1151851851851853,-3.321111111111111,3.5033436899057158,shale,0.0,0.0,none
1052.5,1052.49,1047.79,0.3077777777777778,-1.115925925925926,-3.325555555555556,3.5077928138987993,shale,0.0,0.0,none
1053.5,1053.49,1048.79,0.31,-1.1166666666666667,-3.33,3.5122420822666034,shale,0.0,0.0,none
1054.5,1054.49,1049.79,0.31222222222222223,-1.1174074074074074,-3.3344444444444443,3.516691494461145,shale,0.0,0.0,none
1055.5,1055.49,1050.79,0.31444444444444447,-1.1181481481481483,-3.338888888888889,3.5211410499371953,shale,0.0,0.0,none
1056.5,1056.49,1051.79,0.31666666666666665,-1.118888888888889,-3.3433333333333333,3.525590748152257,shale,0.0,0.0,none
1057.5,1057.49,1052.79,0.3188888888888889,-1.1196296296296298,-3.347777777777778,3.5300405885665533,shale,0.0,0.0,none
1058.5,1058.49,1053.79,0.31875000000000003,-1.1217857142857144,-3.350714285714286,3.5335095037745843,shale,0.0,0.0,none
1059.5,1059.49,1054.79,0.31625000000000003,-1.125357142857143,-3.3521428571428573,3.535999212906229,shale,0.0,0.0,none
1060.5,1060.49,1055.79,0.31375000000000003,-1.1289285714285715,-3.3535714285714286,3.5384913516805954,shale,0.0,0.0,none
1061.5,1061.49,1056.79,0.31125,-1.1325,-3.355,3.540985914967751,shale,0.0,0.0,none
1062.5,1062.49,1057.79,0.30875,-1.1360714285714286,-3.3564285714285713,3.543482897647224,shale,0.0,0.0,none
1063.5,1063.49,1058.79,0.30625,-1.1396428571428572,-3.357857142857143,3.5459822946080077,shale,0.0,0.0,none
1064.5,1064.49,1059.79,0.30375,-1.1432142857142857,-3.3592857142857144,3.5484841007485586,shale,0.0,0.0,none
1065.5,1065.49,1060.79,0.30125,-1.1467857142857143,-3.3607142857142858,3.5509883109768015,shale,0.0,0.0,none
1066.5,1066.49,1061.79,0.29875,-1.1503571428571429,-3.362142857142857,3.553494920210128,shale,0.0,0.0,none
1067.5,1067.49,1062.79,0.29625,-1.1539285714285714,-3.363571428571429,3.5560039233753984,shale,0.0,0.0,none
1068.5,1068.49,1063.79,0.29375,-1.1575,-3.365,3.558515315408942,shale,0.0,0.0,none
1069.5,1069.49,1064.79,0.29125,-1.1610714285714285,-3.3664285714285715,3.5610290912565583,shale,0.0,0.0,none
1070.5,1070.49,1065.79,0.28875,-1.164642857142857,-3.367857142857143,3.5635452458735184,shale,0.0,0.0,none
1071.5,1071.49,1066.79,0.28625,-1.1682142857142856,-3.369285714285714,3.566063774224563,shale,0.0,0.0,none
1072.5,1072.49,1067.79,0.28375,-1.1717857142857144,-3.370714285714286,3.5685846712839044,shale,0.0,0.0,none
1073.5,1073.49,1068.79,0.28125,-1.175357142857143,-3.3721428571428573,3.5711079320352246,shale,0.0,0.0,none
1074.5,1074.49,1069.79,0.27875,-1.1789285714285715,-3.3735714285714287,3.5736335514716786,shale,0.0,0.0,none
1075.5,1075.49,1070.79,0.27625,-1.1825,-3.375,3.5761615245958898,shale,0.0,0.0,none
1076.5,1076.49,1071.79,0.27375,-1.1860714285714287,-3.3764285714285713,3.578691846419953,shale,0.0,0.0,none
1077.5,1077.49,1072.79,0.27125,-1.1896428571428572,-3.377857142857143,3.5812245119654316,shale,0.0,0.0,none
1078.5,1078.49,1073.79,0.26875,-1.1932142857142858,-3.3792857142857144,3.583759516263356,shale,0.0,0.0,none
1079.5,1079.49,1074.79,0.26625,-1.1967857142857143,-3.380714285714286,3.586296854354227,shale,0.0,0.0,none
1080.5,1080.49,1075.79,0.26375,-1.200357142857143,-3.382142857142857,3.588836521288008,shale,0.0,0.0,none
1081.5,1081.49,1076.79,0.26125,-1.2039285714285715,-3.383571428571429,3.5913785121241317,shale,0.0,0.0,none
1082.5,1082.49,1077.79,0.25875000000000004,-1.2075,-3.3850000000000002,3.5939228219314896,shale,0.0,0.0,none
1083.5,1083.49,1078.79,0.25625,-1.2110714285714286,-3.3864285714285716,3.5964694457884385,shale,0.0,0.0,none
1084.5,1084.49,1079.79,0.25375000000000003,-1.2146428571428571,-3.387857142857143,3.5990183787827936,shale,0.0,0.0,none
1085.5,1085.49,1080.79,0.25125,-1.2182142857142857,-3.3892857142857142,3.6015696160118287,shale,0.0,0.0,none
1086.5,1086.4898148148147,1081.7898148148147,0.2511111111111111,-1.2207407407407407,-3.388148148148148,3.6013547214769024,shale,0.0,0.0,none
1087.5,1087.4894444444444,1082.7894444444444,0.25333333333333335,-1.222222222222222,-3.3844444444444446,3.5983734322641796,shale,0.0,0.0,none
1088.5,1088.489074074074,1083.789074074074,0.25555555555555554,-1.2237037037037037,-3.380740740740741,3.5953940966968303,shale,0.0,0.0,none
1089.5,1089.4887037037038,1084.7887037037037,0.2577777777777778,-1.2251851851851852,-3.377037037037037,3.592416719635564,shale,0.0,0.0,none
1090.5,1090.4883333333332,1085.7883333333334,0.26,-1.2266666666666666,-3.3733333333333335,3.5894413059540184,shale,0.0,0.0,none
1091.5,1091.487962962963,1086.7879629629629,0.26222222222222225,-1.2281481481481482,-3.3696296296296295,3.5864678605387836,shale,0.0,0.0,none
1092.5,1092.4875925925926,1087.7875925925925,0.2644444444444444,-1.2296296296296296,-3.365925925925926,3.583496388289432,shale,0.0,0.0,none
1093.5,1093.4872222222223,1088.7872222222222,0.26666666666666666,-1.231111111111111,-3.3622222222222224,3.580526894118542,shale,0.0,0.0,none
1094.5,1094.486851851852,1089.786851851852,0.2688888888888889,-1.2325925925925927,-3.3585185185185185,3.5775593829517285,shale,0.0,0.0,none
1095.5,1095.4864814814814,1090.7864814814814,0.27111111111111114,-1.234074074074074,-3.354814814814815,3.5745938597276674,shale,0.0,0.0,none
1096.5,1096.486111111111,1091.786111111111,0.2733333333333333,-1.2355555555555555,-3.3511111111111114,3.571630329398123,shale,0.0,0.0,none
1097.5,1097.4857407407408,1092.7857407407407,0.27555555555555555,-1.237037037037037,-3.3474074074074074,3.568668796927974,shale,0.0,0.0,none
1098.5,1098.4853703703704,1093.7853703703704,0.2777777777777778,-1.2385185185185186,-3.343703703703704,3.565709267295242,shale,0.0,0.0,none
1099.5,1099.4850000000001,1094.7849999999999,0.28,-1.24,-3.34,3.562751745491117,shale,0.0,0.0,none
1100.5,1100.4846296296296,1095.7846296296295,0.2822222222222222,-1.2414814814814814,-3.3362962962962963,3.5597962365199836,shale,0.0,0.0,none
1101.5,1101.4842592592593,1096.7842592592592,0.28444444444444444,-1.242962962962963,-3.3325925925925928,3.556842745399449,shale,0.0,0.0,none
1102.5,1102.483888888889,1097.783888888889,0.2866666666666667,-1.2444444444444445,-3.328888888888889,3.553891277160367,shale,0.0,0.0,none
1103.5,1103.4835185185186,1098.7835185185186,0.28888888888888886,-1.2459259259259259,-3.3251851851851852,3.550941836846868,shale,0.0,0.0,none
1104.5,1104.483148148148,1099.783148148148,0.2911111111111111,-1.2474074074074073,-3.3214814814814817,3.5479944295163834,shale,0.0,0.0,none
1105.5,1105.4827777777778,1100.7827777777777,0.29333333333333333,-1.248888888888889,-3.3177777777777777,3.5450490602396707,shale,0.0,0.0,none
1106.5,1106.4824074074074,1101.7824074074074,0.29555555555555557,-1.2503703703703704,-3.314074074074074,3.5421057341008426,shale,0.0,0.0,none
1107.5,1107.4820370370371,1102.782037037037,0.2977777777777778,-1.2518518518518518,-3.3103703703703706,3.539164456197391,shale,0.0,0.0,none
1108.5,1108.4816666666666,1103.7816666666668,0.3,-1.2533333333333334,-3.3066666666666666,3.5362252316402145,shale,0.0,0.0,none
1109.5,1109.4812962962963,1104.7812962962962,0.3022222222222222,-1.2548148148148148,-3.302962962962963,3.5332880655536445,shale,0.0,0.0,none
1110.5,1110.480925925926,1105.7809259259259,0.30444444444444446,-1.2562962962962962,-3.299259259259259,3.5303529630754693,shale,0.0,0.0,none
1111.5,1111.4805555555556,1106.7805555555556,0.30666666666666664,-1.2577777777777779,-3.2955555555555556,3.5274199293569644,shale,0.0,0.0,none
1112.5,1112.4801851851853,1107.7801851851852,0.3088888888888889,-1.2592592592592593,-3.291851851851852,3.5244889695629134,shale,0.0,0.0,none
1113.5,1113.48,1108.78,0.30907407407407406,-1.2607407407407407,-3.2887037037037037,3.5220788273572143,shale,0.0,0.0,none
1114.5,1114.48,1109.78,0.30722222222222223,-1.2622222222222221,-3.286111111111111,3.5201890819726582,shale,0.0,0.0,none
1115.5,1115.48,1110.78,0.30537037037037035,-1.2637037037037038,-3.2835185185185187,3.5183008558405726,shale,0.0,0.0,none
1116.5,1116.48,1111.78,0.3035185185185185,-1.2651851851851852,-3.280925925925926,3.5164141514083584,shale,0.0,0.0,none
1117.5,1117.48,1112.78,0.30166666666666664,-1.2666666666666666,-3.2783333333333333,3.5145289711266985,shale,0.0,0.0,none
1118.5,1118.48,1113.78,0.2998148148148148,-1.2681481481481482,-3.2757407407407406,3.5126453174495533,shale,0.0,0.0,none
1119.5,1119.48,1114.78,0.297962962962963,-1.2696296296296297,-3.2731481481481484,3.5107631928341627,shale,0.0,0.0,none
1120.5,1120.48,1115.78,0.2961111111111111,-1.271111111111111,-3.2705555555555557,3.508882599741039,shale,0.0,0.0,none
1121.5,1121.48,1116.78,0.2942592592592593,-1.2725925925925927,-3.267962962962963,3.5070035406339706,shale,0.0,0.0,none
1122.5,1122.48,1117.78,0.2924074074074074,-1.2740740740740741,-3.2653703703703703,3.5051260179800154,shale,0.0,0.0,none
1123.5,1123.48,1118.78,0.29055555555555557,-1.2755555555555556,-3.262777777777778,3.503250034249502,shale,0.0,0.0,none
1124.5,1124.48,1119.78,0.2887037037037037,-1.277037037037037,-3.2601851851851853,3.501375591916025,shale,0.0,0.0,none
1125.5,1125.48,1120.78,0.28685185185185186,-1.2785185185185186,-3.2575925925925926,3.4995026934564453,shale,0.0,0.0,none
1126.5,1126.48,1121.78,0.28500000000000003,-1.28,-3.255,3.4976313413508864,shale,0.0,0.0,none
1127.5,1127.48,1122.78,0.28314814814814815,-1.2814814814814814,-3.2524074074074076,3.495761538082732,shale,0.0,0.0,none
1128.5,1128.48,1123.78,0.2812962962962963,-1.282962962962963,-3.249814814814815,3.4938932861386243,shale,0.0,0.0,none
1129.5,1129.48,1124.78,0.27944444444444444,-1.2844444444444445,-3.2472222222222222,3.4920265880084624,shale,0.0,0.0,none
1130.5,1130.48,1125.78,0.2775925925925926,-1.285925925925926,-3.24462962962963,3.4901614461853994,shale,0.0,0.0,none
1131.5,1131.48,1126.78,0.27574074074074073,-1.2874074074074073,-3.2420370370370373,3.4882978631658386,shale,0.0,0.0,none
1132.5,1132.48,1127.78,0.2738888888888889,-1.288888888888889,-3.2394444444444446,3.486435841449432,shale,0.0,0.0,none
1133.5,1133.48,1128.78,0.272037037037037,-1.2903703703703704,-3.236851851851852,3.4845753835390805,shale,0.0,0.0,none
1134.5,1134.48,1129.78,0.2701851851851852,-1.2918518518518518,-3.2342592592592596,3.4827164919409266,shale,0.0,0.0,none
1135.5,1135.48,1130.78,0.2683333333333333,-1.2933333333333334,-3.231666666666667,3.4808591691643542,shale,0.0,0.0,none
1136.5,1136.48,1131.78,0.2664814814814815,-1.2948148148148149,-3.229074074074074,3.4790034177219864,shale,0.0,0.0,none
1137.5,1137.48,1132.78,0.26462962962962966,-1.2962962962962963,-3.2264814814814815,3.477149240129683,shale,0.0,0.0,none
1138.5,1138.48,1133.78,0.2627777777777778,-1.297777777777778,-3.2238888888888892,3.475296638906536,shale,0.0,0.0,none
1139.5,1139.48,1134.78,0.26092592592592595,-1.2992592592592593,-3.2212962962962965,3.4734456165748666,shale,0.0,0.0,none
1140.5,1140.48,1135.78,0.25892857142857145,-1.300357142857143,-3.2196428571428575,3.472323260661457,shale,0.0,0.0,none
1141.5,1141.48,1136.78,0.2567857142857143,-1.3010714285714287,-3.2189285714285716,3.4719285721633275,shale,0.0,0.0,none
1142.5,1142.48,1137.78,0.25464285714285717,-1.3017857142857143,-3.2182142857142857,3.4715341327277596,shale,0.0,0.0,none
1143.5,1143.48,1138.78,0.2525,-1.3025,-3.2175000000000002,3.471139942439659,shale,0.0,0.0,none
1144.5,1144.48,1139.78,0.2503571428571429,-1.3032142857142857,-3.2167857142857144,3.470746001383917,shale,0.0,0.0,none
1145.5,1145.48,1140.78,0.24821428571428572,-1.3039285714285715,-3.216071428571429,3.4703523096454094,shale,0.0,0.0,none
1146.5,1146.48,1141.78,0.24607142857142858,-1.3046428571428572,-3.215357142857143,3.469958867308996,shale,0.0,0.0,none
1147.5,1147.48,1142.78,0.24392857142857144,-1.3053571428571429,-3.214642857142857,3.469565674459522,shale,0.0,0.0,none
1148.5,1148.48,1143.78,0.2417857142857143,-1.3060714285714285,-3.2139285714285717,3.4691727311818177,shale,0.0,0.0,none
1149.5,1149.48,1144.78,0.23964285714285716,-1.3067857142857144,-3.213214285714286,3.4687800375606974,shale,0.0,0.0,none
1150.5,1150.48,1145.78,0.23750000000000002,-1.3075,-3.2125000000000004,3.4683875936809603,shale,0.0,0.0,none
1151.5,1151.48,1146.78,0.23535714285714288,-1.3082142857142858,-3.2117857142857145,3.4679953996273896,shale,0.0,0.0,none
1152.5,1152.48,1147.78,0.2332142857142857,-1.3089285714285714,-3.2110714285714286,3.4676034554847526,shale,0.0,0.0,none
1153.5,1153.48,1148.78,0.2310714285714286,-1.309642857142857,-3.210357142857143,3.4672117613378024,shale,0.0,0.0,none
1154.5,1154.48,1149.78,0.22892857142857143,-1.310357142857143,-3.2096428571428572,3.4668203172712744,shale,0.0,0.0,none
1155.5,1155.48,1150.78,0.22678571428571428,-1.3110714285714287,-3.208928571428572,3.4664291233698896,shale,0.0,0.0,none
1156.5,1156.48,1151.78,0.22464285714285714,-1.3117857142857143,-3.208214285714286,3.466038179718352,shale,0.0,0.0,none
1157.5,1157.48,1152.78,0.2225,-1.3125,-3.2075,3.4656474864013505,shale,0.0,0.0,none
1158.5,1158.48,1153.78,0.22035714285714286,-1.3132142857142857,-3.2067857142857146,3.4652570435035583,shale,0.0,0.0,none
1159.5,1159.48,1154.78,0.21821428571428572,-1.3139285714285716,-3.2060714285714287,3.464866851109631,shale,0.0,0.0,none
1160.5,1160.48,1155.78,0.21607142857142858,-1.3146428571428572,-3.2053571428571432,3.4644769093042087,shale,0.0,0.0,none
1161.5,1161.48,1156.78,0.21392857142857144,-1.315357142857143,-3.2046428571428573,3.464087218171916,shale,0.0,0.0,none
1162.5,1162.48,1157.78,0.2117857142857143,-1.3160714285714286,-3.2039285714285715,3.4636977777973597,shale,0.0,0.0,none
1163.5,1163.48,1158.78,0.20964285714285716,-1.3167857142857144,-3.203214285714286,3.463308588265132,shale,0.0,0.0,none
1164.5,1164.48,1159.78,0.20750000000000002,-1.3175000000000001,-3.2025,3.462919649659807,shale,0.0,0.0,none
1165.5,1165.48,1160.78,0.20535714285714285,-1.3182142857142858,-3.2017857142857147,3.4625309620659435,shale,0.0,0.0,none
1166.5,1166.48,1161.78,0.20321428571428574,-1.3189285714285715,-3.201071428571429,3.4621425255680824,shale,0.0,0.0,none
1167.5,1167.48,1162.78,0.20107142857142857,-1.3196428571428571,-3.200357142857143,3.461754340250749,shale,0.0,0.0,none
1168.5,1168.48,1163.78,0.20444444444444446,-1.3187037037037037,-3.2016666666666667,3.4626072405928903,shale,0.0,0.0,none
1169.5,1169.48,1164.78,0.21333333333333335,-1.3161111111111112,-3.205,3.46470394937145,shale,0.0,0.0,none
1170.5,1170.48,1165.78,0.22222222222222224,-1.3135185185185185,-3.2083333333333335,3.4668045338998943,shale,0.0,0.0,none
1171.5,1171.48,1166.78,0.23111111111111113,-1.310925925925926,-3.211666666666667,3.468908987137386,shale,0.0,0.0,none
1172.5,1172.48,1167.78,0.24000000000000002,-1.3083333333333333,-3.2150000000000003,3.471017302047213,shale,0.0,0.0,none
1173.5,1173.48,1168.78,0.2488888888888889,-1.3057407407407409,-3.2183333333333333,3.473129471596851,shale,0.0,0.0,none
1174.5,1174.48,1169.78,0.2577777777777778,-1.3031481481481482,-3.2216666666666667,3.475245488758033,shale,0.0,0.0,none
1175.5,1175.48,1170.78,0.26666666666666666,-1.3005555555555557,-3.225,3.4773653465068093,shale,0.0,0.0,none
1176.5,1176.48,1171.78,0.27555555555555555,-1.297962962962963,-3.2283333333333335,3.479489037823615,shale,0.0,0.0,none
1177.5,1177.48,1172.78,0.28444444444444444,-1.2953703703703705,-3.231666666666667,3.4816165556933343,shale,0.0,0.0,none
1178.5,1178.48,1173.78,0.29333333333333333,-1.2927777777777778,-3.2350000000000003,3.4837478931053623,shale,0.0,0.0,none
1179.5,1179.48,1174.78,0.3022222222222222,-1.2901851851851853,-3.2383333333333333,3.485883043053669,shale,0.0,0.0,none
1180.5,1180.48,1175.78,0.3111111111111111,-1.2875925925925926,-3.2416666666666667,3.4880219985368632,shale,0.0,0.0,none
1181.5,1181.48,1176.78,0.32,-1.2850000000000001,-3.245,3.4901647525582513,shale,0.0,0.0,none
1182.5,1182.48,1177.78,0.3288888888888889,-1.2824074074074074,-3.2483333333333335,3.4923112981259035,shale,0.0,0.0,none
1183.5,1183.48,1178.78,0.3377777777777778,-1.2798148148148147,-3.251666666666667,3.4944616282527114,shale,0.0,0.0,none
1184.5,1184.48,1179.78,0.3466666666666667,-1.2772222222222223,-3.255,3.4966157359564507,shale,0.0,0.0,none
1185.5,1185.48,1180.78,0.35555555555555557,-1.2746296296296296,-3.2583333333333333,3.498773614259842,shale,0.0,0.0,none
1186.5,1186.48,1181.78,0.36444444444444446,-1.272037037037037,-3.2616666666666667,3.5009352561906097,shale,0.0,0.0,none
1187.5,1187.48,1182.78,0.37333333333333335,-1.2694444444444444,-3.265,3.5031006547815413,shale,0.0,0.0,none
1188.5,1188.48,1183.78,0.38222222222222224,-1.266851851851852,-3.2683333333333335,3.505269803070549,shale,0.0,0.0,none
1189.5,1189.48,1184.78,0.39111111111111113,-1.2642592592592592,-3.2716666666666665,3.507442694100724,shale,0.0,0.0,none
1190.5,1190.48,1185.78,0.4,-1.2616666666666667,-3.275,3.509619320920401,shale,0.0,0.0,none
1191.5,1191.48,1186.78,0.4088888888888889,-1.259074074074074,-3.2783333333333333,3.511799676583209,shale,0.0,0.0,none
1192.5,1192.48,1187.78,0.4177777777777778,-1.2564814814814815,-3.2816666666666667,3.5139837541481334,shale,0.0,0.0,none
1193.5,1193.48,1188.78,0.42666666666666664,-1.2538888888888888,-3.285,3.5161715466795718,shale,0.0,0.0,none
1194.5,1194.48,1189.78,0.4355555555555556,-1.2512962962962964,-3.2883333333333336,3.5183630472473904,shale,0.0,0.0,none
1195.5,1195.48,1190.78,0.4357142857142857,-1.25,-3.2912500000000002,3.5206287169339516,shale,0.0,0.0,none
1196.5,1196.48,1191.78,0.42714285714285716,-1.25,-3.29375,3.5229659468266226,shale,0.0,0.0,none
1197.5,1197.48,1192.78,0.4185714285714286,-1.25,-3.29625,3.525303400063603,shale,0.0,0.0,none
1198.5,1198.48,1193.78,0.41,-1.25,-3.29875,3.527641076200922,shale,0.0,0.0,none
1199.5,1199.48,1194.78,0.4014285714285714,-1.25,-3.30125,3.529978974795742,shale,0.0,0.0,none
1200.5,1200.48,1195.78,0.39285714285714285,-1.25,-3.30375,3.5323170954063565,shale,0.0,0.0,none
1201.5,1201.48,1196.78,0.3842857142857143,-1.25,-3.30625,3.5346554375921846,shale,0.0,0.0,none
1202.5,1202.48,1197.78,0.3757142857142857,-1.25,-3.30875,3.5369940009137704,shale,0.0,0.0,none
1203.5,1203.48,1198.78,0.36714285714285716,-1.25,-3.31125,3.539332784932776,shale,0.0,0.0,none
1204.5,1204.48,1199.78,0.35857142857142854,-1.25,-3.31375,3.541671789211982,shale,0.0,0.0,none
1205.5,1205.48,1200.78,0.35,-1.25,-3.31625,3.5440110133152802,shale,0.0,0.0,none
1206.5,1206.48,1201.78,0.3414285714285714,-1.25,-3.31875,3.5463504568076742,shale,0.0,0.0,none
1207.5,1207.48,1202.78,0.33285714285714285,-1.25,-3.32125,3.5486901192552724,shale,0.0,0.0,none
1208.5,1208.48,1203.78,0.3242857142857143,-1.25,-3.32375,3.551030000225287,shale,0.0,0.0,none
1209.5,1209.48,1204.78,0.3157142857142857,-1.25,-3.32625,3.5533700992860284,shale,0.0,0.0,none
1210.5,1210.48,1205.78,0.30714285714285716,-1.25,-3.32875,3.5557104160069053,shale,0.0,0.0,none
1211.5,1211.48,1206.78,0.2985714285714286,-1.25,-3.33125,3.558050949958418,shale,0.0,0.0,none
1212.5,1212.48,1207.78,0.29000000000000004,-1.25,-3.3337499999999998,3.560391700712156,shale,0.0,0.0,none
1213.5,1213.48,1208.78,0.2814285714285714,-1.25,-3.3362499999999997,3.5627326678407965,shale,0.0,0.0,none
1214.5,1214.48,1209.78,0.27285714285714285,-1.25,-3.33875,3.5650738509180986,shale,0.0,0.0,none
1215.5,1215.48,1210.78,0.2642857142857143,-1.25,-3.34125,3.5674152495189007,shale,0.0,0.0,none
1216.5,1216.48,1211.78,0.25571428571428567,-1.25,-3.34375,3.5697568632191183,shale,0.0,0.0,none
1217.5,1217.48,1212.78,0.24714285714285714,-1.25,-3.34625,3.5720986915957402,shale,0.0,0.0,none
1218.5,1218.48,1213.78,0.23857142857142857,-1.25,-3.34875,3.5744407342268243,shale,0.0,0.0,none
1219.5,1219.48,1214.78,0.22999999999999998,-1.25,-3.35125,3.5767829906914956,shale,0.0,0.0,none
1220.5,1220.48,1215.78,0.22142857142857142,-1.25,-3.35375,3.579125460569942,shale,0.0,0.0,none
1221.5,1221.48,1216.78,0.21285714285714286,-1.25,-3.3562499999999997,3.581468143443412,shale,0.0,0.0,none
1222.5,1222.48,1217.78,0.20428571428571426,-1.25,-3.3587499999999997,3.58381103889421,shale,0.0,0.0,none
1223.5,1223.48,1218.78,0.19944444444444445,-1.2514814814814814,-3.3594444444444442,3.5849787828939412,shale,0.0,0.0,none
1224.5,1224.48,1219.78,0.19833333333333333,-1.2544444444444445,-3.3583333333333334,3.584973311194284,shale,0.0,0.0,none
1225.5,1225.48,1220.78,0.19722222222222224,-1.2574074074074073,-3.357222222222222,3.5849706327368613,shale,0.0,0.0,none
1226.5,1226.48,1221.78,0.19611111111111112,-1.2603703703703704,-3.356111111111111,3.584970747527935,shale,0.0,0.0,none
1227.5,1227.48,1222.78,0.195,-1.2633333333333334,-3.355,3.584973655567236,shale,0.0,0.0,none
1228.5,1228.48,1223.78,0.1938888888888889,-1.2662962962962963,-3.3538888888888887,3.584979356847967,shale,0.0,0.0,none
1229.5,1229.48,1224.78,0.1927777777777778,-1.2692592592592593,-3.352777777777778,3.584987851356802,shale,0.0,0.0,none
1230.5,1230.48,1225.78,0.19166666666666668,-1.2722222222222221,-3.3516666666666666,3.5849991390738847,shale,0.0,0.0,none
1231.5,1231.48,1226.78,0.19055555555555556,-1.2751851851851852,-3.3505555555555553,3.5850132199728315,shale,0.0,0.0,none
1232.5,1232.48,1227.78,0.18944444444444444,-1.2781481481481483,-3.3494444444444444,3.5850300940207314,shale,0.0,0.0,none
1233.5,1233.48,1228.78,0.18833333333333335,-1.281111111111111,-3.348333333333333,3.5850497611781424,shale,0.0,0.0,none
1234.5,1234.48,1229.78,0.18722222222222223,-1.2840740740740741,-3.3472222222222223,3.585072221399098,shale,0.0,0.0,none
1235.5,1235.48,1230.78,0.18611111111111112,-1.287037037037037,-3.346111111111111,3.5850974746311026,shale,0.0,0.0,none
1236.5,1236.48,1231.78,0.185,-1.29,-3.3449999999999998,3.5851255208151356,shale,0.0,0.0,none
1237.5,1237.48,1232.78,0.1838888888888889,-1.292962962962963,-3.343888888888889,3.585156359885651,shale,0.0,0.0,none
1238.5,1238.48,1233.78,0.1827777777777778,-1.295925925925926,-3.3427777777777776,3.5851899917705765,shale,0.0,0.0,none
1239.5,1239.48,1234.78,0.18166666666666667,-1.298888888888889,-3.341666666666667,3.585226416391317,shale,0.0,0.0,none
1240.5,1240.48,1235.78,0.18055555555555558,-1.3018518518518518,-3.3405555555555555,3.585265633662753,shale,0.0,0.0,none
1241.5,1241.48,1236.78,0.17944444444444446,-1.3048148148148149,-3.3394444444444447,3.585307643493245,shale,0.0,0.0,none
1242.5,1242.48,1237.78,0.17833333333333334,-1.307777777777778,-3.3383333333333334,3.58535244578463,shale,0.0,0.0,none
1243.5,1243.48,1238.78,0.17722222222222223,-1.3107407407407408,-3.337222222222222,3.5854000404322264,shale,0.0,0.0,none
1244.5,1244.48,1239.78,0.1761111111111111,-1.3137037037037038,-3.3361111111111112,3.585450427324835,shale,0.0,0.0,none
1245.5,1245.48,1240.78,0.17500000000000002,-1.3166666666666667,-3.335,3.5855036063447363,shale,0.0,0.0,none
1246.5,1246.48,1241.78,0.1738888888888889,-1.3196296296296297,-3.333888888888889,3.585559577367698,shale,0.0,0.0,none
1247.5,1247.48,1242.78,0.17277777777777778,-1.3225925925925925,-3.332777777777778,3.5856183402629704,shale,0.0,0.0,none
1248.5,1248.48,1243.78,0.1716666666666667,-1.3255555555555556,-3.3316666666666666,3.5856798948932926,shale,0.0,0.0,none
1249.5,1249.48,1244.78,0.17055555555555557,-1.3285185185185187,-3.3305555555555557,3.5857442411148925,shale,0.0,0.0,none
1250.5,1250.48,1245.78,0.17407407407407408,-1.3320370370370371,-3.3294444444444444,3.586017704457186,shale,0.0,0.0,none
1251.5,1251.48,1246.78,0.18222222222222223,-1.3361111111111112,-3.3283333333333336,3.58650187216072,shale,0.0,0.0,none
1252.5,1252.48,1247.78,0.19037037037037038,-1.3401851851851851,-3.3272222222222223,3.5869909459934846,shale,0.0,0.0,none
1253.5,1253.48,1248.78,0.19851851851851854,-1.3442592592592593,-3.326111111111111,3.5874849239489555,shale,0.0,0.0,none
1254.5,1254.48,1249.78,0.20666666666666667,-1.3483333333333334,-3.325,3.587983804001598,shale,0.0,0.0,none
1255.5,1255.48,1250.78,0.21481481481481482,-1.3524074074074075,-3.323888888888889,3.588487584106909,shale,0.0,0.0,none
1256.5,1256.48,1251.78,0.22296296296296297,-1.3564814814814816,-3.3227777777777776,3.588996262201456,shale,0.0,0.0,none
1257.5,1257.48,1252.78,0.2311111111111111,-1.3605555555555555,-3.3216666666666668,3.5895098362029225,shale,0.0,0.0,none
1258.5,1258.48,1253.78,0.23925925925925928,-1.3646296296296296,-3.3205555555555555,3.5900283040101457,shale,0.0,0.0,none
1259.5,1259.48,1254.78,0.2474074074074074,-1.3687037037037038,-3.3194444444444446,3.590551663503162,shale,0.0,0.0,none
1260.5,1260.48,1255.78,0.25555555555555554,-1.3727777777777779,-3.3183333333333334,3.5910799125432455,shale,0.0,0.0,none
1261.5,1261.48,1256.78,0.2637037037037037,-1.3768518518518518,-3.317222222222222,3.5916130489729556,shale,0.0,0.0,none
1262.5,1262.48,1257.78,0.27185185185185184,-1.380925925925926,-3.3161111111111112,3.5921510706161768,shale,0.0,0.0,none
1263.5,1263.48,1258.78,0.28,-1.385,-3.315,3.5926939752781615,shale,0.0,0.0,none
1264.5,1264.48,1259.78,0.28814814814814815,-1.3890740740740741,-3.3138888888888887,3.5932417607455776,shale,0.0,0.0,none
1265.5,1265.48,1260.78,0.2962962962962963,-1.3931481481481482,-3.312777777777778,3.5937944247865494,shale,0.0,0.0,none
1266.5,1266.48,1261.78,0.3044444444444444,-1.3972222222222221,-3.3116666666666665,3.594351965150702,shale,0.0,0.0,none
1267.5,1267.48,1262.78,0.3125925925925926,-1.4012962962962963,-3.3105555555555553,3.5949143795692087,shale,0.0,0.0,none
1268.5,1268.48,1263.78,0.32074074074074077,-1.4053703703703704,-3.3094444444444444,3.595481665754833,shale,0.0,0.0,none
1269.5,1269.48,1264.78,0.3288888888888889,-1.4094444444444445,-3.308333333333333,3.5960538214019757,shale,0.0,0.0,none
1270.5,1270.48,1265.78,0.337037037037037,-1.4135185185185184,-3.3072222222222223,3.5966308441867203,shale,0.0,0.0,none
1271.5,1271.48,1266.78,0.34518518518518515,-1.4175925925925925,-3.306111111111111,3.597212731766879,shale,0.0,0.0,none
1272.5,1272.48,1267.78,0.35333333333333333,-1.4216666666666666,-3.3049999999999997,3.597799481782039,shale,0.0,0.0,none
1273.5,1273.48,1268.78,0.3614814814814815,-1.4257407407407408,-3.303888888888889,3.5983910918536095,shale,0.0,0.0,none
1274.5,1274.48,1269.78,0.36962962962962964,-1.4298148148148149,-3.3027777777777776,3.598987559584867,shale,0.0,0.0,none
1275.5,1275.48,1270.78,0.37777777777777777,-1.4338888888888888,-3.3016666666666663,3.5995888825610054,shale,0.0,0.0,none
1276.5,1276.48,1271.78,0.3859259259259259,-1.4379629629629629,-3.3005555555555555,3.6001950583491813,shale,0.0,0.0,none
1277.5,1277.48,1272.78,0.3830357142857143,-1.4416071428571429,-3.299107142857143,3.600324859563058,shale,0.0,0.0,none
1278.5,1278.48,1273.78,0.36910714285714286,-1.4448214285714285,-3.2973214285714283,3.599977439342573,shale,0.0,0.0,none
1279.5,1279.48,1274.78,0.35517857142857145,-1.4480357142857143,-3.2955357142857142,3.5996337416436677,shale,0.0,0.0,none
1280.5,1280.48,1275.78,0.34125,-1.45125,-3.2937499999999997,3.5992937675327363,shale,0.0,0.0,none
1281.5,1281.48,1276.78,0.3273214285714286,-1.4544642857142858,-3.2919642857142857,3.5989575180650206,shale,0.0,0.0,none
1282.5,1282.48,1277.78,0.31339285714285714,-1.4576785714285714,-3.290178571428571,3.598624994284594,shale,0.0,0.0,none
1283.5,1283.48,1278.78,0.29946428571428574,-1.4608928571428572,-3.288392857142857,3.5982961972243452,shale,0.0,0.0,none
1284.5,1284.48,1279.78,0.2855357142857143,-1.4641071428571428,-3.2866071428571426,3.5979711279059616,shale,0.0,0.0,none
1285.5,1285.48,1280.78,0.2716071428571429,-1.4673214285714284,-3.2848214285714286,3.5976497873399156,shale,0.0,0.0,none
1286.5,1286.48,1281.78,0.2576785714285714,-1.4705357142857143,-3.283035714285714,3.5973321765254465,shale,0.0,0.0,none
1287.5,1287.48,1282.78,0.24375000000000002,-1.47375,-3.28125,3.5970182964505475,shale,0.0,0.0,none
1288.5,1288.48,1283.78,0.22982142857142857,-1.4769642857142857,-3.2794642857142855,3.5967081480919494,shale,0.0,0.0,none
1289.5,1289.48,1284.78,0.21589285714285716,-1.4801785714285713,-3.2776785714285714,3.5964017324151047,shale,0.0,0.0,none
1290.5,1290.48,1285.78,0.2019642857142857,-1.4833928571428572,-3.275892857142857,3.5960990503741743,shale,0.0,0.0,none
1291.5,1291.48,1286.78,0.1880357142857143,-1.4866071428571428,-3.274107142857143,3.595800102912013,shale,0.0,0.0,none
1292.5,1292.48,1287.78,0.17410714285714285,-1.4898214285714286,-3.2723214285714284,3.595504890960151,shale,0.0,0.0,none
1293.5,1293.48,1288.78,0.16017857142857145,-1.4930357142857142,-3.2705357142857143,3.595213415438786,shale,0.0,0.0,none
1294.5,1294.48,1289.78,0.14625,-1.49625,-3.26875,3.5949256772567635,shale,0.0,0.0,none
1295.5,1295.48,1290.78,0.1323214285714286,-1.4994642857142857,-3.2669642857142858,3.5946416773115657,shale,0.0,0.0,none
1296.5,1296.48,1291.78,0.11839285714285713,-1.5026785714285715,-3.2651785714285713,3.594361416489296,shale,0.0,0.0,none
1297.5,1297.48,1292.78,0.10446428571428573,-1.5058928571428571,-3.263392857142857,3.594084895664667,shale,0.0,0.0,none
1298.5,1298.48,1293.78,0.09053571428571427,-1.5091071428571428,-3.2616071428571427,3.593812115700984,shale,0.0,0.0,none
1299.5,1299.48,1294.78,0.07660714285714287,-1.5123214285714286,-3.2598214285714286,3.5935430774501365,shale,0.0,0.0,none
1300.5,1300.48,1295.78,0.06267857142857142,-1.5155357142857142,-3.258035714285714,3.5932777817525787,shale,0.0,0.0,none
1301.5,1301.48,1296.78,0.048750000000000016,-1.51875,-3.25625,3.5930162294373234,shale,0.0,0.0,none
1302.5,1302.48,1297.78,0.03482142857142856,-1.5219642857142857,-3.2544642857142856,3.592758421321922,shale,0.0,0.0,none
1303.5,1303.48,1298.78,0.020892857142857157,-1.5251785714285715,-3.2526785714285715,3.5925043582124587,shale,0.0,0.0,none
1304.5,1304.48,1299.78,0.006964285714285701,-1.528392857142857,-3.250892857142857,3.592254040903532,shale,0.0,0.0,none
1305.5,1305.48,1300.78,0.006481481481481481,-1.5312962962962964,-3.2507407407407407,3.5933527116833957,shale,0.0,0.0,none
1306.5,1306.48,1301.78,0.019444444444444445,-1.5338888888888889,-3.252222222222222,3.5957981737262226,shale,0.0,0.0,none
1307.5,1307.48,1302.78,0.032407407407407406,-1.5364814814814816,-3.2537037037037035,3.5982444517334735,shale,0.0,0.0,none
1308.5,1308.48,1303.78,0.045370370370370366,-1.539074074074074,-3.2551851851851854,3.6006915440420717,shale,0.0,0.0,none
1309.5,1309.48,1304.78,0.058333333333333334,-1.5416666666666667,-3.256666666666667,3.6031394489929043,shale,0.0,0.0,none
1310.5,1310.48,1305.78,0.07129629629629629,-1.5442592592592592,-3.2581481481481482,3.6055881649308152,shale,0.0,0.0,none
1311.5,1311.48,1306.78,0.08425925925925926,-1.546851851851852,-3.2596296296296297,3.608037690204594,shale,0.0,0.0,none
1312.5,1312.48,1307.78,0.09722222222222222,-1.5494444444444444,-3.261111111111111,3.610488023166965,shale,0.0,0.0,none
1313.5,1313.48,1308.78,0.11018518518518518,-1.552037037037037,-3.2625925925925925,3.6129391621745803,shale,0.0,0.0,none
1314.5,1314.48,1309.78,0.12314814814814815,-1.5546296296296296,-3.264074074074074,3.6153911055880084,shale,0.0,0.0,none
1315.5,1315.48,1310.78,0.1361111111111111,-1.5572222222222223,-3.2655555555555558,3.617843851771725,shale,0.0,0.0,none
1316.5,1316.48,1311.78,0.14907407407407408,-1.5598148148148148,-3.267037037037037,3.6202973990941016,shale,0.0,0.0,none
1317.5,1317.48,1312.78,0.16203703703703703,-1.5624074074074075,-3.2685185185185186,3.6227517459274003,shale,0.0,0.0,none
1318.5,1318.48,1313.78,0.175,-1.565,-3.27,3.62520689064776,shale,0.0,0.0,none
1319.5,1319.48,1314.78,0.18796296296296297,-1.5675925925925926,-3.2714814814814814,3.6276628316351887,shale,0.0,0.0,none
1320.5,1320.48,1315.78,0.20092592592592592,-1.5701851851851854,-3.272962962962963,3.6301195672735536,shale,0.0,0.0,none
1321.5,1321.48,1316.78,0.21388888888888888,-1.5727777777777778,-3.2744444444444443,3.632577095950572,shale,0.0,0.0,none
1322.5,1322.48,1317.78,0.22685185185185183,-1.5753703703703705,-3.275925925925926,3.635035416057802,shale,0.0,0.0,none
1323.5,1323.48,1318.78,0.23981481481481481,-1.577962962962963,-3.2774074074074075,3.63749452599063,shale,0.0,0.0,none
1324.5,1324.48,1319.78,0.25277777777777777,-1.5805555555555557,-3.278888888888889,3.639954424148267,shale,0.0,0.0,none
1325.5,1325.48,1320.78,0.2657407407407407,-1.5831481481481482,-3.2803703703703704,3.642415108933735,shale,0.0,0.0,none
1326.5,1326.48,1321.78,0.2787037037037037,-1.585740740740741,-3.281851851851852,3.6448765787538573,shale,0.0,0.0,none
1327.5,1327.48,1322.78,0.2916666666666667,-1.5883333333333334,-3.283333333333333,3.6473388320192512,shale,0.0,0.0,none
1328.5,1328.48,1323.78,0.30462962962962964,-1.590925925925926,-3.2848148148148146,3.649801867144318,shale,0.0,0.0,none
1329.5,1329.48,1324.78,0.3175925925925926,-1.5935185185185186,-3.2862962962962965,3.6522656825472337,shale,0.0,0.0,none
1330.5,1330.48,1325.78,0.33055555555555555,-1.5961111111111113,-3.287777777777778,3.6547302766499374,shale,0.0,0.0,none
1331.5,1331.48,1326.78,0.3435185185185185,-1.5987037037037037,-3.2892592592592593,3.657195647878127,shale,0.0,0.0,none
1332.5,1332.48,1327.78,0.34685185185185186,-1.6007407407407408,-3.2914814814814815,3.660084870874273,shale,0.0,0.0,none
1333.5,1333.48,1328.78,0.34055555555555556,-1.6022222222222222,-3.2944444444444443,3.6633973640479653,shale,0.0,0.0,none
1334.5,1334.48,1329.78,0.33425925925925926,-1.6037037037037039,-3.2974074074074076,3.6667098575832555,shale,0.0,0.0,none
1335.5,1335.48,1330.78,0.32796296296296296,-1.6051851851851853,-3.3003703703703704,3.6700223514791643,shale,0.0,0.0,none
1336.5,1336.48,1331.78,0.32166666666666666,-1.6066666666666667,-3.3033333333333332,3.6733348457347157,shale,0.0,0.0,none
1337.5,1337.48,1332.78,0.31537037037037036,-1.608148148148148,-3.3062962962962965,3.676647340348939,shale,0.0,0.0,none
1338.5,1338.48,1333.78,0.30907407407407406,-1.6096296296296297,-3.3092592592592593,3.6799598353208642,shale,0.0,0.0,none
1339.5,1339.48,1334.78,0.30277777777777776,-1.6111111111111112,-3.312222222222222,3.6832723306495265,shale,0.0,0.0,none
1340.5,1340.48,1335.78,0.29648148148148146,-1.6125925925925926,-3.3151851851851855,3.686584826333965,shale,0.0,0.0,none
1341.5,1341.48,1336.78,0.29018518518518516,-1.614074074074074,-3.3181481481481483,3.6898973223732208,shale,0.0,0.0,none
1342.5,1342.48,1337.78,0.28388888888888886,-1.6155555555555556,-3.321111111111111,3.6932098187663396,shale,0.0,0.0,none
1343.5,1343.48,1338.78,0.2775925925925926,-1.617037037037037,-3.324074074074074,3.69652231551237,shale,0.0,0.0,none
1344.5,1344.48,1339.78,0.27129629629629626,-1.6185185185185185,-3.3270370370370372,3.699834812610364,shale,0.0,0.0,none
1345.5,1345.48,1340.78,0.265,-1.62,-3.33,3.7031473100593773,shale,0.0,0.0,none
1346.5,1346.48,1341.78,0.2587037037037037,-1.6214814814814815,-3.332962962962963,3.7064598078584683,shale,0.0,0.0,none
1347.5,1347.48,1342.78,0.2524074074074074,-1.622962962962963,-3.335925925925926,3.7097723060067,shale,0.0,0.0,none
1348.5,1348.48,1343.78,0.2461111111111111,-1.6244444444444444,-3.338888888888889,3.713084804503137,shale,0.0,0.0,none
1349.5,1349.48,1344.78,0.23981481481481481,-1.625925925925926,-3.341851851851852,3.716397303346849,shale,0.0,0.0,none
1350.5,1350.48,1345.78,0.23351851851851851,-1.6274074074074074,-3.3448148148148147,3.719709802536908,shale,0.0,0.0,none
1351.5,1351.48,1346.78,0.22722222222222221,-1.6288888888888888,-3.347777777777778,3.7230223020723896,shale,0.0,0.0,none
1352.5,1352.48,1347.78,0.22092592592592591,-1.6303703703703702,-3.350740740740741,3.7263348019523725,shale,0.0,0.0,none
1353.5,1353.48,1348.78,0.21462962962962961,-1.6318518518518519,-3.3537037037037036,3.729647302175939,shale,0.0,0.0,none
1354.5,1354.48,1349.78,0.20833333333333334,-1.6333333333333333,-3.356666666666667,3.7329598027421738,shale,0.0,0.0,none
1355.5,1355.48,1350.78,0.20203703703703704,-1.6348148148148147,-3.3596296296296297,3.7362723036501664,shale,0.0,0.0,none
1356.5,1356.48,1351.78,0.19574074074074074,-1.6362962962962961,-3.3625925925925926,3.7395848048990077,shale,0.0,0.0,none
1357.5,1357.48,1352.78,0.18944444444444444,-1.6377777777777778,-3.365555555555556,3.742897306487794,shale,0.0,0.0,none
1358.5,1358.48,1353.78,0.18314814814814814,-1.6392592592592592,-3.3685185185185187,3.746209808415622,shale,0.0,0.0,none
1359.5,1359.48,1354.78,0.1801785714285714,-1.6403571428571428,-3.3705357142857144,3.7485040426012564,shale,0.0,0.0,none
1360.5,1360.48,1355.78,0.18053571428571427,-1.6410714285714285,-3.371607142857143,3.749780014806039,shale,0.0,0.0,none
1361.5,1361.48,1356.78,0.18089285714285713,-1.6417857142857142,-3.3726785714285716,3.7510559950240845,shale,0.0,0.0,none
1362.5,1362.48,1357.78,0.18125,-1.6424999999999998,-3.3737500000000002,3.752331983247218,shale,0.0,0.0,none
1363.5,1363.48,1358.78,0.18160714285714286,-1.6432142857142855,-3.374821428571429,3.7536079794672763,shale,0.0,0.0,none
1364.5,1364.48,1359.78,0.18196428571428572,-1.6439285714285714,-3.375892857142857,3.7548839836761063,shale,0.0,0.0,none
1365.5,1365.48,1360.78,0.18232142857142858,-1.644642857142857,-3.3769642857142856,3.7561599958655667,shale,0.0,0.0,none
1366.5,1366.48,1361.78,0.1826785714285714,-1.6453571428571427,-3.3780357142857143,3.757436016027527,shale,0.0,0.0,none
1367.5,1367.48,1362.78,0.18303571428571427,-1.6460714285714284,-3.379107142857143,3.7587120441538677,shale,0.0,0.0,none
1368.5,1368.48,1363.78,0.18339285714285714,-1.6467857142857143,-3.3801785714285715,3.7599880802364796,shale,0.0,0.0,none
1369.5,1369.48,1364.78,0.18375,-1.6475,-3.38125,3.7612641242672655,shale,0.0,0.0,none
1370.5,1370.48,1365.78,0.18410714285714286,-1.6482142857142856,-3.3823214285714287,3.7625401762381387,shale,0.0,0.0,none
1371.5,1371.48,1366.78,0.18446428571428572,-1.6489285714285713,-3.3833928571428573,3.763816236141023,shale,0.0,0.0,none
1372.5,1372.48,1367.78,0.18482142857142858,-1.649642857142857,-3.384464285714286,3.7650923039678537,shale,0.0,0.0,none
1373.5,1373.48,1368.78,0.18517857142857141,-1.6503571428571429,-3.385535714285714,3.7663683797105763,shale,0.0,0.0,none
1374.5,1374.48,1369.78,0.18553571428571428,-1.6510714285714285,-3.3866071428571427,3.7676444633611488,shale,0.0,0.0,none
1375.5,1375.48,1370.78,0.18589285714285714,-1.6517857142857142,-3.3876785714285713,3.7689205549115377,shale,0.0,0.0,none
1376.5,1376.48,1371.78,0.18625,-1.6524999999999999,-3.38875,3.770196654353722,shale,0.0,0.0,none
1377.5,1377.48,1372.78,0.18660714285714286,-1.6532142857142855,-3.3898214285714285,3.771472761679691,shale,0.0,0.0,none
1378.5,1378.48,1373.78,0.18696428571428572,-1.6539285714285714,-3.390892857142857,3.772748876881445,shale,0.0,0.0,none
1379.5,1379.48,1374.78,0.18732142857142858,-1.654642857142857,-3.3919642857142858,3.7740249999509943,shale,0.0,0.0,none
1380.5,1380.48,1375.78,0.18767857142857142,-1.6553571428571427,-3.3930357142857144,3.7753011308803606,shale,0.0,0.0,none
1381.5,1381.48,1376.78,0.18803571428571428,-1.6560714285714284,-3.394107142857143,3.7765772696615767,shale,0.0,0.0,none
1382.5,1382.48,1377.78,0.18839285714285714,-1.6567857142857143,-3.395178571428571,3.777853416286685,shale,0.0,0.0,none
1383.5,1383.48,1378.78,0.18875,-1.6575,-3.3962499999999998,3.77912957074774,shale,0.0,0.0,none
1384.5,1384.48,1379.78,0.18910714285714286,-1.6582142857142856,-3.3973214285714284,3.780405733036806,shale,0.0,0.0,none
1385.5,1385.48,1380.78,0.18946428571428572,-1.6589285714285713,-3.398392857142857,3.7816819031459574,shale,0.0,0.0,none
1386.5,1386.48,1381.78,0.18982142857142859,-1.659642857142857,-3.3994642857142856,3.7829580810672807,shale,0.0,0.0,none
1387.5,1387.48,1382.78,0.18814814814814815,-1.660925925925926,-3.4003703703703705,3.7843352899955396,shale,0.0,0.0,none
1388.5,1388.48,1383.78,0.18444444444444444,-1.6627777777777777,-3.401111111111111,3.785813879259658,shale,0.0,0.0,none
1389.5,1389.48,1384.78,0.18074074074074076,-1.6646296296296295,-3.401851851851852,3.7872929416390213,shale,0.0,0.0,none
1390.5,1390.48,1385.78,0.17703703703703705,-1.6664814814814815,-3.4025925925925926,3.7887724765795445,shale,0.0,0.0,none
1391.5,1391.48,1386.78,0.17333333333333334,-1.6683333333333332,-3.4033333333333333,3.790252483527831,shale,0.0,0.0,none
1392.5,1392.48,1387.78,0.16962962962962963,-1.6701851851851852,-3.404074074074074,3.7917329619311717,shale,0.0,0.0,none
1393.5,1393.48,1388.78,0.16592592592592592,-1.672037037037037,-3.4048148148148147,3.793213911237545,shale,0.0,0.0,none
1394.5,1394.48,1389.78,0.1622222222222222,-1.6738888888888888,-3.4055555555555554,3.7946953308956157,shale,0.0,0.0,none
1395.5,1395.48,1390.78,0.1585185185185185,-1.6757407407407408,-3.406296296296296,3.7961772203547337,shale,0.0,0.0,none
1396.5,1396.48,1391.78,0.15481481481481482,-1.6775925925925925,-3.407037037037037,3.7976595790649332,shale,0.0,0.0,none
1397.5,1397.48,1392.78,0.1511111111111111,-1.6794444444444443,-3.4077777777777776,3.799142406476935,shale,0.0,0.0,none
1398.5,1398.48,1393.78,0.1474074074074074,-1.6812962962962963,-3.4085185185185183,3.800625702042141,shale,0.0,0.0,none
1399.5,1399.48,1394.78,0.1437037037037037,-1.683148148148148,-3.409259259259259,3.802109465212638,shale,0.0,0.0,none
1400.5,1400.48,1395.78,0.14,-1.685,-3.41,3.803593695441194,shale,0.0,0.0,none
1401.5,1401.48,1396.78,0.1362962962962963,-1.6868518518518518,-3.410740740740741,3.8050783921812594,shale,0.0,0.0,none
1402.5,1402.48,1397.78,0.1325925925925926,-1.6887037037037036,-3.4114814814814816,3.8065635548869654,shale,0.0,0.0,none
1403.5,1403.48,1398.78,0.1288888888888889,-1.6905555555555556,-3.4122222222222223,3.808049183013123,shale,0.0,0.0,none
1404.5,1404.48,1399.78,0.12518518518518518,-1.6924074074074074,-3.412962962962963,3.809535276015224,shale,0.0,0.0,none
1405.5,1405.48,1400.78,0.12148148148148148,-1.6942592592592591,-3.4137037037037037,3.8110218333494386,shale,0.0,0.0,none
1406.5,1406.48,1401.78,0.11777777777777777,-1.6961111111111111,-3.4144444444444444,3.812508854472616,shale,0.0,0.0,none
1407.5,1407.48,1402.78,0.11407407407407408,-1.697962962962963,-3.415185185185185,3.813996338842282,shale,0.0,0.0,none
1408.5,1408.48,1403.78,0.11037037037037037,-1.6998148148148147,-3.415925925925926,3.8154842859166407,shale,0.0,0.0,none
1409.5,1409.48,1404.78,0.10666666666666666,-1.7016666666666667,-3.4166666666666665,3.8169726951545715,shale,0.0,0.0,none
1410.5,1410.48,1405.78,0.10296296296296296,-1.7035185185185184,-3.4174074074074072,3.818461566015631,shale,0.0,0.0,none
1411.5,1411.48,1406.78,0.09925925925925926,-1.7053703703703704,-3.418148148148148,3.8199508979600494,shale,0.0,0.0,none
1412.5,1412.48,1407.78,0.09555555555555556,-1.7072222222222222,-3.4188888888888886,3.821440690448732,shale,0.0,0.0,none
1413.5,1413.48,1408.78,0.09185185185185185,-1.709074074074074,-3.4196296296296294,3.822930942943258,shale,0.0,0.0,none
1414.5,1414.48,1409.78,0.09,-1.709642857142857,-3.4205357142857142,3.8239957206675417,shale,0.0,0.0,none
1415.5,1415.48,1410.78,0.09,-1.7089285714285714,-3.421607142857143,3.82463492405431,shale,0.0,0.0,none
1416.5,1416.48,1411.78,0.09,-1.7082142857142857,-3.4226785714285715,3.825274454105835,shale,0.0,0.0,none
1417.5,1417.48,1412.78,0.09,-1.7075,-3.42375,3.8259143106583036,shale,0.0,0.0,none
1418.5,1418.48,1413.78,0.09,-1.7067857142857144,-3.4248214285714287,3.8265544935479276,shale,0.0,0.0,none
1419.5,1419.48,1414.78,0.09,-1.7060714285714285,-3.4258928571428573,3.8271950026109467,shale,0.0,0.0,none
1420.5,1420.48,1415.78,0.09,-1.7053571428571428,-3.426964285714286,3.8278358376836255,shale,0.0,0.0,none
1421.5,1421.48,1416.78,0.09,-1.7046428571428571,-3.428035714285714,3.828476998602255,shale,0.0,0.0,none
1422.5,1422.48,1417.78,0.09,-1.7039285714285715,-3.4291071428571427,3.829118485203153,shale,0.0,0.0,none
1423.5,1423.48,1418.78,0.09,-1.7032142857142856,-3.4301785714285713,3.8297602973226637,shale,0.0,0.0,none
1424.5,1424.48,1419.78,0.09,-1.7025,-3.43125,3.8304024347971586,shale,0.0,0.0,none
1425.5,1425.48,1420.78,0.09,-1.7017857142857142,-3.4323214285714285,3.8310448974630344,shale,0.0,0.0,none
1426.5,1426.48,1421.78,0.09,-1.7010714285714286,-3.433392857142857,3.831687685156716,shale,0.0,0.0,none
1427.5,1427.48,1422.78,0.09,-1.700357142857143,-3.4344642857142857,3.832330797714655,shale,0.0,0.0,none
1428.5,1428.48,1423.78,0.09,-1.699642857142857,-3.4355357142857144,3.8329742349733302,shale,0.0,0.0,none
1429.5,1429.48,1424.78,0.09,-1.6989285714285713,-3.436607142857143,3.833617996769248,shale,0.0,0.0,none
1430.5,1430.48,1425.78,0.09,-1.6982142857142857,-3.4376785714285716,3.834262082938941,shale,0.0,0.0,none
1431.5,1431.48,1426.78,0.09,-1.6975,-3.43875,3.8349064933189703,shale,0.0,0.0,none
1432.5,1432.48,1427.78,0.09,-1.6967857142857143,-3.439821428571429,3.8355512277459245,shale,0.0,0.0,none
1433.5,1433.48,1428.78,0.09,-1.6960714285714285,-3.4408928571428574,3.836196286056419,shale,0.0,0.0,none
1434.5,1434.48,1429.78,0.09,-1.6953571428571428,-3.441964285714286,3.8368416680870987,shale,0.0,0.0,none
1435.5,1435.48,1430.78,0.09,-1.6946428571428571,-3.443035714285714,3.8374873736746347,shale,0.0,0.0,none
1436.5,1436.48,1431.78,0.09,-1.6939285714285715,-3.444107142857143,3.8381334026557274,shale,0.0,0.0,none
1437.5,1437.48,1432.78,0.09,-1.6932142857142856,-3.4451785714285714,3.838779754867105,shale,0.0,0.0,none
1438.5,1438.48,1433.78,0.09,-1.6925,-3.44625,3.8394264301455236,shale,0.0,0.0,none
1439.5,1439.48,1434.78,0.09,-1.6917857142857142,-3.4473214285714286,3.840073428327768,shale,0.0,0.0,none
1440.5,1440.48,1435.78,0.09,-1.6910714285714286,-3.4483928571428573,3.8407207492506523,shale,0.0,0.0,none
1441.5,1441.48,1436.78,0.09,-1.690357142857143,-3.449464285714286,3.841368392751017,shale,0.0,0.0,none
1442.5,1442.48,1437.78,0.09203703703703703,-1.6887037037037036,-3.450555555555556,3.841621251617332,shale,0.0,0.0,none
1443.5,1443.48,1438.78,0.0961111111111111,-1.6861111111111111,-3.4516666666666667,3.841480633400372,shale,0.0,0.0,none
1444.5,1444.48,1439.78,0.10018518518518518,-1.6835185185185184,-3.452777777777778,3.841342081214694,shale,0.0,0.0,none
1445.5,1445.48,1440.78,0.10425925925925926,-1.680925925925926,-3.4538888888888892,3.841205595283863,shale,0.0,0.0,none
1446.5,1446.48,1441.78,0.10833333333333334,-1.6783333333333332,-3.455,3.841071175828141,shale,0.0,0.0,none
1447.5,1447.48,1442.78,0.1124074074074074,-1.6757407407407408,-3.4561111111111114,3.840938823064487,shale,0.0,0.0,none
1448.5,1448.48,1443.78,0.11648148148148148,-1.673148148148148,-3.457222222222222,3.8408085372065526,shale,0.0,0.0,none
1449.5,1449.48,1444.78,0.12055555555555555,-1.6705555555555556,-3.4583333333333335,3.8406803184646825,shale,0.0,0.0,none
1450.5,1450.48,1445.78,0.12462962962962963,-1.6679629629629629,-3.4594444444444448,3.8405541670459122,shale,0.0,0.0,none
1451.5,1451.48,1446.78,0.1287037037037037,-1.6653703703703704,-3.4605555555555556,3.840430083153964,shale,0.0,0.0,none
1452.5,1452.48,1447.78,0.13277777777777777,-1.6627777777777777,-3.461666666666667,3.840308066989251,shale,0.0,0.0,none
1453.5,1453.48,1448.78,0.13685185185185186,-1.6601851851851852,-3.4627777777777777,3.8401881187488685,shale,0.0,0.0,none
1454.5,1454.48,1449.78,0.14092592592592593,-1.6575925925925925,-3.463888888888889,3.8400702386265975,shale,0.0,0.0,none
1455.5,1455.48,1450.78,0.14500000000000002,-1.655,-3.4650000000000003,3.839954426812902,shale,0.0,0.0,none
1456.5,1456.48,1451.78,0.14907407407407408,-1.6524074074074075,-3.466111111111111,3.839840683494925,shale,0.0,0.0,none
1457.5,1457.48,1452.78,0.15314814814814814,-1.6498148148148148,-3.4672222222222224,3.839729008856491,shale,0.0,0.0,none
1458.5,1458.48,1453.78,0.1572222222222222,-1.6472222222222224,-3.4683333333333333,3.8396194030781,shale,0.0,0.0,none
1459.5,1459.48,1454.78,0.1612962962962963,-1.6446296296296297,-3.4694444444444446,3.8395118663369323,shale,0.0,0.0,none
1460.5,1460.48,1455.78,0.1653703703703704,-1.6420370370370372,-3.4705555555555554,3.8394063988068394,shale,0.0,0.0,none
1461.5,1461.48,1456.78,0.16944444444444445,-1.6394444444444445,-3.4716666666666667,3.839303000658348,shale,0.0,0.0,none
1462.5,1462.48,1457.78,0.17351851851851852,-1.636851851851852,-3.472777777777778,3.8392016720586586,shale,0.0,0.0,none
1463.5,1463.48,1458.78,0.17759259259259258,-1.6342592592592593,-3.473888888888889,3.8391024131716387,shale,0.0,0.0,none
1464.5,1464.48,1459.78,0.18166666666666667,-1.6316666666666668,-3.475,3.8390052241578303,shale,0.0,0.0,none
1465.5,1465.48,1460.78,0.18574074074074076,-1.6290740740740741,-3.476111111111111,3.838910105174439,shale,0.0,0.0,none
1466.5,1466.48,1461.78,0.18981481481481483,-1.6264814814814816,-3.477222222222222,3.838817056375342,shale,0.0,0.0,none
1467.5,1467.48,1462.78,0.1938888888888889,-1.623888888888889,-3.4783333333333335,3.8387260779110783,shale,0.0,0.0,none
1468.5,1468.48,1463.78,0.19796296296296298,-1.6212962962962965,-3.4794444444444443,3.8386371699288535,shale,0.0,0.0,none
1469.5,1469.48,1464.78,0.1985714285714286,-1.6189285714285715,-3.4805357142857143,3.8386271735877298,shale,0.0,0.0,none
1470.5,1470.48,1465.78,0.19571428571428573,-1.6167857142857145,-3.481607142857143,3.8386956564844064,shale,0.0,0.0,none
1471.5,1471.48,1466.78,0.19285714285714287,-1.6146428571428573,-3.4826785714285715,3.8387656333788085,shale,0.0,0.0,none
1472.5,1472.48,1467.78,0.19,-1.6125,-3.48375,3.838837104189236,shale,0.0,0.0,none
1473.5,1473.48,1468.78,0.18714285714285717,-1.610357142857143,-3.4848214285714287,3.8389100688322504,shale,0.0,0.0,none
1474.5,1474.48,1469.78,0.1842857142857143,-1.6082142857142858,-3.485892857142857,3.8389845272226744,shale,0.0,0.0,none
1475.5,1475.48,1470.78,0.18142857142857144,-1.6060714285714286,-3.4869642857142855,3.8390604792735954,shale,0.0,0.0,none
1476.5,1476.48,1471.78,0.17857142857142858,-1.6039285714285716,-3.488035714285714,3.8391379248963626,shale,0.0,0.0,none
1477.5,1477.48,1472.78,0.1757142857142857,-1.6017857142857144,-3.4891071428571427,3.8392168640005906,shale,0.0,0.0,none
1478.5,1478.48,1473.78,0.17285714285714288,-1.5996428571428571,-3.4901785714285714,3.8392972964941574,shale,0.0,0.0,none
1479.5,1479.48,1474.78,0.17,-1.5975000000000001,-3.49125,3.8393792222832066,shale,0.0,0.0,none
1480.5,1480.48,1475.78,0.16714285714285715,-1.595357142857143,-3.4923214285714286,3.8394626412721466,shale,0.0,0.0,none
1481.5,1481.48,1476.78,0.16428571428571428,-1.5932142857142857,-3.493392857142857,3.839547553363653,shale,0.0,0.0,none
1482.5,1482.48,1477.78,0.16142857142857142,-1.5910714285714287,-3.494464285714286,3.839633958458668,shale,0.0,0.0,none
1483.5,1483.48,1478.78,0.15857142857142859,-1.5889285714285715,-3.495535714285714,3.8397218564563995,shale,0.0,0.0,none
1484.5,1484.48,1479.78,0.15571428571428572,-1.5867857142857145,-3.4966071428571426,3.839811247254325,shale,0.0,0.0,none
1485.5,1485.48,1480.78,0.15285714285714286,-1.5846428571428572,-3.497678571428571,3.83990213074819,shale,0.0,0.0,none
1486.5,1486.48,1481.78,0.15,-1.5825,-3.49875,3.8399945068320083,shale,0.0,0.0,none
1487.5,1487.48,1482.78,0.14714285714285713,-1.580357142857143,-3.4998214285714284,3.8400883753980644,shale,0.0,0.0,none
1488.5,1488.48,1483.78,0.1442857142857143,-1.5782142857142858,-3.500892857142857,3.8401837363369125,shale,0.0,0.0,none
1489.5,1489.48,1484.78,0.14142857142857143,-1.5760714285714286,-3.5019642857142856,3.840280589537378,shale,0.0,0.0,none
1490.5,1490.48,1485.78,0.13857142857142857,-1.5739285714285716,-3.5030357142857143,3.8403789348865573,shale,0.0,0.0,none
1491.5,1491.48,1486.78,0.13571428571428573,-1.5717857142857143,-3.504107142857143,3.8404787722698197,shale,0.0,0.0,none
1492.5,1492.48,1487.78,0.13285714285714284,-1.5696428571428571,-3.505178571428571,3.840580101570807,shale,0.0,0.0,none
1493.5,1493.48,1488.78,0.13,-1.5675000000000001,-3.5062499999999996,3.8406829226714354,shale,0.0,0.0,none
1494.5,1494.48,1489.78,0.12714285714285714,-1.565357142857143,-3.5073214285714283,3.8407872354518937,shale,0.0,0.0,none
1495.5,1495.48,1490.78,0.12428571428571429,-1.5632142857142857,-3.508392857142857,3.840893039790648,shale,0.0,0.0,none
1496.5,1496.48,1491.78,0.12142857142857143,-1.5610714285714287,-3.5094642857142855,3.8410003355644373,shale,0.0,0.0,none
1497.5,1497.48,1492.78,0.12,-1.5594444444444444,-3.51,3.840828943770946,shale,0.0,0.0,none
1498.5,1498.48,1493.78,0.12,-1.5583333333333333,-3.51,3.8403779472569854,shale,0.0,0.0,none
1499.5,1499.48,1494.78,0.12,-1.5572222222222223,-3.51,3.8399272192819898,shale,0.0,0.0,none
1500.5,1500.48,1495.78,0.12,-1.5561111111111112,-3.51,3.8394767599405335,shale,0.0,0.0,none
1501.5,1501.48,1496.78,0.12,-1.5550000000000002,-3.51,3.8390265693271775,shale,0.0,0.0,none
1502.5,1502.48,1497.78,0.12,-1.5538888888888889,-3.51,3.8385766475364727,shale,0.0,0.0,none
1503.5,1503.48,1498.78,0.12,-1.5527777777777778,-3.51,3.838126994662956,shale,0.0,0.0,none
1504.5,1504.48,1499.78,0.12,-1.5516666666666667,-3.51,3.8376776108011526,shale,0.0,0.0,none
1505.5,1505.48,1500.78,0.12,-1.5505555555555557,-3.51,3.8372284960455763,shale,0.0,0.0,none
1506.5,1506.48,1501.78,0.12,-1.5494444444444444,-3.51,3.836779650490728,shale,0.0,0.0,none
1507.5,1507.48,1502.78,0.12,-1.5483333333333333,-3.51,3.8363310742310954,shale,0.0,0.0,none
1508.5,1508.48,1503.78,0.12,-1.5472222222222223,-3.51,3.835882767361155,shale,0.0,0.0,none
1509.5,1509.48,1504.78,0.12,-1.5461111111111112,-3.51,3.8354347299753693,shale,0.0,0.0,none
1510.5,1510.48,1505.78,0.12,-1.545,-3.51,3.8349869621681894,shale,0.0,0.0,none
1511.5,1511.48,1506.78,0.12,-1.5438888888888889,-3.51,3.8345394640340533,shale,0.0,0.0,none
1512.5,1512.48,1507.78,0.12,-1.5427777777777778,-3.51,3.8340922356673866,shale,0.0,0.0,none
1513.5,1513.48,1508.78,0.12,-1.5416666666666667,-3.51,3.8336452771626,shale,0.0,0.0,none
1514.5,1514.48,1509.78,0.12,-1.5405555555555557,-3.51,3.8331985886140942,shale,0.0,0.0,none
1515.5,1515.48,1510.78,0.12,-1.5394444444444444,-3.51,3.832752170116255,shale,0.0,0.0,none
1516.5,1516.48,1511.78,0.12,-1.5383333333333333,-3.51,3.8323060217634555,shale,0.0,0.0,none
1517.5,1517.48,1512.78,0.12,-1.5372222222222223,-3.51,3.8318601436500557,shale,0.0,0.0,none
1518.5,1518.48,1513.78,0.12,-1.5361111111111112,-3.51,3.8314145358704024,shale,0.0,0.0,none
1519.5,1519.48,1514.78,0.12,-1.535,-3.51,3.830969198518829,shale,0.0,0.0,none
1520.5,1520.48,1515.78,0.12,-1.5338888888888889,-3.51,3.830524131689655,shale,0.0,0.0,none
1521.5,1521.48,1516.78,0.12,-1.5327777777777778,-3.51,3.8300793354771883,shale,0.0,0.0,none
1522.5,1522.48,1517.78,0.12,-1.5316666666666667,-3.51,3.829634809975721,shale,0.0,0.0,none
1523.5,1523.48,1518.78,0.12,-1.5305555555555557,-3.51,3.8291905552795327,shale,0.0,0.0,none
1524.5,1524.48,1519.78,0.12130159910747489,-1.53,-3.508884343622164,3.8279458377721003,shale,0.0,0.0,none
1525.5,1525.48,1520.78,0.12390479732242468,-1.53,-3.506653030866493,3.8259006101681683,shale,0.0,0.0,none
1526.5,1526.48,1521.78,0.12650799553737446,-1.53,-3.5044217181108217,3.8238555906789684,shale,0.0,0.0,none
1527.5,1527.48,1522.78,0.12911119375232424,-1.53,-3.5021904053551505,3.8218107796385827,shale,0.0,0.0,none
1528.5,1528.48,1523.78,0.13171439196727402,-1.53,-3.4999590925994792,3.819766177381774,shale,0.0,0.0,none
1529.5,1529.48,1524.78,0.1343175901822238,-1.53,-3.497727779843808,3.8177217842439872,shale,0.0,0.0,none
1530.5,1530.48,1525.78,0.13692078839717362,-1.53,-3.4954964670881368,3.815677600561353,shale,0.0,0.0,none
1531.5,1531.48,1526.78,0.1395239866121234,-1.53,-3.4932651543324655,3.813633626670688,shale,0.0,0.0,none
1532.5,1532.48,1527.78,0.14212718482707318,-1.53,-3.4910338415767943,3.811589862909496,shale,0.0,0.0,none
1533.5,1533.48,1528.78,0.14473038304202296,-1.53,-3.488802528821123,3.809546309615971,shale,0.0,0.0,none
1534.5,1534.48,1529.78,0.14733358125697274,-1.53,-3.486571216065452,3.807502967128998,shale,0.0,0.0,none
1535.5,1535.48,1530.78,0.14993677947192252,-1.53,-3.4843399033097806,3.805459835788155,shale,0.0,0.0,none
1536.5,1536.48,1531.78,0.15253997768687233,-1.53,-3.4821085905541094,3.803416915933714,shale,0.0,0.0,none
1537.5,1537.48,1532.78,0.1551431759018221,-1.53,-3.479877277798438,3.8013742079066444,shale,0.0,0.0,none
1538.5,1538.4799999999998,1533.78,0.1577463741167719,-1.53,-3.477645965042767,3.799331712048612,shale,0.0,0.0,none
1539.5,1539.4799999999998,1534.78,0.16034957233172167,-1.53,-3.4754146522870957,3.7972894287019834,shale,0.0,0.0,none
1540.5,1540.4799999999998,1535.78,0.16295277054667145,-1.53,-3.4731833395314244,3.795247358209825,shale,0.0,0.0,none
1541.5,1541.4799999999998,1536.78,0.16555596876162126,-1.53,-3.470952026775753,3.7932055009159087,shale,0.0,0.0,none
1542.5,1542.4799999999998,1537.78,0.16815916697657105,-1.53,-3.468720714020082,3.791163857164708,shale,0.0,0.0,none
1543.5,1543.4799999999998,1538.78,0.17076236519152083,-1.53,-3.4664894012644107,3.7891224273014052,shale,0.0,0.0,none
1544.5,1544.4799999999998,1539.78,0.1733655634064706,-1.53,-3.4642580885087395,3.7870812116718895,shale,0.0,0.0,none
1545.5,1545.4799999999998,1540.78,0.1759687616214204,-1.53,-3.4620267757530683,3.7850402106227596,shale,0.0,0.0,none
1546.5,1546.4799999999998,1541.78,0.17857195983637017,-1.53,-3.459795462997397,3.782999424501327,shale,0.0,0.0,none
1547.5,1547.4799999999998,1542.78,0.18117515805131995,-1.53,-3.457564150241726,3.7809588536556156,shale,0.0,0.0,none
1548.5,1548.4799999999998,1543.78,0.18377835626626976,-1.53,-3.4553328374860546,3.778918498434364,shale,0.0,0.0,none
1549.5,1549.4799999999998,1544.78,0.18638155448121954,-1.53,-3.4531015247303833,3.776878359187028,shale,0.0,0.0,none
1550.5,1550.4799999999998,1545.78,0.18898475269616932,-1.53,-3.450870211974712,3.774838436263782,shale,0.0,0.0,none
1551.5,1551.4799999999998,1546.78,0.18717893987904705,-1.5308680184987549,-3.448914976876557,3.7734031599851248,shale,0.0,0.0,none
1552.5,1552.4799999999998,1547.78,0.18255425115617263,-1.5322909996442546,-3.447136250444682,3.7723552373445175,shale,0.0,0.0,none
1553.5,1553.4799999999998,1548.78,0.1779295624332982,-1.5337139807897544,-3.445357524012807,3.7713083993677334,shale,0.0,0.0,none
1554.5,1554.4799999999998,1549.78,0.17330487371042375,-1.5351369619352542,-3.4435787975809324,3.770262646958265,shale,0.0,0.0,none
1555.5,1555.4799999999998,1550.78,0.1686801849875493,-1.5365599430807542,-3.4418000711490575,3.769217981019669,shale,0.0,0.0,none
1556.5,1556.4799999999998,1551.78,0.16405549626467486,-1.537982924226254,-3.4400213447171826,3.7681744024555646,shale,0.0,0.0,none
1557.5,1557.4799999999998,1552.78,0.15943080754180042,-1.5394059053717537,-3.438242618285308,3.7671319121696336,shale,0.0,0.0,none
1558.5,1558.4799999999998,1553.78,0.15480611881892598,-1.5408288865172535,-3.436463891853433,3.766090511065612,shale,0.0,0.0,none
1559.5,1559.4799999999998,1554.78,0.15018143009605156,-1.5422518676627535,-3.434685165421558,3.765050200047294,shale,0.0,0.0,none
1560.5,1560.4799999999998,1555.78,0.14555674137317712,-1.5436748488082532,-3.4329064389896837,3.764010980018525,shale,0.0,0.0,none
1561.5,1561.4799999999998,1556.78,0.14093205265030267,-1.545097829953753,-3.431127712557809,3.762972851883199,shale,0.0,0.0,none
1562.5,1562.4799999999998,1557.78,0.13630736392742823,-1.546520811099253,-3.429348986125934,3.7619358165452614,shale,0.0,0.0,none
1563.5,1563.4799999999998,1558.78,0.1316826752045538,-1.5479437922447528,-3.4275702596940594,3.760899874908699,shale,0.0,0.0,none
1564.5,1564.4799999999998,1559.78,0.12705798648167937,-1.5493667733902525,-3.4257915332621844,3.759865027877542,shale,0.0,0.0,none
1565.5,1565.48,1560.78,0.12243329775880492,-1.5507897545357523,-3.4240128068303095,3.758831276355861,shale,0.0,0.0,none
1566.5,1566.48,1561.78,0.11780860903593049,-1.5522127356812523,-3.422234080398435,3.7577986212477645,shale,0.0,0.0,none
1567.5,1567.48,1562.78,0.11318392031305605,-1.553635716826752,-3.42045535396656,3.7567670634573926,shale,0.0,0.0,none
1568.5,1568.48,1563.78,0.1085592315901816,-1.5550586979722518,-3.418676627534685,3.755736603888921,shale,0.0,0.0,none
1569.5,1569.48,1564.78,0.10393454286730716,-1.5564816791177516,-3.4168979011028107,3.7547072434465525,shale,0.0,0.0,none
1570.5,1570.48,1565.78,0.09930985414443273,-1.5579046602632516,-3.4151191746709357,3.7536789830345176,shale,0.0,0.0,none
1571.5,1571.48,1566.78,0.09468516542155829,-1.5593276414087514,-3.413340448239061,3.752651823557071,shale,0.0,0.0,none
1572.5,1572.48,1567.78,0.09006047669868385,-1.5607506225542511,-3.411561721807186,3.7516257659184897,shale,0.0,0.0,none
1573.5,1573.48,1568.78,0.08543578797580942,-1.5621736036997511,-3.4097829953753114,3.750600811023068,shale,0.0,0.0,none
1574.5,1574.48,1569.78,0.08081109925293498,-1.5635965848452509,-3.4080042689434364,3.7495769597751183,shale,0.0,0.0,none
1575.5,1575.48,1570.78,0.07618641053006053,-1.5650195659907506,-3.4062255425115615,3.748554213078965,shale,0.0,0.0,none
1576.5,1576.48,1571.78,0.0715617218071861,-1.5664425471362504,-3.404446816079687,3.7475325718389456,shale,0.0,0.0,none
1577.5,1577.48,1572.78,0.06693703308431166,-1.5678655282817504,-3.402668089647812,3.746512036959404,shale,0.0,0.0,none
1578.5,1578.48,1573.78,0.06231234436143723,-1.5692885094272502,-3.400889363215937,3.745492609344691,shale,0.0,0.0,none
1579.5,1579.48,1574.78,0.062407407407407404,-1.5701851851851854,-3.3988888888888886,3.744052242529126,shale,0.0,0.0,none
1580.5,1580.48,1575.78,0.06722222222222222,-1.5705555555555557,-3.3966666666666665,3.742190427748281,shale,0.0,0.0,none
1581.5,1581.48,1576.78,0.07203703703703704,-1.570925925925926,-3.3944444444444444,3.7403290431679914,shale,0.0,0.0,none
1582.5,1582.48,1577.78,0.07685185185185185,-1.5712962962962964,-3.3922222222222222,3.7384680894308473,shale,0.0,0.0,none
1583.5,1583.48,1578.78,0.08166666666666667,-1.5716666666666668,-3.3899999999999997,3.7366075671805716,shale,0.0,0.0,none
1584.5,1584.48,1579.78,0.08648148148148148,-1.5720370370370371,-3.3877777777777776,3.73474747706202,shale,0.0,0.0,none
1585.5,1585.48,1580.78,0.09129629629629629,-1.5724074074074075,-3.3855555555555554,3.732887819721183,shale,0.0,0.0,none
1586.5,1586.48,1581.78,0.09611111111111112,-1.5727777777777778,-3.3833333333333333,3.7310285958051903,shale,0.0,0.0,none
1587.5,1587.48,1582.78,0.10092592592592592,-1.5731481481481482,-3.381111111111111,3.729169805962308,shale,0.0,0.0,none
1588.5,1588.48,1583.78,0.10574074074074075,-1.5735185185185185,-3.3788888888888886,3.727311450841947,shale,0.0,0.0,none
1589.5,1589.48,1584.78,0.11055555555555556,-1.573888888888889,-3.3766666666666665,3.725453531094661,shale,0.0,0.0,none
1590.5,1590.48,1585.78,0.11537037037037037,-1.5742592592592592,-3.3744444444444444,3.7235960473721486,shale,0.0,0.0,none
1591.5,1591.48,1586.78,0.12018518518518519,-1.5746296296296296,-3.3722222222222222,3.721739000327257,shale,0.0,0.0,none
1592.5,1592.48,1587.78,0.125,-1.5750000000000002,-3.3699999999999997,3.7198823906139826,shale,0.0,0.0,none
1593.5,1593.48,1588.78,0.12981481481481483,-1.5753703703703705,-3.3677777777777775,3.718026218887476,shale,0.0,0.0,none
1594.5,1594.48,1589.78,0.13462962962962963,-1.5757407407407409,-3.3655555555555554,3.716170485804041,shale,0.0,0.0,none
1595.5,1595.48,1590.78,0.13944444444444445,-1.5761111111111112,-3.3633333333333333,3.7143151920211364,shale,0.0,0.0,none
1596.5,1596.48,1591.78,0.14425925925925925,-1.5764814814814816,-3.361111111111111,3.7124603381973813,shale,0.0,0.0,none
1597.5,1597.48,1592.78,0.14907407407407408,-1.576851851851852,-3.3588888888888886,3.710605924992554,shale,0.0,0.0,none
1598.5,1598.48,1593.78,0.1538888888888889,-1.5772222222222223,-3.3566666666666665,3.7087519530675968,shale,0.0,0.0,none
1599.5,1599.48,1594.78,0.1587037037037037,-1.5775925925925927,-3.3544444444444443,3.7068984230846165,shale,0.0,0.0,none
1600.5,1600.48,1595.78,0.1635185185185185,-1.577962962962963,-3.352222222222222,3.7050453357068855,shale,0.0,0.0,none
1601.5,1601.48,1596.78,0.16833333333333333,-1.5783333333333334,-3.3499999999999996,3.7031926915988462,shale,0.0,0.0,none
1602.5,1602.48,1597.78,0.17314814814814816,-1.5787037037037037,-3.3477777777777775,3.7013404914261137,shale,0.0,0.0,none
1603.5,1603.48,1598.78,0.177962962962963,-1.579074074074074,-3.3455555555555554,3.6994887358554744,shale,0.0,0.0,none
1604.5,1604.48,1599.78,0.1827777777777778,-1.5794444444444444,-3.3433333333333333,3.6976374255548903,shale,0.0,0.0,none
1605.5,1605.48,1600.78,0.1875925925925926,-1.5798148148148148,-3.341111111111111,3.695786561193502,shale,0.0,0.0,none
1606.5,1606.48,1601.78,0.18982142857142859,-1.5805357142857144,-3.34,3.695090410819829,shale,0.0,0.0,none
1607.5,1607.48,1602.78,0.18946428571428572,-1.581607142857143,-3.34,3.6955488299218473,shale,0.0,0.0,none
1608.5,1608.48,1603.78,0.18910714285714286,-1.5826785714285716,-3.34,3.6960075027601316,shale,0.0,0.0,none
1609.5,1609.48,1604.78,0.18875,-1.58375,-3.34,3.696466429240228,shale,0.0,0.0,none
1610.5,1610.48,1605.78,0.18839285714285714,-1.5848214285714286,-3.34,3.6969256092676765,shale,0.0,0.0,none
1611.5,1611.48,1606.78,0.18803571428571428,-1.5858928571428572,-3.34,3.697385042748014,shale,0.0,0.0,none
1612.5,1612.48,1607.78,0.18767857142857142,-1.5869642857142858,-3.34,3.69784472958677,shale,0.0,0.0,none
1613.5,1613.48,1608.78,0.18732142857142858,-1.5880357142857144,-3.34,3.69830466968947,shale,0.0,0.0,none
1614.5,1614.48,1609.78,0.18696428571428572,-1.5891071428571428,-3.34,3.6987648629616334,shale,0.0,0.0,none
1615.5,1615.48,1610.78,0.18660714285714286,-1.5901785714285714,-3.34,3.699225309308776,shale,0.0,0.0,none
1616.5,1616.48,1611.78,0.18625,-1.59125,-3.34,3.6996860086364083,shale,0.0,0.0,none
1617.5,1617.48,1612.78,0.18589285714285714,-1.5923214285714287,-3.34,3.7001469608500357,shale,0.0,0.0,none
1618.5,1618.48,1613.78,0.18553571428571428,-1.5933928571428573,-3.34,3.700608165855158,shale,0.0,0.0,none
1619.5,1619.48,1614.78,0.18517857142857141,-1.594464285714286,-3.34,3.701069623557272,shale,0.0,0.0,none
1620.5,1620.48,1615.78,0.18482142857142858,-1.5955357142857143,-3.34,3.7015313338618685,shale,0.0,0.0,none
1621.5,1621.48,1616.78,0.18446428571428572,-1.596607142857143,-3.34,3.7019932966744347,shale,0.0,0.0,none
1622.5,1622.48,1617.78,0.18410714285714286,-1.5976785714285715,-3.34,3.7024555119004523,shale,0.0,0.0,none
1623.5,1623.48,1618.78,0.18375,-1.5987500000000001,-3.34,3.7029179794453992,shale,0.0,0.0,none
1624.5,1624.48,1619.78,0.18339285714285714,-1.5998214285714287,-3.34,3.7033806992147493,shale,0.0,0.0,none
1625.5,1625.48,1620.78,0.18303571428571427,-1.6008928571428573,-3.34,3.7038436711139715,shale,0.0,0.0,none
1626.5,1626.48,1621.78,0.1826785714285714,-1.6019642857142857,-3.34,3.70430689504853,shale,0.0,0.0,none
1627.5,1627.48,1622.78,0.18232142857142858,-1.6030357142857143,-3.34,3.704770370923886,shale,0.0,0.0,none
1628.5,1628.48,1623.78,0.18196428571428572,-1.604107142857143,-3.34,3.7052340986454966,shale,0.0,0.0,none
1629.5,1629.48,1624.78,0.18160714285714286,-1.6051785714285716,-3.34,3.7056980781188136,shale,0.0,0.0,none
1630.5,1630.48,1625.78,0.18125,-1.6062500000000002,-3.34,3.706162309249286,shale,0.0,0.0,none
1631.5,1631.48,1626.78,0.18089285714285713,-1.6073214285714286,-3.34,3.706626791942358,shale,0.0,0.0,none
1632.5,1632.48,1627.78,0.18053571428571427,-1.6083928571428572,-3.34,3.707091526103471,shale,0.0,0.0,none
1633.5,1633.48,1628.78,0.1801785714285714,-1.6094642857142858,-3.34,3.707556511638062,shale,0.0,0.0,none
1634.5,1634.48,1629.78,0.17777777777777778,-1.6105555555555557,-3.3405555555555555,3.7085307895828437,shale,0.0,0.0,none
1635.5,1635.48,1630.78,0.17333333333333334,-1.6116666666666668,-3.3416666666666663,3.7100142257888384,shale,0.0,0.0,none
1636.5,1636.48,1631.78,0.1688888888888889,-1.6127777777777779,-3.3427777777777776,3.7114977343518296,shale,0.0,0.0,none
1637.5,1637.48,1632.78,0.16444444444444445,-1.613888888888889,-3.343888888888889,3.7129813151850874,shale,0.0,0.0,none
1638.5,1638.48,1633.78,0.16,-1.615,-3.3449999999999998,3.7144649682020154,shale,0.0,0.0,none
1639.5,1639.48,1634.78,0.15555555555555556,-1.6161111111111113,-3.346111111111111,3.715948693316153,shale,0.0,0.0,none
1640.5,1640.48,1635.78,0.1511111111111111,-1.6172222222222223,-3.3472222222222223,3.717432490441172,shale,0.0,0.0,none
1641.5,1641.48,1636.78,0.14666666666666667,-1.6183333333333334,-3.348333333333333,3.7189163594908785,shale,0.0,0.0,none
1642.5,1642.48,1637.78,0.14222222222222222,-1.6194444444444445,-3.3494444444444444,3.720400300379212,shale,0.0,0.0,none
1643.5,1643.48,1638.78,0.13777777777777778,-1.6205555555555555,-3.3505555555555553,3.7218843130202437,shale,0.0,0.0,none
1644.5,1644.48,1639.78,0.13333333333333333,-1.6216666666666666,-3.3516666666666666,3.7233683973281804,shale,0.0,0.0,none
1645.5,1645.48,1640.78,0.1288888888888889,-1.6227777777777779,-3.352777777777778,3.724852553217359,shale,0.0,0.0,none
1646.5,1646.48,1641.78,0.12444444444444444,-1.623888888888889,-3.3538888888888887,3.726336780602249,shale,0.0,0.0,none
1647.5,1647.48,1642.78,0.12,-1.625,-3.355,3.727821079397454,shale,0.0,0.0,none
1648.5,1648.48,1643.78,0.11555555555555555,-1.626111111111111,-3.3561111111111113,3.7293054495177076,shale,0.0,0.0,none
1649.5,1649.48,1644.78,0.1111111111111111,-1.6272222222222221,-3.357222222222222,3.7307898908778743,shale,0.0,0.0,none
1650.5,1650.48,1645.78,0.10666666666666666,-1.6283333333333334,-3.3583333333333334,3.732274403392953,shale,0.0,0.0,none
1651.5,1651.48,1646.78,0.10222222222222221,-1.6294444444444445,-3.3594444444444447,3.7337589869780707,shale,0.0,0.0,none
1652.5,1652.48,1647.78,0.09777777777777777,-1.6305555555555555,-3.3605555555555555,3.735243641548486,shale,0.0,0.0,none
1653.5,1653.48,1648.78,0.09333333333333332,-1.6316666666666666,-3.361666666666667,3.7367283670195897,shale,0.0,0.0,none
1654.5,1654.48,1649.78,0.08888888888888888,-1.6327777777777777,-3.3627777777777776,3.738213163306901,shale,0.0,0.0,none
1655.5,1655.48,1650.78,0.08444444444444443,-1.6338888888888887,-3.363888888888889,3.7396980303260703,shale,0.0,0.0,none
1656.5,1656.48,1651.78,0.07999999999999999,-1.635,-3.365,3.741182967992878,shale,0.0,0.0,none
1657.5,1657.48,1652.78,0.07555555555555554,-1.636111111111111,-3.366111111111111,3.7426679762232333,shale,0.0,0.0,none
1658.5,1658.48,1653.78,0.07111111111111111,-1.6372222222222221,-3.3672222222222223,3.7441530549331756,shale,0.0,0.0,none
1659.5,1659.48,1654.78,0.06666666666666667,-1.6383333333333332,-3.3683333333333336,3.7456382040388734,shale,0.0,0.0,none
1660.5,1660.48,1655.78,0.06222222222222222,-1.6394444444444443,-3.3694444444444445,3.7471234234566233,shale,0.0,0.0,none
1661.5,1661.48,1656.78,0.06127272727272727,-1.6404545454545454,-3.3691818181818185,3.7473293476380514,shale,0.0,0.0,none
1662.5,1662.48,1657.78,0.06381818181818182,-1.6413636363636364,-3.367545454545455,3.7462563947501795,shale,0.0,0.0,none
1663.5,1663.48,1658.78,0.06636363636363636,-1.642272727272727,-3.365909090909091,3.745184070110342,shale,0.0,0.0,none
1664.5,1664.48,1659.78,0.0689090909090909,-1.643181818181818,-3.3642727272727275,3.7441123742583344,shale,0.0,0.0,none
1665.5,1665.48,1660.78,0.07145454545454545,-1.644090909090909,-3.362636363636364,3.743041307734255,shale,0.0,0.0,none
1666.5,1666.48,1661.78,0.074,-1.645,-3.361,3.7419708710785016,shale,0.0,0.0,none
1667.5,1667.48,1662.78,0.07654545454545454,-1.6459090909090908,-3.3593636363636366,3.7409010648317746,shale,0.0,0.0,none
1668.5,1668.48,1663.78,0.07909090909090909,-1.6468181818181817,-3.357727272727273,3.739831889535073,shale,0.0,0.0,none
1669.5,1669.48,1664.78,0.08163636363636363,-1.6477272727272727,-3.3560909090909092,3.7387633457296947,shale,0.0,0.0,none
1670.5,1670.48,1665.78,0.08418181818181818,-1.6486363636363635,-3.3544545454545456,3.737695433957239,shale,0.0,0.0,none
1671.5,1671.48,1666.78,0.08672727272727272,-1.6495454545454544,-3.352818181818182,3.736628154759602,shale,0.0,0.0,none
1672.5,1672.48,1667.78,0.08927272727272727,-1.6504545454545454,-3.3511818181818183,3.7355615086789786,shale,0.0,0.0,none
1673.5,1673.48,1668.78,0.09181818181818183,-1.6513636363636364,-3.3495454545454546,3.734495496257861,shale,0.0,0.0,none
1674.5,1674.48,1669.78,0.09436363636363637,-1.6522727272727271,-3.347909090909091,3.733430118039039,shale,0.0,0.0,none
1675.5,1675.48,1670.78,0.09690909090909092,-1.653181818181818,-3.3462727272727273,3.7323653745655982,shale,0.0,0.0,none
1676.5,1676.48,1671.78,0.09945454545454546,-1.654090909090909,-3.3446363636363636,3.7313012663809215,shale,0.0,0.0,none
1677.5,1677.48,1672.78,0.10200000000000001,-1.6549999999999998,-3.343,3.730237794028686,shale,0.0,0.0,none
1678.5,1678.48,1673.78,0.10454545454545455,-1.6559090909090908,-3.3413636363636363,3.729174958052866,shale,0.0,0.0,none
1679.5,1679.48,1674.78,0.1070909090909091,-1.6568181818181817,-3.3397272727272727,3.728112758997728,shale,0.0,0.0,none
1680.5,1680.48,1675.78,0.10963636363636364,-1.6577272727272727,-3.338090909090909,3.7270511974078344,shale,0.0,0.0,none
1681.5,1681.48,1676.78,0.11218181818181819,-1.6586363636363635,-3.3364545454545453,3.7259902738280406,shale,0.0,0.0,none
1682.5,1682.48,1677.78,0.11472727272727273,-1.6595454545454544,-3.3348181818181817,3.7249299888034946,shale,0.0,0.0,none
1683.5,1683.48,1678.78,0.11727272727272728,-1.6604545454545454,-3.333181818181818,3.723870342879638,shale,0.0,0.0,none
1684.5,1684.48,1679.78,0.11981818181818182,-1.6613636363636364,-3.3315454545454544,3.722811336602203,shale,0.0,0.0,none
1685.5,1685.48,1680.78,0.12236363636363637,-1.6622727272727271,-3.3299090909090907,3.7217529705172154,shale,0.0,0.0,none
1686.5,1686.48,1681.78,0.12490909090909091,-1.663181818181818,-3.328272727272727,3.7206952451709903,shale,0.0,0.0,none
1687.5,1687.48,1682.78,0.12745454545454546,-1.664090909090909,-3.3266363636363634,3.7196381611101335,shale,0.0,0.0,none
1688.5,1688.48,1683.78,0.13,-1.665,-3.325,3.7185817188815418,shale,0.0,0.0,none
1689.5,1689.48,1684.78,0.13254545454545455,-1.6659090909090908,-3.3233636363636365,3.7175259190323997,shale,0.0,0.0,none
1690.5,1690.48,1685.78,0.1350909090909091,-1.6668181818181818,-3.321727272727273,3.716470762110182,shale,0.0,0.0,none
1691.5,1691.48,1686.78,0.13763636363636364,-1.6677272727272727,-3.320090909090909,3.715416248662651,shale,0.0,0.0,none
1692.5,1692.48,1687.78,0.14018181818181819,-1.6686363636363635,-3.3184545454545455,3.714362379237858,shale,0.0,0.0,none
1693.5,1693.48,1688.78,0.14272727272727273,-1.6695454545454544,-3.316818181818182,3.7133091543841403,shale,0.0,0.0,none
1694.5,1694.48,1689.78,0.14527272727272728,-1.6704545454545454,-3.3151818181818182,3.712256574650122,shale,0.0,0.0,none
1695.5,1695.48,1690.78,0.14781818181818182,-1.6713636363636364,-3.3135454545454546,3.7112046405847146,shale,0.0,0.0,none
1696.5,1696.48,1691.78,0.15036363636363637,-1.6722727272727271,-3.311909090909091,3.7101533527371138,shale,0.0,0.0,none
1697.5,1697.48,1692.78,0.1529090909090909,-1.673181818181818,-3.3102727272727273,3.709102711656801,shale,0.0,0.0,none
1698.5,1698.48,1693.78,0.15545454545454546,-1.674090909090909,-3.3086363636363636,3.7080527178935423,shale,0.0,0.0,none
1699.5,1699.48,1694.78,0.158,-1.6749999999999998,-3.307,3.7070033719973874,shale,0.0,0.0,none
1700.5,1700.48,1695.78,0.16054545454545455,-1.6759090909090908,-3.3053636363636363,3.705954674518669,shale,0.0,0.0,none
1701.5,1701.48,1696.78,0.1630909090909091,-1.6768181818181818,-3.3037272727272726,3.7049066260080044,shale,0.0,0.0,none
1702.5,1702.48,1697.78,0.16563636363636364,-1.6777272727272727,-3.302090909090909,3.703859227016291,shale,0.0,0.0,none
1703.5,1703.48,1698.78,0.16818181818181818,-1.6786363636363635,-3.3004545454545453,3.7028124780947094,shale,0.0,0.0,none
1704.5,1704.48,1699.78,0.17072727272727273,-1.6795454545454545,-3.2988181818181816,3.7017663797947207,shale,0.0,0.0,none
1705.5,1705.48,1700.78,0.17327272727272727,-1.6804545454545454,-3.297181818181818,3.7007209326680663,shale,0.0,0.0,none
1706.5,1706.48,1701.78,0.17581818181818182,-1.6813636363636364,-3.2955454545454543,3.6996761372667684,shale,0.0,0.0,none
1707.5,1707.48,1702.78,0.17836363636363636,-1.6822727272727271,-3.2939090909090907,3.698631994143128,shale,0.0,0.0,none
1708.5,1708.48,1703.78,0.1809090909090909,-1.6831818181818181,-3.292272727272727,3.6975885038497256,shale,0.0,0.0,none
1709.5,1709.48,1704.78,0.18345454545454548,-1.684090909090909,-3.2906363636363634,3.6965456669394188,shale,0.0,0.0,none
1710.5,1710.48,1705.78,0.186,-1.685,-3.2889999999999997,3.6955034839653442,shale,0.0,0.0,none
1711.5,1711.48,1706.78,0.18854545454545454,-1.6859090909090908,-3.287363636363636,3.694461955480915,shale,0.0,0.0,none
1712.5,1712.48,1707.78,0.1910909090909091,-1.6868181818181818,-3.2857272727272724,3.69342108203982,shale,0.0,0.0,none
1713.5,1713.48,1708.78,0.19363636363636363,-1.6877272727272727,-3.2840909090909087,3.692380864196026,shale,0.0,0.0,none
1714.5,1714.48,1709.78,0.19618181818181818,-1.6886363636363635,-3.282454545454545,3.6913413025037722,shale,0.0,0.0,none
1715.5,1715.48,1710.78,0.19872727272727272,-1.6895454545454545,-3.2808181818181814,3.6903023975175753,shale,0.0,0.0,none
1716.5,1716.48,1711.78,0.19796296296296298,-1.6898148148148147,-3.279074074074074,3.6888752881647235,shale,0.0,0.0,none
1717.5,1717.48,1712.78,0.1938888888888889,-1.6894444444444443,-3.277222222222222,3.6870595363638157,shale,0.0,0.0,none
1718.5,1718.48,1713.78,0.18981481481481483,-1.689074074074074,-3.27537037037037,3.6852438577127193,shale,0.0,0.0,none
1719.5,1719.48,1714.78,0.18574074074074076,-1.6887037037037036,-3.2735185185185185,3.683428252319608,shale,0.0,0.0,none
1720.5,1720.48,1715.78,0.18166666666666667,-1.6883333333333332,-3.2716666666666665,3.681612720292864,shale,0.0,0.0,none
1721.5,1721.48,1716.78,0.1775925925925926,-1.6879629629629629,-3.2698148148148145,3.6797972617410792,shale,0.0,0.0,none
1722.5,1722.48,1717.78,0.17351851851851852,-1.6875925925925925,-3.267962962962963,3.6779818767730568,shale,0.0,0.0,none
1723.5,1723.48,1718.78,0.16944444444444445,-1.6872222222222222,-3.266111111111111,3.676166565497808,shale,0.0,0.0,none
1724.5,1724.48,1719.78,0.1653703703703704,-1.6868518518518518,-3.264259259259259,3.6743513280245574,shale,0.0,0.0,none
1725.5,1725.48,1720.78,0.1612962962962963,-1.6864814814814815,-3.2624074074074074,3.67253616446274,shale,0.0,0.0,none
1726.5,1726.48,1721.78,0.15722222222222224,-1.6861111111111111,-3.2605555555555554,3.6707210749220027,shale,0.0,0.0,none
1727.5,1727.48,1722.78,0.15314814814814814,-1.6857407407407408,-3.2587037037037034,3.668906059512205,shale,0.0,0.0,none
1728.5,1728.48,1723.78,0.14907407407407408,-1.6853703703703704,-3.256851851851852,3.66709111834342,shale,0.0,0.0,none
1729.5,1729.48,1724.78,0.14500000000000002,-1.685,-3.255,3.665276251525934,shale,0.0,0.0,none
1730.5,1730.48,1725.78,0.14092592592592593,-1.6846296296296295,-3.253148148148148,3.6634614591702457,shale,0.0,0.0,none
1731.5,1731.48,1726.78,0.13685185185185184,-1.6842592592592591,-3.2512962962962964,3.661646741387072,shale,0.0,0.0,none
1732.5,1732.48,1727.78,0.13277777777777777,-1.6838888888888888,-3.2494444444444444,3.6598320982873407,shale,0.0,0.0,none
1733.5,1733.48,1728.78,0.1287037037037037,-1.6835185185185184,-3.2475925925925924,3.658017529982198,shale,0.0,0.0,none
1734.5,1734.48,1729.78,0.12462962962962963,-1.683148148148148,-3.245740740740741,3.656203036583006,shale,0.0,0.0,none
1735.5,1735.48,1730.78,0.12055555555555555,-1.6827777777777777,-3.243888888888889,3.6543886182013408,shale,0.0,0.0,none
1736.5,1736.48,1731.78,0.11648148148148148,-1.6824074074074074,-3.242037037037037,3.6525742749489987,shale,0.0,0.0,none
1737.5,1737.48,1732.78,0.11240740740740741,-1.682037037037037,-3.2401851851851853,3.650760006937992,shale,0.0,0.0,none
1738.5,1738.48,1733.78,0.10833333333333334,-1.6816666666666666,-3.2383333333333333,3.6489458142805513,shale,0.0,0.0,none
1739.5,1739.48,1734.78,0.10425925925925926,-1.6812962962962963,-3.2364814814814813,3.647131697089126,shale,0.0,0.0,none
1740.5,1740.48,1735.78,0.10018518518518518,-1.680925925925926,-3.2346296296296297,3.6453176554763846,shale,0.0,0.0,none
1741.5,1741.48,1736.78,0.0961111111111111,-1.6805555555555556,-3.2327777777777778,3.6435036895552155,shale,0.0,0.0,none
1742.5,1742.48,1737.78,0.09203703703703703,-1.6801851851851852,-3.2309259259259258,3.641689799438727,shale,0.0,0.0,none
1743.5,1743.48,1738.78,0.10351851851851851,-1.6772222222222222,-3.232407407407407,3.641638646293496,shale,0.0,0.0,none
1744.5,1744.48,1739.78,0.13055555555555554,-1.6716666666666666,-3.237222222222222,3.6433606959089055,shale,0.0,0.0,none
1745.5,1745.48,1740.78,0.1575925925925926,-1.666111111111111,-3.242037037037037,3.6450967592215973,shale,0.0,0.0,none
1746.5,1746.48,1741.78,0.18462962962962964,-1.6605555555555556,-3.2468518518518517,3.646846816218117,shale,0.0,0.0,none
1747.5,1747.48,1742.78,0.21166666666666667,-1.655,-3.2516666666666665,3.6486108467622453,shale,0.0,0.0,none
1748.5,1748.48,1743.78,0.2387037037037037,-1.6494444444444445,-3.2564814814814813,3.6503888305960595,shale,0.0,0.0,none
1749.5,1749.48,1744.78,0.2657407407407407,-1.643888888888889,-3.261296296296296,3.652180747341003,shale,0.0,0.0,none
1750.5,1750.48,1745.78,0.2927777777777778,-1.6383333333333332,-3.266111111111111,3.6539865764989568,shale,0.0,0.0,none
1751.5,1751.48,1746.78,0.3198148148148148,-1.6327777777777777,-3.270925925925926,3.6558062974533145,shale,0.0,0.0,none
1752.5,1752.48,1747.78,0.34685185185185186,-1.6272222222222221,-3.2757407407407406,3.657639889470056,shale,0.0,0.0,none
1753.5,1753.48,1748.78,0.3738888888888888,-1.6216666666666666,-3.2805555555555554,3.6594873316988266,shale,0.0,0.0,none
1754.5,1754.48,1749.78,0.4009259259259259,-1.616111111111111,-3.2853703703703703,3.661348603174018,shale,0.0,0.0,none
1755.5,1755.48,1750.78,0.427962962962963,-1.6105555555555555,-3.290185185185185,3.663223682815852,shale,0.0,0.0,none
1756.5,1756.48,1751.78,0.45499999999999996,-1.605,-3.295,3.665112549431463,shale,0.0,0.0,none
1757.5,1757.48,1752.78,0.48203703703703704,-1.5994444444444444,-3.2998148148148148,3.6670151817159864,shale,0.0,0.0,none
1758.5,1758.48,1753.78,0.509074074074074,-1.593888888888889,-3.3046296296296296,3.668931558253645,shale,0.0,0.0,none
1759.5,1759.48,1754.78,0.5361111111111111,-1.5883333333333334,-3.3094444444444444,3.6708616575188415,shale,0.0,0.0,none
1760.5,1760.48,1755.78,0.5631481481481482,-1.5827777777777778,-3.3142592592592592,3.672805457877247,shale,0.0,0.0,none
1761.5,1761.48,1756.78,0.5901851851851851,-1.5772222222222223,-3.319074074074074,3.6747629375868964,shale,0.0,0.0,none
1762.5,1762.48,1757.78,0.6172222222222222,-1.5716666666666668,-3.323888888888889,3.6767340747992807,shale,0.0,0.0,none
1763.5,1763.48,1758.78,0.6442592592592592,-1.5661111111111112,-3.3287037037037037,3.678718847560443,shale,0.0,0.0,none
1764.5,1764.48,1759.78,0.6712962962962963,-1.5605555555555555,-3.3335185185185185,3.680717233812074,shale,0.0,0.0,none
1765.5,1765.48,1760.78,0.6983333333333333,-1.555,-3.3383333333333334,3.682729211392611,shale,0.0,0.0,none
1766.5,1766.48,1761.78,0.7253703703703703,-1.5494444444444444,-3.343148148148148,3.6847547580383346,shale,0.0,0.0,none
1767.5,1767.48,1762.78,0.7524074074074074,-1.5438888888888889,-3.347962962962963,3.6867938513844667,shale,0.0,0.0,none
1768.5,1768.48,1763.78,0.7794444444444444,-1.5383333333333333,-3.352777777777778,3.6888464689662728,shale,0.0,0.0,none
1769.5,1769.48,1764.78,0.8064814814814815,-1.5327777777777778,-3.3575925925925922,3.6909125882201583,shale,0.0,0.0,none
1770.5,1770.4792857142857,1765.7792857142856,0.8887499999999999,-1.51375,-3.3773214285714284,3.701045675804036,shale,0.0,0.0,none
1771.5,1771.4778571428571,1766.777857142857,1.0262499999999999,-1.48125,-3.411964285714286,3.71962388548759,shale,0.0,0.0,none
1772.5,1772.4764285714286,1767.7764285714286,1.1637499999999998,-1.44875,-3.4466071428571428,3.7387133294348573,shale,0.0,0.0,none
1773.5,1773.475,1768.775,1.30125,-1.41625,-3.4812499999999997,3.758306217566631,shale,0.0,0.0,none
1774.5,1774.4735714285714,1769.7735714285714,1.43875,-1.38375,-3.515892857142857,3.77839471805265,shale,0.0,0.0,none
1775.5,1775.472142857143,1770.7721428571429,1.57625,-1.35125,-3.550535714285714,3.7989709686859108,shale,0.0,0.0,none
1776.5,1776.4707142857144,1771.7707142857143,1.71375,-1.31875,-3.5851785714285715,3.8200270878006366,shale,0.0,0.0,none
1777.5,1777.4692857142857,1772.7692857142856,1.8512499999999998,-1.28625,-3.6198214285714285,3.8415551847194513,shale,0.0,0.0,none
1778.5,1778.4678571428572,1773.767857142857,1.98875,-1.2537500000000001,-3.6544642857142855,3.8635473697188214,shale,0.0,0.0,none
1779.5,1779.4664285714287,1774.7664285714286,2.12625,-1.22125,-3.689107142857143,3.885995763505101,shale,0.0,0.0,none
1780.5,1780.4650000000001,1775.7649999999999,2.26375,-1.18875,-3.72375,3.908892506196608,shale,0.0,0.0,none
1781.5,1781.4635714285714,1776.7635714285714,2.40125,-1.15625,-3.758392857142857,3.9322297658100354,shale,0.0,0.0,none
1782.5,1782.462142857143,1777.7621428571429,2.5387500000000003,-1.12375,-3.7930357142857143,3.955999746252133,shale,0.0,0.0,none
1783.5,1783.4607142857144,1778.7607142857144,2.67625,-1.09125,-3.8276785714285713,3.9801946948200246,shale,0.0,0.0,none
1784.5,1784.4592857142857,1779.7592857142856,2.81375,-1.05875,-3.8623214285714287,4.004806909215729,shale,0.0,0.0,none
1785.5,1785.4578571428572,1780.7578571428571,2.95125,-1.02625,-3.8969642857142857,4.02982874408239,shale,0.0,0.0,none
1786.5,1786.4564285714287,1781.7564285714286,3.08875,-0.99375,-3.9316071428571426,4.055252617071507,shale,0.0,0.0,none
1787.5,1787.455,1782.755,3.22625,-0.96125,-3.96625,4.081071014451966,shale,0.0,0.0,none
1788.5,1788.4535714285714,1783.7535714285714,3.36375,-0.92875,-4.0008928571428575,4.107276496273015,shale,0.0,0.0,none
1789.5,1789.452142857143,1784.7521428571429,3.50125,-0.89625,-4.0355357142857144,4.133861701094451,shale,0.0,0.0,none
1790.5,1790.4507142857144,1785.7507142857144,3.63875,-0.86375,-4.070178571428571,4.160819350298247,shale,0.0,0.0,none
1791.5,1791.4492857142857,1786.7492857142856,3.77625,-0.83125,-4.104821428571428,4.188142251996603,shale,0.0,0.0,none
1792.5,1792.4478571428572,1787.7478571428571,3.9137500000000003,-0.79875,-4.139464285714285,4.21582330455204,shale,0.0,0.0,none
1793.5,1793.4464285714287,1788.7464285714286,4.0512500000000005,-0.76625,-4.174107142857143,4.243855499725576,shale,0.0,0.0,none
1794.5,1794.4450000000002,1789.745,4.188750000000001,-0.73375,-4.20875,4.272231925469403,shale,0.0,0.0,none
1795.5,1795.4435714285714,1790.7435714285714,4.32625,-0.70125,-4.243392857142857,4.300945768380604,shale,0.0,0.0,none
1796.5,1796.442142857143,1791.7421428571429,4.46375,-0.66875,-4.278035714285714,4.329990315832598,shale,0.0,0.0,none
1797.5,1797.4407142857144,1792.7407142857144,4.60125,-0.63625,-4.312678571428571,4.359358957800927,shale,0.0,0.0,none
1798.5,1798.4372222222223,1793.7372222222223,4.71962962962963,-0.5822222222222222,-4.366296296296296,4.404943366616663,shale,0.0,0.0,none
1799.5,1799.4316666666666,1794.7316666666666,4.818888888888889,-0.5066666666666666,-4.438888888888889,4.467711458790993,shale,0.0,0.0,none
1800.5,1800.4261111111111,1795.726111111111,4.918148148148148,-0.4311111111111111,-4.511481481481481,4.5320328714467415,shale,0.0,0.0,none
1801.5,1801.4205555555557,1796.7205555555556,5.017407407407408,-0.35555555555555557,-4.584074074074074,4.597842414620634,shale,0.0,0.0,none
1802.5,1802.415,1797.715,5.116666666666666,-0.27999999999999997,-4.656666666666666,4.665077110235632,shale,0.0,0.0,none
1803.5,1803.4094444444445,1798.7094444444444,5.215925925925926,-0.20444444444444443,-4.729259259259259,4.733676232290675,shale,0.0,0.0,none
1804.5,1804.403888888889,1799.703888888889,5.315185185185185,-0.1288888888888889,-4.801851851851852,4.803581325720642,shale,0.0,0.0,none
1805.5,1805.3983333333333,1800.6983333333333,5.414444444444444,-0.053333333333333344,-4.874444444444444,4.874736206854659,shale,0.0,0.0,none
1806.5,1806.3927777777778,1801.6927777777778,5.513703703703704,0.022222222222222254,-4.947037037037037,4.94708694819251,shale,0.0,0.0,none
1807.5,1807.3872222222221,1802.687222222222,5.612962962962963,0.09777777777777774,-5.019629629629629,5.02058184999337,shale,0.0,0.0,none
1808.5,1808.3816666666667,1803.6816666666666,5.712222222222222,0.17333333333333334,-5.092222222222222,5.095171400938174,shale,0.0,0.0,none
1809.5,1809.3761111111112,1804.6761111111111,5.811481481481481,0.24888888888888894,-5.1648148148148145,5.170808229894329,shale,0.0,0.0,none
1810.5,1810.3705555555555,1805.6705555555554,5.91074074074074,0.3244444444444444,-5.2374074074074075,5.247447050585346,shale,0.0,0.0,none
1811.5,1811.365,1806.665,6.01,0.4,-5.3100000000000005,5.325044600752186,shale,0.0,0.0,none
1812.5,1812.3594444444445,1807.6594444444445,6.109259259259259,0.4755555555555556,-5.382592592592593,5.4035595771909835,shale,0.0,0.0,none
1813.5,1813.3538888888888,1808.6538888888888,6.2085185185185185,0.5511111111111112,-5.455185185185186,5.482952567864695,shale,0.0,0.0,none
1814.5,1814.3483333333334,1809.6483333333333,6.307777777777778,0.6266666666666666,-5.527777777777778,5.563185982115368,shale,0.0,0.0,none
1815.5,1815.3427777777779,1810.6427777777778,6.407037037037037,0.7022222222222222,-5.600370370370371,5.6442239798492295,shale,0.0,0.0,none
1816.5,1816.3372222222222,1811.6372222222221,6.506296296296297,0.7777777777777778,-5.672962962962963,5.726032400428281,shale,0.0,0.0,none
1817.5,1817.3316666666667,1812.6316666666667,6.605555555555555,0.8533333333333334,-5.745555555555556,5.808578691879201,shale,0.0,0.0,none
1818.5,1818.326111111111,1813.626111111111,6.704814814814815,0.928888888888889,-5.818148148148149,5.891831840921885,shale,0.0,0.0,none
1819.5,1819.3205555555555,1814.6205555555555,6.804074074074074,1.0044444444444443,-5.890740740740741,5.9757623042251335,shale,0.0,0.0,none
1820.5,1820.315,1815.615,6.903333333333333,1.08,-5.963333333333334,6.060341941214576,shale,0.0,0.0,none
1821.5,1821.3094444444444,1816.6094444444443,7.002592592592592,1.1555555555555554,-6.035925925925926,6.145543948686727,shale,0.0,0.0,none
1822.5,1822.3038888888889,1817.6038888888888,7.101851851851851,1.2311111111111113,-6.108518518518519,6.231342797422151,shale,0.0,0.0,none
1823.5,1823.2983333333334,1818.5983333333334,7.201111111111111,1.3066666666666666,-6.181111111111111,6.317714170938649,shale,0.0,0.0,none
1824.5,1824.2927777777777,1819.5927777777777,7.30037037037037,1.382222222222222,-6.253703703703704,6.404634906481584,shale,0.0,0.0,none
1825.5,1825.2848148148148,1820.5848148148148,7.382222222222222,1.4735185185185184,-6.3372222222222225,6.506277147358862,shale,0.0,0.0,none
1826.5,1826.2744444444445,1821.5744444444445,7.446666666666666,1.5805555555555555,-6.431666666666667,6.623027402578721,shale,0.0,0.0,none
1827.5,1827.264074074074,1822.564074074074,7.511111111111111,1.6875925925925925,-6.526111111111111,6.740778515360172,shale,0.0,0.0,none
1828.5,1828.2537037037036,1823.5537037037036,7.575555555555555,1.7946296296296296,-6.620555555555556,6.859478943166319,shale,0.0,0.0,none
1829.5,1829.2433333333333,1824.5433333333333,7.64,1.9016666666666666,-6.715,6.979080248221187,shale,0.0,0.0,none
1830.5,1830.232962962963,1825.532962962963,7.704444444444444,2.0087037037037034,-6.809444444444445,7.099536901182238,shale,0.0,0.0,none
1831.5,1831.2225925925925,1826.5225925925924,7.768888888888888,2.1157407407407405,-6.903888888888889,7.220806095731531,shale,0.0,0.0,none
1832.5,1832.2122222222222,1827.5122222222221,7.833333333333333,2.2227777777777775,-6.998333333333333,7.342847573920294,shale,0.0,0.0,none
1833.5,1833.2018518518519,1828.5018518518518,7.897777777777778,2.3298148148148146,-7.092777777777778,7.46562346199357,shale,0.0,0.0,none
1834.5,1834.1914814814816,1829.4914814814815,7.962222222222222,2.4368518518518516,-7.187222222222222,7.58909811634286,shale,0.0,0.0,none
1835.5,1835.181111111111,1830.481111111111,8.026666666666667,2.5438888888888886,-7.281666666666666,7.713237979179482,shale,0.0,0.0,none
1836.5,1836.1707407407407,1831.4707407407407,8.091111111111111,2.6509259259259257,-7.376111111111111,7.838011443485077,shale,0.0,0.0,none
1837.5,1837.1603703703704,1832.4603703703704,8.155555555555555,2.7579629629629627,-7.470555555555555,7.963388726774388,shale,0.0,0.0,none
1838.5,1838.15,1833.4499999999998,8.22,2.8649999999999998,-7.5649999999999995,8.089341753195992,shale,0.0,0.0,none
1839.5,1839.1396296296296,1834.4396296296295,8.284444444444444,2.972037037037037,-7.6594444444444445,8.215844043496125,shale,0.0,0.0,none
1840.5,1840.1292592592592,1835.4292592592592,8.348888888888888,3.079074074074074,-7.753888888888889,8.342870612377354,shale,0.0,0.0,none
1841.5,1841.118888888889,1836.418888888889,8.413333333333334,3.186111111111111,-7.848333333333334,8.470397872795397,shale,0.0,0.0,none
1842.5,1842.1085185185184,1837.4085185185183,8.477777777777778,3.293148148148148,-7.942777777777778,8.598403546752854,shale,0.0,0.0,none
1843.5,1843.098148148148,1838.398148148148,8.542222222222222,3.400185185185185,-8.037222222222223,8.726866582166565,shale,0.0,0.0,none
1844.5,1844.0877777777778,1839.3877777777777,8.606666666666666,3.507222222222222,-8.131666666666666,8.855767075404996,shale,0.0,0.0,none
1845.5,1845.0774074074075,1840.3774074074074,8.671111111111111,3.614259259259259,-8.226111111111111,8.98508619911278,shale,0.0,0.0,none
1846.5,1846.067037037037,1841.3670370370369,8.735555555555555,3.721296296296296,-8.320555555555556,9.114806134960576,shale,0.0,0.0,none
1847.5,1847.0566666666666,1842.3566666666666,8.8,3.828333333333333,-8.415,9.244910010979615,shale,0.0,0.0,none
1848.5,1848.0462962962963,1843.3462962962963,8.864444444444445,3.93537037037037,-8.509444444444444,9.375381843161133,shale,0.0,0.0,none
1849.5,1849.035925925926,1844.335925925926,8.928888888888888,4.042407407407407,-8.60388888888889,9.50620648102112,shale,0.0,0.0,none
1850.5,1850.0255555555555,1845.3255555555554,8.993333333333334,4.149444444444445,-8.698333333333334,9.637369556850492,shale,0.0,0.0,none
1851.5,1851.0151851851851,1846.315185185185,9.057777777777778,4.256481481481481,-8.792777777777777,9.768857438389482,shale,0.0,0.0,none
1852.5,1852.0026785714285,1847.3026785714285,9.118392857142856,4.3723214285714285,-8.899107142857142,9.915205626450513,shale,0.0,0.0,none
1853.5,1852.9880357142856,1848.2880357142856,9.175178571428571,4.496964285714285,-9.017321428571428,10.07644647349269,shale,0.0,0.0,none
1854.5,1853.973392857143,1849.2733928571429,9.231964285714286,4.621607142857142,-9.135535714285714,10.238030346209078,shale,0.0,0.0,none
1855.5,1854.95875,1850.25875,9.28875,4.74625,-9.25375,10.399941255843707,shale,0.0,0.0,none
1856.5,1855.944107142857,1851.244107142857,9.345535714285715,4.870892857142857,-9.371964285714286,10.562164162635865,shale,0.0,0.0,none
1857.5,1856.9294642857142,1852.2294642857144,9.402321428571428,4.9955357142857135,-9.490178571428572,10.724684908672428,shale,0.0,0.0,none
1858.5,1857.9148214285715,1853.2148214285714,9.459107142857142,5.120178571428571,-9.608392857142857,10.887490156161345,shale,0.0,0.0,none
1859.5,1858.9001785714286,1854.2001785714285,9.515892857142857,5.244821428571428,-9.726607142857143,11.050567330643329,shale,0.0,0.0,none
1860.5,1859.8855357142857,1855.1855357142856,9.572678571428572,5.369464285714285,-9.844821428571429,11.21390456870489,shale,0.0,0.0,none
1861.5,1860.8708928571427,1856.170892857143,9.629464285714285,5.494107142857143,-9.963035714285715,11.377490669797384,shale,0.0,0.0,none
1862.5,1861.85625,1857.15625,9.68625,5.6187499999999995,-10.08125,11.541315051804105,shale,0.0,0.0,none
1863.5,1862.8416071428571,1858.141607142857,9.743035714285714,5.743392857142857,-10.199464285714285,11.705367710031188,shale,0.0,0.0,none
1864.5,1863.8269642857142,1859.1269642857144,9.799821428571429,5.868035714285714,-10.317678571428571,11.86963917932845,shale,0.0,0.0,none
1865.5,1864.8123214285713,1860.1123214285715,9.856607142857143,5.992678571428571,-10.435892857142857,12.034120499073644,shale,0.0,0.0,none
1866.5,1865.7976785714286,1861.0976785714286,9.913392857142856,6.117321428571429,-10.554107142857143,12.198803180778324,shale,0.0,0.0,none
1867.5,1866.7830357142857,1862.0830357142856,9.970178571428571,6.241964285714285,-10.67232142857143,12.363679178095715,shale,0.0,0.0,none
1868.5,1867.7683928571428,1863.068392857143,10.026964285714286,6.366607142857143,-10.790535714285713,12.528740859031089,shale,0.0,0.0,none
1869.5,1868.7537499999999,1864.05375,10.08375,6.49125,-10.90875,12.69398098017324,shale,0.0,0.0,none
1870.5,1869.7391071428572,1865.0391071428571,10.140535714285715,6.615892857142857,-11.026964285714286,12.859392662782028,shale,0.0,0.0,none
1871.5,1870.7244642857142,1866.0244642857144,10.197321428571428,6.7405357142857145,-11.145178571428572,13.024969370581715,shale,0.0,0.0,none
1872.5,1871.7098214285713,1867.0098214285715,10.254107142857142,6.865178571428571,-11.263392857142858,13.190704889123204,shale,0.0,0.0,none
1873.5,1872.6951785714284,1867.9951785714286,10.310892857142857,6.989821428571428,-11.381607142857144,13.35659330659031,shale,0.0,0.0,none
1874.5,1873.6805357142857,1868.9805357142857,10.367678571428572,7.114464285714286,-11.49982142857143,13.52262899593621,shale,0.0,0.0,none
1875.5,1874.6658928571428,1869.965892857143,10.424464285714286,7.239107142857143,-11.618035714285714,13.688806598246016,shale,0.0,0.0,none
1876.5,1875.65125,1870.95125,10.48125,7.36375,-11.73625,13.855121007230503,shale,0.0,0.0,none
1877.5,1876.636607142857,1871.9366071428572,10.538035714285714,7.488392857142857,-11.854464285714286,14.021567354764006,shale,0.0,0.0,none
1878.5,1877.6219642857143,1872.9219642857145,10.594821428571429,7.613035714285714,-11.972678571428572,14.188140997387032,shale,0.0,0.0,none
1879.5,1878.6073214285714,1873.9073214285715,10.651607142857143,7.737678571428571,-12.090892857142858,14.354837503700733,shale,0.0,0.0,none
1880.5,1879.5901851851852,1874.8901851851854,10.706666666666667,7.866111111111111,-12.223333333333334,14.535665853001833,shale,0.0,0.0,none
1881.5,1880.5705555555555,1875.8705555555557,10.76,7.998333333333333,-12.370000000000001,14.730588450944895,shale,0.0,0.0,none
1882.5,1881.5509259259259,1876.850925925926,10.813333333333333,8.130555555555555,-12.516666666666667,14.9255779816535,shale,0.0,0.0,none
1883.5,1882.5312962962962,1877.8312962962964,10.866666666666667,8.262777777777778,-12.663333333333334,15.120631855714542,shale,0.0,0.0,none
1884.5,1883.5116666666665,1878.8116666666667,10.92,8.395,-12.81,15.315747614791777,shale,0.0,0.0,none
1885.5,1884.4920370370369,1879.792037037037,10.973333333333333,8.527222222222221,-12.956666666666667,15.510922923484328,shale,0.0,0.0,none
1886.5,1885.4724074074072,1880.7724074074074,11.026666666666666,8.659444444444444,-13.103333333333333,15.706155561781,shale,0.0,0.0,none
1887.5,1886.4527777777778,1881.7527777777777,11.08,8.791666666666666,-13.25,15.901443418060442,shale,0.0,0.0,none
1888.5,1887.4331481481481,1882.733148148148,11.133333333333333,8.92388888888889,-13.396666666666667,16.09678448259193,shale,0.0,0.0,none
1889.5,1888.4135185185185,1883.7135185185186,11.186666666666666,9.056111111111111,-13.543333333333333,16.29217684149567,shale,0.0,0.0,none
1890.5,1889.3938888888888,1884.693888888889,11.24,9.188333333333333,-13.69,16.487618671125446,shale,0.0,0.0,none
1891.5,1890.3742592592591,1885.6742592592593,11.293333333333333,9.320555555555556,-13.836666666666666,16.683108232839647,shale,0.0,0.0,none
1892.5,1891.3546296296295,1886.6546296296297,11.346666666666666,9.452777777777778,-13.983333333333334,16.87864386812994,shale,0.0,0.0,none
1893.5,1892.335,1887.635,11.399999999999999,9.584999999999999,-14.129999999999999,17.074223994079496,shale,0.0,0.0,none
1894.5,1893.3153703703704,1888.6153703703703,11.453333333333333,9.717222222222222,-14.276666666666667,17.269847099125126,shale,0.0,0.0,none
1895.5,1894.2957407407407,1889.5957407407407,11.506666666666666,9.849444444444444,-14.423333333333334,17.46551173910006,shale,0.0,0.0,none
1896.5,1895.276111111111,1890.576111111111,11.559999999999999,9.981666666666666,-14.57,17.661216533535974,shale,0.0,0.0,none
1897.5,1896.2564814814814,1891.5564814814813,11.613333333333333,10.113888888888889,-14.716666666666667,17.85696016220476,shale,0.0,0.0,none
1898.5,1897.2368518518517,1892.536851851852,11.666666666666666,10.24611111111111,-14.863333333333333,18.052741361882198,shale,0.0,0.0,none
1899.5,1898.217222222222,1893.5172222222222,11.719999999999999,10.378333333333334,-15.01,18.248558923317145,shale,0.0,0.0,none
1900.5,1899.1975925925926,1894.4975925925926,11.773333333333333,10.510555555555555,-15.156666666666666,18.444411688391263,shale,0.0,0.0,none
1901.5,1900.177962962963,1895.477962962963,11.826666666666666,10.642777777777777,-15.303333333333333,18.640298547455497,shale,0.0,0.0,none
1902.5,1901.1583333333333,1896.4583333333333,11.879999999999999,10.774999999999999,-15.45,18.836218436830677,shale,0.0,0.0,none
1903.5,1902.1387037037036,1897.4387037037036,11.933333333333334,10.907222222222222,-15.596666666666666,19.032170336460563,shale,0.0,0.0,none
1904.5,1903.119074074074,1898.419074074074,11.986666666666666,11.039444444444444,-15.743333333333332,19.228153267706695,shale,0.0,0.0,none
1905.5,1904.0994444444443,1899.3994444444443,12.04,11.171666666666667,-15.89,19.424166291275185,shale,0.0,0.0,none
1906.5,1905.0798148148147,1900.3798148148146,12.093333333333332,11.303888888888888,-16.036666666666665,19.620208505266284,shale,0.0,0.0,none
1907.5,1906.0567857142858,1901.3567857142857,12.157678571428571,11.44625,-16.194642857142856,19.83136647669313,shale,0.0,0.0,none
1908.5,1907.0303571428572,1902.330357142857,12.233035714285714,11.598749999999999,-16.36392857142857,20.057645920030502,shale,0.0,0.0,none
1909.5,1908.0039285714286,1903.3039285714285,12.308392857142856,11.751249999999999,-16.533214285714287,20.28396044119212,shale,0.0,0.0,none
1910.5,1908.9775,1904.2775,12.38375,11.903749999999999,-16.7025,20.510308879012523,shale,0.0,0.0,none
1911.5,1909.9510714285714,1905.2510714285713,12.459107142857142,12.056249999999999,-16.871785714285714,20.736690122854117,shale,0.0,0.0,none
1912.5,1910.9246428571428,1906.2246428571427,12.534464285714286,12.20875,-17.041071428571428,20.963103109897006,shale,0.0,0.0,none
1913.5,1911.8982142857142,1907.1982142857141,12.609821428571427,12.36125,-17.21035714285714,21.18954682260085,shale,0.0,0.0,none
1914.5,1912.8717857142856,1908.1717857142858,12.68517857142857,12.51375,-17.37964285714286,21.416020286326233,shale,0.0,0.0,none
1915.5,1913.845357142857,1909.1453571428572,12.760535714285714,12.66625,-17.548928571428572,21.64252256710391,shale,0.0,0.0,none
1916.5,1914.8189285714286,1910.1189285714286,12.835892857142857,12.81875,-17.718214285714286,21.86905276954148,shale,0.0,0.0,none
1917.5,1915.7925,1911.0925,12.911249999999999,12.97125,-17.8875,22.095610034857604,shale,0.0,0.0,none
1918.5,1916.7660714285714,1912.0660714285714,12.986607142857142,13.12375,-18.056785714285713,22.322193539034927,shale,0.0,0.0,none
1919.5,1917.7396428571428,1913.0396428571428,13.061964285714286,13.27625,-18.22607142857143,22.548802491083375,shale,0.0,0.0,none
1920.5,1918.7132142857142,1914.0132142857142,13.137321428571429,13.42875,-18.395357142857144,22.775436131406252,shale,0.0,0.0,none
1921.5,1919.6867857142856,1914.9867857142858,13.21267857142857,13.58125,-18.564642857142857,23.00209373026215,shale,0.0,0.0,none
1922.5,1920.660357142857,1915.9603571428572,13.288035714285714,13.73375,-18.73392857142857,23.228774586316167,shale,0.0,0.0,none
1923.5,1921.6339285714284,1916.9339285714286,13.363392857142857,13.88625,-18.903214285714284,23.45547802527445,shale,0.0,0.0,none
1924.5,1922.6074999999998,1917.9075,13.43875,14.03875,-19.0725,23.682203398596595,shale,0.0,0.0,none
1925.5,1923.5810714285712,1918.8810714285714,13.514107142857142,14.19125,-19.241785714285715,23.90895008228069,shale,0.0,0.0,none
1926.5,1924.5546428571429,1919.8546428571428,13.589464285714286,14.34375,-19.41107142857143,24.1357174757164,shale,0.0,0.0,none
1927.5,1925.5282142857143,1920.8282142857142,13.664821428571429,14.49625,-19.580357142857142,24.362505000601573,shale,0.0,0.0,none
1928.5,1926.5017857142857,1921.8017857142859,13.740178571428572,14.64875,-19.74964285714286,24.58931209991841,shale,0.0,0.0,none
1929.5,1927.475357142857,1922.7753571428573,13.815535714285714,14.80125,-19.918928571428573,24.816138236965347,shale,0.0,0.0,none
1930.5,1928.4489285714285,1923.7489285714287,13.890892857142857,14.95375,-20.088214285714287,25.04298289444122,shale,0.0,0.0,none
1931.5,1929.4225,1924.7225,13.96625,15.106250000000001,-20.2575,25.269845573578404,shale,0.0,0.0,none
1932.5,1930.3960714285713,1925.6960714285715,14.041607142857144,15.258750000000001,-20.426785714285714,25.496725793321914,shale,0.0,0.0,none
1933.5,1931.3696428571427,1926.669642857143,14.116964285714285,15.41125,-20.596071428571427,25.72362308955168,shale,0.0,0.0,none
1934.5,1932.343214285714,1927.6432142857143,14.192321428571429,15.56375,-20.765357142857145,25.950537014345354,shale,0.0,0.0,none
1935.5,1933.3118518518518,1928.611851851852,14.276481481481483,15.733333333333334,-20.945370370370373,26.196303512705125,shale,0.0,0.0,none
1936.5,1934.2755555555555,1929.5755555555556,14.369444444444445,15.92,-21.136111111111113,26.460944671368683,shale,0.0,0.0,none
1937.5,1935.2392592592591,1930.5392592592593,14.462407407407408,16.106666666666666,-21.326851851851853,26.725630413929395,shale,0.0,0.0,none
1938.5,1936.2029629629628,1931.502962962963,14.55537037037037,16.293333333333333,-21.517592592592592,26.990359428727633,shale,0.0,0.0,none
1939.5,1937.1666666666665,1932.4666666666667,14.648333333333333,16.48,-21.708333333333336,27.255130454854022,shale,0.0,0.0,none
1940.5,1938.1303703703702,1933.4303703703704,14.741296296296296,16.666666666666668,-21.899074074074075,27.519942279728006,shale,0.0,0.0,none
1941.5,1939.094074074074,1934.394074074074,14.834259259259259,16.853333333333335,-22.089814814814815,27.784793736813246,shale,0.0,0.0,none
1942.5,1940.0577777777778,1935.357777777778,14.927222222222222,17.04,-22.280555555555555,28.049683703460854,shale,0.0,0.0,none
1943.5,1941.0214814814815,1936.3214814814817,15.020185185185184,17.226666666666667,-22.4712962962963,28.31461109887233,shale,0.0,0.0,none
1944.5,1941.9851851851852,1937.2851851851854,15.113148148148149,17.413333333333334,-22.662037037037038,28.57957488217444,shale,0.0,0.0,none
1945.5,1942.9488888888889,1938.248888888889,15.206111111111111,17.6,-22.852777777777778,28.844574050599082,shale,0.0,0.0,none
1946.5,1943.9125925925925,1939.2125925925927,15.299074074074074,17.78666666666667,-23.043518518518518,29.109607637761403,shale,0.0,0.0,none
1947.5,1944.8762962962962,1940.1762962962964,15.392037037037037,17.973333333333333,-23.23425925925926,29.37467471203019,shale,0.0,0.0,none
1948.5,1945.84,1941.14,15.485,18.16,-23.425,29.639774374984707,shale,0.0,0.0,none
1949.5,1946.8037037037036,1942.1037037037038,15.577962962962962,18.346666666666668,-23.61574074074074,29.90490575995283,shale,0.0,0.0,none
1950.5,1947.7674074074073,1943.0674074074075,15.670925925925925,18.533333333333335,-23.806481481481484,30.17006803062541,shale,0.0,0.0,none
1951.5,1948.731111111111,1944.0311111111112,15.763888888888888,18.72,-23.997222222222224,30.435260379742378,shale,0.0,0.0,none
1952.5,1949.6948148148147,1944.9948148148148,15.85685185185185,18.906666666666666,-24.187962962962963,30.70048202784628,shale,0.0,0.0,none
1953.5,1950.6585185185183,1945.9585185185185,15.949814814814815,19.093333333333334,-24.378703703703703,30.965732222099227,shale,0.0,0.0,none
1954.5,1951.622222222222,1946.9222222222222,16.042777777777776,19.28,-24.569444444444443,31.231010235159573,shale,0.0,0.0,none
1955.5,1952.585925925926,1947.8859259259261,16.13574074074074,19.46666666666667,-24.760185185185186,31.496315364114817,shale,0.0,0.0,none
1956.5,1953.5496296296296,1948.8496296296298,16.2287037037037,19.653333333333332,-24.950925925925926,31.76164692946752,shale,0.0,0.0,none
1957.5,1954.5133333333333,1949.8133333333335,16.321666666666665,19.84,-25.141666666666666,32.02700427417116,shale,0.0,0.0,none
1958.5,1955.477037037037,1950.7770370370372,16.41462962962963,20.026666666666667,-25.33240740740741,32.292386762713086,shale,0.0,0.0,none
1959.5,1956.4407407407407,1951.7407407407409,16.50759259259259,20.213333333333335,-25.52314814814815,32.55779378024197,shale,0.0,0.0,none
1960.5,1957.4044444444444,1952.7044444444446,16.600555555555555,20.4,-25.71388888888889,32.823224731737184,shale,0.0,0.0,none
1961.5,1958.368148148148,1953.6681481481482,16.693518518518516,20.586666666666666,-25.90462962962963,33.08867904121785,shale,0.0,0.0,none
1962.5,1959.3193636363635,1954.6193636363637,16.800363636363635,20.805,-26.117272727272727,33.39101615271305,shale,0.0,0.0,none
1963.5,1960.258090909091,1955.558090909091,16.921090909090907,21.055,-26.35181818181818,33.73027344222995,shale,0.0,0.0,none
1964.5,1961.1968181818181,1956.4968181818183,17.04181818181818,21.305,-26.586363636363636,34.06960164728902,shale,0.0,0.0,none
1965.5,1962.1355454545453,1957.4355454545455,17.16254545454545,21.555,-26.82090909090909,34.40899866986556,shale,0.0,0.0,none
1966.5,1963.0742727272727,1958.374272727273,17.283272727272724,21.805,-27.055454545454545,34.748462493485334,shale,0.0,0.0,none
1967.5,1964.013,1959.313,17.404,22.055,-27.29,35.08799117931946,shale,0.0,0.0,none
1968.5,1964.951727272727,1960.2517272727273,17.524727272727272,22.305,-27.524545454545454,35.42758286250049,shale,0.0,0.0,none
1969.5,1965.8904545454545,1961.1904545454547,17.645454545454545,22.555,-27.759090909090908,35.76723574864534,shale,0.0,0.0,none
1970.5,1966.8291818181817,1962.129181818182,17.766181818181817,22.805,-27.993636363636362,36.106948110571516,shale,0.0,0.0,none
1971.5,1967.767909090909,1963.067909090909,17.88690909090909,23.055,-28.228181818181817,36.44671828519449,shale,0.0,0.0,none
1972.5,1968.7066363636363,1964.0066363636365,18.00763636363636,23.305,-28.46272727272727,36.78654467059461,shale,0.0,0.0,none
1973.5,1969.6453636363635,1964.9453636363637,18.128363636363634,23.555,-28.697272727272725,37.12642572324288,shale,0.0,0.0,none
1974.5,1970.584090909091,1965.884090909091,18.249090909090906,23.805,-28.93181818181818,37.46635995537577,shale,0.0,0.0,none
1975.5,1971.5228181818181,1966.8228181818183,18.369818181818182,24.055,-29.166363636363634,37.80634593250973,shale,0.0,0.0,none
1976.5,1972.4615454545453,1967.7615454545455,18.490545454545455,24.305,-29.400909090909092,38.146382271087006,shale,0.0,0.0,none
1977.5,1973.4002727272727,1968.7002727272727,18.611272727272727,24.555,-29.635454545454547,38.48646763624459,shale,0.0,0.0,none
1978.5,1974.339,1969.6390000000001,18.732,24.805,-29.87,38.82660073969907,shale,0.0,0.0,none
1979.5,1975.2777272727271,1970.5777272727273,18.85272727272727,25.055,-30.104545454545455,39.166780337740214,shale,0.0,0.0,none
1980.5,1976.2164545454546,1971.5164545454545,18.973454545454544,25.305,-30.33909090909091,39.50700522932715,shale,0.0,0.0,none
1981.5,1977.1551818181817,1972.455181818182,19.094181818181816,25.555,-30.573636363636364,39.84727425428078,shale,0.0,0.0,none
1982.5,1978.093909090909,1973.3939090909091,19.21490909090909,25.805,-30.80818181818182,40.18758629156706,shale,0.0,0.0,none
1983.5,1979.0326363636364,1974.3326363636363,19.33563636363636,26.055,-31.042727272727273,40.52794025766577,shale,0.0,0.0,none
1984.5,1979.9713636363635,1975.2713636363637,19.456363636363633,26.305,-31.277272727272727,40.86833510501986,shale,0.0,0.0,none
1985.5,1980.910090909091,1976.210090909091,19.57709090909091,26.555,-31.51181818181818,41.20876982056085,shale,0.0,0.0,none
1986.5,1981.8488181818182,1977.1488181818181,19.69781818181818,26.805,-31.746363636363636,41.54924342430595,shale,0.0,0.0,none
1987.5,1982.7875454545454,1978.0875454545455,19.818545454545454,27.055,-31.98090909090909,41.88975496802281,shale,0.0,0.0,none
1988.5,1983.7262727272728,1979.0262727272727,19.939272727272726,27.305,-32.21545454545455,42.23030353395827,shale,0.0,0.0,none
1989.5,1984.665,1979.9650000000001,20.06,27.555,-32.45,42.57088823362745,shale,0.0,0.0,none
1990.5,1985.6037272727272,1980.9037272727273,20.18072727272727,27.805,-32.68454545454546,42.911508206659995,shale,0.0,0.0,none
1991.5,1986.5424545454546,1981.8424545454545,20.301454545454543,28.055,-32.91909090909091,43.25216261970021,shale,0.0,0.0,none
1992.5,1987.4811818181818,1982.781181818182,20.422181818181816,28.305,-33.153636363636366,43.59285066535832,shale,0.0,0.0,none
1993.5,1988.419909090909,1983.7199090909091,20.54290909090909,28.555,-33.38818181818182,43.93357156121008,shale,0.0,0.0,none
1994.5,1989.3586363636364,1984.6586363636363,20.663636363636364,28.805,-33.622727272727275,44.27432454884206,shale,0.0,0.0,none
1995.5,1990.2973636363636,1985.5973636363638,20.784363636363636,29.055,-33.85727272727273,44.615108892940356,shale,0.0,0.0,none
1996.5,1991.236090909091,1986.536090909091,20.90509090909091,29.305,-34.091818181818184,44.95592388042035,shale,0.0,0.0,none
1997.5,1992.1748181818182,1987.4748181818181,21.02581818181818,29.555,-34.32636363636364,45.29676881959538,shale,0.0,0.0,none
1998.5,1993.1135454545454,1988.4135454545456,21.146545454545453,29.805,-34.56090909090909,45.63764303938233,shale,0.0,0.0,none
1999.5,1994.0522727272728,1989.3522727272727,21.267272727272726,30.055,-34.79545454545455,45.978545888542335,shale,0.0,0.0,none
2000.5,1994.991,1990.291,21.387999999999998,30.305,-35.03,46.3194767349546,shale,0.0,0.0,none
2001.5,1995.9297272727272,1991.2297272727274,21.50872727272727,30.555,-35.264545454545456,46.66043496492186,shale,0.0,0.0,none
2002.5,1996.8684545454546,1992.1684545454546,21.629454545454543,30.805,-35.49909090909091,47.00141998250586,shale,0.0,0.0,none
2003.5,1997.8071818181818,1993.1071818181817,21.750181818181815,31.055,-35.733636363636364,47.3424312088912,shale,0.0,0.0,none
2004.5,1998.745909090909,1994.0459090909092,21.87090909090909,31.305,-35.96818181818182,47.68346808177636,shale,0.0,0.0,none
2005.5,1999.6846363636364,1994.9846363636364,21.991636363636363,31.555,-36.20272727272727,48.024530054790446,shale,0.0,0.0,none
2006.5,2000.6233636363636,1995.9233636363635,22.112363636363636,31.805,-36.43727272727273,48.365616596934366,shale,0.0,0.0,none
2007.5,2001.562090909091,1996.862090909091,22.233090909090908,32.055,-36.67181818181818,48.706727192045356,shale,0.0,0.0,none
2008.5,2002.5008181818182,1997.8008181818182,22.35381818181818,32.305,-36.906363636363636,49.047861338283695,shale,0.0,0.0,none
2009.5,2003.4395454545454,1998.7395454545454,22.474545454545453,32.555,-37.14090909090909,49.38901854764046,shale,0.0,0.0,none
2010.5,2004.3782727272728,1999.6782727272728,22.595272727272725,32.805,-37.375454545454545,49.730198345465496,shale,0.0,0.0,none
2011.5,2005.317,2000.617,22.716,33.055,-37.61,50.071400270014415,shale,0.0,0.0,none
2012.5,2006.2557272727272,2001.5557272727272,22.836727272727273,33.305,-37.844545454545454,50.41262387201401,shale,0.0,0.0,none
2013.5,2007.1944545454546,2002.4944545454546,22.957454545454546,33.555,-38.07909090909091,50.75386871424492,shale,0.0,0.0,none
2014.5,2008.1331818181818,2003.4331818181818,23.078181818181818,33.805,-38.31363636363636,51.09513437114104,shale,0.0,0.0,none
2015.5,2009.071909090909,2004.371909090909,23.19890909090909,34.055,-38.54818181818182,51.43642042840465,shale,0.0,0.0,none
2016.5,2010.0106363636364,2005.3106363636364,23.319636363636363,34.305,-38.78272727272727,51.77772648263676,shale,0.0,0.0,none
2017.5,2010.9333333333334,2006.2333333333333,23.438333333333333,34.587407407407404,-39.04018518518518,52.157691766982296,shale,0.0,0.0,none
2018.5,2011.84,2007.1399999999999,23.555,34.90222222222222,-39.32055555555556,52.576336932568,shale,0.0,0.0,none
2019.5,2012.7466666666667,2008.0466666666666,23.671666666666667,35.21703703703704,-39.60092592592592,52.99502836926036,shale,0.0,0.0,none
2020.5,2013.6533333333334,2008.9533333333334,23.788333333333334,35.531851851851854,-39.8812962962963,53.41376498895135,shale,0.0,0.0,none
2021.5,2014.56,2009.86,23.905,35.846666666666664,-40.16166666666666,53.83254573727268,shale,0.0,0.0,none
2022.5,2015.4666666666667,2010.7666666666667,24.021666666666665,36.16148148148148,-40.44203703703704,54.251369592302495,shale,0.0,0.0,none
2023.5,2016.3733333333334,2011.6733333333334,24.138333333333332,36.4762962962963,-40.7224074074074,54.67023556333069,shale,0.0,0.0,none
2024.5,2017.28,2012.58,24.255,36.791111111111114,-41.00277777777778,55.08914268968025,shale,0.0,0.0,none
2025.5,2018.1866666666667,2013.4866666666667,24.371666666666666,37.10592592592592,-41.28314814814814,55.50809003958116,shale,0.0,0.0,none
2026.5,2019.0933333333332,2014.3933333333332,24.488333333333333,37.42074074074074,-41.56351851851852,55.92707670909473,shale,0.0,0.0,none
2027.5,2020.0,2015.3,24.605,37.73555555555556,-41.843888888888884,56.34610182108518,shale,0.0,0.0,none
2028.5,2020.9066666666668,2016.2066666666667,24.721666666666668,38.05037037037037,-42.12425925925926,56.765164524236596,shale,0.0,0.0,none
2029.5,2021.8133333333333,2017.1133333333332,24.838333333333335,38.36518518518518,-42.404629629629625,57.18426399211251,shale,0.0,0.0,none
2030.5,2022.72,2018.02,24.955,38.68,-42.685,57.603399422256324,shale,0.0,0.0,none
2031.5,2023.6266666666668,2018.9266666666667,25.071666666666665,38.994814814814816,-42.965370370370366,58.022570035330226,shale,0.0,0.0,none
2032.5,2024.5333333333333,2019.8333333333333,25.188333333333333,39.309629629629626,-43.24574074074074,58.44177507429099,shale,0.0,0.0,none
2033.5,2025.44,2020.74,25.305,39.62444444444444,-43.526111111111106,58.86101380360054,shale,0.0,0.0,none
2034.5,2026.3466666666668,2021.6466666666668,25.421666666666667,39.93925925925926,-43.806481481481484,59.2802855084699,shale,0.0,0.0,none
2035.5,2027.2533333333333,2022.5533333333333,25.538333333333334,40.254074074074076,-44.08685185185185,59.69958949413451,shale,0.0,0.0,none
2036.5,2028.16,2023.46,25.655,40.56888888888889,-44.367222222222225,60.11892508515985,shale,0.0,0.0,none
2037.5,2029.0666666666666,2024.3666666666666,25.77166666666667,40.8837037037037,-44.64759259259259,60.53829162477551,shale,0.0,0.0,none
2038.5,2029.9733333333334,2025.2733333333333,25.888333333333335,41.19851851851852,-44.927962962962965,60.95768847423666,shale,0.0,0.0,none
2039.5,2030.88,2026.18,26.005000000000003,41.513333333333335,-45.20833333333333,61.37711501221137,shale,0.0,0.0,none
2040.5,2031.7866666666666,2027.0866666666666,26.121666666666666,41.828148148148145,-45.488703703703706,61.79657063419277,shale,0.0,0.0,none
2041.5,2032.6933333333334,2027.9933333333333,26.238333333333333,42.14296296296296,-45.76907407407407,62.216054751934784,shale,0.0,0.0,none
2042.5,2033.6000000000001,2028.9,26.355,42.45777777777778,-46.04944444444445,62.63556679291037,shale,0.0,0.0,none
2043.5,2034.5066666666667,2029.8066666666666,26.471666666666668,42.772592592592595,-46.32981481481481,63.055106199791155,shale,0.0,0.0,none
2044.5,2035.3989285714285,2030.6989285714285,26.603214285714287,43.10875,-46.62892857142857,63.50292360420808,shale,0.0,0.0,none
2045.5,2036.2767857142858,2031.5767857142857,26.74964285714286,43.46625,-46.94678571428571,63.97902451558293,shale,0.0,0.0,none
2046.5,2037.1546428571428,2032.454642857143,26.896071428571428,43.82375,-47.26464285714285,64.4551590524433,shale,0.0,0.0,none
2047.5,2038.0325,2033.3325,27.0425,44.18125,-47.582499999999996,64.93132647507288,shale,0.0,0.0,none
2048.5,2038.9103571428573,2034.2103571428572,27.188928571428573,44.53875,-47.90035714285714,65.40752606524546,shale,0.0,0.0,none
2049.5,2039.7882142857143,2035.0882142857142,27.335357142857145,44.89625,-48.21821428571428,65.8837571254521,shale,0.0,0.0,none
2050.5,2040.6660714285715,2035.9660714285715,27.481785714285714,45.25375,-48.536071428571425,66.360018978161,shale,0.0,0.0,none
2051.5,2041.5439285714285,2036.8439285714287,27.628214285714286,45.61125,-48.85392857142857,66.83631096510896,shale,0.0,0.0,none
2052.5,2042.4217857142858,2037.7217857142857,27.774642857142858,45.96875,-49.17178571428571,67.31263244662277,shale,0.0,0.0,none
2053.5,2043.2996428571428,2038.599642857143,27.92107142857143,46.32625,-49.489642857142854,67.78898280096885,shale,0.0,0.0,none
2054.5,2044.1775,2039.4775,28.0675,46.683749999999996,-49.8075,68.26536142373011,shale,0.0,0.0,none
2055.5,2045.0553571428572,2040.3553571428572,28.21392857142857,47.04125,-50.12535714285714,68.74176772720847,shale,0.0,0.0,none
2056.5,2045.9332142857143,2041.2332142857144,28.360357142857143,47.39875,-50.443214285714284,69.21820113985186,shale,0.0,0.0,none
2057.5,2046.8110714285715,2042.1110714285714,28.506785714285716,47.75625,-50.76107142857143,69.69466110570472,shale,0.0,0.0,none
2058.5,2047.6889285714285,2042.9889285714287,28.653214285714284,48.113749999999996,-51.07892857142857,70.17114708388057,shale,0.0,0.0,none
2059.5,2048.5667857142857,2043.8667857142857,28.799642857142857,48.47125,-51.39678571428571,70.64765854805596,shale,0.0,0.0,none
2060.5,2049.4446428571428,2044.744642857143,28.94607142857143,48.82875,-51.714642857142856,71.12419498598446,shale,0.0,0.0,none
2061.5,2050.3225,2045.6225000000002,29.0925,49.18625,-52.0325,71.60075589903015,shale,0.0,0.0,none
2062.5,2051.2003571428572,2046.5003571428572,29.23892857142857,49.543749999999996,-52.35035714285714,72.07734080171933,shale,0.0,0.0,none
2063.5,2052.0782142857142,2047.3782142857144,29.385357142857142,49.90125,-52.668214285714285,72.55394922130992,shale,0.0,0.0,none
2064.5,2052.9560714285712,2048.2560714285714,29.531785714285714,50.25875,-52.98607142857143,73.03058069737754,shale,0.0,0.0,none
2065.5,2053.8339285714287,2049.133928571429,29.678214285714287,50.61625,-53.30392857142857,73.50723478141767,shale,0.0,0.0,none
2066.5,2054.7117857142857,2050.011785714286,29.824642857142855,50.973749999999995,-53.621785714285714,73.98391103646303,shale,0.0,0.0,none
2067.5,2055.5896428571427,2050.889642857143,29.971071428571427,51.33125,-53.93964285714286,74.46060903671567,shale,0.0,0.0,none
2068.5,2056.4674999999997,2051.7675,30.1175,51.68875,-54.25749999999999,74.93732836719293,shale,0.0,0.0,none
2069.5,2057.345357142857,2052.6453571428574,30.263928571428572,52.04625,-54.57535714285714,75.4140686233869,shale,0.0,0.0,none
2070.5,2058.223214285714,2053.5232142857144,30.41035714285714,52.40375,-54.89321428571428,75.89082941093638,shale,0.0,0.0,none
2071.5,2059.1010714285712,2054.4010714285714,30.556785714285713,52.76125,-55.21107142857143,76.36761034531142,shale,0.0,0.0,none
2072.5,2059.9547222222222,2055.2547222222224,30.690833333333334,53.147129629629625,-55.556666666666665,76.88407246614715,shale,0.0,0.0,none
2073.5,2060.784166666667,2056.084166666667,30.8125,53.561388888888885,-55.93,77.44021745647923,shale,0.0,0.0,none
2074.5,2061.613611111111,2056.913611111111,30.934166666666666,53.975648148148146,-56.30333333333333,77.99638413065783,shale,0.0,0.0,none
2075.5,2062.4430555555555,2057.7430555555557,31.055833333333332,54.38990740740741,-56.67666666666666,78.55257202810608,shale,0.0,0.0,none
2076.5,2063.2725,2058.5725,31.1775,54.80416666666667,-57.05,79.10878070118245,shale,0.0,0.0,none
2077.5,2064.1019444444446,2059.401944444445,31.299166666666665,55.21842592592593,-57.42333333333333,79.66500971473035,shale,0.0,0.0,none
2078.5,2064.9313888888887,2060.231388888889,31.420833333333334,55.63268518518518,-57.79666666666667,80.22125864564642,shale,0.0,0.0,none
2079.5,2065.7608333333333,2061.0608333333334,31.5425,56.04694444444444,-58.17,80.7775270824667,shale,0.0,0.0,none
2080.5,2066.590277777778,2061.890277777778,31.664166666666667,56.4612037037037,-58.54333333333333,81.33381462496949,shale,0.0,0.0,none
2081.5,2067.4197222222224,2062.7197222222226,31.785833333333333,56.87546296296296,-58.916666666666664,81.89012088379454,shale,0.0,0.0,none
2082.5,2068.2491666666665,2063.5491666666667,31.9075,57.289722222222224,-59.29,82.44644548007744,shale,0.0,0.0,none
2083.5,2069.078611111111,2064.3786111111112,32.02916666666667,57.70398148148148,-59.663333333333334,83.00278804509884,shale,0.0,0.0,none
2084.5,2069.9080555555556,2065.208055555556,32.15083333333333,58.11824074074074,-60.03666666666666,83.5591482199474,shale,0.0,0.0,none
2085.5,2070.7375,2066.0375000000004,32.2725,58.5325,-60.41,84.11552565519638,shale,0.0,0.0,none
2086.5,2071.5669444444443,2066.8669444444445,32.39416666666666,58.94675925925926,-60.78333333333333,84.67192001059252,shale,0.0,0.0,none
2087.5,2072.396388888889,2067.696388888889,32.51583333333333,59.36101851851852,-61.156666666666666,85.22833095475751,shale,0.0,0.0,none
2088.5,2073.2258333333334,2068.5258333333336,32.6375,59.775277777777774,-61.53,85.78475816490068,shale,0.0,0.0,none
2089.5,2074.0552777777775,2069.3552777777777,32.759166666666665,60.189537037037034,-61.903333333333336,86.341201326543,shale,0.0,0.0,none
2090.5,2074.884722222222,2070.1847222222223,32.880833333333335,60.603796296296295,-62.276666666666664,86.8976601332515,shale,0.0,0.0,none
2091.5,2075.7141666666666,2071.014166666667,33.0025,61.018055555555556,-62.65,87.45413428638388,shale,0.0,0.0,none
2092.5,2076.543611111111,2071.8436111111114,33.12416666666667,61.432314814814816,-63.02333333333333,88.01062349484272,shale,0.0,0.0,none
2093.5,2077.3730555555553,2072.6730555555555,33.24583333333334,61.84657407407407,-63.39666666666667,88.56712747483897,shale,0.0,0.0,none
2094.5,2078.2025,2073.5025,33.3675,62.26083333333333,-63.769999999999996,89.12364594966428,shale,0.0,0.0,none
2095.5,2079.0319444444444,2074.3319444444446,33.48916666666667,62.67509259259259,-64.14333333333333,89.68017864947173,shale,0.0,0.0,none
2096.5,2079.861388888889,2075.161388888889,33.61083333333333,63.08935185185185,-64.51666666666667,90.23672531106467,shale,0.0,0.0,none
2097.5,2080.690833333333,2075.9908333333333,33.7325,63.50361111111111,-64.89,90.79328567769335,shale,0.0,0.0,none
2098.5,2081.5202777777777,2076.820277777778,33.85416666666667,63.917870370370366,-65.26333333333334,91.34985949885882,shale,0.0,0.0,none
2099.5,2082.349722222222,2077.6497222222224,33.975833333333334,64.33212962962963,-65.63666666666667,91.90644653012423,shale,0.0,0.0,none
2100.5,2083.179166666667,2078.479166666667,34.097500000000004,64.74638888888889,-66.01,92.46304653293247,shale,0.0,0.0,none
2101.5,2084.008611111111,2079.308611111111,34.219166666666666,65.16064814814814,-66.38333333333333,93.01965927443082,shale,0.0,0.0,none
2102.5,2084.8380555555555,2080.1380555555556,34.340833333333336,65.57490740740741,-66.75666666666666,93.57628452730157,shale,0.0,0.0,none
2103.5,2085.6675,2080.9675,34.4625,65.98916666666666,-67.13,94.13292206959854,shale,0.0,0.0,none
2104.5,2086.4969444444446,2081.7969444444448,34.58416666666667,66.40342592592593,-67.50333333333333,94.68957168458965,shale,0.0,0.0,none
2105.5,2087.3263888888887,2082.626388888889,34.70583333333334,66.81768518518518,-67.87666666666667,95.2462331606048,shale,0.0,0.0,none
2106.5,2088.1558333333332,2083.4558333333334,34.8275,67.23194444444445,-68.25,95.80290629088903,shale,0.0,0.0,none
2107.5,2088.985277777778,2084.285277777778,34.94916666666667,67.6462037037037,-68.62333333333333,96.35959087346083,shale,0.0,0.0,none
2108.5,2089.8147222222224,2085.1147222222226,35.07083333333333,68.06046296296296,-68.99666666666667,96.91628671097529,shale,0.0,0.0,none
2109.5,2090.6441666666665,2085.9441666666667,35.1925,68.47472222222223,-69.37,97.47299361059193,shale,0.0,0.0,none
2110.5,2091.473611111111,2086.773611111111,35.314166666666665,68.88898148148148,-69.74333333333334,98.029711383847,shale,0.0,0.0,none
2111.5,2092.3030555555556,2087.603055555556,35.435833333333335,69.30324074074073,-70.11666666666667,98.58643984653017,shale,0.0,0.0,none
2112.5,2093.1324999999997,2088.4325,35.557500000000005,69.7175,-70.49,99.14317881856522,shale,0.0,0.0,none
2113.5,2093.9619444444443,2089.2619444444445,35.67916666666667,70.13175925925925,-70.86333333333333,99.69992812389489,shale,0.0,0.0,none
2114.5,2094.791388888889,2090.091388888889,35.80083333333334,70.54601851851852,-71.23666666666666,100.25668759036942,shale,0.0,0.0,none
2115.5,2095.6208333333334,2090.9208333333336,35.9225,70.96027777777778,-71.61,100.81345704963887,shale,0.0,0.0,none
2116.5,2096.4502777777775,2091.7502777777777,36.04416666666667,71.37453703703704,-71.98333333333333,101.37023633704891,shale,0.0,0.0,none
2117.5,2097.279722222222,2092.5797222222222,36.16583333333334,71.7887962962963,-72.35666666666667,101.92702529154,shale,0.0,0.0,none
2118.5,2098.1091666666666,2093.409166666667,36.2875,72.20305555555555,-72.73,102.48382375555003,shale,0.0,0.0,none
2119.5,2098.938611111111,2094.2386111111114,36.40916666666667,72.61731481481482,-73.10333333333334,103.04063157491984,shale,0.0,0.0,none
2120.5,2099.7680555555553,2095.0680555555555,36.530833333333334,73.03157407407407,-73.47666666666666,103.59744859880195,shale,0.0,0.0,none
2121.5,2100.5975,2095.8975,36.6525,73.44583333333333,-73.85,104.15427467957221,shale,0.0,0.0,none
2122.5,2101.4269444444444,2096.7269444444446,36.77416666666667,73.8600925925926,-74.22333333333333,104.71110967274419,shale,0.0,0.0,none
2123.5,2102.256388888889,2097.556388888889,36.895833333333336,74.27435185185186,-74.59666666666666,105.26795343688633,shale,0.0,0.0,none
2124.5,2103.085833333333,2098.3858333333333,37.017500000000005,74.68861111111111,-74.97,105.82480583354165,shale,0.0,0.0,none
2125.5,2103.9152777777776,2099.215277777778,37.13916666666667,75.10287037037037,-75.34333333333333,106.38166672715009,shale,0.0,0.0,none
2126.5,2104.710181818182,2100.010181818182,37.25936363636364,75.55027272727273,-75.74781818181819,106.9839972541271,shale,0.0,0.0,none
2127.5,2105.4705454545456,2100.7705454545458,37.378090909090915,76.03081818181819,-76.18345454545455,107.6317985535689,shale,0.0,0.0,none
2128.5,2106.230909090909,2101.530909090909,37.496818181818185,76.51136363636364,-76.61909090909091,108.27960960971095,shale,0.0,0.0,none
2129.5,2106.9912727272726,2102.291272727273,37.615545454545455,76.99190909090909,-77.05472727272728,108.92743024847869,shale,0.0,0.0,none
2130.5,2107.7516363636364,2103.0516363636366,37.73427272727273,77.47245454545455,-77.49036363636364,109.57526029991163,shale,0.0,0.0,none
2131.5,2108.5119999999997,2103.812,37.853,77.953,-77.926,110.22309959804252,shale,0.0,0.0,none
2132.5,2109.2723636363635,2104.5723636363637,37.97172727272727,78.43354545454545,-78.36163636363636,110.8709479807809,shale,0.0,0.0,none
2133.5,2110.0327272727272,2105.3327272727274,38.09045454545455,78.91409090909092,-78.79727272727273,111.51880528980062,shale,0.0,0.0,none
2134.5,2110.793090909091,2106.093090909091,38.20918181818182,79.39463636363637,-79.23290909090909,112.16667137043122,shale,0.0,0.0,none
2135.5,2111.5534545454543,2106.8534545454545,38.327909090909095,79.87518181818182,-79.66854545454545,112.81454607155311,shale,0.0,0.0,none
2136.5,2112.313818181818,2107.6138181818183,38.446636363636365,80.35572727272728,-80.10418181818181,113.46242924549631,shale,0.0,0.0,none
2137.5,2113.074181818182,2108.374181818182,38.565363636363635,80.83627272727273,-80.53981818181818,114.11032074794264,shale,0.0,0.0,none
2138.5,2113.8345454545456,2109.1345454545453,38.68409090909091,81.31681818181818,-80.97545454545454,114.75822043783116,shale,0.0,0.0,none
2139.5,2114.594909090909,2109.894909090909,38.80281818181818,81.79736363636364,-81.41109090909092,115.40612817726696,shale,0.0,0.0,none
2140.5,2115.3552727272727,2110.655272727273,38.92154545454546,82.27790909090909,-81.84672727272728,116.0540438314327,shale,0.0,0.0,none
2141.5,2116.1156363636364,2111.415636363636,39.04027272727273,82.75845454545454,-82.28236363636364,116.70196726850342,shale,0.0,0.0,none
2142.5,2116.876,2112.176,39.159,83.239,-82.718,117.349898359564,shale,0.0,0.0,none
2143.5,2117.6363636363635,2112.9363636363637,39.277727272727276,83.71954545454545,-83.15363636363637,117.99783697852928,shale,0.0,0.0,none
2144.5,2118.3967272727273,2113.6967272727275,39.396454545454546,84.2000909090909,-83.58927272727273,118.64578300206692,shale,0.0,0.0,none
2145.5,2119.157090909091,2114.4570909090908,39.515181818181816,84.68063636363637,-84.02490909090909,119.29373630952277,shale,0.0,0.0,none
2146.5,2119.9174545454543,2115.2174545454545,39.63390909090909,85.16118181818182,-84.46054545454545,119.94169678284845,shale,0.0,0.0,none
2147.5,2120.677818181818,2115.9778181818183,39.75263636363636,85.64172727272727,-84.89618181818182,120.5896643065316,shale,0.0,0.0,none
2148.5,2121.438181818182,2116.7381818181816,39.87136363636364,86.12227272727273,-85.33181818181818,121.23763876752805,shale,0.0,0.0,none
2149.5,2122.1985454545456,2117.4985454545454,39.99009090909091,86.60281818181818,-85.76745454545454,121.88562005519628,shale,0.0,0.0,none
2150.5,2122.958909090909,2118.258909090909,40.10881818181818,87.08336363636363,-86.2030909090909,122.53360806123408,shale,0.0,0.0,none
2151.5,2123.7192727272727,2119.019272727273,40.22754545454546,87.56390909090909,-86.63872727272727,123.18160267961693,shale,0.0,0.0,none
2152.5,2124.4796363636365,2119.779636363636,40.346272727272726,88.04445454545454,-87.07436363636364,123.82960380653851,shale,0.0,0.0,none
2153.5,2125.24,2120.54,40.465,88.525,-87.50999999999999,124.47761134035309,shale,0.0,0.0,none
2154.5,2126.0003636363635,2121.3003636363637,40.58372727272727,89.00554545454546,-87.94563636363637,125.12562518151954,shale,0.0,0.0,none
2155.5,2126.7607272727273,2122.060727272727,40.70245454545454,89.4860909090909,-88.38127272727273,125.77364523254721,shale,0.0,0.0,none
2156.5,2127.521090909091,2122.821090909091,40.82118181818182,89.96663636363635,-88.81690909090909,126.42167139794341,shale,0.0,0.0,none
2157.5,2128.2814545454544,2123.5814545454546,40.93990909090909,90.44718181818182,-89.25254545454546,127.06970358416258,shale,0.0,0.0,none
2158.5,2129.041818181818,2124.3418181818183,41.05863636363636,90.92772727272727,-89.68818181818182,127.7177416995568,shale,0.0,0.0,none
2159.5,2129.802181818182,2125.1021818181816,41.17736363636364,91.40827272727273,-90.12381818181818,128.36578565432805,shale,0.0,0.0,none
2160.5,2130.5625454545457,2125.8625454545454,41.29609090909091,91.88881818181818,-90.55945454545454,129.01383536048172,shale,0.0,0.0,none
2161.5,2131.322909090909,2126.622909090909,41.41481818181818,92.36936363636363,-90.9950909090909,129.66189073178168,shale,0.0,0.0,none
2162.5,2132.0832727272727,2127.3832727272725,41.533545454545454,92.84990909090908,-91.43072727272727,130.30995168370646,shale,0.0,0.0,none
2163.5,2132.8436363636365,2128.1436363636362,41.652272727272724,93.33045454545454,-91.86636363636363,130.95801813340697,shale,0.0,0.0,none
2164.5,2133.6040000000003,2128.904,41.771,93.81099999999999,-92.30199999999999,131.60608999966527,shale,0.0,0.0,none
2165.5,2134.3643636363636,2129.6643636363638,41.88972727272727,94.29154545454546,-92.73763636363637,132.25416720285475,shale,0.0,0.0,none
2166.5,2135.1247272727273,2130.424727272727,42.00845454545454,94.7720909090909,-93.17327272727272,132.9022496649012,shale,0.0,0.0,none
2167.5,2135.885090909091,2131.185090909091,42.12718181818182,95.25263636363636,-93.6089090909091,133.5503373092454,shale,0.0,0.0,none
2168.5,2136.6454545454544,2131.9454545454546,42.24590909090909,95.7331818181818,-94.04454545454546,134.19843006080632,shale,0.0,0.0,none
2169.5,2137.405818181818,2132.705818181818,42.364636363636365,96.21372727272727,-94.48018181818182,134.84652784594581,shale,0.0,0.0,none
2170.5,2138.166181818182,2133.4661818181817,42.483363636363634,96.69427272727272,-94.91581818181818,135.49463059243405,shale,0.0,0.0,none
2171.5,2138.9265454545457,2134.2265454545454,42.602090909090904,97.17481818181818,-95.35145454545454,136.14273822941607,shale,0.0,0.0,none
2172.5,2139.686909090909,2134.9869090909087,42.72081818181818,97.65536363636363,-95.7870909090909,136.79085068737916,shale,0.0,0.0,none
2173.5,2140.447272727273,2135.7472727272725,42.83954545454545,98.13590909090908,-96.22272727272727,137.43896789812132,shale,0.0,0.0,none
2174.5,2141.2076363636365,2136.5076363636363,42.95827272727273,98.61645454545454,-96.65836363636363,138.0870897947205,shale,0.0,0.0,none
2175.5,2141.968,2137.268,43.077,99.097,-97.094,138.7352163115047,shale,0.0,0.0,none
2176.5,2142.7283636363636,2138.0283636363633,43.19572727272727,99.57754545454544,-97.52963636363636,139.3833473840229,shale,0.0,0.0,none
2177.5,2143.4887272727274,2138.788727272727,43.314454545454545,100.05809090909091,-97.96527272727272,140.03148294901695,shale,0.0,0.0,none
2178.5,2144.249090909091,2139.549090909091,43.433181818181815,100.53863636363636,-98.4009090909091,140.67962294439397,shale,0.0,0.0,none
2179.5,2145.0094545454544,2140.309454545454,43.551909090909085,101.0191818181818,-98.83654545454544,141.32776730919971,shale,0.0,0.0,none
2180.5,2145.769818181818,2141.069818181818,43.67063636363636,101.49972727272727,-99.27218181818182,141.97591598359267,shale,0.0,0.0,none
2181.5,2146.500892857143,2141.8008928571426,43.79035714285714,102.00142857142856,-99.7317857142857,142.65595154907643,shale,0.0,0.0,none
2182.5,2147.202678571429,2142.5026785714285,43.911071428571425,102.52428571428571,-100.21535714285714,143.36787286032703,shale,0.0,0.0,none
2183.5,2147.9044642857143,2143.204464285714,44.03178571428571,103.04714285714286,-100.69892857142857,144.07979687122716,shale,0.0,0.0,none
2184.5,2148.6062500000003,2143.90625,44.152499999999996,103.57,-101.18249999999999,144.79172354195524,shale,0.0,0.0,none
2185.5,2149.308035714286,2144.6080357142855,44.27321428571428,104.09285714285714,-101.66607142857143,145.50365283346895,shale,0.0,0.0,none
2186.5,2150.0098214285717,2145.3098214285715,44.39392857142857,104.61571428571428,-102.14964285714285,146.21558470748607,shale,0.0,0.0,none
2187.5,2150.7116071428572,2146.011607142857,44.51464285714285,105.13857142857142,-102.63321428571429,146.92751912646645,shale,0.0,0.0,none
2188.5,2151.4133928571428,2146.7133928571425,44.63535714285714,105.66142857142857,-103.11678571428571,147.63945605359368,shale,0.0,0.0,none
2189.5,2152.1151785714287,2147.4151785714284,44.756071428571424,106.1842857142857,-103.60035714285713,148.35139545275808,shale,0.0,0.0,none
2190.5,2152.816964285714,2148.116964285714,44.87678571428571,106.70714285714286,-104.08392857142857,149.06333728853966,shale,0.0,0.0,none
2191.5,2153.51875,2148.81875,44.997499999999995,107.22999999999999,-104.5675,149.77528152619175,shale,0.0,0.0,none
2192.5,2154.2205357142857,2149.5205357142854,45.11821428571428,107.75285714285714,-105.05107142857143,150.48722813162516,shale,0.0,0.0,none
2193.5,2154.9223214285716,2150.2223214285714,45.238928571428566,108.27571428571429,-105.53464285714286,151.19917707139257,shale,0.0,0.0,none
2194.5,2155.624107142857,2150.924107142857,45.35964285714285,108.79857142857142,-106.01821428571428,151.9111283126736,shale,0.0,0.0,none
2195.5,2156.325892857143,2151.625892857143,45.480357142857144,109.32142857142857,-106.50178571428572,152.62308182326024,shale,0.0,0.0,none
2196.5,2157.0276785714286,2152.3276785714284,45.60107142857143,109.84428571428572,-106.98535714285714,153.33503757154241,shale,0.0,0.0,none
2197.5,2157.7294642857146,2153.0294642857143,45.721785714285716,110.36714285714285,-107.46892857142856,154.0469955264944,shale,0.0,0.0,none
2198.5,2158.43125,2153.73125,45.8425,110.89,-107.9525,154.75895565766137,shale,0.0,0.0,none
2199.5,2159.133035714286,2154.433035714286,45.96321428571429,111.41285714285713,-108.43607142857142,155.4709179351461,shale,0.0,0.0,none
2200.5,2159.8348214285716,2155.1348214285713,46.08392857142857,111.93571428571428,-108.91964285714286,156.1828823295966,shale,0.0,0.0,none
2201.5,2160.5366071428575,2155.8366071428572,46.20464285714286,112.45857142857142,-109.40321428571428,156.89484881219337,shale,0.0,0.0,none
2202.5,2161.238392857143,2156.5383928571428,46.32535714285714,112.98142857142857,-109.88678571428571,157.6068173546378,shale,0.0,0.0,none
2203.5,2161.9401785714285,2157.2401785714283,46.44607142857143,113.50428571428571,-110.37035714285715,158.31878792914011,shale,0.0,0.0,none
2204.5,2162.6419642857145,2157.941964285714,46.566785714285714,114.02714285714285,-110.85392857142857,159.0307605084081,shale,0.0,0.0,none
2205.5,2163.34375,2158.6437499999997,46.6875,114.55,-111.3375,159.74273506563608,shale,0.0,0.0,none
2206.5,2164.045535714286,2159.3455357142857,46.808214285714286,115.07285714285715,-111.82107142857143,160.45471157449407,shale,0.0,0.0,none
2207.5,2164.7473214285715,2160.047321428571,46.92892857142857,115.59571428571428,-112.30464285714285,161.16669000911725,shale,0.0,0.0,none
2208.5,2165.4491071428574,2160.749107142857,47.04964285714286,116.11857142857143,-112.78821428571429,161.87867034409584,shale,0.0,0.0,none
2209.5,2166.128703703704,2161.428703703704,47.175555555555555,116.65296296296296,-113.28944444444444,162.61122959552722,shale,0.0,0.0,none
2210.5,2166.7861111111115,2162.086111111111,47.306666666666665,117.19888888888889,-113.80833333333334,163.3643666559548,shale,0.0,0.0,none
2211.5,2167.443518518519,2162.7435185185186,47.437777777777775,117.74481481481482,-114.32722222222222,164.11750411465687,shale,0.0,0.0,none
2212.5,2168.1009259259263,2163.400925925926,47.568888888888885,118.29074074074073,-114.84611111111111,164.87064196617547,shale,0.0,0.0,none
2213.5,2168.7583333333337,2164.0583333333334,47.7,118.83666666666666,-115.36500000000001,165.62378020515183,shale,0.0,0.0,none
2214.5,2169.415740740741,2164.715740740741,47.83111111111111,119.38259259259259,-115.88388888888889,166.37691882632424,shale,0.0,0.0,none
2215.5,2170.0731481481484,2165.373148148148,47.96222222222222,119.92851851851852,-116.40277777777779,167.13005782452586,shale,0.0,0.0,none
2216.5,2170.730555555556,2166.0305555555556,48.093333333333334,120.47444444444444,-116.92166666666667,167.88319719468248,shale,0.0,0.0,none
2217.5,2171.3879629629632,2166.687962962963,48.224444444444444,121.02037037037037,-117.44055555555556,168.6363369318106,shale,0.0,0.0,none
2218.5,2172.0453703703706,2167.3453703703703,48.355555555555554,121.5662962962963,-117.95944444444444,169.38947703101536,shale,0.0,0.0,none
2219.5,2172.702777777778,2168.0027777777777,48.486666666666665,122.11222222222221,-118.47833333333334,170.1426174874885,shale,0.0,0.0,none
2220.5,2173.3601851851854,2168.660185185185,48.617777777777775,122.65814814814814,-118.99722222222222,170.89575829650659,shale,0.0,0.0,none
2221.5,2174.017592592593,2169.3175925925925,48.748888888888885,123.20407407407407,-119.51611111111112,171.64889945342904,shale,0.0,0.0,none
2222.5,2174.675,2169.975,48.879999999999995,123.75,-120.035,172.40204095369637,shale,0.0,0.0,none
2223.5,2175.3324074074076,2170.6324074074073,49.01111111111111,124.29592592592593,-120.55388888888889,173.15518279282844,shale,0.0,0.0,none
2224.5,2175.989814814815,2171.2898148148147,49.14222222222222,124.84185185185186,-121.07277777777779,173.90832496642273,shale,0.0,0.0,none
2225.5,2176.6472222222224,2171.947222222222,49.27333333333333,125.38777777777779,-121.59166666666667,174.66146747015256,shale,0.0,0.0,none
2226.5,2177.3046296296297,2172.6046296296295,49.404444444444444,125.9337037037037,-122.11055555555556,175.41461029976568,shale,0.0,0.0,none
2227.5,2177.962037037037,2173.262037037037,49.535555555555554,126.47962962962963,-122.62944444444445,176.16775345108243,shale,0.0,0.0,none
2228.5,2178.6194444444445,2173.9194444444443,49.666666666666664,127.02555555555556,-123.14833333333334,176.92089691999448,shale,0.0,0.0,none
2229.5,2179.276851851852,2174.5768518518516,49.797777777777775,127.57148148148148,-123.66722222222222,177.67404070246297,shale,0.0,0.0,none
2230.5,2179.9342592592593,2175.234259259259,49.928888888888885,128.1174074074074,-124.18611111111112,178.42718479451736,shale,0.0,0.0,none
2231.5,2180.5916666666667,2175.8916666666664,50.059999999999995,128.66333333333333,-124.70500000000001,179.18032919225382,shale,0.0,0.0,none
2232.5,2181.249074074074,2176.549074074074,50.19111111111111,129.20925925925926,-125.2238888888889,179.93347389183387,shale,0.0,0.0,none
2233.5,2181.9064814814815,2177.206481481481,50.32222222222222,129.75518518518518,-125.74277777777779,180.6866188894831,shale,0.0,0.0,none
2234.5,2182.563888888889,2177.8638888888886,50.45333333333333,130.3011111111111,-126.26166666666667,181.43976418148964,shale,0.0,0.0,none
2235.5,2183.2212962962963,2178.521296296296,50.58444444444444,130.84703703703704,-126.78055555555557,182.1929097642031,shale,0.0,0.0,none
2236.5,2183.855555555556,2179.1555555555556,50.712037037037035,131.4048148148148,-127.31462962962964,182.96513403991904,shale,0.0,0.0,none
2237.5,2184.4666666666667,2179.7666666666664,50.83611111111111,131.97444444444446,-127.8638888888889,183.75643680755752,shale,0.0,0.0,none
2238.5,2185.077777777778,2180.3777777777777,50.96018518518518,132.54407407407408,-128.41314814814817,184.54773959458805,shale,0.0,0.0,none
2239.5,2185.688888888889,2180.9888888888886,51.084259259259255,133.11370370370372,-128.96240740740743,185.33904240076228,shale,0.0,0.0,none
2240.5,2186.3,2181.6,51.20833333333333,133.68333333333334,-129.51166666666668,186.130345225836,shale,0.0,0.0,none
2241.5,2186.9111111111115,2182.211111111111,51.33240740740741,134.25296296296295,-130.06092592592594,186.92164806956924,shale,0.0,0.0,none
2242.5,2187.5222222222224,2182.822222222222,51.45648148148148,134.8225925925926,-130.6101851851852,187.712950931726,shale,0.0,0.0,none
2243.5,2188.1333333333337,2183.4333333333334,51.580555555555556,135.39222222222222,-131.15944444444446,188.50425381207427,shale,0.0,0.0,none
2244.5,2188.7444444444445,2184.0444444444443,51.70462962962963,135.96185185185186,-131.70870370370372,189.2955567103859,shale,0.0,0.0,none
2245.5,2189.355555555556,2184.6555555555556,51.8287037037037,136.53148148148148,-132.25796296296298,190.0868596264366,shale,0.0,0.0,none
2246.5,2189.9666666666667,2185.2666666666664,51.952777777777776,137.10111111111112,-132.80722222222224,190.87816256000568,shale,0.0,0.0,none
2247.5,2190.577777777778,2185.8777777777777,52.07685185185185,137.67074074074074,-133.3564814814815,191.66946551087622,shale,0.0,0.0,none
2248.5,2191.188888888889,2186.4888888888886,52.20092592592592,138.24037037037039,-133.90574074074075,192.4607684788348,shale,0.0,0.0,none
2249.5,2191.8,2187.1,52.325,138.81,-134.455,193.2520714636715,shale,0.0,0.0,none
2250.5,2192.4111111111115,2187.711111111111,52.449074074074076,139.37962962962962,-135.00425925925927,194.04337446517988,shale,0.0,0.0,none
2251.5,2193.0222222222224,2188.322222222222,52.57314814814815,139.94925925925926,-135.55351851851853,194.83467748315675,shale,0.0,0.0,none
2252.5,2193.6333333333337,2188.9333333333334,52.69722222222222,140.51888888888888,-136.1027777777778,195.6259805174023,shale,0.0,0.0,none
2253.5,2194.2444444444445,2189.5444444444443,52.821296296296296,141.08851851851853,-136.65203703703705,196.4172835677199,shale,0.0,0.0,none
2254.5,2194.855555555556,2190.1555555555556,52.94537037037037,141.65814814814814,-137.2012962962963,197.20858663391607,shale,0.0,0.0,none
2255.5,2195.4666666666667,2190.7666666666664,53.06944444444444,142.2277777777778,-137.75055555555556,197.99988971580046,shale,0.0,0.0,none
2256.5,2196.077777777778,2191.3777777777777,53.193518518518516,142.7974074074074,-138.29981481481482,198.7911928131857,shale,0.0,0.0,none
2257.5,2196.688888888889,2191.9888888888886,53.31759259259259,143.36703703703705,-138.84907407407408,199.5824959258874,shale,0.0,0.0,none
2258.5,2197.3,2192.6,53.44166666666666,143.93666666666667,-139.39833333333334,200.37379905372416,shale,0.0,0.0,none
2259.5,2197.9111111111115,2193.211111111111,53.56574074074074,144.50629629629628,-139.9475925925926,201.1651021965173,shale,0.0,0.0,none
2260.5,2198.5222222222224,2193.822222222222,53.68981481481482,145.07592592592593,-140.49685185185186,201.9564053540911,shale,0.0,0.0,none
2261.5,2199.1333333333337,2194.4333333333334,53.81388888888889,145.64555555555555,-141.04611111111112,202.74770852627242,shale,0.0,0.0,none
2262.5,2199.7444444444445,2195.0444444444443,53.93796296296296,146.2151851851852,-141.59537037037038,203.53901171289095,shale,0.0,0.0,none
2263.5,2200.331607142857,2195.631607142857,54.06160714285714,146.79642857142858,-142.15767857142856,204.34773553466192,shale,0.0,0.0,none
2264.5,2200.8948214285715,2196.1948214285712,54.18482142857143,147.3892857142857,-142.7330357142857,205.17387998374184,shale,0.0,0.0,none
2265.5,2201.458035714286,2196.7580357142856,54.308035714285715,147.98214285714286,-143.30839285714285,206.0000244366224,shale,0.0,0.0,none
2266.5,2202.0212500000002,2197.32125,54.43125,148.575,-143.88375,206.82616889325803,shale,0.0,0.0,none
2267.5,2202.5844642857146,2197.8844642857143,54.55446428571429,149.16785714285714,-144.45910714285714,207.65231335360392,shale,0.0,0.0,none
2268.5,2203.147678571429,2198.4476785714287,54.67767857142857,149.76071428571427,-145.03446428571428,208.47845781761595,shale,0.0,0.0,none
2269.5,2203.710892857143,2199.0108928571426,54.800892857142856,150.35357142857143,-145.60982142857142,209.30460228525072,shale,0.0,0.0,none
2270.5,2204.2741071428572,2199.574107142857,54.924107142857146,150.94642857142856,-146.18517857142857,210.1307467564655,shale,0.0,0.0,none
2271.5,2204.8373214285716,2200.1373214285713,55.04732142857143,151.5392857142857,-146.7605357142857,210.95689123121826,shale,0.0,0.0,none
2272.5,2205.400535714286,2200.7005357142857,55.17053571428571,152.13214285714287,-147.33589285714285,211.78303570946753,shale,0.0,0.0,none
2273.5,2205.9637500000003,2201.26375,55.29375,152.725,-147.91125,212.60918019117258,shale,0.0,0.0,none
2274.5,2206.5269642857143,2201.826964285714,55.416964285714286,153.31785714285715,-148.48660714285714,213.43532467629333,shale,0.0,0.0,none
2275.5,2207.0901785714286,2202.3901785714284,55.54017857142857,153.91071428571428,-149.06196428571428,214.26146916479019,shale,0.0,0.0,none
2276.5,2207.653392857143,2202.9533928571427,55.66339285714286,154.50357142857143,-149.63732142857143,215.0876136566243,shale,0.0,0.0,none
2277.5,2208.2166071428574,2203.516607142857,55.78660714285714,155.09642857142856,-150.21267857142857,215.91375815175735,shale,0.0,0.0,none
2278.5,2208.7798214285717,2204.0798214285714,55.90982142857143,155.68928571428572,-150.7880357142857,216.7399026501516,shale,0.0,0.0,none
2279.5,2209.343035714286,2204.643035714286,56.03303571428572,156.28214285714284,-151.36339285714286,217.5660471517699,shale,0.0,0.0,none
2280.5,2209.90625,2205.2062499999997,56.15625,156.875,-151.93875,218.3921916565757,shale,0.0,0.0,none
2281.5,2210.4694642857144,2205.769464285714,56.27946428571429,157.46785714285713,-152.51410714285714,219.21833616453293,shale,0.0,0.0,none
2282.5,2211.0326785714287,2206.3326785714285,56.402678571428574,158.06071428571428,-153.08946428571429,220.0444806756061,shale,0.0,0.0,none
2283.5,2211.595892857143,2206.895892857143,56.52589285714286,158.6535714285714,-153.66482142857143,220.87062518976026,shale,0.0,0.0,none
2284.5,2212.1591071428575,2207.459107142857,56.64910714285715,159.24642857142857,-154.24017857142857,221.69676970696094,shale,0.0,0.0,none
2285.5,2212.7223214285714,2208.022321428571,56.77232142857143,159.83928571428572,-154.81553571428572,222.52291422717423,shale,0.0,0.0,none
2286.5,2213.2855357142857,2208.5855357142855,56.895535714285714,160.43214285714285,-155.39089285714286,223.34905875036668,shale,0.0,0.0,none
2287.5,2213.84875,2209.14875,57.018750000000004,161.025,-155.96625,224.17520327650536,shale,0.0,0.0,none
2288.5,2214.4119642857145,2209.711964285714,57.14196428571429,161.61785714285713,-156.54160714285715,225.00134780555783,shale,0.0,0.0,none
2289.5,2214.975178571429,2210.2751785714286,57.26517857142858,162.2107142857143,-157.1169642857143,225.8274923374921,shale,0.0,0.0,none
2290.5,2215.538392857143,2210.838392857143,57.38839285714286,162.80357142857142,-157.69232142857143,226.65363687227665,shale,0.0,0.0,none
2291.5,2216.078703703704,2211.3787037037036,57.501111111111115,163.40814814814814,-158.27666666666664,227.49445288252247,shale,0.0,0.0,none
2292.5,2216.5961111111114,2211.896111111111,57.60333333333334,164.02444444444444,-158.87,228.34994038823098,shale,0.0,0.0,none
2293.5,2217.1135185185185,2212.4135185185182,57.705555555555556,164.64074074074074,-159.4633333333333,229.20542792315712,shale,0.0,0.0,none
2294.5,2217.630925925926,2212.9309259259257,57.80777777777778,165.25703703703704,-160.05666666666667,230.06091548697506,shale,0.0,0.0,none
2295.5,2218.1483333333335,2213.4483333333333,57.910000000000004,165.87333333333333,-160.64999999999998,230.91640307936356,shale,0.0,0.0,none
2296.5,2218.665740740741,2213.965740740741,58.01222222222223,166.48962962962963,-161.24333333333334,231.77189070000637,shale,0.0,0.0,none
2297.5,2219.183148148148,2214.4831481481483,58.114444444444445,167.10592592592593,-161.83666666666664,232.62737834859166,shale,0.0,0.0,none
2298.5,2219.7005555555556,2215.0005555555554,58.21666666666667,167.72222222222223,-162.43,233.4828660248124,shale,0.0,0.0,none
2299.5,2220.217962962963,2215.517962962963,58.31888888888889,168.33851851851853,-163.0233333333333,234.33835372836583,shale,0.0,0.0,none
2300.5,2220.7353703703707,2216.0353703703704,58.42111111111112,168.95481481481482,-163.61666666666667,235.19384145895378,shale,0.0,0.0,none
2301.5,2221.2527777777777,2216.552777777778,58.52333333333333,169.57111111111112,-164.20999999999998,236.04932921628222,shale,0.0,0.0,none
2302.5,2221.7701851851853,2217.070185185185,58.62555555555556,170.18740740740742,-164.80333333333334,236.90481700006157,shale,0.0,0.0,none
2303.5,2222.287592592593,2217.5875925925925,58.72777777777778,170.80370370370372,-165.39666666666665,237.76030481000618,shale,0.0,0.0,none
2304.5,2222.8050000000003,2218.105,58.83,171.42000000000002,-165.99,238.61579264583474,shale,0.0,0.0,none
2305.5,2223.3224074074074,2218.6224074074075,58.93222222222222,172.0362962962963,-166.58333333333331,239.4712805072698,shale,0.0,0.0,none
2306.5,2223.839814814815,2219.139814814815,59.034444444444446,172.65259259259258,-167.17666666666668,240.3267683940379,shale,0.0,0.0,none
2307.5,2224.3572222222224,2219.657222222222,59.13666666666667,173.26888888888888,-167.76999999999998,241.18225630586946,shale,0.0,0.0,none
2308.5,2224.8746296296295,2220.1746296296296,59.23888888888889,173.88518518518518,-168.36333333333334,242.0377442424988,shale,0.0,0.0,none
2309.5,2225.392037037037,2220.692037037037,59.34111111111111,174.50148148148148,-168.95666666666665,242.89323220366379,shale,0.0,0.0,none
2310.5,2225.9094444444445,2221.2094444444447,59.443333333333335,175.11777777777777,-169.55,243.74872018910614,shale,0.0,0.0,none
2311.5,2226.426851851852,2221.7268518518517,59.54555555555556,175.73407407407407,-170.14333333333332,244.60420819857111,shale,0.0,0.0,none
2312.5,2226.944259259259,2222.2442592592593,59.647777777777776,176.35037037037037,-170.73666666666668,245.45969623180758,shale,0.0,0.0,none
2313.5,2227.4616666666666,2222.7616666666668,59.75,176.96666666666667,-171.32999999999998,246.31518428856776,shale,0.0,0.0,none
2314.5,2227.979074074074,2223.2790740740743,59.852222222222224,177.58296296296297,-171.92333333333335,247.17067236860754,shale,0.0,0.0,none
2315.5,2228.4964814814816,2223.796481481482,59.95444444444445,178.19925925925926,-172.51666666666665,248.02616047168587,shale,0.0,0.0,none
2316.5,2229.0138888888887,2224.313888888889,60.056666666666665,178.81555555555556,-173.11,248.88164859756532,shale,0.0,0.0,none
2317.5,2229.531296296296,2224.8312962962964,60.15888888888889,179.43185185185186,-173.70333333333332,249.73713674601146,shale,0.0,0.0,none
2318.5,2230.036111111111,2225.336111111111,60.221666666666664,180.05740740740742,-174.29796296296297,250.60017928029404,shale,0.0,0.0,none
2319.5,2230.528333333333,2225.8283333333334,60.245000000000005,180.69222222222223,-174.89388888888888,251.47077671626965,shale,0.0,0.0,none
2320.5,2231.0205555555553,2226.3205555555555,60.26833333333333,181.32703703703706,-175.48981481481482,252.34137485630256,shale,0.0,0.0,none
2321.5,2231.512777777778,2226.812777777778,60.29166666666667,181.96185185185186,-176.08574074074073,253.21197369313057,shale,0.0,0.0,none
2322.5,2232.005,2227.3050000000003,60.315,182.59666666666666,-176.68166666666667,254.08257321959113,shale,0.0,0.0,none
2323.5,2232.4972222222223,2227.7972222222224,60.33833333333334,183.2314814814815,-177.27759259259258,254.9531734286195,shale,0.0,0.0,none
2324.5,2232.9894444444444,2228.2894444444446,60.361666666666665,183.8662962962963,-177.87351851851852,255.82377431324707,shale,0.0,0.0,none
2325.5,2233.4816666666666,2228.7816666666668,60.385000000000005,184.50111111111113,-178.46944444444443,256.6943758665998,shale,0.0,0.0,poor
2326.5,2233.9738888888887,2229.273888888889,60.40833333333333,185.13592592592593,-179.06537037037037,257.5649780818965,shale,0.0,0.0,poor
2327.5,2234.466111111111,2229.766111111111,60.43166666666667,185.77074074074073,-179.66129629629629,258.43558095244754,shale,0.0,0.0,poor
2328.5,2234.9583333333335,2230.2583333333337,60.455,186.40555555555557,-180.25722222222223,259.30618447165295,shale,0.0,0.0,poor
2329.5,2235.4505555555556,2230.750555555556,60.47833333333334,187.04037037037037,-180.85314814814814,260.17678863300114,shale,0.0,0.0,poor
2330.5,2235.942777777778,2231.242777777778,60.501666666666665,187.6751851851852,-181.44907407407408,261.04739343006736,shale,0.0,0.0,poor
2331.5,2236.435,2231.735,60.525000000000006,188.31,-182.04500000000002,261.9179988565123,shale,0.0,0.0,poor
2332.5,2236.927222222222,2232.2272222222223,60.54833333333333,188.9448148148148,-182.64092592592593,262.78860490608076,shale,0.0,0.0,poor
2333.5,2237.4194444444443,2232.7194444444444,60.57166666666667,189.57962962962964,-183.23685185185187,263.6592115726,shale,0.0,0.0,poor
2334.5,2237.9116666666664,2233.2116666666666,60.595,190.21444444444444,-183.83277777777778,264.52981884997854,shale,0.0,0.0,poor
2335.5,2238.403888888889,2233.703888888889,60.61833333333334,190.84925925925927,-184.42870370370372,265.40042673220495,shale,0.0,0.0,poor
2336.5,2238.896111111111,2234.1961111111113,60.641666666666666,191.48407407407407,-185.02462962962963,266.2710352133463,shale,0.0,0.0,poor
2337.5,2239.3883333333333,2234.6883333333335,60.665000000000006,192.11888888888888,-185.62055555555557,267.1416442875471,shale,0.0,0.0,poor
2338.5,2239.8805555555555,2235.1805555555557,60.68833333333333,192.7537037037037,-186.21648148148148,268.01225394902775,shale,0.0,0.0,poor
2339.5,2240.3727777777776,2235.672777777778,60.71166666666667,193.3885185185185,-186.81240740740742,268.88286419208373,shale,0.0,0.0,poor
2340.5,2240.865,2236.165,60.735,194.02333333333334,-187.40833333333333,269.75347501108405,shale,0.0,7.5,poor
2341.5,2241.357222222222,2236.657222222222,60.75833333333334,194.65814814814814,-188.00425925925927,270.6240864004702,shale,0.0,7.5,poor
2342.5,2241.8494444444445,2237.1494444444447,60.781666666666666,195.29296296296295,-188.60018518518518,271.4946983547549,shale,0.0,7.5,poor
2343.5,2242.3416666666667,2237.641666666667,60.80500000000001,195.92777777777778,-189.19611111111112,272.3653108685212,shale,0.0,7.5,poor
2344.5,2242.833888888889,2238.133888888889,60.82833333333333,196.56259259259258,-189.79203703703703,273.2359239364209,shale,0.0,7.5,poor
2345.5,2243.3078703703704,2238.6078703703706,60.877870370370374,197.2089814814815,-190.38962962962964,274.11602187298513,shale,0.0,10.0,poor
2346.5,2243.763611111111,2239.063611111111,60.953611111111115,197.86694444444444,-190.98888888888888,275.0056060933908,shale,0.0,10.0,poor
2347.5,2244.2193518518516,2239.5193518518518,61.02935185185186,198.5249074074074,-191.58814814814815,275.895192730784,shale,0.0,30.0,poor
2348.5,2244.6750925925926,2239.975092592593,61.1050925925926,199.18287037037035,-192.18740740740742,276.7847817618602,shale,0.0,30.0,poor
2349.5,2245.130833333333,2240.4308333333333,61.18083333333334,199.84083333333334,-192.78666666666666,277.67437316361327,shale,0.0,30.0,poor
2350.5,2245.586574074074,2240.8865740740744,61.25657407407408,200.4987962962963,-193.38592592592593,278.5639669133311,shale,0.0,20.0,poor
2351.5,2246.0423148148147,2241.342314814815,61.33231481481482,201.15675925925925,-193.98518518518517,279.4535629885906,shale,0.0,20.0,poor
2352.5,2246.4980555555553,2241.7980555555555,61.408055555555556,201.81472222222223,-194.58444444444444,280.3431613672533,shale,0.0,20.0,poor
2353.5,2246.9537962962963,2242.2537962962965,61.4837962962963,202.47268518518518,-195.1837037037037,281.23276202746064,shale,0.0,20.0,poor
2354.5,2247.409537037037,2242.709537037037,61.55953703703704,203.13064814814814,-195.78296296296296,282.12236494762993,shale,0.0,20.0,poor
2355.5,2247.865277777778,2243.1652777777776,61.63527777777778,203.7886111111111,-196.38222222222223,283.01197010644967,shale,0.0,20.0,poor
2356.5,2248.3210185185185,2243.6210185185187,61.71101851851852,204.44657407407408,-196.98148148148147,283.9015774828754,shale,0.0,20.0,poor
2357.5,2248.776759259259,2244.0767592592592,61.78675925925926,205.10453703703703,-197.58074074074074,284.7911870561256,shale,0.0,20.0,poor
2358.5,2249.2325,2244.5325000000003,61.862500000000004,205.7625,-198.18,285.6807988056775,shale,0.0,20.0,poor
2359.5,2249.6882407407406,2244.988240740741,61.938240740740746,206.42046296296297,-198.77925925925925,286.5704127112633,shale,0.0,20.0,poor
2360.5,2250.1439814814817,2245.4439814814814,62.01398148148149,207.07842592592593,-199.37851851851852,287.4600287528658,mudstone-wackestone,0.0,100.0,poor
2361.5,2250.599722222222,2245.8997222222224,62.08972222222223,207.73638888888888,-199.9777777777778,288.3496469107149,mudstone-wackestone,0.0,100.0,poor
2362.5,2251.055462962963,2246.355462962963,62.16546296296297,208.39435185185184,-200.57703703703703,289.23926716528365,mudstone-wackestone,0.0,100.0,poor
2363.5,2251.511203703704,2246.8112037037035,62.24120370370371,209.05231481481482,-201.1762962962963,290.1288894972847,mudstone-wackestone,0.0,100.0,none
2364.5,2251.9669444444444,2247.2669444444446,62.31694444444445,209.71027777777778,-201.77555555555554,291.01851388766624,mudstone-wackestone,0.0,100.0,none
2365.5,2252.422685185185,2247.722685185185,62.39268518518519,210.36824074074073,-202.3748148148148,291.9081403176089,mudstone-wackestone,0.0,100.0,none
2366.5,2252.878425925926,2248.1784259259257,62.46842592592593,211.0262037037037,-202.97407407407408,292.7977687685218,mudstone-wackestone,0.0,100.0,none
2367.5,2253.3341666666665,2248.6341666666667,62.54416666666667,211.68416666666667,-203.57333333333332,293.6873992220394,mudstone-wackestone,0.0,100.0,none
2368.5,2253.7899074074076,2249.0899074074073,62.61990740740741,212.34212962962962,-204.1725925925926,294.57703166001795,mudstone-wackestone,0.0,100.0,none
2369.5,2254.245648148148,2249.5456481481483,62.69564814814815,213.00009259259258,-204.77185185185184,295.46666606453215,mudstone-wackestone,0.0,100.0,none
2370.5,2254.7013888888887,2250.001388888889,62.77138888888889,213.65805555555556,-205.3711111111111,296.35630241787203,mudstone-wackestone,0.0,100.0,none
2371.5,2255.1571296296297,2250.4571296296294,62.847129629629634,214.31601851851852,-205.97037037037038,297.2459407025393,mudstone-wackestone,0.0,100.0,none
2372.5,2255.6128703703703,2250.9128703703705,62.922870370370376,214.97398148148147,-206.56962962962962,298.1355809012448,mudstone-wackestone,0.0,100.0,none
2373.5,2256.0686111111113,2251.368611111111,62.99861111111112,215.63194444444443,-207.1688888888889,299.025222996905,mudstone-wackestone,0.0,100.0,none
2374.5,2256.524351851852,2251.8243518518516,63.07435185185186,216.2899074074074,-207.76814814814816,299.91486697263895,mudstone-wackestone,0.0,100.0,none
2375.5,2256.9800925925924,2252.2800925925926,63.1500925925926,216.94787037037037,-208.3674074074074,300.8045128117654,mudstone-wackestone,0.0,90.0,poor
2376.5,2257.4358333333334,2252.735833333333,63.22583333333334,217.60583333333332,-208.96666666666667,301.6941604977998,mudstone-wackestone,0.0,90.0,poor
2377.5,2257.891574074074,2253.191574074074,63.30157407407408,218.26379629629628,-209.5659259259259,302.58381001445167,mudstone-wackestone,0.0,90.0,poor
2378.5,2258.347314814815,2253.6473148148148,63.377314814814824,218.92175925925926,-210.16518518518518,303.4734613456212,mudstone-wackestone,0.0,90.0,poor
2379.5,2258.8030555555556,2254.1030555555553,63.45305555555556,219.57972222222222,-210.76444444444445,304.3631144753969,mudstone-wackestone,0.0,90.0,poor
2380.5,2259.258796296296,2254.5587962962964,63.5287962962963,220.23768518518517,-211.3637037037037,305.25276938805285,mudstone-wackestone,0.0,90.0,poor
2381.5,2259.714537037037,2255.014537037037,63.60453703703704,220.89564814814815,-211.96296296296296,306.1424260680458,mudstone-wackestone,0.0,90.0,poor
2382.5,2260.1702777777778,2255.4702777777775,63.68027777777778,221.5536111111111,-212.5622222222222,307.0320845000125,mudstone-wackestone,0.0,90.0,poor
2383.5,2260.6260185185183,2255.9260185185185,63.75601851851852,222.21157407407406,-213.16148148148147,307.92174466876753,mudstone-wackestone,0.0,90.0,poor
2384.5,2261.0817592592593,2256.381759259259,63.831759259259265,222.86953703703705,-213.76074074074074,308.8114065593002,mudstone-wackestone,0.0,90.0,poor
2385.5,2261.5375,2256.8374999999996,63.907500000000006,223.5275,-214.35999999999999,309.7010701567723,mudstone-wackestone,0.0,100.0,none
2386.5,2261.993240740741,2257.2932407407407,63.98324074074075,224.18546296296296,-214.95925925925926,310.5907354465156,mudstone-wackestone,0.0,100.0,none
2387.5,2262.4489814814815,2257.748981481481,64.05898148148148,224.8434259259259,-215.5585185185185,311.4804024140296,mudstone-wackestone,0.0,100.0,none
2388.5,2262.904722222222,2258.2047222222222,64.13472222222222,225.5013888888889,-216.15777777777777,312.3700710449787,mudstone-wackestone,0.0,100.0,none
2389.5,2263.360462962963,2258.660462962963,64.21046296296296,226.15935185185185,-216.75703703703704,313.25974132519036,mudstone-wackestone,0.0,100.0,none
2390.5,2263.8162037037036,2259.1162037037034,64.2862037037037,226.8173148148148,-217.35629629629628,314.14941324065234,mudstone-wackestone,0.0,100.0,poor
2391.5,2264.2719444444447,2259.5719444444444,64.36194444444445,227.47527777777776,-217.95555555555555,315.0390867775109,mudstone-wackestone,0.0,90.0,poor
2392.5,2264.7276851851852,2260.027685185185,64.43768518518519,228.13324074074075,-218.5548148148148,315.9287619220681,mudstone-wackestone,0.0,90.0,poor
2393.5,2265.183425925926,2260.4834259259255,64.51342592592593,228.7912037037037,-219.15407407407406,316.8184386607799,mudstone-wackestone,0.0,90.0,poor
2394.5,2265.639166666667,2260.9391666666666,64.58916666666667,229.44916666666666,-219.75333333333333,317.7081169802542,mudstone-wackestone,0.0,90.0,poor
2395.5,2266.0949074074074,2261.394907407407,64.66490740740741,230.10712962962964,-220.35259259259257,318.59779686724806,mudstone-wackestone,0.0,100.0,scarce
2396.5,2266.5506481481484,2261.850648148148,64.74064814814815,230.7650925925926,-220.95185185185184,319.4874783086663,mudstone-wackestone,0.0,100.0,scarce
2397.5,2267.006388888889,2262.3063888888887,64.8163888888889,231.42305555555555,-221.55111111111108,320.37716129155905,mudstone-wackestone,0.0,100.0,scarce
2398.5,2267.4621296296295,2262.7621296296293,64.89212962962964,232.0810185185185,-222.15037037037035,321.26684580311996,mudstone-wackestone,0.0,100.0,scarce
2399.5,2267.883448275862,2263.183448275862,65.00879310344828,232.75086206896552,-222.76,322.1722852665117,mudstone-wackestone,0.0,100.0,scarce
2400.5,2268.270344827586,2263.570344827586,65.16637931034484,233.43258620689656,-223.38,323.0934798216148,mudstone-wackestone,0.0,100.0,scarce
2401.5,2268.6572413793106,2263.9572413793103,65.32396551724139,234.11431034482757,-224.0,324.0146760692087,mudstone-wackestone,0.0,100.0,scarce
2402.5,2269.0441379310346,2264.3441379310343,65.48155172413794,234.7960344827586,-224.62,324.9358739948988,mudstone-wackestone,0.0,100.0,scarce
2403.5,2269.4310344827586,2264.7310344827583,65.63913793103448,235.47775862068966,-225.23999999999998,325.85707358445325,mudstone-wackestone,0.0,100.0,scarce
2404.5,2269.8179310344826,2265.117931034483,65.79672413793104,236.1594827586207,-225.85999999999999,326.7782748238005,mudstone-wackestone,0.0,100.0,scarce
2405.5,2270.204827586207,2265.504827586207,65.95431034482759,236.8412068965517,-226.48,327.69947769902717,mudstone-wackestone,0.0,100.0,scarce
2406.5,2270.591724137931,2265.891724137931,66.11189655172414,237.52293103448275,-227.1,328.62068219637615,mudstone-wackestone,0.0,100.0,scarce
2407.5,2270.978620689655,2266.278620689655,66.2694827586207,238.2046551724138,-227.72,329.5418883022439,mudstone-wackestone,0.0,100.0,scarce
2408.5,2271.365517241379,2266.6655172413793,66.42706896551725,238.88637931034484,-228.34,330.46309600317846,mudstone-wackestone,0.0,100.0,scarce
2409.5,2271.7524137931036,2267.0524137931034,66.5846551724138,239.56810344827585,-228.96,331.3843052858777,mudstone-wackestone,0.0,100.0,scarce
2410.5,2272.1393103448277,2267.4393103448274,66.74224137931034,240.2498275862069,-229.57999999999998,332.3055161371868,mudstone-wackestone,0.0,100.0,scarce
2411.5,2272.5262068965517,2267.8262068965514,66.8998275862069,240.93155172413793,-230.2,333.22672854409643,mudstone-wackestone,0.0,100.0,scarce
2412.5,2272.9131034482757,2268.213103448276,67.05741379310345,241.61327586206897,-230.82,334.1479424937407,mudstone-wackestone,0.0,100.0,scarce
2413.5,2273.3,2268.6,67.215,242.29500000000002,-231.44,335.06915797339514,mudstone-wackestone,0.0,100.0,scarce
2414.5,2273.686896551724,2268.986896551724,67.37258620689656,242.97672413793103,-232.06,335.99037497047476,mudstone-wackestone,0.0,100.0,scarce
2415.5,2274.073793103448,2269.3737931034484,67.53017241379311,243.65844827586207,-232.68,336.91159347253245,mudstone-wackestone,0.0,100.0,scarce
2416.5,2274.4606896551722,2269.7606896551724,67.68775862068966,244.3401724137931,-233.3,337.8328134672565,mudstone-wackestone,0.0,100.0,scarce
2417.5,2274.8475862068963,2270.1475862068964,67.8453448275862,245.02189655172413,-233.92000000000002,338.75403494246945,mudstone-wackestone,0.0,100.0,scarce
2418.5,2275.2344827586207,2270.5344827586205,68.00293103448276,245.70362068965517,-234.54,339.6752578861256,mudstone-wackestone,0.0,100.0,scarce
2419.5,2275.6213793103448,2270.921379310345,68.16051724137931,246.3853448275862,-235.16,340.5964822863098,mudstone-wackestone,0.0,100.0,scarce
2420.5,2276.008275862069,2271.308275862069,68.31810344827586,247.06706896551725,-235.78,341.51770813123534,mudstone-wackestone,0.0,100.0,scarce
2421.5,2276.395172413793,2271.695172413793,68.47568965517242,247.7487931034483,-236.4,342.43893540924233,mudstone-wackestone,0.0,100.0,scarce
2422.5,2276.7820689655173,2272.082068965517,68.63327586206897,248.4305172413793,-237.02,343.3601641087959,mudstone-wackestone,0.0,100.0,scarce
2423.5,2277.1689655172413,2272.4689655172415,68.79086206896552,249.11224137931035,-237.64000000000001,344.2813942184849,mudstone-wackestone,0.0,100.0,scarce
2424.5,2277.5558620689653,2272.8558620689655,68.94844827586206,249.7939655172414,-238.26,345.2026257270196,mudstone-wackestone,0.0,100.0,scarce
2425.5,2277.9427586206893,2273.2427586206895,69.10603448275862,250.47568965517243,-238.88,346.1238586232308,mudstone-wackestone,0.0,100.0,scarce
2426.5,2278.329655172414,2273.629655172414,69.26362068965517,251.15741379310344,-239.5,347.0450928960676,mudstone-wackestone,0.0,100.0,scarce
2427.5,2278.716551724138,2274.016551724138,69.42120689655172,251.8391379310345,-240.12,347.9663285345963,mudstone-wackestone,0.0,100.0,scarce
2428.5,2279.0673076923076,2274.367307692308,69.58384615384615,252.5271153846154,-240.75365384615384,348.90151310183296,mudstone-wackestone,0.0,100.0,scarce
2429.5,2279.381923076923,2274.681923076923,69.75153846153846,253.22134615384616,-241.40096153846156,349.85064581855465,mudstone-wackestone,0.0,100.0,scarce
2430.5,2279.6965384615382,2274.9965384615384,69.91923076923077,253.91557692307694,-242.04826923076922,350.79977885082815,mudstone-wackestone,0.0,100.0,scarce
2431.5,2280.011153846154,2275.311153846154,70.08692307692307,254.6098076923077,-242.69557692307694,351.7489121960991,mudstone-wackestone,0.0,100.0,scarce
2432.5,2280.3257692307693,2275.625769230769,70.25461538461539,255.30403846153848,-243.3428846153846,352.6980458518407,mudstone-wackestone,0.0,100.0,scarce
2433.5,2280.6403846153844,2275.9403846153846,70.4223076923077,255.99826923076924,-243.99019230769233,353.64717981555305,mudstone-wackestone,0.0,100.0,scarce
2434.5,2280.955,2276.255,70.59,256.6925,-244.6375,354.59631408476315,mudstone-wackestone,0.0,100.0,scarce
2435.5,2281.2696153846155,2276.569615384615,70.75769230769231,257.3867307692308,-245.2848076923077,355.5454486570245,mudstone-wackestone,0.0,100.0,scarce
2436.5,2281.5842307692305,2276.8842307692307,70.92538461538462,258.08096153846157,-245.93211538461537,356.49458352991655,mudstone-wackestone,0.0,100.0,scarce
2437.5,2281.898846153846,2277.1988461538463,71.09307692307692,258.7751923076923,-246.5794230769231,357.4437187010444,mudstone-wackestone,0.0,100.0,scarce
2438.5,2282.2134615384616,2277.5134615384613,71.26076923076923,259.4694230769231,-247.22673076923076,358.39285416803864,mudstone-wackestone,0.0,100.0,scarce
2439.5,2282.5280769230767,2277.828076923077,71.42846153846153,260.16365384615386,-247.87403846153848,359.3419899285549,mudstone-wackestone,0.0,100.0,scarce
2440.5,2282.8426923076922,2278.1426923076924,71.59615384615384,260.85788461538465,-248.52134615384614,360.29112598027325,mudstone-wackestone,0.0,100.0,scarce
2441.5,2283.1573076923078,2278.4573076923075,71.76384615384616,261.5521153846154,-249.16865384615386,361.2402623208986,mudstone-wackestone,0.0,100.0,scarce
2442.5,2283.4719230769233,2278.771923076923,71.93153846153847,262.24634615384616,-249.81596153846152,362.1893989481594,mudstone-wackestone,0.0,100.0,scarce
2443.5,2283.7865384615384,2279.0865384615386,72.09923076923077,262.94057692307695,-250.46326923076924,363.13853585980837,mudstone-wackestone,0.0,100.0,scarce
2444.5,2284.101153846154,2279.4011538461536,72.26692307692308,263.63480769230773,-251.1105769230769,364.08767305362124,mudstone-wackestone,0.0,100.0,scarce
2445.5,2284.4157692307695,2279.715769230769,72.43461538461538,264.32903846153846,-251.75788461538463,365.0368105273971,mudstone-wackestone,0.0,100.0,scarce
2446.5,2284.7303846153845,2280.0303846153847,72.60230769230769,265.02326923076924,-252.4051923076923,365.9859482789577,mudstone-wackestone,0.0,100.0,scarce
2447.5,2285.045,2280.345,72.77,265.71750000000003,-253.0525,366.93508630614764,mudstone-wackestone,0.0,100.0,scarce
2448.5,2285.3596153846156,2280.6596153846153,72.9376923076923,266.41173076923076,-253.69980769230767,367.8842246068333,mudstone-wackestone,0.0,100.0,scarce
2449.5,2285.6742307692307,2280.974230769231,73.10538461538461,267.10596153846154,-254.3471153846154,368.83336317890354,mudstone-wackestone,0.0,100.0,scarce
2450.5,2285.988846153846,2281.288846153846,73.27307692307693,267.8001923076923,-254.99442307692306,369.78250202026845,mudstone-wackestone,0.0,100.0,scarce
2451.5,2286.3034615384618,2281.6034615384615,73.44076923076923,268.4944230769231,-255.64173076923078,370.73164112885974,mudstone-wackestone,0.0,100.0,scarce
2452.5,2286.618076923077,2281.918076923077,73.60846153846154,269.18865384615384,-256.28903846153844,371.68078050263017,mudstone-wackestone,0.0,100.0,scarce
2453.5,2286.9326923076924,2282.232692307692,73.77615384615385,269.8828846153846,-256.93634615384616,372.6299201395536,mudstone-wackestone,0.0,100.0,scarce
2454.5,2287.211111111111,2282.511111111111,73.93777777777778,270.582962962963,-257.5925925925926,373.58945863660233,mudstone-wackestone,0.0,100.0,scarce
2455.5,2287.4533333333334,2282.753333333333,74.09333333333333,271.2888888888889,-258.2577777777778,374.5593958470191,mudstone-wackestone,0.0,100.0,scarce
2456.5,2287.6955555555555,2282.9955555555553,74.24888888888889,271.99481481481484,-258.92296296296297,375.52933312281385,mudstone-wackestone,0.0,100.0,scarce
2457.5,2287.937777777778,2283.237777777778,74.40444444444445,272.70074074074074,-259.58814814814815,376.49927046348125,mudstone-wackestone,0.0,100.0,scarce
2458.5,2288.1800000000003,2283.48,74.56,273.4066666666667,-260.25333333333333,377.46920786852127,mudstone-wackestone,0.0,100.0,scarce
2459.5,2288.4222222222224,2283.722222222222,74.71555555555555,274.1125925925926,-260.9185185185185,378.4391453374388,mudstone-wackestone,0.0,100.0,scarce
2460.5,2288.6644444444446,2283.9644444444443,74.8711111111111,274.81851851851854,-261.5837037037037,379.4090828697441,mudstone-wackestone,0.0,100.0,scarce
2461.5,2288.9066666666668,2284.2066666666665,75.02666666666667,275.52444444444444,-262.24888888888887,380.3790204649522,mudstone-wackestone,0.0,100.0,scarce
2462.5,2289.148888888889,2284.4488888888886,75.18222222222222,276.2303703703704,-262.91407407407405,381.34895812258316,mudstone-wackestone,0.0,100.0,scarce
2463.5,2289.391111111111,2284.691111111111,75.33777777777777,276.9362962962963,-263.5792592592593,382.3188958421619,mudstone-wackestone,0.0,100.0,scarce
2464.5,2289.6333333333337,2284.9333333333334,75.49333333333334,277.64222222222224,-264.24444444444447,383.28883362321807,mudstone-wackestone,0.0,100.0,scarce
2465.5,2289.875555555556,2285.1755555555555,75.64888888888889,278.34814814814814,-264.90962962962965,384.2587714652861,mudstone-wackestone,0.0,100.0,scarce
2466.5,2290.117777777778,2285.4177777777777,75.80444444444444,279.0540740740741,-265.57481481481483,385.22870936790525,mudstone-wackestone,0.0,100.0,scarce
2467.5,2290.36,2285.66,75.96000000000001,279.76,-266.24,386.1986473306192,mudstone-wackestone,0.0,100.0,scarce
2468.5,2290.6022222222223,2285.902222222222,76.11555555555556,280.46592592592594,-266.9051851851852,387.1685853529764,mudstone-wackestone,0.0,100.0,scarce
2469.5,2290.8444444444444,2286.144444444444,76.27111111111111,281.1718518518519,-267.57037037037037,388.13852343452965,mudstone-wackestone,0.0,100.0,scarce
2470.5,2291.0866666666666,2286.3866666666663,76.42666666666666,281.8777777777778,-268.23555555555555,389.1084615748362,mudstone-wackestone,0.0,100.0,scarce
2471.5,2291.328888888889,2286.628888888889,76.58222222222223,282.58370370370375,-268.90074074074073,390.078399773458,mudstone-wackestone,0.0,100.0,scarce
2472.5,2291.5711111111113,2286.871111111111,76.73777777777778,283.28962962962964,-269.56592592592597,391.04833802996086,mudstone-wackestone,0.0,100.0,scarce
2473.5,2291.8133333333335,2287.1133333333332,76.89333333333333,283.9955555555556,-270.23111111111115,392.0182763439153,mudstone-wackestone,0.0,100.0,scarce
2474.5,2292.0555555555557,2287.3555555555554,77.0488888888889,284.7014814814815,-270.8962962962963,392.9882147148959,mudstone-wackestone,0.0,100.0,scarce
2475.5,2292.297777777778,2287.5977777777775,77.20444444444445,285.40740740740745,-271.5614814814815,393.9581531424815,mudstone-wackestone,0.0,100.0,scarce
2476.5,2292.54,2287.8399999999997,77.36,286.11333333333334,-272.2266666666667,394.9280916262549,mudstone-wackestone,0.0,100.0,scarce
2477.5,2292.782222222222,2288.082222222222,77.51555555555555,286.8192592592593,-272.89185185185187,395.8980301658033,mudstone-wackestone,0.0,100.0,scarce
2478.5,2293.0244444444447,2288.3244444444445,77.67111111111112,287.5251851851852,-273.55703703703705,396.8679687607176,mudstone-wackestone,0.0,100.0,scarce
2479.5,2293.266666666667,2288.5666666666666,77.82666666666667,288.23111111111115,-274.22222222222223,397.83790741059295,mudstone-wackestone,0.0,100.0,scarce
2480.5,2293.508888888889,2288.8088888888888,77.98222222222222,288.93703703703704,-274.8874074074074,398.8078461150283,mudstone-wackestone,0.0,100.0,scarce
2481.5,2293.730925925926,2289.0309259259257,78.07148148148148,289.6462962962963,-275.555925925926,399.7824974546238,mudstone-wackestone,0.0,100.0,scarce
2482.5,2293.932777777778,2289.2327777777778,78.09444444444445,290.3588888888889,-276.2277777777778,400.76186142501075,mudstone-wackestone,0.0,100.0,scarce
2483.5,2294.1346296296297,2289.4346296296294,78.11740740740741,291.0714814814815,-276.89962962962966,401.7412254435067,mudstone-wackestone,0.0,100.0,scarce
2484.5,2294.3364814814818,2289.6364814814815,78.14037037037038,291.7840740740741,-277.5714814814815,402.7205895097607,mudstone-wackestone,0.0,100.0,scarce
2485.5,2294.5383333333334,2289.838333333333,78.16333333333334,292.49666666666667,-278.24333333333334,403.6999536234251,mudstone-wackestone,0.0,100.0,poor
2486.5,2294.740185185185,2290.0401851851852,78.1862962962963,293.2092592592593,-278.91518518518524,404.6793177841557,mudstone-wackestone,0.0,100.0,poor
2487.5,2294.942037037037,2290.242037037037,78.20925925925927,293.92185185185184,-279.5870370370371,405.6586819916116,mudstone-wackestone,0.0,100.0,poor
2488.5,2295.143888888889,2290.443888888889,78.23222222222222,294.63444444444445,-280.2588888888889,406.63804624545526,mudstone-wackestone,0.0,100.0,poor
2489.5,2295.345740740741,2290.6457407407406,78.25518518518518,295.34703703703707,-280.93074074074076,407.61741054535224,mudstone-wackestone,0.0,100.0,poor
2490.5,2295.5475925925925,2290.8475925925927,78.27814814814815,296.0596296296296,-281.6025925925926,408.5967748909714,mudstone-wackestone,0.0,100.0,poor
2491.5,2295.7494444444446,2291.0494444444444,78.30111111111111,296.77222222222224,-282.27444444444444,409.5761392819848,mudstone-wackestone,0.0,100.0,poor
2492.5,2295.9512962962963,2291.2512962962965,78.32407407407408,297.4848148148148,-282.94629629629634,410.55550371806754,mudstone-wackestone,0.0,100.0,poor
2493.5,2296.1531481481484,2291.453148148148,78.34703703703704,298.1974074074074,-283.6181481481482,411.53486819889787,mudstone-wackestone,0.0,100.0,poor
2494.5,2296.355,2291.6549999999997,78.37,298.90999999999997,-284.29,412.514232724157,mudstone-wackestone,0.0,100.0,poor
2495.5,2296.5568518518517,2291.856851851852,78.39296296296297,299.6225925925926,-284.96185185185186,413.49359729352943,mudstone-wackestone,0.0,100.0,poor
2496.5,2296.7587037037038,2292.0587037037035,78.41592592592593,300.3351851851852,-285.6337037037037,414.47296190670227,mudstone-wackestone,0.0,100.0,poor
2497.5,2296.9605555555554,2292.2605555555556,78.4388888888889,301.04777777777775,-286.3055555555556,415.4523265633659,mudstone-wackestone,0.0,100.0,poor
2498.5,2297.1624074074075,2292.462407407407,78.46185185185186,301.76037037037037,-286.97740740740744,416.43169126321334,mudstone-wackestone,0.0,100.0,poor
2499.5,2297.364259259259,2292.6642592592593,78.48481481481483,302.4729629629629,-287.6492592592593,417.4110560059406,mudstone-wackestone,0.0,100.0,poor
2500.5,2297.5661111111112,2292.866111111111,78.50777777777779,303.18555555555554,-288.3211111111111,418.39042079124675,mudstone-wackestone,0.0,100.0,poor
2501.5,2297.767962962963,2293.067962962963,78.53074074074074,303.89814814814815,-288.99296296296296,419.3697856188334,mudstone-wackestone,0.0,100.0,poor
2502.5,2297.969814814815,2293.2698148148147,78.5537037037037,304.6107407407407,-289.6648148148148,420.3491504884049,mudstone-wackestone,0.0,100.0,poor
2503.5,2298.1716666666666,2293.471666666667,78.57666666666667,305.3233333333333,-290.3366666666667,421.32851539966873,mudstone-wackestone,0.0,100.0,poor
2504.5,2298.3735185185183,2293.6735185185184,78.59962962962963,306.0359259259259,-291.00851851851854,422.30788035233456,mudstone-wackestone,0.0,100.0,poor
2505.5,2298.5753703703704,2293.8753703703705,78.6225925925926,306.7485185185185,-291.6803703703704,423.2872453461152,mudstone-wackestone,0.0,90.0,poor
2506.5,2298.777222222222,2294.077222222222,78.64555555555556,307.4611111111111,-292.3522222222222,424.2666103807258,mudstone-wackestone,0.0,90.0,poor
2507.5,2298.979074074074,2294.2790740740743,78.66851851851852,308.17370370370367,-293.02407407407406,425.2459754558843,mudstone-wackestone,0.0,90.0,poor
2508.5,2299.17625,2294.47625,78.68803571428572,308.88642857142855,-293.69714285714286,426.2262749738233,mudstone-wackestone,0.0,90.0,poor
2509.5,2299.36875,2294.6687500000003,78.70410714285715,309.5992857142857,-294.37142857142857,427.2075089157254,mudstone-wackestone,0.0,90.0,poor
2510.5,2299.5612499999997,2294.86125,78.72017857142858,310.3121428571428,-295.0457142857143,428.1887428727654,mudstone-wackestone,0.0,100.0,poor
2511.5,2299.75375,2295.05375,78.73625,311.025,-295.72,429.1699768448394,mudstone-wackestone,0.0,100.0,poor
2512.5,2299.94625,2295.24625,78.75232142857143,311.73785714285714,-296.39428571428573,430.15121083184465,mudstone-wackestone,0.0,100.0,poor
2513.5,2300.13875,2295.4387500000003,78.76839285714286,312.45071428571424,-297.06857142857143,431.132444833679,mudstone-wackestone,0.0,100.0,poor
2514.5,2300.3312499999997,2295.63125,78.7844642857143,313.1635714285714,-297.74285714285713,432.1136788502416,mudstone-wackestone,0.0,100.0,poor
2515.5,2300.52375,2295.82375,78.80053571428572,313.87642857142856,-298.4171428571429,433.0949128814324,mudstone-wackestone,0.0,100.0,poor
2516.5,2300.71625,2296.01625,78.81660714285715,314.5892857142857,-299.0914285714286,434.076146927152,mudstone-wackestone,0.0,100.0,poor
2517.5,2300.90875,2296.2087500000002,78.83267857142857,315.3021428571428,-299.7657142857143,435.05738098730217,mudstone-wackestone,0.0,100.0,poor
2518.5,2301.1012499999997,2296.40125,78.84875,316.015,-300.44,436.03861506178555,mudstone-wackestone,0.0,100.0,poor
2519.5,2301.29375,2296.59375,78.86482142857143,316.72785714285715,-301.1142857142857,437.01984915050554,mudstone-wackestone,0.0,100.0,poor
2520.5,2301.48625,2296.78625,78.88089285714285,317.44071428571425,-301.78857142857146,438.00108325336646,mudstone-wackestone,0.0,100.0,poor
2521.5,2301.67875,2296.97875,78.89696428571429,318.1535714285714,-302.46285714285716,438.9823173702735,mudstone-wackestone,0.0,100.0,poor
2522.5,2301.8712499999997,2297.17125,78.91303571428571,318.86642857142857,-303.13714285714286,439.96355150113266,mudstone-wackestone,0.0,100.0,poor
2523.5,2302.06375,2297.36375,78.92910714285715,319.57928571428573,-303.81142857142856,440.9447856458508,mudstone-wackestone,0.0,100.0,poor
2524.5,2302.25625,2297.55625,78.94517857142857,320.29214285714284,-304.4857142857143,441.9260198043356,mudstone-wackestone,0.0,100.0,poor
2525.5,2302.44875,2297.74875,78.96125,321.005,-305.16,442.90725397649567,mudstone-wackestone,0.0,100.0,poor
2526.5,2302.6412499999997,2297.94125,78.97732142857143,321.71785714285716,-305.8342857142857,443.88848816224015,mudstone-wackestone,0.0,100.0,poor
2527.5,2302.83375,2298.13375,78.99339285714285,322.43071428571426,-306.50857142857143,444.8697223614792,mudstone-wackestone,0.0,100.0,poor
2528.5,2303.02625,2298.32625,79.00946428571429,323.1435714285714,-307.18285714285713,445.85095657412376,mudstone-wackestone,0.0,100.0,poor
2529.5,2303.21875,2298.51875,79.02553571428571,323.8564285714286,-307.8571428571429,446.8321908000856,mudstone-wackestone,0.0,100.0,poor
2530.5,2303.4112499999997,2298.71125,79.04160714285715,324.56928571428574,-308.5314285714286,447.81342503927704,mudstone-wackestone,0.0,100.0,poor
2531.5,2303.6037499999998,2298.90375,79.05767857142857,325.28214285714284,-309.2057142857143,448.7946592916113,mudstone-wackestone,0.0,100.0,poor
2532.5,2303.79625,2299.09625,79.07374999999999,325.995,-309.88,449.77589355700246,mudstone-wackestone,0.0,100.0,poor
2533.5,2303.98875,2299.28875,79.08982142857143,326.70785714285716,-310.5542857142857,450.75712783536517,mudstone-wackestone,0.0,100.0,poor
2534.5,2304.1812499999996,2299.48125,79.10589285714285,327.42071428571427,-311.22857142857146,451.738362126615,mudstone-wackestone,0.0,100.0,poor
2535.5,2304.3737499999997,2299.67375,79.12196428571428,328.13357142857143,-311.90285714285716,452.71959643066805,mudstone-wackestone,0.0,100.0,none
2536.5,2304.5596296296294,2299.8596296296296,79.14981481481482,328.84703703703707,-312.5783333333333,453.7020919474395,mudstone-wackestone,0.0,100.0,none
2537.5,2304.7388888888886,2300.038888888889,79.18944444444443,329.56111111111113,-313.255,454.68584867113486,mudstone-wackestone,0.0,100.0,none
2538.5,2304.918148148148,2300.218148148148,79.22907407407408,330.2751851851852,-313.9316666666667,455.669605399811,mudstone-wackestone,0.0,100.0,none
2539.5,2305.0974074074074,2300.3974074074076,79.2687037037037,330.98925925925926,-314.60833333333335,456.65336213343585,mudstone-wackestone,0.0,100.0,none
2540.5,2305.2766666666666,2300.576666666667,79.30833333333334,331.7033333333333,-315.285,457.63711887197746,mudstone-wackestone,0.0,100.0,none
2541.5,2305.455925925926,2300.755925925926,79.34796296296295,332.41740740740744,-315.96166666666664,458.6208756154042,mudstone-wackestone,0.0,100.0,none
2542.5,2305.635185185185,2300.935185185185,79.3875925925926,333.1314814814815,-316.6383333333333,459.6046323636847,mudstone-wackestone,0.0,100.0,none
2543.5,2305.8144444444442,2301.1144444444444,79.42722222222221,333.84555555555556,-317.315,460.5883891167878,mudstone-wackestone,0.0,100.0,none
2544.5,2305.9937037037034,2301.2937037037036,79.46685185185186,334.5596296296296,-317.9916666666667,461.57214587468275,mudstone-wackestone,0.0,100.0,none
2545.5,2306.1729629629626,2301.472962962963,79.50648148148147,335.2737037037037,-318.66833333333335,462.55590263733893,mudstone-wackestone,0.0,100.0,none
2546.5,2306.3522222222223,2301.6522222222225,79.54611111111112,335.98777777777775,-319.345,463.539659404726,mudstone-wackestone,0.0,100.0,none
2547.5,2306.5314814814815,2301.8314814814817,79.58574074074073,336.70185185185187,-320.02166666666665,464.52341617681395,mudstone-wackestone,0.0,100.0,none
2548.5,2306.7107407407407,2302.010740740741,79.62537037037038,337.41592592592593,-320.6983333333333,465.507172953573,mudstone-wackestone,0.0,100.0,none
2549.5,2306.89,2302.19,79.66499999999999,338.13,-321.375,466.4909297349735,mudstone-wackestone,0.0,100.0,none
2550.5,2307.069259259259,2302.3692592592593,79.70462962962964,338.84407407407406,-322.0516666666667,467.47468652098627,mudstone-wackestone,0.0,100.0,none
2551.5,2307.2485185185183,2302.5485185185184,79.74425925925925,339.5581481481481,-322.72833333333335,468.45844331158213,mudstone-wackestone,0.0,100.0,none
2552.5,2307.4277777777775,2302.7277777777776,79.7838888888889,340.27222222222224,-323.405,469.4422001067324,mudstone-wackestone,0.0,100.0,none
2553.5,2307.607037037037,2302.9070370370373,79.82351851851851,340.9862962962963,-324.08166666666665,470.4259569064084,mudstone-wackestone,0.0,100.0,none
2554.5,2307.7862962962963,2303.0862962962965,79.86314814814816,341.70037037037036,-324.7583333333333,471.40971371058185,mudstone-wackestone,0.0,100.0,none
2555.5,2307.9655555555555,2303.2655555555557,79.90277777777777,342.4144444444444,-325.435,472.3934705192246,mudstone-wackestone,0.0,100.0,poor
2556.5,2308.1448148148147,2303.444814814815,79.94240740740742,343.1285185185185,-326.1116666666667,473.37722733230885,mudstone-wackestone,0.0,100.0,poor
2557.5,2308.324074074074,2303.624074074074,79.98203703703703,343.8425925925926,-326.7883333333333,474.36098414980694,mudstone-wackestone,0.0,100.0,poor
2558.5,2308.503333333333,2303.8033333333333,80.02166666666668,344.5566666666667,-327.465,475.34474097169146,mudstone-wackestone,0.0,100.0,poor
2559.5,2308.6825925925923,2303.9825925925925,80.06129629629629,345.27074074074073,-328.14166666666665,476.3284977979352,mudstone-wackestone,0.0,100.0,poor
2560.5,2308.861851851852,2304.161851851852,80.10092592592594,345.9848148148148,-328.8183333333333,477.3122546285113,mudstone-wackestone,0.0,100.0,poor
2561.5,2309.041111111111,2304.3411111111113,80.14055555555555,346.69888888888886,-329.495,478.2960114633929,mudstone-wackestone,0.0,100.0,poor
2562.5,2309.2203703703703,2304.5203703703705,80.1801851851852,347.4129629629629,-330.1716666666667,479.27976830255363,mudstone-wackestone,0.0,100.0,poor
2563.5,2309.3869642857144,2304.6869642857146,80.23339285714286,348.1330357142857,-330.84499999999997,480.2655771348225,mudstone-wackestone,0.0,100.0,poor
2564.5,2309.540892857143,2304.840892857143,80.30017857142857,348.8591071428571,-331.515,481.25343828539184,mudstone-wackestone,0.0,100.0,poor
2565.5,2309.6948214285712,2304.9948214285714,80.36696428571429,349.58517857142857,-332.185,482.24129987156596,mudstone-wackestone,0.0,100.0,poor
2566.5,2309.84875,2305.1487500000003,80.43375,350.31125,-332.855,483.22916189067325,mudstone-wackestone,0.0,100.0,poor
2567.5,2310.0026785714285,2305.3026785714287,80.50053571428572,351.03732142857143,-333.525,484.21702434006403,mudstone-wackestone,0.0,100.0,poor
2568.5,2310.156607142857,2305.456607142857,80.56732142857143,351.76339285714283,-334.195,485.2048872171102,mudstone-wackestone,0.0,100.0,poor
2569.5,2310.310535714286,2305.610535714286,80.63410714285715,352.4894642857143,-334.865,486.19275051920494,mudstone-wackestone,0.0,100.0,poor
2570.5,2310.4644642857143,2305.7644642857144,80.70089285714286,353.2155357142857,-335.53499999999997,487.1806142437626,mudstone-wackestone,0.0,100.0,poor
2571.5,2310.6183928571427,2305.918392857143,80.76767857142858,353.94160714285715,-336.205,488.16847838821855,mudstone-wackestone,0.0,100.0,poor
2572.5,2310.7723214285716,2306.0723214285717,80.83446428571429,354.66767857142855,-336.875,489.1563429500288,mudstone-wackestone,0.0,100.0,poor
2573.5,2310.92625,2306.22625,80.90125,355.39375,-337.54499999999996,490.14420792666976,mudstone-wackestone,0.0,100.0,poor
2574.5,2311.0801785714284,2306.3801785714286,80.96803571428572,356.1198214285714,-338.215,491.13207331563837,mudstone-wackestone,0.0,100.0,poor
2575.5,2311.2341071428573,2306.5341071428575,81.03482142857143,356.84589285714287,-338.885,492.11993911445154,mudstone-wackestone,0.0,100.0,poor
2576.5,2311.3880357142857,2306.688035714286,81.10160714285715,357.5719642857143,-339.555,493.10780532064604,mudstone-wackestone,0.0,100.0,poor
2577.5,2311.541964285714,2306.8419642857143,81.16839285714285,358.29803571428573,-340.22499999999997,494.0956719317784,mudstone-wackestone,0.0,100.0,poor
2578.5,2311.6958928571426,2306.9958928571427,81.23517857142856,359.02410714285713,-340.895,495.0835389454246,mudstone-wackestone,0.0,100.0,poor
2579.5,2311.8498214285714,2307.1498214285716,81.30196428571428,359.7501785714286,-341.565,496.07140635918006,mudstone-wackestone,0.0,100.0,poor
2580.5,2312.00375,2307.30375,81.36874999999999,360.47625,-342.235,497.05927417065914,mudstone-wackestone,0.0,90.0,poor
2581.5,2312.1576785714283,2307.4576785714285,81.4355357142857,361.20232142857145,-342.905,498.0471423774953,mudstone-wackestone,0.0,90.0,poor
2582.5,2312.311607142857,2307.6116071428573,81.50232142857142,361.92839285714285,-343.575,499.03501097734045,mudstone-wackestone,0.0,90.0,poor
2583.5,2312.4655357142856,2307.7655357142858,81.56910714285713,362.6544642857143,-344.245,500.0228799678655,mudstone-wackestone,0.0,90.0,poor
2584.5,2312.619464285714,2307.919464285714,81.63589285714285,363.3805357142857,-344.91499999999996,501.01074934675927,shale,0.0,0.0,none
2585.5,2312.773392857143,2308.073392857143,81.70267857142856,364.1066071428572,-345.585,501.99861911172917,shale,0.0,0.0,none
2586.5,2312.9273214285713,2308.2273214285715,81.76946428571428,364.8326785714286,-346.255,502.9864892605002,shale,0.0,0.0,none
2587.5,2313.0812499999997,2308.38125,81.83624999999999,365.55875000000003,-346.92499999999995,503.97435979081564,shale,0.0,0.0,none
2588.5,2313.2351785714286,2308.535178571429,81.9030357142857,366.28482142857143,-347.59499999999997,504.96223070043607,shale,0.0,0.0,none
2589.5,2313.389107142857,2308.689107142857,81.96982142857142,367.0108928571429,-348.265,505.9501019871399,shale,0.0,0.0,none
2590.5,2313.5430357142855,2308.8430357142856,82.03660714285714,367.7369642857143,-348.935,506.93797364872233,shale,0.0,0.0,none
2591.5,2313.6866666666665,2308.9866666666667,82.08037037037036,368.46185185185186,-349.60870370370367,507.92753614613184,shale,0.0,0.0,none
2592.5,2313.8199999999997,2309.12,82.10111111111111,369.1855555555556,-350.2861111111111,508.9187892662344,shale,0.0,0.0,none
2593.5,2313.9533333333334,2309.2533333333336,82.12185185185184,369.9092592592593,-350.9635185185185,509.9100424747804,shale,0.0,0.0,none
2594.5,2314.0866666666666,2309.3866666666668,82.14259259259259,370.632962962963,-351.6409259259259,510.9012957712552,shale,0.0,0.0,none
2595.5,2314.22,2309.52,82.16333333333333,371.3566666666667,-352.3183333333333,511.89254915514795,shale,0.0,0.0,none
2596.5,2314.353333333333,2309.653333333333,82.18407407407406,372.08037037037036,-352.9957407407407,512.8838026259517,shale,0.0,0.0,none
2597.5,2314.4866666666667,2309.786666666667,82.20481481481481,372.8040740740741,-353.67314814814813,513.8750561831637,shale,0.0,0.0,none
2598.5,2314.62,2309.92,82.22555555555554,373.52777777777777,-354.35055555555556,514.8663098262847,shale,0.0,0.0,none
2599.5,2314.753333333333,2310.0533333333333,82.2462962962963,374.2514814814815,-355.02796296296293,515.8575635548195,shale,0.0,0.0,none
2600.5,2314.8866666666663,2310.1866666666665,82.26703703703703,374.9751851851852,-355.70537037037036,516.8488173682767,shale,0.0,0.0,none
2601.5,2315.02,2310.32,82.28777777777778,375.6988888888889,-356.3827777777778,517.8400712661687,shale,0.0,0.0,none
2602.5,2315.153333333333,2310.4533333333334,82.30851851851851,376.4225925925926,-357.06018518518516,518.8313252480112,shale,0.0,0.0,none
2603.5,2315.2866666666664,2310.5866666666666,82.32925925925926,377.1462962962963,-357.7375925925926,519.8225793133245,shale,0.0,0.0,none
2604.5,2315.42,2310.7200000000003,82.35,377.87,-358.41499999999996,520.8138334616315,shale,0.0,0.0,none
2605.5,2315.5533333333333,2310.8533333333335,82.37074074074073,378.5937037037037,-359.0924074074074,521.8050876924594,shale,0.0,0.0,none
2606.5,2315.6866666666665,2310.9866666666667,82.39148148148148,379.3174074074074,-359.7698148148148,522.7963420053388,shale,0.0,0.0,none
2607.5,2315.8199999999997,2311.12,82.41222222222221,380.0411111111111,-360.4472222222222,523.787596399804,shale,0.0,0.0,none
2608.5,2315.9533333333334,2311.2533333333336,82.43296296296296,380.7648148148148,-361.1246296296296,524.7788508753924,shale,0.0,0.0,none
2609.5,2316.0866666666666,2311.3866666666668,82.4537037037037,381.4885185185185,-361.80203703703705,525.7701054316454,shale,0.0,0.0,none
2610.5,2316.22,2311.52,82.47444444444444,382.21222222222224,-362.4794444444444,526.7613600681076,shale,0.0,0.0,none
2611.5,2316.353333333333,2311.653333333333,82.49518518518518,382.9359259259259,-363.15685185185185,527.7526147843269,shale,0.0,0.0,none
2612.5,2316.4866666666667,2311.786666666667,82.51592592592593,383.65962962962965,-363.8342592592593,528.7438695798548,shale,0.0,0.0,none
2613.5,2316.62,2311.92,82.53666666666666,384.3833333333333,-364.51166666666666,529.735124454246,shale,0.0,0.0,none
2614.5,2316.753333333333,2312.0533333333333,82.5574074074074,385.107037037037,-365.1890740740741,530.7263794070589,shale,0.0,0.0,none
2615.5,2316.8866666666663,2312.1866666666665,82.57814814814814,385.83074074074074,-365.86648148148146,531.7176344378545,mudstone-wackestone,0.0,80.0,none
2616.5,2317.02,2312.32,82.59888888888888,386.5544444444444,-366.5438888888889,532.7088895461978,mudstone-wackestone,0.0,80.0,none
2617.5,2317.153333333333,2312.4533333333334,82.61962962962963,387.27814814814815,-367.2212962962963,533.7001447316567,mudstone-wackestone,0.0,80.0,none
2618.5,2317.29,2312.59,82.60462962962963,387.9898148148148,-367.9101851851852,534.6905654329722,mudstone-wackestone,0.0,80.0,none
2619.5,2317.43,2312.73,82.55388888888888,388.6894444444444,-368.61055555555555,535.6801525999504,mudstone-wackestone,0.0,80.0,none
2620.5,2317.5699999999997,2312.87,82.50314814814814,389.3890740740741,-369.3109259259259,536.6697411039023,mudstone-wackestone,0.0,80.0,none
2621.5,2317.71,2313.01,82.4524074074074,390.0887037037037,-370.0112962962963,537.6593309374455,mudstone-wackestone,0.0,80.0,none
2622.5,2317.85,2313.15,82.40166666666667,390.7883333333333,-370.7116666666667,538.6489220932519,mudstone-wackestone,0.0,80.0,none
2623.5,2317.99,2313.29,82.35092592592592,391.48796296296297,-371.41203703703707,539.6385145640475,mudstone-wackestone,0.0,80.0,none
2624.5,2318.1299999999997,2313.43,82.30018518518519,392.1875925925926,-372.11240740740743,540.6281083426109,mudstone-wackestone,0.0,80.0,none
2625.5,2318.27,2313.57,82.24944444444444,392.8872222222222,-372.8127777777778,541.6177034217739,mudstone-wackestone,0.0,80.0,none
2626.5,2318.41,2313.71,82.1987037037037,393.58685185185186,-373.51314814814816,542.6072997944204,mudstone-wackestone,0.0,80.0,none
2627.5,2318.5499999999997,2313.85,82.14796296296296,394.2864814814815,-374.2135185185185,543.5968974534865,mudstone-wackestone,0.0,80.0,none
2628.5,2318.69,2313.9900000000002,82.09722222222223,394.9861111111111,-374.9138888888889,544.5864963919589,mudstone-wackestone,0.0,80.0,none
2629.5,2318.83,2314.13,82.04648148148148,395.6857407407407,-375.61425925925926,545.576096602876,mudstone-wackestone,0.0,80.0,none
2630.5,2318.97,2314.27,81.99574074074074,396.38537037037037,-376.3146296296296,546.565698079326,mudstone-wackestone,0.0,80.0,none
2631.5,2319.11,2314.4100000000003,81.945,397.085,-377.015,547.5553008144474,mudstone-wackestone,0.0,80.0,none
2632.5,2319.25,2314.55,81.89425925925926,397.7846296296296,-377.7153703703704,548.544904801428,mudstone-wackestone,0.0,80.0,none
2633.5,2319.39,2314.69,81.84351851851852,398.48425925925926,-378.4157407407408,549.5345100335047,mudstone-wackestone,0.0,80.0,none
2634.5,2319.5299999999997,2314.83,81.79277777777779,399.1838888888889,-379.11611111111114,550.5241165039631,mudstone-wackestone,0.0,80.0,none
2635.5,2319.67,2314.9700000000003,81.74203703703704,399.8835185185185,-379.8164814814815,551.513724206137,mudstone-wackestone,0.0,90.0,none
2636.5,2319.81,2315.11,81.6912962962963,400.5831481481481,-380.51685185185187,552.5033331334078,mudstone-wackestone,0.0,90.0,none
2637.5,2319.95,2315.25,81.64055555555555,401.28277777777777,-381.21722222222223,553.4929432792044,mudstone-wackestone,0.0,90.0,none
2638.5,2320.09,2315.3900000000003,81.58981481481482,401.9824074074074,-381.9175925925926,554.4825546370024,mudstone-wackestone,0.0,90.0,none
2639.5,2320.23,2315.53,81.53907407407408,402.682037037037,-382.61796296296296,555.4721672003242,mudstone-wackestone,0.0,90.0,none
2640.5,2320.37,2315.67,81.48833333333334,403.38166666666666,-383.3183333333334,556.4617809627381,mudstone-wackestone,0.0,90.0,none
2641.5,2320.5099999999998,2315.81,81.4375925925926,404.0812962962963,-384.01870370370375,557.4513959178578,mudstone-wackestone,0.0,90.0,none
2642.5,2320.65,2315.9500000000003,81.38685185185186,404.7809259259259,-384.7190740740741,558.4410120593426,mudstone-wackestone,0.0,90.0,none
2643.5,2320.79,2316.09,81.33611111111111,405.48055555555555,-385.4194444444445,559.4306293808967,mudstone-wackestone,0.0,90.0,none
2644.5,2320.93,2316.23,81.28537037037037,406.18018518518517,-386.11981481481484,560.4202478762685,mudstone-wackestone,0.0,90.0,none
2645.5,2321.0662962962965,2316.3662962962967,81.30148148148149,406.8748148148148,-386.82592592592596,561.4101993186798,mudstone-wackestone,0.0,90.0,none
2646.5,2321.198888888889,2316.4988888888893,81.38444444444445,407.5644444444444,-387.5377777777778,562.4004850462408,mudstone-wackestone,0.0,90.0,none
2647.5,2321.3314814814817,2316.631481481482,81.4674074074074,408.254074074074,-388.2496296296297,563.3907737136136,mudstone-wackestone,0.0,90.0,none
2648.5,2321.4640740740742,2316.7640740740744,81.55037037037037,408.9437037037037,-388.9614814814815,564.3810653053232,mudstone-wackestone,0.0,90.0,none
2649.5,2321.596666666667,2316.896666666667,81.63333333333334,409.6333333333333,-389.67333333333335,565.3713598060029,mudstone-wackestone,0.0,90.0,none
2650.5,2321.7292592592594,2317.0292592592596,81.7162962962963,410.32296296296295,-390.3851851851852,566.3616572003938,grainstone-wackestone,100.0,0.0,none
2651.5,2321.861851851852,2317.161851851852,81.79925925925926,411.01259259259257,-391.09703703703707,567.351957473343,grainstone-wackestone,100.0,0.0,none
2652.5,2321.9944444444445,2317.2944444444447,81.88222222222223,411.7022222222222,-391.80888888888893,568.3422606098035,grainstone-wackestone,100.0,0.0,none
2653.5,2322.127037037037,2317.4270370370373,81.96518518518519,412.3918518518518,-392.52074074074073,569.3325665948325,grainstone-wackestone,100.0,0.0,none
2654.5,2322.2596296296297,2317.55962962963,82.04814814814816,413.08148148148143,-393.2325925925926,570.3228754135919,grainstone-wackestone,100.0,0.0,none
2655.5,2322.3922222222222,2317.6922222222224,82.13111111111111,413.7711111111111,-393.94444444444446,571.3131870513453,wackestone-grainstone,100.0,0.0,none
2656.5,2322.524814814815,2317.824814814815,82.21407407407408,414.46074074074073,-394.6562962962963,572.303501493459,wackestone-grainstone,100.0,0.0,none
2657.5,2322.6574074074074,2317.9574074074076,82.29703703703704,415.15037037037035,-395.3681481481482,573.2938187253999,wackestone-grainstone,100.0,0.0,none
2658.5,2322.79,2318.09,82.38,415.84,-396.08000000000004,574.2841387327356,wackestone-grainstone,100.0,0.0,none
2659.5,2322.9225925925925,2318.2225925925927,82.46296296296296,416.5296296296296,-396.79185185185185,575.2744615011328,wackestone-grainstone,100.0,0.0,none
2660.5,2323.055185185185,2318.3551851851853,82.54592592592593,417.2192592592592,-397.5037037037037,576.2647870163566,wackestone-grainstone,100.0,0.0,none
2661.5,2323.1877777777777,2318.487777777778,82.6288888888889,417.90888888888884,-398.21555555555557,577.2551152642698,wackestone-grainstone,100.0,0.0,none
2662.5,2323.3203703703703,2318.6203703703704,82.71185185185185,418.5985185185185,-398.92740740740743,578.245446230832,wackestone-grainstone,100.0,0.0,none
2663.5,2323.452962962963,2318.752962962963,82.79481481481481,419.28814814814814,-399.6392592592593,579.235779902099,wackestone-grainstone,100.0,0.0,none
2664.5,2323.5855555555554,2318.8855555555556,82.87777777777778,419.97777777777776,-400.3511111111111,580.2261162642213,wackestone-grainstone,100.0,0.0,none
2665.5,2323.718148148148,2319.018148148148,82.96074074074075,420.6674074074074,-401.06296296296296,581.2164553034443,wackestone-grainstone,100.0,0.0,none
2666.5,2323.8507407407405,2319.1507407407407,83.0437037037037,421.357037037037,-401.7748148148148,582.2067970061065,wackestone-grainstone,100.0,0.0,none
2667.5,2323.983333333333,2319.2833333333333,83.12666666666667,422.0466666666666,-402.4866666666667,583.1971413586394,wackestone-grainstone,100.0,0.0,none
2668.5,2324.1159259259257,2319.415925925926,83.20962962962963,422.73629629629625,-403.19851851851854,584.1874883475665,wackestone-grainstone,100.0,0.0,none
2669.5,2324.2485185185183,2319.5485185185184,83.2925925925926,423.4259259259259,-403.91037037037034,585.1778379595022,wackestone-grainstone,100.0,0.0,none
2670.5,2324.381111111111,2319.681111111111,83.37555555555555,424.11555555555555,-404.6222222222222,586.1681901811518,wackestone-grainstone,100.0,0.0,none
2671.5,2324.5137037037034,2319.8137037037036,83.45851851851852,424.80518518518517,-405.33407407407407,587.1585449993097,wackestone-grainstone,100.0,0.0,none
2672.5,2324.6232142857143,2319.9232142857145,83.55535714285715,425.5010714285714,-406.04321428571427,588.1515567048485,wackestone-grainstone,100.0,0.0,none
2673.5,2324.7096428571426,2320.009642857143,83.66607142857143,426.20321428571424,-406.7496428571429,589.1472242418594,wackestone-grainstone,100.0,0.0,none
2674.5,2324.7960714285714,2320.0960714285716,83.77678571428571,426.9053571428571,-407.4560714285714,590.1428929515931,wackestone-grainstone,100.0,0.0,none
2675.5,2324.8824999999997,2320.1825,83.8875,427.60749999999996,-408.1625,591.1385628281241,wackestone-grainstone,100.0,0.0,none
2676.5,2324.9689285714285,2320.2689285714287,83.99821428571428,428.3096428571428,-408.86892857142857,592.1342338655663,wackestone-grainstone,100.0,0.0,none
2677.5,2325.0553571428572,2320.3553571428574,84.10892857142856,429.0117857142857,-409.5753571428572,593.1299060580735,wackestone-grainstone,100.0,0.0,none
2678.5,2325.1417857142856,2320.4417857142857,84.21964285714286,429.71392857142854,-410.2817857142857,594.1255793998386,wackestone-grainstone,100.0,0.0,none
2679.5,2325.2282142857143,2320.5282142857145,84.33035714285714,430.4160714285714,-410.98821428571426,595.121253885093,wackestone-grainstone,100.0,0.0,none
2680.5,2325.3146428571426,2320.614642857143,84.44107142857143,431.11821428571426,-411.69464285714287,596.1169295081071,wackestone-grainstone,100.0,0.0,none
2681.5,2325.4010714285714,2320.7010714285716,84.55178571428571,431.8203571428571,-412.4010714285714,597.1126062631892,wackestone-grainstone,100.0,0.0,none
2682.5,2325.4875,2320.7875000000004,84.6625,432.5225,-413.1075,598.1082841446856,wackestone-grainstone,100.0,0.0,none
2683.5,2325.5739285714285,2320.8739285714287,84.77321428571429,433.22464285714284,-413.81392857142856,599.1039631469803,wackestone-grainstone,100.0,0.0,none
2684.5,2325.6603571428573,2320.9603571428574,84.88392857142857,433.9267857142857,-414.52035714285716,600.0996432644944,wackestone-grainstone,100.0,0.0,none
2685.5,2325.7467857142856,2321.0467857142858,84.99464285714285,434.62892857142856,-415.2267857142857,601.095324491686,wackestone-grainstone,100.0,0.0,none
2686.5,2325.8332142857143,2321.1332142857145,85.10535714285714,435.3310714285714,-415.9332142857143,602.0910068230498,wackestone-grainstone,100.0,0.0,none
2687.5,2325.9196428571427,2321.219642857143,85.21607142857142,436.0332142857143,-416.63964285714286,603.0866902531171,wackestone-grainstone,100.0,0.0,none
2688.5,2326.0060714285714,2321.3060714285716,85.3267857142857,436.73535714285714,-417.34607142857146,604.0823747764548,wackestone-grainstone,100.0,0.0,none
2689.5,2326.0924999999997,2321.3925,85.4375,437.4375,-418.0525,605.078060387666,wackestone-grainstone,100.0,0.0,none
2690.5,2326.1789285714285,2321.4789285714287,85.54821428571428,438.13964285714286,-418.7589285714286,606.073747081389,wackestone-grainstone,100.0,0.0,none
2691.5,2326.2653571428573,2321.5653571428575,85.65892857142856,438.8417857142857,-419.46535714285716,607.0694348522974,wackestone-grainstone,100.0,0.0,none
2692.5,2326.3517857142856,2321.651785714286,85.76964285714286,439.5439285714286,-420.17178571428576,608.0651236950996,wackestone-grainstone,100.0,0.0,none
2693.5,2326.4382142857144,2321.7382142857145,85.88035714285714,440.24607142857144,-420.8782142857143,609.0608136045386,wackestone-grainstone,100.0,0.0,none
2694.5,2326.5246428571427,2321.824642857143,85.99107142857143,440.9482142857143,-421.58464285714285,610.0565045753917,wackestone-grainstone,100.0,0.0,none
2695.5,2326.6110714285714,2321.9110714285716,86.10178571428571,441.65035714285716,-422.29107142857146,611.0521966024704,wackestone-grainstone,100.0,0.0,none
2696.5,2326.6975,2321.9975000000004,86.21249999999999,442.3525,-422.9975,612.0478896806197,wackestone-grainstone,100.0,0.0,none
2697.5,2326.7839285714285,2322.0839285714287,86.32321428571429,443.0546428571429,-423.7039285714286,613.0435838047183,wackestone-grainstone,100.0,0.0,none
2698.5,2326.8703571428573,2322.1703571428575,86.43392857142857,443.75678571428574,-424.41035714285715,614.039278969678,wackestone-grainstone,100.0,0.0,none
2699.5,2326.9567857142856,2322.256785714286,86.54464285714285,444.4589285714286,-425.11678571428575,615.0349751704437,wackestone-grainstone,100.0,0.0,none
2700.5,2327.011296296296,2322.3112962962964,86.67777777777778,445.1694444444444,-425.81722222222226,616.0325811254017,wackestone-grainstone,100.0,0.0,none
2701.5,2327.033888888889,2322.333888888889,86.83333333333333,445.8883333333333,-426.5116666666667,617.0320960902727,wackestone-grainstone,100.0,0.0,none
2702.5,2327.0564814814816,2322.3564814814818,86.98888888888888,446.6072222222222,-427.2061111111111,618.0316110942291,wackestone-grainstone,100.0,0.0,none
2703.5,2327.079074074074,2322.379074074074,87.14444444444445,447.3261111111111,-427.90055555555557,619.0311261370814,wackestone-grainstone,100.0,0.0,none
2704.5,2327.1016666666665,2322.4016666666666,87.3,448.045,-428.595,620.0306412186418,wackestone-grainstone,100.0,0.0,none
2705.5,2327.1242592592594,2322.4242592592595,87.45555555555555,448.7638888888889,-429.2894444444445,621.030156338723,wackestone-grainstone,100.0,0.0,none
2706.5,2327.146851851852,2322.446851851852,87.6111111111111,449.4827777777778,-429.98388888888894,622.0296714971397,wackestone-grainstone,100.0,0.0,none
2707.5,2327.1694444444447,2322.4694444444444,87.76666666666667,450.20166666666665,-430.67833333333334,623.0291866937072,wackestone-grainstone,100.0,0.0,none
2708.5,2327.192037037037,2322.4920370370373,87.92222222222222,450.92055555555555,-431.3727777777778,624.0287019282422,wackestone-grainstone,100.0,0.0,none
2709.5,2327.2146296296296,2322.51462962963,88.07777777777777,451.63944444444445,-432.06722222222226,625.0282172005626,wackestone-grainstone,100.0,0.0,none
2710.5,2327.237222222222,2322.537222222222,88.23333333333333,452.35833333333335,-432.7616666666667,626.0277325104873,wackestone-grainstone,100.0,0.0,none
2711.5,2327.259814814815,2322.5598148148147,88.38888888888889,453.07722222222225,-433.4561111111111,627.0272478578366,wackestone-grainstone,100.0,0.0,none
2712.5,2327.2824074074074,2322.5824074074076,88.54444444444444,453.79611111111114,-434.15055555555557,628.0267632424318,wackestone-grainstone,100.0,0.0,none
2713.5,2327.3050000000003,2322.605,88.69999999999999,454.515,-434.845,629.0262786640952,wackestone-grainstone,100.0,0.0,none
2714.5,2327.3275925925927,2322.6275925925925,88.85555555555555,455.2338888888889,-435.5394444444445,630.0257941226506,wackestone-grainstone,100.0,0.0,none
2715.5,2327.350185185185,2322.6501851851854,89.0111111111111,455.9527777777778,-436.23388888888894,631.0253096179226,wackestone-grainstone,100.0,0.0,none
2716.5,2327.3727777777776,2322.672777777778,89.16666666666666,456.6716666666667,-436.92833333333334,632.024825149737,wackestone-grainstone,100.0,0.0,none
2717.5,2327.3953703703705,2322.6953703703703,89.32222222222222,457.3905555555556,-437.6227777777778,633.0243407179206,wackestone-grainstone,100.0,0.0,none
2718.5,2327.417962962963,2322.7179629629627,89.47777777777777,458.1094444444445,-438.31722222222226,634.0238563223016,wackestone-grainstone,100.0,0.0,none
2719.5,2327.440555555556,2322.7405555555556,89.63333333333333,458.8283333333334,-439.0116666666667,635.0233719627089,wackestone-grainstone,100.0,0.0,none
2720.5,2327.4631481481483,2322.763148148148,89.78888888888889,459.5472222222222,-439.7061111111111,636.0228876389727,wackestone-grainstone,100.0,0.0,none
2721.5,2327.4857407407408,2322.7857407407405,89.94444444444444,460.2661111111111,-440.40055555555557,637.0224033509243,wackestone-grainstone,100.0,0.0,none
2722.5,2327.508333333333,2322.8083333333334,90.1,460.985,-441.095,638.0219190983959,wackestone-grainstone,100.0,0.0,none
2723.5,2327.530925925926,2322.830925925926,90.25555555555555,461.7038888888889,-441.7894444444445,639.0214348812209,wackestone-grainstone,100.0,0.0,none
2724.5,2327.5535185185186,2322.8535185185183,90.41111111111111,462.4227777777778,-442.48388888888894,640.0209506992335,wackestone-grainstone,100.0,0.0,none
2725.5,2327.5761111111115,2322.876111111111,90.56666666666666,463.1416666666667,-443.17833333333334,641.0204665522692,wackestone-grainstone,100.0,0.0,none
2726.5,2327.598703703704,2322.8987037037036,90.72222222222221,463.8605555555556,-443.8727777777778,642.0199824401645,wackestone-grainstone,100.0,0.0,none
2727.5,2327.6057407407407,2322.9057407407404,90.7887037037037,464.58333333333337,-444.56351851851855,643.0197474484562,wackestone-grainstone,100.0,0.0,none
2728.5,2327.597222222222,2322.897222222222,90.76611111111112,465.31,-445.2505555555556,644.0197615931758,wackestone-grainstone,100.0,0.0,none
2729.5,2327.5887037037037,2322.8887037037034,90.74351851851851,466.0366666666667,-445.93759259259264,645.0197757937774,wackestone-grainstone,100.0,0.0,none
2730.5,2327.580185185185,2322.880185185185,90.72092592592593,466.7633333333334,-446.6246296296296,646.0197900500017,wackestone-grainstone,100.0,0.0,none
2731.5,2327.5716666666667,2322.8716666666664,90.69833333333332,467.49,-447.31166666666667,647.0198043615907,wackestone-grainstone,100.0,0.0,none
2732.5,2327.5631481481482,2322.863148148148,90.67574074074074,468.2166666666667,-447.9987037037037,648.0198187282881,wackestone-grainstone,100.0,0.0,none
2733.5,2327.5546296296297,2322.8546296296295,90.65314814814815,468.9433333333333,-448.68574074074075,649.0198331498391,wackestone-grainstone,100.0,0.0,none
2734.5,2327.5461111111113,2322.846111111111,90.63055555555556,469.67,-449.3727777777778,650.0198476259907,wackestone-grainstone,100.0,0.0,none
2735.5,2327.537592592593,2322.8375925925925,90.60796296296296,470.3966666666667,-450.05981481481484,651.0198621564911,wackestone-grainstone,100.0,0.0,none
2736.5,2327.5290740740743,2322.829074074074,90.58537037037037,471.12333333333333,-450.7468518518519,652.0198767410902,wackestone-grainstone,100.0,0.0,none
2737.5,2327.520555555556,2322.8205555555555,90.56277777777777,471.85,-451.4338888888889,653.0198913795396,wackestone-grainstone,100.0,0.0,none
2738.5,2327.5120370370373,2322.812037037037,90.54018518518518,472.57666666666665,-452.1209259259259,654.0199060715922,wackestone-grainstone,100.0,0.0,none
2739.5,2327.503518518519,2322.8035185185186,90.51759259259259,473.30333333333334,-452.80796296296296,655.0199208170027,wackestone-grainstone,100.0,0.0,none
2740.5,2327.495,2322.795,90.495,474.03,-453.495,656.0199356155268,wackestone-grainstone,100.0,0.0,none
2741.5,2327.4864814814814,2322.786481481481,90.4724074074074,474.75666666666666,-454.18203703703705,657.0199504669222,wackestone-grainstone,100.0,0.0,none
2742.5,2327.477962962963,2322.7779629629626,90.44981481481481,475.48333333333335,-454.8690740740741,658.0199653709477,wackestone-grainstone,100.0,0.0,none
2743.5,2327.4694444444444,2322.769444444444,90.42722222222221,476.21,-455.55611111111114,659.0199803273638,wackestone-grainstone,100.0,0.0,none
2744.5,2327.460925925926,2322.7609259259257,90.40462962962962,476.93666666666667,-456.2431481481481,660.0199953359323,wackestone-grainstone,100.0,0.0,none
2745.5,2327.4524074074075,2322.752407407407,90.38203703703704,477.6633333333333,-456.93018518518517,661.0200103964165,mudstone-wackestone,20.0,80.0,none
2746.5,2327.443888888889,2322.7438888888887,90.35944444444445,478.39,-457.6172222222222,662.0200255085813,mudstone-wackestone,20.0,80.0,none
2747.5,2327.4353703703705,2322.73537037037,90.33685185185185,479.1166666666667,-458.30425925925925,663.0200406721927,mudstone-wackestone,20.0,80.0,none
2748.5,2327.426851851852,2322.7268518518517,90.31425925925926,479.8433333333333,-458.9912962962963,664.0200558870183,mudstone-wackestone,20.0,80.0,none
2749.5,2327.4183333333335,2322.7183333333332,90.29166666666666,480.57,-459.67833333333334,665.020071152827,mudstone-wackestone,20.0,80.0,none
2750.5,2327.409814814815,2322.7098148148148,90.26907407407407,481.2966666666666,-460.36537037037033,666.0200864693892,wackestone-grainstone,70.0,30.0,none
2751.5,2327.4012962962966,2322.7012962962963,90.24648148148148,482.0233333333333,-461.0524074074074,667.0201018364767,wackestone-grainstone,70.0,30.0,none
2752.5,2327.392777777778,2322.692777777778,90.2238888888889,482.75,-461.7394444444444,668.0201172538625,wackestone-grainstone,70.0,30.0,none
2753.5,2327.3842592592596,2322.6842592592593,90.20129629629629,483.47666666666663,-462.42648148148146,669.020132721321,wackestone-grainstone,70.0,30.0,none
2754.5,2327.3757142857144,2322.675714285714,90.20071428571428,484.21410714285713,-463.1014285714285,670.0195778490747,wackestone-grainstone,70.0,30.0,none
2755.5,2327.367142857143,2322.6671428571426,90.22214285714286,484.9623214285714,-463.7642857142857,671.0184542242266,grainstone-wackestone,90.0,10.0,poor
2756.5,2327.3585714285714,2322.658571428571,90.24357142857143,485.7105357142857,-464.4271428571428,672.0173327573533,grainstone-wackestone,90.0,10.0,poor
2757.5,2327.35,2322.6499999999996,90.265,486.45875,-465.09,673.0162134388461,grainstone-wackestone,90.0,10.0,poor
2758.5,2327.3414285714284,2322.6414285714286,90.28642857142857,487.20696428571426,-465.7528571428571,674.0150962591534,grainstone-wackestone,90.0,10.0,poor
2759.5,2327.3328571428574,2322.632857142857,90.30785714285715,487.9551785714286,-466.4157142857143,675.0139812087805,grainstone-wackestone,90.0,10.0,poor
2760.5,2327.324285714286,2322.6242857142856,90.32928571428572,488.70339285714283,-467.0785714285714,676.012868278288,grainstone-wackestone,90.0,10.0,poor
2761.5,2327.3157142857144,2322.615714285714,90.35071428571429,489.45160714285714,-467.74142857142857,677.011757458293,grainstone-wackestone,90.0,10.0,poor
2762.5,2327.307142857143,2322.6071428571427,90.37214285714286,490.1998214285714,-468.4042857142857,678.0106487394675,grainstone-wackestone,90.0,10.0,poor
2763.5,2327.2985714285714,2322.598571428571,90.39357142857143,490.9480357142857,-469.0671428571428,679.0095421125382,grainstone-wackestone,90.0,10.0,poor
2764.5,2327.29,2322.59,90.415,491.69625,-469.72999999999996,680.0084375682867,grainstone-wackestone,90.0,10.0,poor
2765.5,2327.2814285714285,2322.5814285714287,90.43642857142858,492.4444642857143,-470.3928571428571,681.0073350975483,grainstone-wackestone,100.0,0.0,poor
2766.5,2327.272857142857,2322.572857142857,90.45785714285715,493.1926785714286,-471.05571428571426,682.0062346912123,grainstone-wackestone,100.0,0.0,poor
2767.5,2327.2642857142855,2322.5642857142857,90.47928571428572,493.94089285714284,-471.7185714285714,683.0051363402208,grainstone-wackestone,100.0,0.0,poor
2768.5,2327.2557142857145,2322.555714285714,90.50071428571428,494.68910714285715,-472.38142857142856,684.0040400355695,grainstone-wackestone,100.0,0.0,poor
2769.5,2327.247142857143,2322.5471428571427,90.52214285714285,495.4373214285714,-473.0442857142857,685.0029457683057,grainstone-wackestone,100.0,0.0,poor
2770.5,2327.2385714285715,2322.5385714285712,90.54357142857143,496.1855357142857,-473.70714285714286,686.0018535295296,grainstone-wackestone,100.0,0.0,poor
2771.5,2327.23,2322.5299999999997,90.565,496.93375000000003,-474.37,687.0007633103929,grainstone-wackestone,100.0,0.0,poor
2772.5,2327.2214285714285,2322.5214285714287,90.58642857142857,497.6819642857143,-475.0328571428571,687.9996751020985,grainstone-wackestone,100.0,0.0,poor
2773.5,2327.212857142857,2322.5128571428572,90.60785714285714,498.4301785714286,-475.69571428571425,688.9985888959005,grainstone-wackestone,100.0,0.0,poor
2774.5,2327.2042857142856,2322.5042857142857,90.62928571428571,499.17839285714285,-476.3585714285714,689.9975046831034,grainstone-wackestone,100.0,0.0,poor
2775.5,2327.195714285714,2322.4957142857143,90.65071428571429,499.92660714285716,-477.02142857142854,690.9964224550624,grainstone-wackestone,100.0,0.0,poor
2776.5,2327.1871428571426,2322.4871428571428,90.67214285714286,500.6748214285714,-477.6842857142857,691.9953422031822,grainstone-wackestone,100.0,0.0,poor
2777.5,2327.1785714285716,2322.4785714285713,90.69357142857143,501.42303571428573,-478.34714285714284,692.9942639189171,grainstone-wackestone,100.0,0.0,poor
2778.5,2327.17,2322.4700000000003,90.715,502.17125,-479.01,693.9931875937706,grainstone-wackestone,100.0,0.0,poor
2779.5,2327.1614285714286,2322.4614285714288,90.73642857142858,502.9194642857143,-479.67285714285714,694.9921132192952,grainstone-wackestone,100.0,0.0,poor
2780.5,2327.152857142857,2322.4528571428573,90.75785714285715,503.6676785714286,-480.3357142857143,695.9910407870918,wackestone-grainstone,100.0,0.0,poor
2781.5,2327.1442857142856,2322.444285714286,90.77928571428572,504.41589285714286,-480.99857142857144,696.9899702888092,wackestone-grainstone,100.0,0.0,poor
2782.5,2327.1388888888887,2322.438888888889,90.765,505.1714814814815,-481.6535185185185,697.9887804280694,wackestone-grainstone,100.0,0.0,poor
2783.5,2327.1366666666663,2322.4366666666665,90.715,505.93444444444447,-482.30055555555555,698.9874733959874,wackestone-grainstone,100.0,0.0,poor
2784.5,2327.1344444444444,2322.4344444444446,90.665,506.6974074074074,-482.94759259259257,699.9861711950952,wackestone-grainstone,100.0,0.0,poor
2785.5,2327.132222222222,2322.432222222222,90.61500000000001,507.4603703703704,-483.5946296296296,700.9848738047435,wackestone-grainstone,90.0,0.0,poor
2786.5,2327.13,2322.4300000000003,90.565,508.22333333333336,-484.2416666666667,701.9835812044008,wackestone-grainstone,90.0,0.0,poor
2787.5,2327.1277777777777,2322.427777777778,90.515,508.9862962962963,-484.8887037037037,702.9822933736519,wackestone-grainstone,90.0,0.0,poor
2788.5,2327.1255555555554,2322.4255555555555,90.465,509.74925925925925,-485.5357407407407,703.9810102921977,wackestone-grainstone,90.0,0.0,poor
2789.5,2327.123333333333,2322.423333333333,90.415,510.51222222222225,-486.18277777777774,704.9797319398534,wackestone-grainstone,90.0,0.0,poor
2790.5,2327.121111111111,2322.4211111111113,90.36500000000001,511.2751851851852,-486.8298148148148,705.9784582965491,grainstone-wackestone,100.0,0.0,none
2791.5,2327.1188888888887,2322.418888888889,90.315,512.0381481481481,-487.47685185185185,706.9771893423275,grainstone-wackestone,100.0,0.0,none
2792.5,2327.116666666667,2322.416666666667,90.265,512.8011111111111,-488.12388888888887,707.9759250573444,grainstone-wackestone,100.0,0.0,none
2793.5,2327.1144444444444,2322.4144444444446,90.215,513.564074074074,-488.7709259259259,708.9746654218668,grainstone-wackestone,100.0,0.0,none
2794.5,2327.112222222222,2322.412222222222,90.165,514.327037037037,-489.417962962963,709.9734104162732,grainstone-wackestone,100.0,0.0,none
2795.5,2327.1099999999997,2322.41,90.11500000000001,515.09,-490.065,710.9721600210518,grainstone-wackestone,100.0,0.0,none
2796.5,2327.1077777777778,2322.407777777778,90.065,515.8529629629629,-490.712037037037,711.9709142168003,grainstone-wackestone,100.0,0.0,none
2797.5,2327.1055555555554,2322.4055555555556,90.015,516.6159259259259,-491.3590740740741,712.9696729842253,grainstone-wackestone,100.0,0.0,none
2798.5,2327.1033333333335,2322.4033333333336,89.965,517.3788888888889,-492.0061111111111,713.968436304141,grainstone-wackestone,100.0,0.0,none
2799.5,2327.101111111111,2322.4011111111113,89.915,518.1418518518518,-492.65314814814815,714.9672041574687,grainstone-wackestone,100.0,0.0,none
2800.5,2327.0988888888887,2322.398888888889,89.865,518.9048148148148,-493.30018518518517,715.9659765252363,grainstone-wackestone,100.0,0.0,none
2801.5,2327.0966666666664,2322.3966666666665,89.815,519.6677777777778,-493.94722222222225,716.9647533885772,grainstone-wackestone,100.0,0.0,none
2802.5,2327.0944444444444,2322.3944444444446,89.765,520.4307407407407,-494.5942592592593,717.9635347287294,grainstone-wackestone,100.0,0.0,none
2803.5,2327.092222222222,2322.3922222222222,89.715,521.1937037037037,-495.2412962962963,718.9623205270357,grainstone-wackestone,100.0,0.0,none
2804.5,2327.09,2322.3900000000003,89.66499999999999,521.9566666666667,-495.8883333333333,719.9611107649418,grainstone-wackestone,100.0,0.0,none
2805.5,2327.087777777778,2322.387777777778,89.615,522.7196296296296,-496.5353703703704,720.9599054239966,grainstone-wackestone,100.0,0.0,none
2806.5,2327.0855555555554,2322.3855555555556,89.565,523.4825925925926,-497.1824074074074,721.9587044858505,grainstone-wackestone,100.0,0.0,none
2807.5,2327.083333333333,2322.383333333333,89.515,524.2455555555556,-497.82944444444445,722.9575079322556,grainstone-wackestone,100.0,0.0,none
2808.5,2327.081111111111,2322.3811111111113,89.465,525.0085185185185,-498.47648148148147,723.9563157450643,grainstone-wackestone,100.0,0.0,none
2809.5,2327.087857142857,2322.3878571428572,89.42803571428571,525.7742857142857,-499.1196428571429,724.9544933333466,grainstone-wackestone,100.0,0.0,none
2810.5,2327.1035714285713,2322.4035714285715,89.40410714285714,526.5428571428571,-499.7589285714286,725.9520418698645,wackestone-grainstone,90.0,0.0,none
2811.5,2327.1192857142855,2322.4192857142857,89.38017857142857,527.3114285714286,-500.3982142857143,726.9495963011276,wackestone-grainstone,90.0,0.0,none
2812.5,2327.1349999999998,2322.435,89.35625,528.0799999999999,-501.0375,727.947156602902,wackestone-grainstone,90.0,0.0,none
2813.5,2327.150714285714,2322.450714285714,89.33232142857143,528.8485714285714,-501.67678571428576,728.9447227510864,wackestone-grainstone,90.0,0.0,none
2814.5,2327.1664285714287,2322.466428571429,89.30839285714285,529.6171428571429,-502.31607142857143,729.9422947217108,wackestone-grainstone,90.0,0.0,none
2815.5,2327.182142857143,2322.482142857143,89.28446428571428,530.3857142857142,-502.95535714285717,730.9398724909364,wackestone-grainstone,90.0,0.0,none
2816.5,2327.197857142857,2322.4978571428574,89.26053571428571,531.1542857142857,-503.5946428571429,731.9374560350539,wackestone-grainstone,90.0,0.0,none
2817.5,2327.2135714285714,2322.5135714285716,89.23660714285714,531.9228571428571,-504.2339285714286,732.9350453304828,wackestone-grainstone,90.0,0.0,none
2818.5,2327.2292857142857,2322.529285714286,89.21267857142857,532.6914285714286,-504.8732142857143,733.9326403537713,wackestone-grainstone,90.0,0.0,none
2819.5,2327.245,2322.545,89.18875,533.46,-505.51250000000005,734.9302410815941,wackestone-grainstone,90.0,0.0,none
2820.5,2327.260714285714,2322.5607142857143,89.16482142857143,534.2285714285714,-506.1517857142857,735.9278474907526,wackestone-grainstone,90.0,0.0,none
2821.5,2327.2764285714284,2322.5764285714286,89.14089285714286,534.9971428571429,-506.79107142857146,736.9254595581738,wackestone-grainstone,90.0,0.0,none
2822.5,2327.2921428571426,2322.592142857143,89.11696428571429,535.7657142857142,-507.4303571428572,737.9230772609088,wackestone-grainstone,90.0,0.0,none
2823.5,2327.3078571428573,2322.6078571428575,89.0930357142857,536.5342857142857,-508.06964285714287,738.9207005761332,wackestone-grainstone,90.0,0.0,none
2824.5,2327.3235714285715,2322.6235714285717,89.06910714285713,537.3028571428571,-508.7089285714286,739.9183294811451,wackestone-grainstone,90.0,0.0,none
2825.5,2327.339285714286,2322.639285714286,89.04517857142856,538.0714285714286,-509.34821428571433,740.9159639533649,wackestone-grainstone,90.0,0.0,none
2826.5,2327.355,2322.655,89.02125,538.8399999999999,-509.9875,741.9136039703342,wackestone-grainstone,90.0,0.0,none
2827.5,2327.3707142857143,2322.6707142857144,88.99732142857142,539.6085714285714,-510.62678571428575,742.9112495097155,wackestone-grainstone,90.0,0.0,none
2828.5,2327.3864285714285,2322.6864285714287,88.97339285714285,540.3771428571429,-511.2660714285715,743.9089005492905,wackestone-grainstone,90.0,0.0,none
2829.5,2327.4021428571427,2322.702142857143,88.94946428571428,541.1457142857142,-511.90535714285716,744.9065570669599,wackestone-grainstone,90.0,0.0,none
2830.5,2327.417857142857,2322.717857142857,88.92553571428572,541.9142857142857,-512.5446428571429,745.904219040743,wackestone-grainstone,90.0,0.0,none
2831.5,2327.433571428571,2322.7335714285714,88.90160714285715,542.6828571428571,-513.1839285714286,746.9018864487757,wackestone-grainstone,90.0,0.0,none
2832.5,2327.449285714286,2322.749285714286,88.87767857142856,543.4514285714286,-513.8232142857144,747.899559269311,wackestone-grainstone,90.0,0.0,none
2833.5,2327.465,2322.7650000000003,88.85374999999999,544.22,-514.4625000000001,748.8972374807174,wackestone-grainstone,90.0,0.0,none
2834.5,2327.4807142857144,2322.7807142857146,88.82982142857142,544.9885714285714,-515.1017857142857,749.8949210614784,wackestone-grainstone,90.0,0.0,none
2835.5,2327.4964285714286,2322.796428571429,88.80589285714285,545.7571428571429,-515.7410714285714,750.8926099901921,wackestone-grainstone,100.0,0.0,none
2836.5,2327.512142857143,2322.812142857143,88.78196428571428,546.5257142857142,-516.3803571428572,751.8903042455694,wackestone-grainstone,100.0,0.0,none
2837.5,2327.525925925926,2322.825925925926,88.79055555555556,547.3122222222222,-516.9964814814815,752.8851376259588,wackestone-grainstone,100.0,0.0,none
2838.5,2327.5377777777776,2322.837777777778,88.83166666666666,548.1166666666667,-517.5894444444444,753.8771208082167,wackestone-grainstone,100.0,0.0,none
2839.5,2327.5496296296296,2322.84962962963,88.87277777777777,548.921111111111,-518.1824074074075,754.8691234710777,wackestone-grainstone,100.0,0.0,none
2840.5,2327.5614814814817,2322.8614814814814,88.91388888888889,549.7255555555555,-518.7753703703704,755.8611455378423,mudstone-wackestone,0.0,90.0,none
2841.5,2327.5733333333333,2322.8733333333334,88.955,550.53,-519.3683333333333,756.8531869322111,mudstone-wackestone,0.0,90.0,none
2842.5,2327.5851851851853,2322.8851851851855,88.9961111111111,551.3344444444444,-519.9612962962964,757.8452475782831,mudstone-wackestone,0.0,90.0,none
2843.5,2327.597037037037,2322.897037037037,89.03722222222221,552.1388888888889,-520.5542592592593,758.8373274005523,mudstone-wackestone,0.0,90.0,none
2844.5,2327.608888888889,2322.908888888889,89.07833333333333,552.9433333333333,-521.1472222222222,759.829426323906,mudstone-wackestone,0.0,90.0,none
2845.5,2327.620740740741,2322.9207407407407,89.11944444444444,553.7477777777777,-521.7401851851853,760.8215442736217,mudstone-wackestone,0.0,90.0,none
2846.5,2327.6325925925926,2322.9325925925928,89.16055555555555,554.5522222222222,-522.3331481481482,761.8136811753648,mudstone-wackestone,0.0,90.0,none
2847.5,2327.6444444444446,2322.9444444444443,89.20166666666667,555.3566666666667,-522.9261111111111,762.8058369551857,mudstone-wackestone,0.0,90.0,none
2848.5,2327.656296296296,2322.9562962962964,89.24277777777777,556.161111111111,-523.5190740740741,763.7980115395178,mudstone-wackestone,0.0,90.0,none
2849.5,2327.6681481481482,2322.968148148148,89.28388888888888,556.9655555555555,-524.1120370370371,764.7902048551754,mudstone-wackestone,0.0,90.0,none
2850.5,2327.6800000000003,2322.98,89.32499999999999,557.77,-524.705,765.7824168293498,mudstone-wackestone,0.0,90.0,none
2851.5,2327.691851851852,2322.991851851852,89.36611111111111,558.5744444444445,-525.297962962963,766.7746473896083,mudstone-wackestone,0.0,90.0,none
2852.5,2327.703703703704,2323.0037037037036,89.40722222222222,559.3788888888889,-525.890925925926,767.7668964638914,mudstone-wackestone,0.0,90.0,none
2853.5,2327.7155555555555,2323.0155555555557,89.44833333333332,560.1833333333333,-526.4838888888889,768.7591639805098,mudstone-wackestone,0.0,90.0,none
2854.5,2327.7274074074076,2323.0274074074073,89.48944444444444,560.9877777777778,-527.0768518518519,769.751449868143,mudstone-wackestone,0.0,90.0,none
2855.5,2327.739259259259,2323.0392592592593,89.53055555555555,561.7922222222222,-527.6698148148148,770.7437540558365,mudstone-wackestone,0.0,90.0,none
2856.5,2327.751111111111,2323.051111111111,89.57166666666666,562.5966666666667,-528.2627777777778,771.7360764729989,mudstone-wackestone,0.0,90.0,none
2857.5,2327.7629629629632,2323.062962962963,89.61277777777778,563.401111111111,-528.8557407407408,772.7284170494004,mudstone-wackestone,0.0,90.0,none
2858.5,2327.774814814815,2323.0748148148145,89.65388888888889,564.2055555555555,-529.4487037037037,773.7207757151706,mudstone-wackestone,0.0,90.0,none
2859.5,2327.786666666667,2323.0866666666666,89.695,565.01,-530.0416666666667,774.7131524007953,mudstone-wackestone,0.0,90.0,none
2860.5,2327.7985185185184,2323.0985185185186,89.7361111111111,565.8144444444445,-530.6346296296297,775.7055470371148,mudstone-wackestone,0.0,90.0,none
2861.5,2327.8103703703705,2323.11037037037,89.77722222222222,566.6188888888889,-531.2275925925926,776.697959555322,mudstone-wackestone,0.0,90.0,none
2862.5,2327.8222222222225,2323.1222222222223,89.81833333333333,567.4233333333333,-531.8205555555556,777.6903898869593,mudstone-wackestone,0.0,90.0,none
2863.5,2327.834074074074,2323.134074074074,89.85944444444443,568.2277777777778,-532.4135185185186,778.6828379639174,mudstone-wackestone,0.0,90.0,none
2864.5,2327.8411111111113,2323.141111111111,89.88,569.0414814814815,-532.9942592592593,779.6737061424899,mudstone-wackestone,0.0,90.0,none
2865.5,2327.8433333333332,2323.1433333333334,89.88,569.8644444444444,-533.5627777777778,780.6630021154541,wackestone-grainstone,100.0,0.0,none
2866.5,2327.8455555555556,2323.1455555555553,89.88,570.6874074074074,-534.1312962962963,781.6523259458454,wackestone-grainstone,100.0,0.0,none
2867.5,2327.847777777778,2323.1477777777777,89.88,571.5103703703704,-534.6998148148149,782.6416775280213,wackestone-grainstone,100.0,0.0,none
2868.5,2327.8500000000004,2323.1499999999996,89.88,572.3333333333334,-535.2683333333333,783.6310567568701,wackestone-grainstone,100.0,0.0,none
2869.5,2327.8522222222223,2323.152222222222,89.88,573.1562962962963,-535.8368518518519,784.6204635278074,wackestone-grainstone,100.0,0.0,none
2870.5,2327.8544444444447,2323.1544444444444,89.88,573.9792592592593,-536.4053703703704,785.6098977367725,wackestone-grainstone,100.0,0.0,none
2871.5,2327.8566666666666,2323.1566666666668,89.88,574.8022222222222,-536.973888888889,786.5993592802258,wackestone-grainstone,100.0,0.0,none
2872.5,2327.858888888889,2323.1588888888887,89.88,575.6251851851852,-537.5424074074074,787.5888480551447,wackestone-grainstone,100.0,0.0,none
2873.5,2327.8611111111113,2323.161111111111,89.88,576.4481481481481,-538.1109259259259,788.5783639590213,wackestone-grainstone,100.0,0.0,none
2874.5,2327.8633333333337,2323.163333333333,89.88,577.2711111111112,-538.6794444444445,789.5679068898585,wackestone-grainstone,100.0,0.0,none
2875.5,2327.8655555555556,2323.1655555555553,89.88,578.0940740740741,-539.247962962963,790.5574767461669,wackestone-grainstone,100.0,0.0,none
2876.5,2327.867777777778,2323.1677777777777,89.88,578.9170370370371,-539.8164814814814,791.5470734269622,wackestone-grainstone,100.0,0.0,none
2877.5,2327.8700000000003,2323.17,89.88,579.74,-540.385,792.5366968317619,wackestone-grainstone,100.0,0.0,none
2878.5,2327.8722222222223,2323.172222222222,89.88,580.562962962963,-540.9535185185185,793.5263468605815,wackestone-grainstone,100.0,0.0,none
2879.5,2327.8744444444446,2323.1744444444444,89.88,581.3859259259259,-541.522037037037,794.5160234139323,wackestone-grainstone,100.0,0.0,none
2880.5,2327.876666666667,2323.1766666666663,89.88,582.2088888888889,-542.0905555555555,795.5057263928182,mudstone-wackestone,0.0,90.0,none
2881.5,2327.878888888889,2323.1788888888887,89.88,583.0318518518519,-542.659074074074,796.4954556987323,mudstone-wackestone,0.0,90.0,none
2882.5,2327.8811111111113,2323.181111111111,89.88,583.8548148148149,-543.2275925925926,797.4852112336539,mudstone-wackestone,0.0,90.0,none
2883.5,2327.883333333333,2323.1833333333334,89.88,584.6777777777778,-543.796111111111,798.4749929000459,mudstone-wackestone,0.0,90.0,none
2884.5,2327.8855555555556,2323.1855555555553,89.88,585.5007407407408,-544.3646296296296,799.464800600852,mudstone-wackestone,0.0,90.0,none
2885.5,2327.887777777778,2323.1877777777777,89.88,586.3237037037037,-544.9331481481481,800.4546342394927,mudstone-wackestone,0.0,100.0,poor
2886.5,2327.8900000000003,2323.1899999999996,89.88,587.1466666666666,-545.5016666666667,801.4444937198639,mudstone-wackestone,0.0,100.0,poor
2887.5,2327.8922222222222,2323.192222222222,89.88,587.9696296296297,-546.0701851851851,802.4343789463325,mudstone-wackestone,0.0,100.0,poor
2888.5,2327.8944444444446,2323.1944444444443,89.88,588.7925925925927,-546.6387037037036,803.4242898237346,mudstone-wackestone,0.0,100.0,poor
2889.5,2327.896666666667,2323.1966666666667,89.88,589.6155555555556,-547.2072222222222,804.4142262573723,mudstone-wackestone,0.0,100.0,poor
2890.5,2327.898888888889,2323.1988888888886,89.88,590.4385185185185,-547.7757407407407,805.4041881530106,mudstone-wackestone,0.0,90.0,poor
2891.5,2327.900925925926,2323.2009259259257,89.88,591.265,-548.3385185185184,806.3928516027927,mudstone-wackestone,0.0,90.0,poor
2892.5,2327.902777777778,2323.2027777777776,89.88,592.095,-548.8955555555555,807.3802201773598,mudstone-wackestone,0.0,90.0,poor
2893.5,2327.9046296296297,2323.2046296296294,89.88,592.9250000000001,-549.4525925925925,808.3676188045397,mudstone-wackestone,0.0,90.0,poor
2894.5,2327.9064814814815,2323.206481481481,89.88,593.755,-550.0096296296296,809.3550473743413,mudstone-wackestone,0.0,90.0,poor
2895.5,2327.9083333333333,2323.208333333333,89.88,594.585,-550.5666666666666,810.3425057773068,mudstone-wackestone,0.0,90.0,poor
2896.5,2327.910185185185,2323.210185185185,89.88,595.415,-551.1237037037037,811.3299939045072,mudstone-wackestone,0.0,90.0,poor
2897.5,2327.912037037037,2323.2120370370367,89.88,596.245,-551.6807407407407,812.3175116475406,mudstone-wackestone,0.0,90.0,poor
2898.5,2327.913888888889,2323.213888888889,89.88,597.075,-552.2377777777778,813.3050588985282,mudstone-wackestone,0.0,90.0,poor
2899.5,2327.9157407407406,2323.215740740741,89.88,597.905,-552.7948148148148,814.2926355501106,mudstone-wackestone,0.0,90.0,poor
2900.5,2327.9175925925924,2323.2175925925926,89.88,598.735,-553.3518518518518,815.2802414954466,mudstone-wackestone,0.0,100.0,poor
2901.5,2327.9194444444443,2323.2194444444444,89.88,599.565,-553.9088888888889,816.2678766282081,mudstone-wackestone,0.0,100.0,poor
2902.5,2327.921296296296,2323.2212962962963,89.88,600.395,-554.465925925926,817.2555408425778,mudstone-wackestone,0.0,100.0,poor
2903.5,2327.923148148148,2323.223148148148,89.88,601.225,-555.022962962963,818.2432340332467,mudstone-wackestone,0.0,100.0,poor
2904.5,2327.925,2323.225,89.88,602.0550000000001,-555.5799999999999,819.2309560954103,mudstone-wackestone,0.0,100.0,poor
2905.5,2327.926851851852,2323.2268518518517,89.88,602.885,-556.137037037037,820.2187069247657,mudstone-wackestone,0.0,90.0,poor
2906.5,2327.928703703704,2323.2287037037036,89.88,603.715,-556.694074074074,821.2064864175092,mudstone-wackestone,0.0,90.0,poor
2907.5,2327.9305555555557,2323.2305555555554,89.88,604.545,-557.2511111111111,822.1942944703325,mudstone-wackestone,0.0,90.0,poor
2908.5,2327.9324074074075,2323.232407407407,89.88,605.375,-557.8081481481481,823.1821309804207,mudstone-wackestone,0.0,90.0,poor
2909.5,2327.9342592592593,2323.234259259259,89.88,606.205,-558.3651851851852,824.1699958454483,mudstone-wackestone,0.0,90.0,poor
2910.5,2327.936111111111,2323.236111111111,89.88,607.035,-558.9222222222222,825.1578889635772,mudstone-wackestone,0.0,90.0,poor
2911.5,2327.937962962963,2323.237962962963,89.88,607.865,-559.4792592592593,826.1458102334535,mudstone-wackestone,0.0,90.0,poor
2912.5,2327.939814814815,2323.239814814815,89.88,608.695,-560.0362962962963,827.1337595542047,mudstone-wackestone,0.0,90.0,poor
2913.5,2327.9416666666666,2323.241666666667,89.88,609.525,-560.5933333333334,828.1217368254366,mudstone-wackestone,0.0,90.0,poor
2914.5,2327.9435185185184,2323.2435185185186,89.88,610.355,-561.1503703703704,829.109741947231,mudstone-wackestone,0.0,90.0,poor
2915.5,2327.9453703703703,2323.2453703703704,89.88,611.185,-561.7074074074075,830.097774820142,mudstone-wackestone,0.0,90.0,poor
2916.5,2327.947222222222,2323.2472222222223,89.88,612.015,-562.2644444444445,831.0858353451945,mudstone-wackestone,0.0,90.0,poor
2917.5,2327.949074074074,2323.249074074074,89.88,612.845,-562.8214814814816,832.0739234238805,mudstone-wackestone,0.0,90.0,poor
2918.5,2327.9532142857142,2323.2532142857144,89.87107142857143,613.6826785714286,-563.3671428571429,833.0600024185676,mudstone-wackestone,0.0,90.0,poor
2919.5,2327.9596428571426,2323.259642857143,89.85321428571429,614.5280357142857,-563.9014285714286,834.0440802642006,mudstone-wackestone,0.0,90.0,poor
2920.5,2327.9660714285715,2323.266071428571,89.83535714285713,615.3733928571428,-564.4357142857143,835.0281960495322,mudstone-wackestone,0.0,100.0,good
2921.5,2327.9725,2323.2725,89.8175,616.21875,-564.97,836.0123496405795,mudstone-wackestone,0.0,100.0,good
2922.5,2327.9789285714282,2323.2789285714284,89.79964285714286,617.0641071428571,-565.5042857142857,836.9965409039849,mudstone-wackestone,0.0,100.0,good
2923.5,2327.985357142857,2323.2853571428573,89.7817857142857,617.9094642857143,-566.0385714285715,837.9807697070121,mudstone-wackestone,0.0,100.0,good
2924.5,2327.9917857142855,2323.2917857142857,89.76392857142856,618.7548214285714,-566.5728571428572,838.9650359175428,mudstone-wackestone,0.0,100.0,good
2925.5,2327.9982142857143,2323.298214285714,89.74607142857143,619.6001785714285,-567.1071428571429,839.9493394040726,mudstone-wackestone,0.0,100.0,good
2926.5,2328.0046428571427,2323.304642857143,89.72821428571429,620.4455357142857,-567.6414285714286,840.9336800357084,mudstone-wackestone,0.0,100.0,good
2927.5,2328.0110714285715,2323.3110714285713,89.71035714285713,621.2908928571428,-568.1757142857143,841.9180576821639,mudstone-wackestone,0.0,100.0,good
2928.5,2328.0175,2323.3175,89.6925,622.13625,-568.71,842.9024722137565,mudstone-wackestone,0.0,100.0,good
2929.5,2328.0239285714283,2323.3239285714285,89.67464285714286,622.9816071428571,-569.2442857142858,843.886923501404,mudstone-wackestone,0.0,100.0,good
2930.5,2328.030357142857,2323.330357142857,89.6567857142857,623.8269642857142,-569.7785714285715,844.8714114166211,mudstone-wackestone,0.0,100.0,poor
2931.5,2328.0367857142855,2323.3367857142857,89.63892857142856,624.6723214285714,-570.3128571428572,845.8559358315158,mudstone-wackestone,0.0,100.0,poor
2932.5,2328.0432142857144,2323.343214285714,89.62107142857143,625.5176785714285,-570.8471428571428,846.840496618786,mudstone-wackestone,0.0,100.0,poor
2933.5,2328.0496428571428,2323.349642857143,89.60321428571429,626.3630357142857,-571.3814285714285,847.8250936517167,mudstone-wackestone,0.0,100.0,poor
2934.5,2328.0560714285716,2323.3560714285713,89.58535714285713,627.2083928571428,-571.9157142857142,848.8097268041753,mudstone-wackestone,0.0,100.0,poor
2935.5,2328.0625,2323.3624999999997,89.5675,628.0537499999999,-572.4499999999999,849.7943959506101,wackestone-grainstone,100.0,0.0,good
2936.5,2328.0689285714284,2323.3689285714286,89.54964285714286,628.8991071428571,-572.9842857142856,850.7791009660457,wackestone-grainstone,100.0,0.0,good
2937.5,2328.0753571428572,2323.375357142857,89.5317857142857,629.7444642857142,-573.5185714285714,851.7638417260799,wackestone-grainstone,100.0,0.0,good
2938.5,2328.0817857142856,2323.381785714286,89.51392857142856,630.5898214285714,-574.0528571428571,852.7486181068809,wackestone-grainstone,100.0,0.0,good
2939.5,2328.0882142857145,2323.388214285714,89.49607142857143,631.4351785714285,-574.5871428571428,853.7334299851836,wackestone-grainstone,100.0,0.0,good
2940.5,2328.094642857143,2323.3946428571426,89.47821428571429,632.2805357142856,-575.1214285714285,854.7182772382868,wackestone-grainstone,100.0,0.0,good
2941.5,2328.1010714285717,2323.4010714285714,89.46035714285713,633.1258928571428,-575.6557142857142,855.7031597440495,wackestone-grainstone,100.0,0.0,good
2942.5,2328.1075,2323.4075,89.4425,633.9712499999999,-576.1899999999999,856.688077380888,wackestone-grainstone,100.0,0.0,good
2943.5,2328.1139285714285,2323.4139285714286,89.42464285714286,634.816607142857,-576.7242857142857,857.6730300277732,wackestone-grainstone,100.0,0.0,good
2944.5,2328.1203571428573,2323.420357142857,89.4067857142857,635.6619642857142,-577.2585714285714,858.6580175642266,wackestone-grainstone,100.0,0.0,good
2945.5,2328.1267857142857,2323.4267857142854,89.38892857142856,636.5073214285713,-577.7928571428571,859.6430398703177,mudstone-wackestone,0.0,100.0,poor
2946.5,2328.1276785714285,2323.4276785714283,89.41196428571428,637.3594642857142,-578.3160714285714,860.6256823887776,mudstone-wackestone,0.0,100.0,poor
2947.5,2328.123035714286,2323.4230357142856,89.47589285714285,638.2183928571428,-578.8282142857142,861.6059532259181,mudstone-wackestone,0.0,100.0,poor
2948.5,2328.118392857143,2323.418392857143,89.53982142857143,639.0773214285714,-579.3403571428571,862.586269412359,mudstone-wackestone,0.0,100.0,poor
2949.5,2328.11375,2323.4137499999997,89.60374999999999,639.93625,-579.8525,863.5666307936594,mudstone-wackestone,0.0,100.0,poor
2950.5,2328.1091071428573,2323.409107142857,89.66767857142857,640.7951785714286,-580.3646428571428,864.5470372160719,mudstone-wackestone,0.0,100.0,poor
2951.5,2328.1044642857146,2323.4044642857143,89.73160714285714,641.6541071428571,-580.8767857142857,865.5274885265386,mudstone-wackestone,0.0,100.0,poor
2952.5,2328.0998214285714,2323.399821428571,89.7955357142857,642.5130357142857,-581.3889285714286,866.5079845726874,mudstone-wackestone,0.0,100.0,poor
2953.5,2328.0951785714287,2323.3951785714285,89.85946428571428,643.3719642857143,-581.9010714285714,867.4885252028281,mudstone-wackestone,0.0,100.0,poor
2954.5,2328.0905357142856,2323.3905357142858,89.92339285714286,644.2308928571429,-582.4132142857143,868.4691102659489,mudstone-wackestone,0.0,100.0,poor
2955.5,2328.085892857143,2323.3858928571426,89.98732142857142,645.0898214285714,-582.9253571428571,869.449739611712,mudstone-wackestone,0.0,100.0,poor
2956.5,2328.08125,2323.38125,90.05125,645.94875,-583.4375,870.4304130904507,mudstone-wackestone,0.0,100.0,poor
2957.5,2328.076607142857,2323.376607142857,90.11517857142857,646.8076785714286,-583.9496428571429,871.411130553165,mudstone-wackestone,0.0,100.0,poor
2958.5,2328.0719642857143,2323.371964285714,90.17910714285713,647.6666071428572,-584.4617857142857,872.3918918515186,mudstone-wackestone,0.0,100.0,poor
2959.5,2328.0673214285716,2323.3673214285714,90.24303571428571,648.5255357142858,-584.9739285714286,873.3726968378346,mudstone-wackestone,0.0,100.0,poor
2960.5,2328.0626785714285,2323.3626785714287,90.30696428571429,649.3844642857142,-585.4860714285713,874.3535453650921,mudstone-wackestone,0.0,100.0,poor
2961.5,2328.058035714286,2323.358035714286,90.37089285714286,650.2433928571428,-585.9982142857142,875.3344372869232,mudstone-wackestone,0.0,100.0,poor
2962.5,2328.053392857143,2323.353392857143,90.43482142857142,651.1023214285714,-586.5103571428571,876.3153724576081,mudstone-wackestone,0.0,100.0,poor
2963.5,2328.04875,2323.34875,90.49875,651.96125,-587.0224999999999,877.2963507320729,mudstone-wackestone,0.0,100.0,poor
2964.5,2328.0441071428572,2323.3441071428574,90.56267857142858,652.8201785714285,-587.5346428571428,878.2773719658853,mudstone-wackestone,0.0,100.0,poor
2965.5,2328.0394642857145,2323.3394642857143,90.62660714285714,653.6791071428571,-588.0467857142856,879.2584360152514,mudstone-wackestone,0.0,100.0,poor
2966.5,2328.0348214285714,2323.3348214285716,90.69053571428572,654.5380357142857,-588.5589285714285,880.2395427370117,mudstone-wackestone,0.0,100.0,poor
2967.5,2328.0301785714287,2323.330178571429,90.75446428571429,655.3969642857143,-589.0710714285714,881.2206919886385,mudstone-wackestone,0.0,100.0,poor
2968.5,2328.0255357142855,2323.3255357142857,90.81839285714285,656.2558928571428,-589.5832142857142,882.2018836282317,mudstone-wackestone,0.0,100.0,poor
2969.5,2328.020892857143,2323.320892857143,90.88232142857143,657.1148214285714,-590.0953571428571,883.183117514516,mudstone-wackestone,0.0,100.0,poor
2970.5,2328.01625,2323.3162500000003,90.94625,657.97375,-590.6075,884.1643935068367,mudstone-wackestone,0.0,100.0,poor
2971.5,2328.011607142857,2323.311607142857,91.01017857142857,658.8326785714286,-591.1196428571428,885.1457114651572,mudstone-wackestone,0.0,100.0,poor
2972.5,2328.0069642857143,2323.3069642857145,91.07410714285714,659.6916071428572,-591.6317857142857,886.1270712500551,mudstone-wackestone,0.0,100.0,poor
2973.5,2328.0023214285716,2323.3023214285718,91.13803571428572,660.5505357142857,-592.1439285714285,887.108472722719,mudstone-wackestone,0.0,100.0,poor
2974.5,2327.991666666667,2323.291666666667,91.16203703703704,661.4168518518519,-592.6429629629629,888.086670017704,mudstone-wackestone,0.0,100.0,poor
2975.5,2327.975,2323.275,91.14611111111111,662.2905555555556,-593.1288888888889,889.0616732334458,mudstone-wackestone,0.0,100.0,poor
2976.5,2327.9583333333335,2323.2583333333337,91.13018518518518,663.1642592592593,-593.6148148148147,890.0367313355719,mudstone-wackestone,0.0,100.0,poor
2977.5,2327.9416666666666,2323.241666666667,91.11425925925926,664.037962962963,-594.1007407407408,891.0118441438914,mudstone-wackestone,0.0,100.0,poor
2978.5,2327.925,2323.2250000000004,91.09833333333333,664.9116666666666,-594.5866666666666,891.9870114789912,mudstone-wackestone,0.0,100.0,poor
2979.5,2327.9083333333333,2323.2083333333335,91.0824074074074,665.7853703703704,-595.0725925925926,892.9622331622323,mudstone-wackestone,0.0,100.0,poor
2980.5,2327.891666666667,2323.1916666666666,91.06648148148147,666.659074074074,-595.5585185185184,893.9375090157445,mudstone-wackestone,0.0,100.0,poor
2981.5,2327.875,2323.175,91.05055555555556,667.5327777777778,-596.0444444444445,894.9128388624239,mudstone-wackestone,0.0,100.0,poor
2982.5,2327.8583333333336,2323.1583333333333,91.03462962962963,668.4064814814815,-596.5303703703703,895.8882225259272,mudstone-wackestone,0.0,100.0,poor
2983.5,2327.8416666666667,2323.141666666667,91.01870370370371,669.2801851851852,-597.0162962962963,896.8636598306696,mudstone-wackestone,0.0,100.0,poor
2984.5,2327.8250000000003,2323.125,91.00277777777778,670.1538888888889,-597.5022222222221,897.8391506018186,mudstone-wackestone,0.0,100.0,poor
2985.5,2327.8083333333334,2323.1083333333336,90.98685185185185,671.0275925925927,-597.9881481481482,898.814694665292,mudstone-wackestone,0.0,100.0,poor
2986.5,2327.791666666667,2323.0916666666667,90.97092592592593,671.9012962962963,-598.474074074074,899.7902918477525,mudstone-wackestone,0.0,100.0,poor
2987.5,2327.775,2323.075,90.955,672.7750000000001,-598.96,900.7659419766048,mudstone-wackestone,0.0,100.0,poor
2988.5,2327.758333333333,2323.0583333333334,90.93907407407407,673.6487037037037,-599.4459259259258,901.7416448799905,mudstone-wackestone,0.0,100.0,poor
2989.5,2327.741666666667,2323.0416666666665,90.92314814814814,674.5224074074074,-599.9318518518519,902.7174003867859,mudstone-wackestone,0.0,100.0,poor
2990.5,2327.725,2323.025,90.90722222222222,675.3961111111112,-600.4177777777777,903.6932083265965,mudstone-wackestone,0.0,100.0,poor
2991.5,2327.7083333333335,2323.008333333333,90.89129629629629,676.2698148148148,-600.9037037037037,904.6690685297539,mudstone-wackestone,0.0,100.0,poor
2992.5,2327.6916666666666,2322.991666666667,90.87537037037036,677.1435185185186,-601.3896296296296,905.644980827312,mudstone-wackestone,0.0,100.0,poor
2993.5,2327.675,2322.975,90.85944444444443,678.0172222222222,-601.8755555555556,906.6209450510433,mudstone-wackestone,0.0,100.0,poor
2994.5,2327.6583333333333,2322.9583333333335,90.84351851851852,678.890925925926,-602.3614814814814,907.5969610334348,mudstone-wackestone,0.0,100.0,poor
2995.5,2327.641666666667,2322.9416666666666,90.8275925925926,679.7646296296297,-602.8474074074074,908.5730286076845,mudstone-wackestone,0.0,100.0,poor
2996.5,2327.625,2322.925,90.81166666666667,680.6383333333333,-603.3333333333333,909.5491476076974,mudstone-wackestone,0.0,100.0,poor
2997.5,2327.6083333333336,2322.9083333333333,90.79574074074074,681.5120370370371,-603.8192592592593,910.5253178680823,mudstone-wackestone,0.0,100.0,poor
2998.5,2327.5916666666667,2322.8916666666664,90.77981481481481,682.3857407407407,-604.3051851851851,911.5015392241476,mudstone-wackestone,0.0,100.0,poor
2999.5,2327.5750000000003,2322.875,90.76388888888889,683.2594444444445,-604.7911111111111,912.4778115118983,mudstone-wackestone,0.0,100.0,poor
3000.5,2327.5583333333334,2322.858333333333,90.74796296296296,684.1331481481482,-605.277037037037,913.4541345680311,mudstone-wackestone,0.0,90.0,scarce
3001.5,2327.5457407407407,2322.8457407407404,90.73092592592592,685.0074074074074,-605.7624074074074,914.430556374313,mudstone-wackestone,0.0,90.0,scarce
3002.5,2327.537222222222,2322.837222222222,90.71277777777777,685.8822222222223,-606.2472222222223,915.4070773227911,mudstone-wackestone,0.0,90.0,scarce
3003.5,2327.5287037037037,2322.8287037037035,90.69462962962963,686.7570370370371,-606.732037037037,916.3836492905157,mudstone-wackestone,0.0,90.0,scarce
3004.5,2327.5201851851853,2322.820185185185,90.67648148148147,687.6318518518519,-607.2168518518519,917.36027211455,mudstone-wackestone,0.0,90.0,scarce
3005.5,2327.5116666666668,2322.8116666666665,90.65833333333333,688.5066666666667,-607.7016666666666,918.3369456326413,mudstone-wackestone,0.0,90.0,scarce
3006.5,2327.5031481481483,2322.803148148148,90.64018518518517,689.3814814814815,-608.1864814814815,919.3136696832189,mudstone-wackestone,0.0,90.0,scarce
3007.5,2327.49462962963,2322.7946296296295,90.62203703703703,690.2562962962963,-608.6712962962963,920.290444105389,mudstone-wackestone,0.0,90.0,scarce
3008.5,2327.4861111111113,2322.786111111111,90.60388888888889,691.1311111111112,-609.1561111111112,921.267268738932,mudstone-wackestone,0.0,90.0,scarce
3009.5,2327.477592592593,2322.7775925925926,90.58574074074073,692.005925925926,-609.6409259259259,922.2441434242987,mudstone-wackestone,0.0,90.0,scarce
3010.5,2327.4690740740743,2322.769074074074,90.56759259259259,692.8807407407407,-610.1257407407408,923.2210680026075,mudstone-wackestone,0.0,90.0,scarce
3011.5,2327.460555555556,2322.7605555555556,90.54944444444445,693.7555555555556,-610.6105555555555,924.1980423156401,mudstone-wackestone,0.0,90.0,scarce
3012.5,2327.4520370370374,2322.752037037037,90.53129629629629,694.6303703703704,-611.0953703703703,925.1750662058388,mudstone-wackestone,0.0,90.0,scarce
3013.5,2327.443518518519,2322.7435185185186,90.51314814814815,695.5051851851853,-611.5801851851852,926.1521395163023,mudstone-wackestone,0.0,90.0,scarce
3014.5,2327.4350000000004,2322.7349999999997,90.495,696.3800000000001,-612.065,927.1292620907832,mudstone-wackestone,0.0,90.0,scarce
3015.5,2327.4264814814815,2322.726481481481,90.47685185185185,697.2548148148148,-612.5498148148148,928.106433773684,mudstone-wackestone,0.0,90.0,scarce
3016.5,2327.417962962963,2322.7179629629627,90.4587037037037,698.1296296296297,-613.0346296296296,929.0836544100542,mudstone-wackestone,0.0,90.0,scarce
3017.5,2327.4094444444445,2322.709444444444,90.44055555555555,699.0044444444445,-613.5194444444444,930.0609238455867,mudstone-wackestone,0.0,90.0,scarce
3018.5,2327.400925925926,2322.7009259259257,90.4224074074074,699.8792592592594,-614.0042592592592,931.0382419266145,mudstone-wackestone,0.0,90.0,scarce
3019.5,2327.3924074074075,2322.6924074074072,90.40425925925926,700.7540740740741,-614.4890740740741,932.0156085001076,mudstone-wackestone,0.0,90.0,scarce
3020.5,2327.383888888889,2322.6838888888888,90.3861111111111,701.6288888888889,-614.973888888889,932.9930234136697,mudstone-wackestone,0.0,90.0,scarce
3021.5,2327.3753703703705,2322.6753703703703,90.36796296296296,702.5037037037038,-615.4587037037037,933.9704865155347,mudstone-wackestone,0.0,90.0,scarce
3022.5,2327.366851851852,2322.666851851852,90.34981481481482,703.3785185185186,-615.9435185185185,934.947997654564,mudstone-wackestone,0.0,90.0,scarce
3023.5,2327.3583333333336,2322.6583333333333,90.33166666666666,704.2533333333333,-616.4283333333333,935.9255566802427,mudstone-wackestone,0.0,90.0,scarce
3024.5,2327.349814814815,2322.649814814815,90.31351851851852,705.1281481481482,-616.9131481481481,936.9031634426772,mudstone-wackestone,0.0,90.0,scarce
3025.5,2327.3412962962966,2322.6412962962963,90.29537037037036,706.002962962963,-617.397962962963,937.880817792591,mudstone-wackestone,0.0,90.0,scarce
3026.5,2327.332777777778,2322.632777777778,90.27722222222222,706.8777777777779,-617.8827777777778,938.8585195813224,mudstone-wackestone,0.0,90.0,scarce
3027.5,2327.3242592592596,2322.6242592592594,90.25907407407408,707.7525925925927,-618.3675925925926,939.8362686608211,mudstone-wackestone,0.0,90.0,scarce
3028.5,2327.315925925926,2322.6159259259257,90.25796296296296,708.6227777777779,-618.86,940.8155721423269,mudstone-wackestone,0.0,90.0,scarce
3029.5,2327.307777777778,2322.6077777777778,90.27388888888889,709.4883333333333,-619.36,941.7964242531988,mudstone-wackestone,0.0,90.0,scarce
3030.5,2327.2996296296296,2322.5996296296294,90.28981481481482,710.353888888889,-619.86,942.7773157323886,mudstone-wackestone,0.0,90.0,scarce
3031.5,2327.2914814814817,2322.5914814814814,90.30574074074075,711.2194444444444,-620.36,943.7582464571444,mudstone-wackestone,0.0,90.0,scarce
3032.5,2327.2833333333333,2322.583333333333,90.32166666666667,712.085,-620.86,944.7392163052193,mudstone-wackestone,0.0,90.0,scarce
3033.5,2327.2751851851854,2322.575185185185,90.3375925925926,712.9505555555556,-621.36,945.7202251548687,mudstone-wackestone,0.0,90.0,scarce
3034.5,2327.267037037037,2322.567037037037,90.35351851851853,713.8161111111111,-621.86,946.7012728848473,mudstone-wackestone,0.0,90.0,scarce
3035.5,2327.258888888889,2322.5588888888888,90.36944444444444,714.6816666666667,-622.36,947.682359374408,mudstone-wackestone,0.0,80.0,none
3036.5,2327.2507407407406,2322.550740740741,90.38537037037037,715.5472222222222,-622.86,948.6634845032976,mudstone-wackestone,0.0,80.0,none
3037.5,2327.2425925925927,2322.5425925925924,90.4012962962963,716.4127777777778,-623.36,949.6446481517556,mudstone-wackestone,0.0,80.0,none
3038.5,2327.2344444444443,2322.5344444444445,90.41722222222222,717.2783333333333,-623.86,950.625850200511,mudstone-wackestone,0.0,80.0,none
3039.5,2327.2262962962964,2322.526296296296,90.43314814814815,718.1438888888889,-624.36,951.6070905307804,mudstone-wackestone,0.0,80.0,none
3040.5,2327.218148148148,2322.518148148148,90.44907407407408,719.0094444444444,-624.86,952.5883690242647,mudstone-wackestone,0.0,80.0,none
3041.5,2327.21,2322.51,90.465,719.875,-625.36,953.5696855631475,mudstone-wackestone,0.0,80.0,none
3042.5,2327.201851851852,2322.501851851852,90.48092592592593,720.7405555555556,-625.86,954.5510400300923,mudstone-wackestone,0.0,80.0,none
3043.5,2327.1937037037037,2322.493703703704,90.49685185185186,721.6061111111111,-626.36,955.53243230824,mudstone-wackestone,0.0,80.0,none
3044.5,2327.1855555555558,2322.4855555555555,90.51277777777779,722.4716666666667,-626.86,956.5138622812067,mudstone-wackestone,0.0,80.0,none
3045.5,2327.1774074074074,2322.4774074074076,90.52870370370371,723.3372222222222,-627.36,957.495329833081,mudstone-wackestone,0.0,80.0,none
3046.5,2327.1692592592594,2322.469259259259,90.54462962962964,724.2027777777778,-627.86,958.4768348484221,mudstone-wackestone,0.0,80.0,none
3047.5,2327.161111111111,2322.461111111111,90.56055555555557,725.0683333333333,-628.36,959.458377212257,mudstone-wackestone,0.0,80.0,none
3048.5,2327.152962962963,2322.452962962963,90.57648148148148,725.9338888888889,-628.86,960.4399568100786,mudstone-wackestone,0.0,80.0,none
3049.5,2327.1448148148147,2322.444814814815,90.5924074074074,726.7994444444444,-629.36,961.4215735278426,mudstone-wackestone,0.0,80.0,none
3050.5,2327.1366666666668,2322.436666666667,90.60833333333333,727.665,-629.86,962.4032272519663,mudstone-wackestone,0.0,80.0,none
3051.5,2327.1285185185184,2322.4285185185186,90.62425925925926,728.5305555555556,-630.36,963.3849178693252,mudstone-wackestone,0.0,80.0,none
3052.5,2327.1203703703704,2322.4203703703706,90.64018518518519,729.396111111111,-630.86,964.3666452672512,mudstone-wackestone,0.0,80.0,none
3053.5,2327.112222222222,2322.412222222222,90.65611111111112,730.2616666666667,-631.36,965.3484093335306,mudstone-wackestone,0.0,80.0,none
3054.5,2327.104074074074,2322.4040740740743,90.67203703703704,731.1272222222221,-631.86,966.3302099564013,mudstone-wackestone,0.0,80.0,none
3055.5,2327.093703703704,2322.393703703704,90.68111111111112,731.9833333333332,-632.3761111111111,967.3154326184349,mudstone-wackestone,0.0,80.0,none
3056.5,2327.081111111111,2322.3811111111113,90.68333333333334,732.8299999999999,-632.9083333333333,968.304067585579,mudstone-wackestone,0.0,80.0,none
3057.5,2327.0685185185184,2322.3685185185186,90.68555555555557,733.6766666666666,-633.4405555555555,969.2927259778863,mudstone-wackestone,0.0,80.0,none
3058.5,2327.0559259259257,2322.355925925926,90.68777777777778,734.5233333333333,-633.9727777777778,970.2814077237504,mudstone-wackestone,0.0,80.0,none
3059.5,2327.043333333333,2322.3433333333332,90.69,735.3699999999999,-634.505,971.2701127518543,mudstone-wackestone,0.0,80.0,none
3060.5,2327.030740740741,2322.330740740741,90.69222222222223,736.2166666666666,-635.0372222222222,972.2588409911702,mudstone-wackestone,0.0,80.0,none
3061.5,2327.018148148148,2322.3181481481483,90.69444444444444,737.0633333333333,-635.5694444444445,973.2475923709568,mudstone-wackestone,0.0,80.0,none
3062.5,2327.0055555555555,2322.3055555555557,90.69666666666667,737.91,-636.1016666666667,974.2363668207582,mudstone-wackestone,0.0,80.0,none
3063.5,2326.992962962963,2322.292962962963,90.69888888888889,738.7566666666667,-636.6338888888889,975.2251642704031,mudstone-wackestone,0.0,80.0,none
3064.5,2326.9803703703706,2322.2803703703703,90.70111111111112,739.6033333333332,-637.1661111111111,976.2139846500021,mudstone-wackestone,0.0,80.0,none
3065.5,2326.967777777778,2322.2677777777776,90.70333333333333,740.4499999999999,-637.6983333333334,977.2028278899479,mudstone-wackestone,0.0,80.0,none
3066.5,2326.955185185185,2322.2551851851854,90.70555555555556,741.2966666666666,-638.2305555555556,978.1916939209125,mudstone-wackestone,0.0,80.0,none
3067.5,2326.9425925925925,2322.2425925925927,90.70777777777778,742.1433333333333,-638.7627777777778,979.1805826738466,mudstone-wackestone,0.0,80.0,none
3068.5,2326.9300000000003,2322.23,90.71000000000001,742.99,-639.2950000000001,980.169494079978,mudstone-wackestone,0.0,80.0,none
3069.5,2326.9174074074076,2322.2174074074073,90.71222222222222,743.8366666666666,-639.8272222222222,981.1584280708098,mudstone-wackestone,0.0,80.0,none
3070.5,2326.904814814815,2322.2048148148147,90.71444444444444,744.6833333333333,-640.3594444444444,982.1473845781202,mudstone-wackestone,0.0,80.0,none
3071.5,2326.8922222222222,2322.1922222222224,90.71666666666667,745.53,-640.8916666666667,983.1363635339595,mudstone-wackestone,0.0,80.0,none
3072.5,2326.8796296296296,2322.1796296296297,90.71888888888888,746.3766666666667,-641.4238888888889,984.1253648706501,mudstone-wackestone,0.0,80.0,none
3073.5,2326.8670370370373,2322.167037037037,90.72111111111111,747.2233333333332,-641.9561111111111,985.1143885207844,mudstone-wackestone,0.0,80.0,none
3074.5,2326.8544444444447,2322.1544444444444,90.72333333333333,748.0699999999999,-642.4883333333333,986.103434417224,mudstone-wackestone,0.0,80.0,none
3075.5,2326.841851851852,2322.1418518518517,90.72555555555556,748.9166666666666,-643.0205555555556,987.0925024930979,mudstone-wackestone,0.0,80.0,none
3076.5,2326.8292592592593,2322.129259259259,90.72777777777777,749.7633333333333,-643.5527777777778,988.0815926818012,mudstone-wackestone,0.0,80.0,none
3077.5,2326.8166666666666,2322.116666666667,90.73,750.6099999999999,-644.085,989.0707049169943,mudstone-wackestone,0.0,80.0,none
3078.5,2326.8040740740744,2322.104074074074,90.73222222222222,751.4566666666666,-644.6172222222223,990.0598391326009,mudstone-wackestone,0.0,80.0,none
3079.5,2326.7914814814817,2322.0914814814814,90.73444444444443,752.3033333333333,-645.1494444444445,991.0489952628072,mudstone-wackestone,0.0,80.0,none
3080.5,2326.778888888889,2322.0788888888887,90.73666666666666,753.15,-645.6816666666667,992.0381732420606,mudstone-wackestone,0.0,90.0,none
3081.5,2326.7662962962963,2322.066296296296,90.73888888888888,753.9966666666667,-646.213888888889,993.0273730050677,mudstone-wackestone,0.0,90.0,none
3082.5,2326.7566071428573,2322.056607142857,90.72785714285713,754.8332142857142,-646.7616071428572,994.0189927073399,mudstone-wackestone,0.0,90.0,none
3083.5,2326.7498214285715,2322.0498214285712,90.70357142857142,755.6596428571428,-647.3248214285715,995.0130251813373,mudstone-wackestone,0.0,90.0,none
3084.5,2326.7430357142857,2322.0430357142855,90.67928571428571,756.4860714285713,-647.8880357142857,996.0070697977746,mudstone-wackestone,0.0,90.0,none
3085.5,2326.7362500000004,2322.03625,90.655,757.3125,-648.4512500000001,997.0011265203327,mudstone-wackestone,0.0,90.0,none
3086.5,2326.7294642857146,2322.0294642857143,90.63071428571428,758.1389285714286,-649.0144642857143,997.9951953128364,mudstone-wackestone,0.0,90.0,none
3087.5,2326.722678571429,2322.0226785714285,90.60642857142857,758.9653571428571,-649.5776785714286,998.9892761392541,mudstone-wackestone,0.0,90.0,none
3088.5,2326.715892857143,2322.0158928571427,90.58214285714286,759.7917857142857,-650.1408928571428,999.9833689636972,mudstone-wackestone,0.0,90.0,none
3089.5,2326.709107142857,2322.009107142857,90.55785714285715,760.6182142857142,-650.7041071428572,1000.9774737504194,mudstone-wackestone,0.0,90.0,none
3090.5,2326.702321428572,2322.0023214285716,90.53357142857142,761.4446428571429,-651.2673214285714,1001.9715904638156,mudstone-wackestone,0.0,80.0,none
3091.5,2326.695535714286,2321.995535714286,90.50928571428571,762.2710714285714,-651.8305357142857,1002.9657190684211,mudstone-wackestone,0.0,80.0,none
3092.5,2326.6887500000003,2321.98875,90.485,763.0975,-652.3937500000001,1003.9598595289119,mudstone-wackestone,0.0,80.0,none
3093.5,2326.6819642857145,2321.981964285714,90.46071428571429,763.9239285714285,-652.9569642857143,1004.954011810103,mudstone-wackestone,0.0,80.0,none
3094.5,2326.6751785714287,2321.9751785714284,90.43642857142856,764.7503571428571,-653.5201785714286,1005.9481758769481,mudstone-wackestone,0.0,80.0,none
3095.5,2326.668392857143,2321.9683928571426,90.41214285714285,765.5767857142856,-654.0833928571428,1006.942351694539,mudstone-wackestone,0.0,70.0,none
3096.5,2326.6616071428575,2321.9616071428572,90.38785714285714,766.4032142857143,-654.6466071428572,1007.9365392281048,mudstone-wackestone,0.0,70.0,none
3097.5,2326.6548214285717,2321.9548214285714,90.36357142857143,767.2296428571428,-655.2098214285714,1008.930738443011,mudstone-wackestone,0.0,70.0,none
3098.5,2326.648035714286,2321.9480357142857,90.33928571428571,768.0560714285714,-655.7730357142857,1009.9249493047593,mudstone-wackestone,0.0,70.0,none
3099.5,2326.64125,2321.94125,90.315,768.8824999999999,-656.3362500000001,1010.9191717789868,mudstone-wackestone,0.0,70.0,none
3100.5,2326.6344642857143,2321.934464285714,90.29071428571429,769.7089285714285,-656.8994642857143,1011.9134058314648,mudstone-wackestone,0.0,70.0,none
3101.5,2326.6276785714285,2321.9276785714283,90.26642857142858,770.535357142857,-657.4626785714286,1012.9076514280993,mudstone-wackestone,0.0,70.0,none
3102.5,2326.620892857143,2321.920892857143,90.24214285714285,771.3617857142857,-658.0258928571428,1013.901908534929,mudstone-wackestone,0.0,70.0,none
3103.5,2326.6141071428574,2321.914107142857,90.21785714285714,772.1882142857143,-658.5891071428572,1014.8961771181257,mudstone-wackestone,0.0,70.0,poor
3104.5,2326.6073214285716,2321.9073214285713,90.19357142857143,773.0146428571428,-659.1523214285714,1015.8904571439929,mudstone-wackestone,0.0,70.0,poor
3105.5,2326.600535714286,2321.9005357142855,90.16928571428572,773.8410714285714,-659.7155357142857,1016.8847485789656,mudstone-wackestone,0.0,70.0,poor
3106.5,2326.59375,2321.8937499999997,90.145,774.6674999999999,-660.2787500000001,1017.87905138961,mudstone-wackestone,0.0,70.0,poor
3107.5,2326.5869642857147,2321.8869642857144,90.12071428571429,775.4939285714286,-660.8419642857143,1018.873365542622,mudstone-wackestone,0.0,70.0,poor
3108.5,2326.580178571429,2321.8801785714286,90.09642857142858,776.3203571428571,-661.4051785714286,1019.8676910048266,mudstone-wackestone,0.0,70.0,poor
3109.5,2326.573392857143,2321.873392857143,90.07214285714286,777.1467857142857,-661.9683928571428,1020.8620277431786,mudstone-wackestone,0.0,70.0,poor
3110.5,2326.577222222222,2321.877222222222,90.02685185185186,777.9705555555555,-662.535,1021.8565513497575,mudstone-wackestone,0.0,60.0,poor
3111.5,2326.5916666666667,2321.8916666666664,89.96055555555556,778.7916666666666,-663.105,1022.8512604941368,mudstone-wackestone,0.0,60.0,poor
3112.5,2326.606111111111,2321.906111111111,89.89425925925926,779.6127777777778,-663.675,1023.8459790903037,mudstone-wackestone,0.0,60.0,poor
3113.5,2326.6205555555557,2321.9205555555554,89.82796296296297,780.4338888888889,-664.245,1024.8407071107365,mudstone-wackestone,0.0,60.0,poor
3114.5,2326.635,2321.935,89.76166666666667,781.255,-664.815,1025.83544452802,mudstone-wackestone,0.0,60.0,poor
3115.5,2326.6494444444447,2321.9494444444445,89.69537037037037,782.0761111111111,-665.385,1026.830191314844,mudstone-wackestone,0.0,60.0,poor
3116.5,2326.6638888888892,2321.963888888889,89.62907407407407,782.8972222222222,-665.955,1027.824947444005,mudstone-wackestone,0.0,60.0,poor
3117.5,2326.6783333333333,2321.9783333333335,89.56277777777778,783.7183333333332,-666.525,1028.8197128884037,mudstone-wackestone,0.0,60.0,poor
3118.5,2326.692777777778,2321.992777777778,89.49648148148148,784.5394444444444,-667.095,1029.814487621046,mudstone-wackestone,0.0,60.0,poor
3119.5,2326.7072222222223,2322.007222222222,89.43018518518518,785.3605555555555,-667.665,1030.8092716150406,mudstone-wackestone,0.0,60.0,poor
3120.5,2326.721666666667,2322.0216666666665,89.3638888888889,786.1816666666666,-668.235,1031.8040648436008,mudstone-wackestone,0.0,60.0,poor
3121.5,2326.7361111111113,2322.036111111111,89.2975925925926,787.0027777777777,-668.805,1032.7988672800423,mudstone-wackestone,0.0,60.0,poor
3122.5,2326.750555555556,2322.0505555555555,89.23129629629629,787.8238888888889,-669.375,1033.793678897783,mudstone-wackestone,0.0,60.0,poor
3123.5,2326.7650000000003,2322.065,89.16499999999999,788.645,-669.9449999999999,1034.7884996703433,mudstone-wackestone,0.0,60.0,poor
3124.5,2326.7794444444444,2322.0794444444446,89.0987037037037,789.4661111111111,-670.515,1035.783329571345,mudstone-wackestone,0.0,60.0,poor
3125.5,2326.793888888889,2322.093888888889,89.0324074074074,790.2872222222222,-671.085,1036.7781685745106,mudstone-wackestone,0.0,60.0,poor
3126.5,2326.8083333333334,2322.1083333333336,88.9661111111111,791.1083333333333,-671.655,1037.7730166536633,mudstone-wackestone,0.0,60.0,poor
3127.5,2326.822777777778,2322.122777777778,88.89981481481482,791.9294444444445,-672.225,1038.7678737827266,mudstone-wackestone,0.0,60.0,poor
3128.5,2326.8372222222224,2322.137222222222,88.83351851851852,792.7505555555556,-672.795,1039.762739935723,mudstone-wackestone,0.0,60.0,poor
3129.5,2326.851666666667,2322.1516666666666,88.76722222222222,793.5716666666667,-673.365,1040.7576150867746,mudstone-wackestone,0.0,60.0,poor
3130.5,2326.866111111111,2322.166111111111,88.70092592592593,794.3927777777777,-673.935,1041.752499210102,mudstone-wackestone,0.0,60.0,poor
3131.5,2326.8805555555555,2322.1805555555557,88.63462962962963,795.2138888888888,-674.505,1042.7473922800239,mudstone-wackestone,0.0,60.0,poor
3132.5,2326.895,2322.195,88.56833333333333,796.035,-675.075,1043.7422942709566,mudstone-wackestone,0.0,60.0,poor
3133.5,2326.9094444444445,2322.2094444444447,88.50203703703703,796.8561111111111,-675.645,1044.7372051574134,mudstone-wackestone,0.0,60.0,poor
3134.5,2326.923888888889,2322.223888888889,88.43574074074074,797.6772222222222,-676.215,1045.7321249140052,mudstone-wackestone,0.0,60.0,poor
3135.5,2326.9383333333335,2322.2383333333337,88.36944444444444,798.4983333333333,-676.785,1046.7270535154382,wackestone-grainstone,60.0,0.0,none
3136.5,2326.952777777778,2322.252777777778,88.30314814814814,799.3194444444445,-677.355,1047.7219909365153,wackestone-grainstone,60.0,0.0,none
3137.5,2326.9748148148146,2322.274814814815,88.27111111111111,800.1475925925926,-677.9146296296296,1048.7156025336894,wackestone-grainstone,60.0,0.0,none
3138.5,2327.0044444444443,2322.3044444444445,88.27333333333333,800.9827777777778,-678.4638888888888,1049.7078921408752,wackestone-grainstone,60.0,0.0,none
3139.5,2327.034074074074,2322.334074074074,88.27555555555556,801.817962962963,-679.0131481481482,1050.700195625819,wackestone-grainstone,60.0,0.0,none
3140.5,2327.0637037037036,2322.363703703704,88.27777777777777,802.6531481481481,-679.5624074074074,1051.6925129492386,wackestone-grainstone,60.0,0.0,none
3141.5,2327.0933333333332,2322.3933333333334,88.28,803.4883333333333,-680.1116666666667,1052.6848440719991,wackestone-grainstone,60.0,0.0,none
3142.5,2327.122962962963,2322.422962962963,88.28222222222222,804.3235185185185,-680.6609259259259,1053.6771889551128,wackestone-grainstone,60.0,0.0,none
3143.5,2327.1525925925926,2322.4525925925927,88.28444444444445,805.1587037037037,-681.2101851851852,1054.6695475597382,wackestone-grainstone,60.0,0.0,none
3144.5,2327.182222222222,2322.4822222222224,88.28666666666666,805.9938888888889,-681.7594444444444,1055.6619198471792,wackestone-grainstone,60.0,0.0,none
3145.5,2327.211851851852,2322.511851851852,88.28888888888889,806.8290740740741,-682.3087037037037,1056.6543057788845,wackestone-grainstone,60.0,0.0,none
3146.5,2327.2414814814815,2322.5414814814817,88.2911111111111,807.6642592592592,-682.8579629629629,1057.646705316447,wackestone-grainstone,60.0,0.0,none
3147.5,2327.271111111111,2322.5711111111113,88.29333333333334,808.4994444444444,-683.4072222222222,1058.6391184216031,wackestone-grainstone,60.0,0.0,none
3148.5,2327.300740740741,2322.600740740741,88.29555555555555,809.3346296296296,-683.9564814814814,1059.6315450562322,wackestone-grainstone,60.0,0.0,none
3149.5,2327.3303703703705,2322.6303703703707,88.29777777777778,810.1698148148148,-684.5057407407407,1060.6239851823555,wackestone-grainstone,60.0,0.0,none
3150.5,2327.36,2322.66,88.3,811.005,-685.0550000000001,1061.616438762136,wackestone-grainstone,60.0,0.0,none
3151.5,2327.38962962963,2322.6896296296295,88.30222222222221,811.8401851851852,-685.6042592592593,1062.6089057578772,wackestone-grainstone,60.0,0.0,none
3152.5,2327.4192592592594,2322.719259259259,88.30444444444444,812.6753703703704,-686.1535185185186,1063.6013861320234,wackestone-grainstone,60.0,0.0,none
3153.5,2327.448888888889,2322.748888888889,88.30666666666666,813.5105555555556,-686.7027777777778,1064.593879847158,wackestone-grainstone,60.0,0.0,none
3154.5,2327.4785185185187,2322.7785185185185,88.30888888888889,814.3457407407408,-687.2520370370371,1065.5863868660028,wackestone-grainstone,60.0,0.0,none
3155.5,2327.5081481481484,2322.808148148148,88.3111111111111,815.1809259259259,-687.8012962962963,1066.5789071514191,wackestone-grainstone,60.0,0.0,none
3156.5,2327.537777777778,2322.837777777778,88.31333333333333,816.0161111111111,-688.3505555555556,1067.571440666405,wackestone-grainstone,60.0,0.0,none
3157.5,2327.5674074074077,2322.8674074074074,88.31555555555555,816.8512962962963,-688.8998148148148,1068.5639873740954,wackestone-grainstone,60.0,0.0,none
3158.5,2327.5970370370374,2322.897037037037,88.31777777777778,817.6864814814815,-689.4490740740741,1069.556547237762,wackestone-grainstone,60.0,0.0,none
3159.5,2327.626666666667,2322.9266666666667,88.32,818.5216666666666,-689.9983333333333,1070.5491202208125,wackestone-grainstone,60.0,0.0,none
3160.5,2327.6562962962967,2322.9562962962964,88.32222222222222,819.3568518518518,-690.5475925925927,1071.541706286789,wackestone-grainstone,70.0,0.0,none
3161.5,2327.6859259259263,2322.985925925926,88.32444444444444,820.192037037037,-691.0968518518519,1072.534305399368,wackestone-grainstone,70.0,0.0,none
3162.5,2327.715555555556,2323.0155555555557,88.32666666666667,821.0272222222222,-691.6461111111112,1073.526917522361,wackestone-grainstone,70.0,0.0,none
3163.5,2327.7451851851856,2323.0451851851853,88.32888888888888,821.8624074074074,-692.1953703703704,1074.5195426197113,wackestone-grainstone,70.0,0.0,none
3164.5,2327.770178571429,2323.0701785714286,88.34767857142857,822.70375,-692.7351785714286,1075.5108032439523,wackestone-grainstone,70.0,0.0,none
3165.5,2327.790535714286,2323.0905357142856,88.38303571428571,823.55125,-693.2655357142858,1076.5007033837824,mudstone-wackestone,0.0,100.0,none
3166.5,2327.8108928571432,2323.110892857143,88.41839285714285,824.39875,-693.7958928571429,1077.4906217443393,mudstone-wackestone,0.0,100.0,none
3167.5,2327.83125,2323.13125,88.45375,825.2462499999999,-694.3262500000001,1078.4805582754493,mudstone-wackestone,0.0,100.0,none
3168.5,2327.851607142857,2323.1516071428573,88.48910714285714,826.09375,-694.8566071428572,1079.4705129271229,mudstone-wackestone,0.0,100.0,none
3169.5,2327.8719642857145,2323.1719642857142,88.52446428571429,826.94125,-695.3869642857143,1080.460485649551,mudstone-wackestone,0.0,100.0,none
3170.5,2327.8923214285714,2323.1923214285716,88.55982142857142,827.7887499999999,-695.9173214285714,1081.450476393108,mudstone-wackestone,0.0,100.0,none
3171.5,2327.912678571429,2323.2126785714286,88.59517857142856,828.63625,-696.4476785714286,1082.4404851083475,mudstone-wackestone,0.0,100.0,none
3172.5,2327.933035714286,2323.2330357142855,88.63053571428571,829.48375,-696.9780357142857,1083.4305117460033,mudstone-wackestone,0.0,100.0,none
3173.5,2327.953392857143,2323.253392857143,88.66589285714285,830.33125,-697.5083928571429,1084.4205562569887,mudstone-wackestone,0.0,100.0,none
3174.5,2327.97375,2323.27375,88.70125,831.17875,-698.03875,1085.4106185923947,mudstone-wackestone,0.0,100.0,none
3175.5,2327.994107142857,2323.2941071428572,88.73660714285714,832.02625,-698.5691071428572,1086.40069870349,mudstone-wackestone,0.0,60.0,none
3176.5,2328.0144642857144,2323.314464285714,88.77196428571428,832.87375,-699.0994642857144,1087.3907965417195,mudstone-wackestone,0.0,60.0,none
3177.5,2328.0348214285714,2323.3348214285716,88.80732142857143,833.7212499999999,-699.6298214285715,1088.3809120587043,mudstone-wackestone,0.0,60.0,none
3178.5,2328.0551785714288,2323.3551785714285,88.84267857142856,834.56875,-700.1601785714286,1089.3710452062408,mudstone-wackestone,0.0,60.0,none
3179.5,2328.0755357142857,2323.375535714286,88.87803571428572,835.41625,-700.6905357142857,1090.3611959362986,mudstone-wackestone,0.0,60.0,none
3180.5,2328.095892857143,2323.395892857143,88.91339285714285,836.26375,-701.2208928571429,1091.3513642010216,mudstone-wackestone,0.0,60.0,none
3181.5,2328.11625,2323.41625,88.94874999999999,837.1112499999999,-701.75125,1092.3415499527266,mudstone-wackestone,0.0,60.0,none
3182.5,2328.136607142857,2323.436607142857,88.98410714285714,837.95875,-702.2816071428572,1093.3317531439013,mudstone-wackestone,0.0,60.0,none
3183.5,2328.1569642857144,2323.4569642857145,89.01946428571428,838.80625,-702.8119642857143,1094.3219737272054,mudstone-wackestone,0.0,60.0,none
3184.5,2328.1773214285713,2323.4773214285715,89.05482142857143,839.65375,-703.3423214285715,1095.3122116554687,mudstone-wackestone,0.0,60.0,none
3185.5,2328.1976785714287,2323.4976785714284,89.09017857142857,840.50125,-703.8726785714287,1096.3024668816906,mudstone-wackestone,0.0,60.0,none
3186.5,2328.2180357142856,2323.518035714286,89.1255357142857,841.34875,-704.4030357142858,1097.292739359039,mudstone-wackestone,0.0,60.0,none
3187.5,2328.238392857143,2323.5383928571428,89.16089285714285,842.19625,-704.9333928571428,1098.2830290408504,mudstone-wackestone,0.0,60.0,none
3188.5,2328.25875,2323.55875,89.19624999999999,843.04375,-705.46375,1099.2733358806286,mudstone-wackestone,0.0,60.0,none
3189.5,2328.279107142857,2323.579107142857,89.23160714285714,843.89125,-705.9941071428572,1100.2636598320435,mudstone-wackestone,0.0,60.0,none
3190.5,2328.2994642857143,2323.5994642857145,89.26696428571428,844.73875,-706.5244642857143,1101.2540008489314,mudstone-wackestone,0.0,60.0,none
3191.5,2328.3198214285712,2323.6198214285714,89.30232142857142,845.58625,-707.0548214285715,1102.2443588852934,mudstone-wackestone,0.0,60.0,none
3192.5,2328.3459259259257,2323.645925925926,89.27777777777777,846.4287037037037,-707.5925925925926,1103.235617420612,mudstone-wackestone,0.0,60.0,none
3193.5,2328.3777777777777,2323.677777777778,89.19333333333333,847.2661111111111,-708.1377777777778,1104.2277733119174,mudstone-wackestone,0.0,60.0,none
3194.5,2328.4096296296298,2323.7096296296295,89.10888888888888,848.1035185185185,-708.682962962963,1105.2199419651527,mudstone-wackestone,0.0,60.0,none
3195.5,2328.4414814814813,2323.7414814814815,89.02444444444444,848.940925925926,-709.2281481481482,1106.2121233459793,mudstone-wackestone,0.0,100.0,none
3196.5,2328.4733333333334,2323.7733333333335,88.94,849.7783333333333,-709.7733333333333,1107.204317420181,mudstone-wackestone,0.0,100.0,none
3197.5,2328.505185185185,2323.805185185185,88.85555555555555,850.6157407407408,-710.3185185185185,1108.1965241536639,mudstone-wackestone,0.0,100.0,none
3198.5,2328.537037037037,2323.837037037037,88.77111111111111,851.4531481481481,-710.8637037037038,1109.1887435124554,mudstone-wackestone,0.0,100.0,none
3199.5,2328.568888888889,2323.8688888888887,88.68666666666667,852.2905555555556,-711.4088888888889,1110.180975462704,mudstone-wackestone,0.0,100.0,none
3200.5,2328.6007407407405,2323.9007407407407,88.60222222222222,853.127962962963,-711.9540740740741,1111.173219970679,bentonite,0.0,30.0,none
3201.5,2328.6325925925926,2323.9325925925928,88.51777777777778,853.9653703703704,-712.4992592592592,1112.1654770027692,bentonite,0.0,30.0,none
3202.5,2328.6644444444446,2323.9644444444443,88.43333333333334,854.8027777777778,-713.0444444444445,1113.157746525483,bentonite,0.0,30.0,none
3203.5,2328.696296296296,2323.9962962962964,88.3488888888889,855.6401851851851,-713.5896296296296,1114.1500285054476,bentonite,0.0,30.0,none
3204.5,2328.728148148148,2324.028148148148,88.26444444444445,856.4775925925926,-714.1348148148148,1115.1423229094091,bentonite,0.0,30.0,none
3205.5,2328.7599999999998,2324.06,88.18,857.315,-714.6800000000001,1116.1346297042307,mudstone-wackestone,0.0,60.0,none
3206.5,2328.791851851852,2324.091851851852,88.09555555555555,858.1524074074074,-715.2251851851852,1117.126948856893,mudstone-wackestone,0.0,60.0,none
3207.5,2328.823703703704,2324.1237037037035,88.0111111111111,858.9898148148148,-715.7703703703704,1118.119280334494,mudstone-wackestone,0.0,60.0,none
3208.5,2328.8555555555554,2324.1555555555556,87.92666666666666,859.8272222222222,-716.3155555555555,1119.1116241042475,mudstone-wackestone,0.0,60.0,none
3209.5,2328.8874074074074,2324.187407407407,87.84222222222222,860.6646296296296,-716.8607407407408,1120.1039801334834,mudstone-wackestone,0.0,60.0,none
3210.5,2328.9192592592594,2324.219259259259,87.75777777777778,861.502037037037,-717.4059259259259,1121.0963483896464,mudstone-wackestone,0.0,60.0,none
3211.5,2328.951111111111,2324.251111111111,87.67333333333333,862.3394444444444,-717.9511111111111,1122.0887288402964,mudstone-wackestone,0.0,60.0,none
3212.5,2328.982962962963,2324.2829629629628,87.58888888888889,863.1768518518519,-718.4962962962962,1123.0811214531072,mudstone-wackestone,0.0,60.0,none
3213.5,2329.014814814815,2324.314814814815,87.50444444444445,864.0142592592592,-719.0414814814815,1124.0735261958669,mudstone-wackestone,0.0,60.0,none
3214.5,2329.0466666666666,2324.3466666666664,87.42,864.8516666666667,-719.5866666666666,1125.0659430364763,mudstone-wackestone,0.0,60.0,none
3215.5,2329.0785185185186,2324.3785185185184,87.33555555555556,865.689074074074,-720.1318518518518,1126.0583719429492,bentonite,0.0,40.0,none
3216.5,2329.11037037037,2324.4103703703704,87.25111111111111,866.5264814814815,-720.677037037037,1127.0508128834117,bentonite,0.0,40.0,none
3217.5,2329.1422222222222,2324.442222222222,87.16666666666667,867.3638888888889,-721.2222222222222,1128.0432658261018,bentonite,0.0,40.0,none
3218.5,2329.1740740740743,2324.474074074074,87.08222222222223,868.2012962962963,-721.7674074074074,1129.0357307393685,bentonite,0.0,40.0,none
3219.5,2329.226666666667,2324.5266666666666,86.99407407407408,869.0294444444445,-722.3246296296296,1130.0287809967504,bentonite,0.0,40.0,none
3220.5,2329.3,2324.6,86.90222222222224,869.8483333333334,-722.8938888888888,1131.022412508116,bentonite,0.0,30.0,none
3221.5,2329.3733333333334,2324.673333333333,86.81037037037038,870.6672222222222,-723.4631481481481,1132.016050496012,bentonite,0.0,30.0,none
3222.5,2329.4466666666667,2324.7466666666664,86.71851851851852,871.4861111111111,-724.0324074074074,1133.009694943399,bentonite,0.0,30.0,none
3223.5,2329.52,2324.8199999999997,86.62666666666667,872.3050000000001,-724.6016666666667,1134.0033458332966,bentonite,0.0,30.0,none
3224.5,2329.5933333333332,2324.893333333333,86.53481481481482,873.1238888888889,-725.1709259259259,1134.9970031487844,bentonite,0.0,30.0,none
3225.5,2329.6666666666665,2324.9666666666662,86.44296296296297,873.9427777777778,-725.7401851851852,1135.990666873001,bentonite,0.0,30.0,none
3226.5,2329.7400000000002,2325.04,86.35111111111112,874.7616666666667,-726.3094444444444,1136.9843369891432,bentonite,0.0,30.0,none
3227.5,2329.8133333333335,2325.1133333333332,86.25925925925927,875.5805555555555,-726.8787037037036,1137.9780134804678,bentonite,0.0,30.0,none
3228.5,2329.8866666666668,2325.1866666666665,86.16740740740741,876.3994444444445,-727.447962962963,1138.9716963302888,bentonite,0.0,30.0,none
3229.5,2329.96,2325.2599999999998,86.07555555555555,877.2183333333334,-728.0172222222222,1139.9653855219779,bentonite,0.0,30.0,none
3230.5,2330.0333333333333,2325.333333333333,85.98370370370371,878.0372222222222,-728.5864814814814,1140.9590810389657,bentonite,0.0,40.0,none
3231.5,2330.1066666666666,2325.4066666666663,85.89185185185185,878.8561111111111,-729.1557407407407,1141.95278286474,bentonite,0.0,40.0,none
3232.5,2330.1800000000003,2325.48,85.80000000000001,879.675,-729.725,1142.9464909828455,bentonite,0.0,40.0,none
3233.5,2330.2533333333336,2325.5533333333333,85.70814814814815,880.4938888888889,-730.2942592592592,1143.9402053768847,bentonite,0.0,40.0,none
3234.5,2330.326666666667,2325.6266666666666,85.6162962962963,881.3127777777778,-730.8635185185185,1144.9339260305162,bentonite,0.0,40.0,none
3235.5,2330.4,2325.7,85.52444444444444,882.1316666666667,-731.4327777777778,1145.9276529274557,bentonite,0.0,40.0,none
3236.5,2330.4733333333334,2325.773333333333,85.4325925925926,882.9505555555555,-732.002037037037,1146.9213860514747,bentonite,0.0,40.0,none
3237.5,2330.5466666666666,2325.8466666666664,85.34074074074074,883.7694444444445,-732.5712962962963,1147.9151253864015,bentonite,0.0,40.0,none
3238.5,2330.62,2325.9199999999996,85.2488888888889,884.5883333333334,-733.1405555555555,1148.9088709161197,bentonite,0.0,40.0,none
3239.5,2330.6933333333336,2325.9933333333333,85.15703703703704,885.4072222222222,-733.7098148148148,1149.9026226245687,bentonite,0.0,40.0,none
3240.5,2330.766666666667,2326.0666666666666,85.06518518518519,886.2261111111111,-734.2790740740741,1150.8963804957434,mudstone-wackestone,0.0,60.0,none
3241.5,2330.84,2326.14,84.97333333333333,887.0450000000001,-734.8483333333334,1151.8901445136937,mudstone-wackestone,0.0,60.0,none
3242.5,2330.9133333333334,2326.213333333333,84.88148148148149,887.8638888888889,-735.4175925925925,1152.883914662524,mudstone-wackestone,0.0,60.0,none
3243.5,2330.9866666666667,2326.2866666666664,84.78962962962963,888.6827777777778,-735.9868518518518,1153.877690926394,mudstone-wackestone,0.0,60.0,none
3244.5,2331.06,2326.3599999999997,84.69777777777779,889.5016666666667,-736.5561111111111,1154.8714732895178,mudstone-wackestone,0.0,60.0,none
3245.5,2331.133333333333,2326.433333333333,84.60592592592593,890.3205555555555,-737.1253703703703,1155.8652617361631,mudstone-wackestone,0.0,60.0,none
3246.5,2331.22875,2326.52875,84.51339285714286,891.14125,-737.6882142857143,1156.8563562290733,mudstone-wackestone,0.0,60.0,none
3247.5,2331.34625,2326.64625,84.42017857142858,891.96375,-738.2446428571428,1157.8447581698217,mudstone-wackestone,0.0,60.0,none
3248.5,2331.46375,2326.7637499999996,84.32696428571428,892.78625,-738.8010714285714,1158.833168032857,mudstone-wackestone,0.0,60.0,none
3249.5,2331.58125,2326.88125,84.23375,893.60875,-739.3575,1159.8215857979246,mudstone-wackestone,0.0,60.0,none
3250.5,2331.69875,2326.9987499999997,84.14053571428572,894.43125,-739.9139285714285,1160.8100114448391,mudstone-wackestone,0.0,60.0,none
3251.5,2331.81625,2327.11625,84.04732142857144,895.25375,-740.4703571428571,1161.7984449534836,mudstone-wackestone,0.0,60.0,none
3252.5,2331.93375,2327.23375,83.95410714285714,896.07625,-741.0267857142857,1162.7868863038095,mudstone-wackestone,0.0,60.0,none
3253.5,2332.05125,2327.3512499999997,83.86089285714286,896.8987500000001,-741.5832142857142,1163.7753354758358,mudstone-wackestone,0.0,60.0,none
3254.5,2332.1687500000003,2327.46875,83.76767857142858,897.72125,-742.1396428571428,1164.7637924496494,mudstone-wackestone,0.0,60.0,none
3255.5,2332.28625,2327.58625,83.6744642857143,898.54375,-742.6960714285714,1165.7522572054047,mudstone-wackestone,0.0,60.0,none
3256.5,2332.40375,2327.70375,83.58125,899.36625,-743.2524999999999,1166.740729723323,mudstone-wackestone,0.0,60.0,none
3257.5,2332.5212500000002,2327.82125,83.48803571428572,900.18875,-743.8089285714285,1167.7292099836927,mudstone-wackestone,0.0,60.0,none
3258.5,2332.63875,2327.93875,83.39482142857143,901.01125,-744.3653571428571,1168.7176979668682,mudstone-wackestone,0.0,60.0,none
3259.5,2332.75625,2328.05625,83.30160714285715,901.83375,-744.9217857142856,1169.7061936532707,mudstone-wackestone,0.0,60.0,none
3260.5,2332.87375,2328.17375,83.20839285714285,902.65625,-745.4782142857143,1170.694697023387,mudstone-wackestone,0.0,70.0,none
3261.5,2332.99125,2328.29125,83.11517857142857,903.47875,-746.0346428571429,1171.68320805777,mudstone-wackestone,0.0,70.0,none
3262.5,2333.10875,2328.40875,83.02196428571429,904.30125,-746.5910714285715,1172.6717267370373,mudstone-wackestone,0.0,70.0,none
3263.5,2333.22625,2328.52625,82.92875000000001,905.12375,-747.1475,1173.6602530418727,mudstone-wackestone,0.0,70.0,none
3264.5,2333.34375,2328.64375,82.83553571428571,905.94625,-747.7039285714286,1174.6487869530238,mudstone-wackestone,0.0,70.0,none
3265.5,2333.46125,2328.76125,82.74232142857143,906.76875,-748.2603571428572,1175.6373284513038,mudstone-wackestone,0.0,60.0,none
3266.5,2333.57875,2328.8787500000003,82.64910714285715,907.59125,-748.8167857142857,1176.6258775175893,mudstone-wackestone,0.0,60.0,none
3267.5,2333.69625,2328.99625,82.55589285714287,908.41375,-749.3732142857143,1177.6144341328215,mudstone-wackestone,0.0,60.0,none
3268.5,2333.8137500000003,2329.11375,82.46267857142857,909.23625,-749.9296428571429,1178.6029982780055,mudstone-wackestone,0.0,60.0,none
3269.5,2333.93125,2329.2312500000003,82.36946428571429,910.05875,-750.4860714285714,1179.5915699342097,mudstone-wackestone,0.0,60.0,none
3270.5,2334.04875,2329.34875,82.27625,910.88125,-751.0425,1180.5801490825654,mudstone-wackestone,0.0,60.0,none
3271.5,2334.16625,2329.4662500000004,82.18303571428572,911.70375,-751.5989285714286,1181.5687357042677,mudstone-wackestone,0.0,60.0,none
3272.5,2334.28375,2329.5837500000002,82.08982142857143,912.52625,-752.1553571428572,1182.557329780574,mudstone-wackestone,0.0,60.0,none
3273.5,2334.40125,2329.70125,81.99660714285714,913.34875,-752.7117857142857,1183.5459312928042,mudstone-wackestone,0.0,60.0,none
3274.5,2334.53,2329.8300000000004,81.95,914.175,-753.2594444444444,1184.5318574313453,mudstone-wackestone,0.0,60.0,none
3275.5,2334.67,2329.9700000000003,81.95,915.005,-753.7983333333334,1185.5151105579005,mudstone-wackestone,0.0,60.0,none
3276.5,2334.81,2330.11,81.95,915.835,-754.3372222222222,1186.4983742318984,mudstone-wackestone,0.0,60.0,none
3277.5,2334.95,2330.25,81.95,916.665,-754.8761111111112,1187.4816484271387,mudstone-wackestone,0.0,60.0,none
3278.5,2335.09,2330.3900000000003,81.95,917.495,-755.415,1188.464933117507,mudstone-wackestone,0.0,60.0,none
3279.5,2335.23,2330.53,81.95,918.325,-755.953888888889,1189.448228276975,mudstone-wackestone,0.0,60.0,none
3280.5,2335.37,2330.67,81.95,919.155,-756.4927777777777,1190.4315338796005,mudstone-wackestone,0.0,60.0,none
3281.5,2335.5099999999998,2330.81,81.95,919.985,-757.0316666666668,1191.4148498995264,mudstone-wackestone,0.0,60.0,none
3282.5,2335.6499999999996,2330.95,81.95,920.815,-757.5705555555555,1192.398176310981,mudstone-wackestone,0.0,60.0,none
