DEPT,TVD,ROP,gr,dtc,DTS,mss,sphi_wyllie
2352.9,2246.785,,,,,2242.085,
2353.0,2246.833,,,,,2242.1330000000003,
2353.1,2246.882,,,,,2242.1820000000002,
2353.2,2246.93,,,,,2242.23,
2353.3,2246.978,,,,,2242.2780000000002,
2353.4,2247.026,,,,,2242.326,
2353.5,2247.074,,,,,2242.3740000000003,
2353.6,2247.122,,,,,2242.422,
2353.7,2247.17,,,,,2242.4700000000003,
2353.8,2247.218,,,,,2242.518,
2353.9,2247.266,4.603,38.19,71.51,,2242.5660000000003,0.1696819787985866
2354.0,2247.314,5.686,39.62,70.99,,2242.614,0.16600706713780916
2354.1,2247.362,6.91,40.18,70.42,,2242.6620000000003,0.16197879858657244
2354.2,2247.41,6.995,40.84,70.02,,2242.71,0.1591519434628975
2354.3,2247.459,7.197,41.91,69.48,,2242.759,0.15533568904593642
2354.4,2247.507,6.658,43.8,69.03,,2242.8070000000002,0.15215547703180213
2354.5,2247.555,5.624,46.8,68.49,,2242.855,0.14833922261484095
2354.6,2247.603,5.241,43.3,68.32,,2242.9030000000002,0.14713780918727912
2354.7,2247.651,4.24,41.12,68.07,,2242.951,0.14537102473498228
2354.8,2247.699,3.808,40.29,67.65,,2242.9990000000003,0.1424028268551237
2354.9,2247.747,3.71,39.23,67.53,,2243.047,0.14155477031802122
2355.0,2247.795,3.413,37.22,67.47,,2243.0950000000003,0.14113074204946996
2355.1,2247.843,3.268,38.43,67.38,,2243.143,0.14049469964664307
2355.2,2247.891,3.038,38.81,66.59,,2243.1910000000003,0.13491166077738517
2355.3,2247.938,2.948,39.48,66.73,,2243.2380000000003,0.1359010600706714
2355.4,2247.986,2.836,41.78,66.49,,2243.286,0.1342049469964664
2355.5,2248.034,2.726,43.49,66.24,,2243.3340000000003,0.13243816254416957
2355.6,2248.082,2.515,44.69,66.06,,2243.382,0.1311660777385159
2355.7,2248.13,2.575,46.12,65.87,,2243.4300000000003,0.12982332155477036
2355.8,2248.178,2.519,46.17,66.3,,2243.478,0.13286219081272083
2355.9,2248.226,2.298,47.28,66.36,,2243.5260000000003,0.13328621908127208
2356.0,2248.274,2.349,46.63,66.45,,2243.574,0.13392226148409897
2356.1,2248.322,2.391,45.21,66.72,,2243.6220000000003,0.1358303886925795
2356.2,2248.37,2.337,45.93,66.56,,2243.67,0.13469964664310954
2356.3,2248.418,2.648,47.39,66.85,,2243.7180000000003,0.1367491166077738
2356.4,2248.466,2.96,47.28,67.11,,2243.766,0.13858657243816255
2356.5,2248.513,3.272,47.28,67.31,,2243.813,0.14
2356.6,2248.561,3.584,52.8,67.21,,2243.8610000000003,0.13929328621908124
2356.7,2248.609,3.895,52.8,66.87,,2243.909,0.13689045936395763
2356.8,2248.657,4.207,40.06,66.25,,2243.9570000000003,0.13250883392226148
2356.9,2248.705,4.519,27.38,65.02,,2244.005,0.1238162544169611
2357.0,2248.753,6.405,27.38,63.46,,2244.0530000000003,0.11279151943462898
2357.1,2248.8,7.495,27.38,61.31,,2244.1000000000004,0.09759717314487634
2357.2,2248.848,5.784,27.38,59.53,,2244.148,0.08501766784452297
2357.3,2248.896,6.571,21.94,57.39,,2244.1960000000004,0.06989399293286219
2357.4,2248.944,6.311,20.45,55.5,,2244.244,0.05653710247349823
2357.5,2248.992,6.127,18.89,54.35,,2244.2920000000004,0.04840989399293287
2357.6,2249.04,6.24,17.38,53.25,,2244.34,0.04063604240282685
2357.7,2249.087,6.472,16.03,52.56,,2244.387,0.03575971731448765
2357.8,2249.135,6.484,11.73,52.22,,2244.4350000000004,0.03335689045936395
2357.9,2249.183,6.498,10.28,52.08,,2244.483,0.032367491166077726
2358.0,2249.231,6.344,9.9,51.96,,2244.5310000000004,0.031519434628975274
2358.1,2249.278,6.17,9.51,51.74,,2244.578,0.029964664310954077
2358.2,2249.326,6.368,9.14,50.98,,2244.626,0.02459363957597171
2358.3,2249.374,5.904,11.97,50.56,,2244.674,0.02162544169611309
2358.4,2249.422,5.934,12.56,49.74,,2244.722,0.01583038869257952
2358.5,2249.469,6.08,13.87,49.01,,2244.7690000000002,0.010671378091872777
2358.6,2249.517,5.926,14.45,48.43,,2244.817,0.006572438162544167
2358.7,2249.565,6.8,15.33,47.8,,2244.8650000000002,0.0021201413427561636
2358.8,2249.612,7.337,15.7,47.03,,2244.9120000000003,0.0
2358.9,2249.66,9.09,16.21,47.29,,2244.96,0.0
2359.0,2249.708,11.175,15.37,47.54,,2245.0080000000003,0.00028268551236748516
2359.1,2249.755,13.555,14.72,48.35,,2245.0550000000003,0.006007067137809198
2359.2,2249.803,16.926,14.6,51.1,,2245.103,0.025441696113074216
2359.3,2249.851,20.402,12.84,51.1,,2245.1510000000003,0.025441696113074216
2359.4,2249.898,20.376,12.99,53.67,,2245.1980000000003,0.04360424028268552
2359.5,2249.946,19.623,12.99,53.67,,2245.246,0.04360424028268552
2359.6,2249.994,19.566,13.69,53.67,,2245.2940000000003,0.04360424028268552
2359.7,2250.041,17.936,13.69,53.35,,2245.3410000000003,0.041342756183745596
2359.8,2250.089,15.911,13.69,53.04,,2245.389,0.03915194346289752
2359.9,2250.137,12.547,13.63,52.73,,2245.4370000000004,0.036961130742049444
2360.0,2250.184,10.997,13.58,52.42,,2245.4840000000004,0.034770318021201424
2360.1,2250.232,10.296,13.58,52.11,,2245.532,0.032579505300353355
2360.2,2250.279,8.704,13.58,51.8,,2245.579,0.03038869257950528
2360.3,2250.327,7.456,13.58,51.48,,2245.6270000000004,0.02812720848056535
2360.4,2250.375,6.753,13.58,51.17,,2245.675,0.025936395759717328
2360.5,2250.422,6.709,13.58,50.86,,2245.722,0.023745583038869252
2360.6,2250.47,6.511,13.58,50.55,,2245.77,0.02155477031802118
2360.7,2250.517,5.96,11.97,50.24,,2245.817,0.01936395759717316
2360.8,2250.565,5.875,11.59,50.24,,2245.8650000000002,0.01936395759717316
2360.9,2250.612,5.881,11.22,51.46,,2245.9120000000003,0.027985865724381633
2361.0,2250.66,6.0,9.78,51.46,,2245.96,0.027985865724381633
2361.1,2250.707,6.084,9.78,51.46,,2246.007,0.027985865724381633
2361.2,2250.755,6.296,9.78,51.77,,2246.0550000000003,0.030176678445229706
2361.3,2250.802,6.331,9.78,52.43,,2246.1020000000003,0.03484098939929328
2361.4,2250.85,6.933,9.78,52.68,,2246.15,0.03660777385159011
2361.5,2250.897,7.089,9.78,52.8,,2246.197,0.03745583038869256
2361.6,2250.945,7.068,9.78,52.93,,2246.2450000000003,0.038374558303886926
2361.7,2250.992,6.5,10.76,53.68,,2246.2920000000004,0.04367491166077738
2361.8,2251.04,6.111,11.73,53.69,,2246.34,0.04374558303886924
2361.9,2251.087,5.219,11.73,56.01,,2246.387,0.060141342756183734
2362.0,2251.135,4.729,10.32,56.64,,2246.4350000000004,0.06459363957597174
2362.1,2251.182,3.225,9.8,57.3,,2246.482,0.06925795053003532
2362.2,2251.23,2.936,9.8,57.95,,2246.53,0.07385159010600709
2362.3,2251.277,2.541,9.73,60.41,,2246.577,0.09123674911660774
2362.4,2251.325,2.195,9.48,60.41,,2246.625,0.09123674911660774
2362.5,2251.372,2.141,9.4,60.41,,2246.672,0.09123674911660774
2362.6,2251.419,2.283,9.26,60.41,,2246.719,0.09123674911660774
2362.7,2251.467,2.458,9.23,60.41,,2246.7670000000003,0.09123674911660774
2362.8,2251.514,2.571,9.21,57.14,,2246.8140000000003,0.06812720848056537
2362.9,2251.562,2.793,9.17,53.67,,2246.862,0.04360424028268552
2363.0,2251.609,3.046,8.99,58.94,,2246.909,0.08084805653710246
2363.1,2251.656,3.609,9.19,57.94,,2246.956,0.07378091872791517
2363.2,2251.704,3.648,9.29,57.94,,2247.0040000000004,0.07378091872791517
2363.3,2251.751,3.924,9.35,58.11,,2247.0510000000004,0.07498233215547703
2363.4,2251.798,4.011,9.63,58.83,,2247.098,0.08007067137809186
2363.5,2251.846,4.061,9.88,58.86,,2247.146,0.08028268551236749
2363.6,2251.893,3.996,10.15,58.67,,2247.193,0.07893992932862191
2363.7,2251.94,3.496,15.19,58.82,,2247.2400000000002,0.08
2363.8,2251.988,2.757,15.97,59.73,,2247.288,0.0864310954063604
2363.9,2252.035,2.358,17.2,58.8,,2247.335,0.07985865724381623
2364.0,2252.082,1.879,17.27,56.67,,2247.382,0.06480565371024737
2364.1,2252.13,1.412,18.86,57.03,,2247.4300000000003,0.06734982332155477
2364.2,2252.177,1.188,24.09,56.38,,2247.4770000000003,0.06275618374558306
2364.3,2252.224,0.96,25.34,56.9,,2247.5240000000003,0.06643109540636041
2364.4,2252.272,0.86,25.82,56.26,,2247.572,0.06190812720848055
2364.5,2252.319,0.777,32.12,59.98,,2247.619,0.08819787985865722
2364.6,2252.366,0.766,36.93,62.6,,2247.666,0.10671378091872792
2364.7,2252.413,0.788,38.41,63.42,,2247.713,0.11250883392226149
2364.8,2252.461,0.81,43.04,65.25,,2247.761,0.1254416961130742
2364.9,2252.508,0.873,44.85,67.7,,2247.808,0.14275618374558305
2365.0,2252.555,0.965,49.16,68.23,,2247.855,0.14650176678445231
2365.1,2252.602,1.126,49.49,68.68,,2247.902,0.1496819787985866
2365.2,2252.65,1.251,51.87,68.87,,2247.9500000000003,0.15102473498233218
2365.3,2252.697,1.451,49.92,69.7,,2247.9970000000003,0.15689045936395762
2365.4,2252.744,1.566,47.5,69.47,,2248.0440000000003,0.1552650176678445
2365.5,2252.791,1.666,44.89,69.39,,2248.0910000000003,0.15469964664310953
2365.6,2252.838,1.761,44.81,68.8,,2248.1380000000004,0.15053003533568904
2365.7,2252.886,1.808,42.99,68.65,,2248.186,0.149469964664311
2365.8,2252.933,1.934,42.33,68.51,,2248.233,0.14848056537102478
2365.9,2252.98,2.061,43.73,68.85,,2248.28,0.15088339222614838
2366.0,2253.027,1.012,44.57,69.09,,2248.327,0.15257950530035339
2366.1,2253.074,0.827,52.38,69.09,,2248.3740000000003,0.15257950530035339
2366.2,2253.121,0.759,53.18,69.09,,2248.4210000000003,0.15257950530035339
2366.3,2253.169,0.468,54.29,70.35,,2248.469,0.1614840989399293
2366.4,2253.216,0.147,55.09,70.35,,2248.516,0.1614840989399293
2366.5,2253.263,-0.12,55.24,71.07,,2248.563,0.16657243816254413
2366.6,2253.31,0.345,55.61,71.79,,2248.61,0.17166077738515906
2366.7,2253.357,0.635,55.4,72.51,,2248.657,0.1767491166077739
2366.8,2253.404,0.824,55.08,73.23,,2248.704,0.1818374558303887
2366.9,2253.451,1.029,54.87,73.95,,2248.751,0.18692579505300355
2367.0,2253.498,2.239,54.7,74.67,,2248.7980000000002,0.1920141342756184
2367.1,2253.545,2.274,50.62,74.67,,2248.8450000000003,0.1920141342756184
2367.2,2253.592,2.273,50.17,73.14,,2248.8920000000003,0.18120141342756185
2367.3,2253.639,2.463,49.04,73.14,,2248.9390000000003,0.18120141342756185
2367.4,2253.687,2.63,49.01,73.14,,2248.987,0.18120141342756185
2367.5,2253.734,2.695,48.09,72.82,,2249.034,0.17893992932862185
2367.6,2253.781,2.696,48.18,72.41,,2249.081,0.1760424028268551
2367.7,2253.828,2.118,48.48,72.07,,2249.128,0.1736395759717314
2367.8,2253.875,1.859,48.89,72.07,,2249.175,0.1736395759717314
2367.9,2253.922,1.744,48.89,72.07,,2249.222,0.1736395759717314
2368.0,2253.969,1.561,48.89,70.51,,2249.2690000000002,0.16261484098939932
2368.1,2254.016,1.229,48.89,70.5,,2249.3160000000003,0.1625441696113074
2368.2,2254.063,1.112,48.89,70.32,,2249.3630000000003,0.16127208480565366
2368.3,2254.11,1.062,48.09,70.32,,2249.4100000000003,0.16127208480565366
2368.4,2254.157,0.992,47.28,70.32,,2249.4570000000003,0.16127208480565366
2368.5,2254.204,0.923,46.48,70.29,,2249.5040000000004,0.16106007067137815
2368.6,2254.251,0.91,45.68,70.25,,2249.5510000000004,0.1607773851590106
2368.7,2254.298,1.022,44.87,70.21,,2249.598,0.16049469964664306
2368.8,2254.345,1.05,44.07,70.21,,2249.645,0.16049469964664306
2368.9,2254.391,1.141,43.27,70.21,,2249.6910000000003,0.16049469964664306
2369.0,2254.438,1.242,42.47,70.06,,2249.7380000000003,0.15943462897526503
2369.1,2254.485,1.978,41.66,70.06,,2249.7850000000003,0.15943462897526503
2369.2,2254.532,2.458,40.86,68.48,,2249.8320000000003,0.14826855123674915
2369.3,2254.579,3.186,40.06,66.89,,2249.8790000000004,0.13703180212014135
2369.4,2254.626,4.483,39.25,65.31,,2249.9260000000004,0.12586572438162547
2369.5,2254.673,7.89,38.45,63.73,,2249.973,0.11469964664310951
2369.6,2254.72,11.368,37.65,62.14,,2250.02,0.10346289752650177
2369.7,2254.767,11.779,36.85,60.56,,2250.067,0.09229681978798589
2369.8,2254.814,9.483,36.04,58.98,,2250.114,0.08113074204946995
2369.9,2254.86,7.462,35.24,57.39,,2250.1600000000003,0.06989399293286219
2370.0,2254.907,6.259,34.44,55.81,,2250.2070000000003,0.05872791519434631
2370.1,2254.954,4.736,33.63,54.23,,2250.2540000000004,0.04756183745583037
2370.2,2255.001,3.851,32.83,52.64,,2250.3010000000004,0.03632508833922262
2370.3,2255.048,3.279,32.03,52.64,,2250.348,0.03632508833922262
2370.4,2255.095,3.251,31.23,52.64,,2250.395,0.03632508833922262
2370.5,2255.141,2.802,30.42,52.64,,2250.4410000000003,0.03632508833922262
2370.6,2255.188,2.859,29.62,52.64,,2250.4880000000003,0.03632508833922262
2370.7,2255.235,2.835,28.82,52.64,,2250.5350000000003,0.03632508833922262
2370.8,2255.282,3.058,28.01,52.64,,2250.5820000000003,0.03632508833922262
2370.9,2255.328,3.006,27.21,52.64,,2250.628,0.03632508833922262
2371.0,2255.375,2.745,26.41,52.64,,2250.675,0.03632508833922262
2371.1,2255.422,2.469,25.61,52.64,,2250.722,0.03632508833922262
2371.2,2255.468,2.36,24.8,55.64,,2250.768,0.057526501766784456
2371.3,2255.515,2.095,24.0,55.64,,2250.815,0.057526501766784456
2371.4,2255.562,1.881,23.2,55.64,,2250.862,0.057526501766784456
2371.5,2255.608,1.779,22.39,53.49,,2250.9080000000004,0.04233215547703181
2371.6,2255.655,1.676,21.59,53.62,,2250.9550000000004,0.04325088339222613
2371.7,2255.702,1.668,20.79,53.47,,2251.0020000000004,0.04219081272084805
2371.8,2255.748,1.666,19.98,53.43,,2251.0480000000002,0.04190812720848056
2371.9,2255.795,1.693,19.18,53.29,,2251.0950000000003,0.04091872791519434
2372.0,2255.841,1.794,18.38,53.28,,2251.141,0.04084805653710248
2372.1,2255.888,1.881,17.58,53.35,,2251.188,0.041342756183745596
2372.2,2255.934,1.977,17.58,53.32,,2251.2340000000004,0.04113074204946997
2372.3,2255.981,2.188,17.58,53.35,,2251.2810000000004,0.041342756183745596
2372.4,2256.027,2.374,18.45,53.38,,2251.327,0.04155477031802122
2372.5,2256.074,2.236,18.45,53.55,,2251.3740000000003,0.04275618374558302
2372.6,2256.12,2.465,18.53,53.55,,2251.42,0.04275618374558302
2372.7,2256.167,2.504,18.81,53.55,,2251.467,0.04275618374558302
2372.8,2256.213,2.443,18.91,53.51,,2251.5130000000004,0.042473498233215536
2372.9,2256.26,2.748,19.0,53.63,,2251.5600000000004,0.04332155477031804
2373.0,2256.306,2.986,19.26,53.79,,2251.606,0.04445229681978798
2373.1,2256.352,4.064,19.47,53.68,,2251.652,0.04367491166077738
2373.2,2256.399,5.182,19.66,53.68,,2251.699,0.04367491166077738
2373.3,2256.445,6.271,20.39,54.5,,2251.7450000000003,0.04946996466431095
2373.4,2256.492,9.227,20.59,54.99,,2251.7920000000004,0.05293286219081274
2373.5,2256.538,18.89,22.17,55.7,,2251.838,0.05795053003533571
2373.6,2256.584,18.838,22.56,56.56,,2251.884,0.06402826855123676
2373.7,2256.63,18.457,22.9,57.08,,2251.9300000000003,0.06770318021201412
2373.8,2256.677,17.89,23.43,57.52,,2251.9770000000003,0.07081272084805657
2373.9,2256.723,16.824,23.34,58.32,,2252.023,0.07646643109540636
2374.0,2256.769,16.574,23.26,58.18,,2252.069,0.07547703180212013
2374.1,2256.816,16.546,23.09,57.94,,2252.116,0.07378091872791517
2374.2,2256.862,16.79,23.29,57.64,,2252.1620000000003,0.07166077738515901
2374.3,2256.908,17.033,23.76,56.41,,2252.208,0.06296819787985863
2374.4,2256.954,17.112,26.2,56.17,,2252.2540000000004,0.06127208480565372
2374.5,2257.0,17.727,28.5,55.31,,2252.3,0.055194346289752665
2374.6,2257.046,18.07,30.08,55.31,,2252.346,0.055194346289752665
2374.7,2257.093,18.781,31.22,57.47,,2252.393,0.07045936395759717
2374.8,2257.139,19.709,32.93,59.15,,2252.4390000000003,0.0823321554770318
2374.9,2257.185,20.291,33.99,59.47,,2252.485,0.08459363957597173
2375.0,2257.231,20.559,34.59,61.47,,2252.5310000000004,0.09872791519434629
2375.1,2257.277,21.395,33.82,62.18,,2252.577,0.10374558303886926
2375.2,2257.323,21.851,32.74,62.64,,2252.623,0.10699646643109541
2375.3,2257.369,22.009,32.16,63.04,,2252.6690000000003,0.10982332155477031
2375.4,2257.415,21.926,28.92,63.08,,2252.715,0.1101060070671378
2375.5,2257.461,22.259,27.24,62.25,,2252.761,0.10424028268551237
2375.6,2257.507,21.879,25.02,61.85,,2252.8070000000002,0.10141342756183747
2375.7,2257.553,21.149,23.88,61.89,,2252.853,0.10169611307420495
2375.8,2257.599,20.486,22.65,60.96,,2252.8990000000003,0.09512367491166078
2375.9,2257.645,20.385,21.57,60.61,,2252.945,0.09265017667844523
2376.0,2257.691,20.031,21.66,60.0,,2252.991,0.08833922261484099
2376.1,2257.737,19.532,21.06,60.37,,2253.0370000000003,0.09095406360424027
2376.2,2257.783,19.172,21.06,59.24,,2253.083,0.08296819787985867
2376.3,2257.829,19.417,21.67,57.75,,2253.1290000000004,0.07243816254416961
2376.4,2257.875,19.522,22.58,56.97,,2253.175,0.06692579505300353
2376.5,2257.921,19.327,23.25,56.14,,2253.221,0.06106007067137809
2376.6,2257.966,19.463,23.79,54.8,,2253.266,0.051590106007067114
2376.7,2258.012,19.873,24.73,53.11,,2253.3120000000004,0.03964664310954063
2376.8,2258.058,20.046,25.57,51.89,,2253.358,0.03102473498233216
2376.9,2258.104,20.046,26.03,51.65,,2253.404,0.029328621908127198
2377.0,2258.15,20.409,27.23,50.98,,2253.4500000000003,0.02459363957597171
2377.1,2258.195,20.803,28.94,50.93,,2253.4950000000003,0.024240282685512364
2377.2,2258.241,20.501,30.33,50.72,,2253.541,0.022756183745583032
2377.3,2258.287,20.131,31.49,49.54,,2253.587,0.014416961130742043
2377.4,2258.333,20.249,32.75,49.54,,2253.6330000000003,0.014416961130742043
2377.5,2258.378,20.449,33.84,49.54,,2253.6780000000003,0.014416961130742043
2377.6,2258.424,20.086,34.36,52.47,,2253.724,0.03512367491166077
2377.7,2258.47,19.706,34.87,55.41,,2253.77,0.05590106007067135
2377.8,2258.515,20.014,35.16,58.35,,2253.815,0.076678445229682
2377.9,2258.561,19.566,34.8,61.29,,2253.8610000000003,0.09745583038869257
2378.0,2258.607,19.991,34.68,64.23,,2253.907,0.1182332155477032
2378.1,2258.652,19.37,32.26,64.23,,2253.952,0.1182332155477032
2378.2,2258.698,19.829,29.59,64.23,,2253.998,0.1182332155477032
2378.3,2258.744,19.468,28.02,62.99,,2254.0440000000003,0.10946996466431097
2378.4,2258.789,18.991,27.05,62.99,,2254.0890000000004,0.10946996466431097
2378.5,2258.835,18.327,25.53,62.68,,2254.135,0.1072791519434629
2378.6,2258.88,18.119,25.33,62.29,,2254.1800000000003,0.10452296819787986
2378.7,2258.926,17.159,26.42,61.9,,2254.226,0.10176678445229681
2378.8,2258.971,16.589,26.21,61.55,,2254.271,0.09929328621908125
2378.9,2259.017,15.809,28.36,60.11,,2254.317,0.08911660777385158
2379.0,2259.062,15.124,31.09,58.46,,2254.362,0.07745583038869258
2379.1,2259.108,14.75,35.67,58.05,,2254.4080000000004,0.07455830388692578
2379.2,2259.153,14.615,38.29,57.64,,2254.453,0.07166077738515901
2379.3,2259.199,14.754,43.34,56.11,,2254.4990000000003,0.06084805653710247
2379.4,2259.244,14.953,45.84,59.1,,2254.5440000000003,0.08197879858657245
2379.5,2259.289,15.559,47.91,59.71,,2254.5890000000004,0.08628975265017669
2379.6,2259.335,16.73,48.4,60.28,,2254.635,0.09031802120141344
2379.7,2259.38,17.853,49.07,60.59,,2254.6800000000003,0.0925088339222615
2379.8,2259.426,18.721,49.23,60.78,,2254.726,0.09385159010600708
2379.9,2259.471,20.112,49.66,61.41,,2254.771,0.09830388692579503
2380.0,2259.516,21.177,49.41,61.39,,2254.8160000000003,0.09816254416961132
2380.1,2259.562,20.987,49.55,62.94,,2254.862,0.10911660777385157
2380.2,2259.607,21.411,50.22,63.43,,2254.907,0.11257950530035335
2380.3,2259.652,21.686,50.58,65.4,,2254.952,0.12650176678445232
2380.4,2259.697,22.182,50.92,68.41,,2254.9970000000003,0.14777385159010598
2380.5,2259.743,22.434,51.96,70.35,,2255.043,0.1614840989399293
2380.6,2259.788,22.342,50.12,71.28,,2255.088,0.1680565371024735
2380.7,2259.833,22.83,54.37,72.54,,2255.1330000000003,0.17696113074204953
2380.8,2259.878,23.359,54.13,73.93,,2255.1780000000003,0.18678445229681984
2380.9,2259.924,23.207,53.58,74.63,,2255.224,0.19173144876325085
2381.0,2259.969,22.222,53.62,72.77,,2255.2690000000002,0.1785865724381625
2381.1,2260.014,21.907,54.34,71.3,,2255.3140000000003,0.16819787985865722
2381.2,2260.059,20.677,52.13,69.45,,2255.3590000000004,0.1551236749116608
2381.3,2260.104,20.096,50.07,67.7,,2255.404,0.14275618374558305
2381.4,2260.149,19.147,48.22,64.73,,2255.449,0.12176678445229684
2381.5,2260.194,18.691,46.18,62.38,,2255.494,0.10515901060070673
2381.6,2260.239,18.675,45.01,62.82,,2255.539,0.10826855123674912
2381.7,2260.284,18.521,40.87,62.58,,2255.5840000000003,0.10657243816254416
2381.8,2260.33,18.579,41.17,62.55,,2255.63,0.10636042402826854
2381.9,2260.375,18.754,41.68,63.16,,2255.675,0.11067137809187277
2382.0,2260.42,19.459,41.02,63.97,,2255.7200000000003,0.11639575971731447
2382.1,2260.465,19.711,40.66,63.97,,2255.7650000000003,0.11639575971731447
2382.2,2260.51,20.18,38.57,64.04,,2255.8100000000004,0.11689045936395764
2382.3,2260.555,20.22,36.56,64.14,,2255.855,0.11759717314487633
2382.4,2260.6,20.214,34.5,64.07,,2255.9,0.11710247349823316
2382.5,2260.644,20.453,32.75,63.77,,2255.944,0.11498233215547705
2382.6,2260.689,20.566,30.94,63.09,,2255.989,0.1101766784452297
2382.7,2260.734,20.596,33.94,62.86,,2256.034,0.1085512367491166
2382.8,2260.779,19.769,38.77,62.8,,2256.079,0.10812720848056535
2382.9,2260.824,19.57,41.27,62.37,,2256.1240000000003,0.10508833922261482
2383.0,2260.869,19.976,43.93,62.54,,2256.1690000000003,0.10628975265017668
2383.1,2260.914,19.882,45.98,63.6,,2256.2140000000004,0.11378091872791521
2383.2,2260.959,20.372,48.24,63.98,,2256.259,0.11646643109540634
2383.3,2261.003,20.569,48.46,64.29,,2256.3030000000003,0.11865724381625446
2383.4,2261.048,21.674,47.0,65.17,,2256.348,0.12487632508833924
2383.5,2261.093,22.593,46.48,65.3,,2256.393,0.12579505300353355
2383.6,2261.138,22.614,45.87,65.45,,2256.438,0.12685512367491167
2383.7,2261.183,22.025,44.92,65.39,,2256.483,0.12643109540636044
2383.8,2261.227,23.071,40.63,65.49,,2256.527,0.12713780918727913
2383.9,2261.272,22.457,39.77,65.53,,2256.572,0.12742049469964664
2384.0,2261.317,21.22,39.27,65.6,,2256.617,0.1279151943462897
2384.1,2261.361,21.063,38.89,64.4,,2256.661,0.11943462897526506
2384.2,2261.406,20.395,38.55,64.03,,2256.706,0.11681978798586573
2384.3,2261.451,20.077,37.97,63.58,,2256.751,0.11363957597173144
2384.4,2261.495,20.225,37.84,63.48,,2256.795,0.1129328621908127
2384.5,2261.54,20.199,37.15,63.37,,2256.84,0.1121554770318021
2384.6,2261.585,20.472,36.76,62.57,,2256.885,0.10650176678445229
2384.7,2261.629,20.68,36.34,62.87,,2256.929,0.10862190812720847
2384.8,2261.674,21.136,36.05,63.13,,2256.974,0.11045936395759719
2384.9,2261.718,21.601,35.2,62.77,,2257.018,0.10791519434628978
2385.0,2261.763,21.903,34.72,62.33,,2257.063,0.10480565371024733
2385.1,2261.808,21.531,33.83,62.55,,2257.108,0.10636042402826854
2385.2,2261.852,21.78,33.04,62.63,,2257.152,0.10692579505300355
2385.3,2261.897,22.282,32.27,62.84,,2257.197,0.10840989399293288
2385.4,2261.941,21.066,31.79,62.84,,2257.241,0.10840989399293288
2385.5,2261.986,19.014,31.7,62.99,,2257.286,0.10946996466431097
2385.6,2262.03,18.191,32.63,63.64,,2257.3300000000004,0.1140636042402827
2385.7,2262.075,17.789,33.07,63.65,,2257.375,0.11413427561837455
2385.8,2262.119,17.678,34.67,63.74,,2257.4190000000003,0.11477031802120143
2385.9,2262.163,17.634,35.47,63.95,,2257.463,0.11625441696113076
2386.0,2262.208,18.27,36.86,63.64,,2257.5080000000003,0.1140636042402827
2386.1,2262.252,19.483,38.68,63.16,,2257.552,0.11067137809187277
2386.2,2262.297,20.321,39.71,62.48,,2257.597,0.10586572438162542
2386.3,2262.341,20.18,38.36,60.55,,2257.641,0.09222614840989397
2386.4,2262.385,21.657,37.79,59.95,,2257.6850000000004,0.08798586572438165
2386.5,2262.43,22.585,35.74,60.28,,2257.73,0.09031802120141344
2386.6,2262.474,22.885,33.82,59.9,,2257.7740000000003,0.08763250883392225
2386.7,2262.518,23.109,32.69,59.72,,2257.818,0.08636042402826855
2386.8,2262.562,22.695,30.79,59.67,,2257.862,0.0860070671378092
2386.9,2262.607,22.129,30.52,59.08,,2257.907,0.08183745583038868
2387.0,2262.651,21.62,30.47,59.03,,2257.951,0.08148409893992933
2387.1,2262.695,20.663,30.05,58.28,,2257.9950000000003,0.07618374558303888
2387.2,2262.739,20.568,30.08,57.58,,2258.039,0.07123674911660777
2387.3,2262.784,19.62,28.22,56.97,,2258.0840000000003,0.06692579505300353
2387.4,2262.828,18.266,27.24,56.67,,2258.128,0.06480565371024737
2387.5,2262.872,18.339,26.3,55.81,,2258.172,0.05872791519434631
2387.6,2262.916,18.141,25.08,55.75,,2258.2160000000003,0.05830388692579505
2387.7,2262.96,17.903,23.75,55.84,,2258.26,0.05893992932862193
2387.8,2263.004,17.338,22.9,55.97,,2258.304,0.05985865724381625
2387.9,2263.049,17.229,22.46,55.87,,2258.349,0.05915194346289751
2388.0,2263.093,18.244,21.83,55.75,,2258.393,0.05830388692579505
2388.1,2263.137,18.514,21.98,55.82,,2258.4370000000004,0.058798586572438166
2388.2,2263.181,18.295,22.16,55.89,,2258.481,0.059293286219081275
2388.3,2263.225,18.837,22.13,55.33,,2258.525,0.05533568904593639
2388.4,2263.269,19.456,22.51,55.37,,2258.569,0.05561837455830387
2388.5,2263.313,19.832,22.86,56.23,,2258.6130000000003,0.061696113074204924
2388.6,2263.357,19.502,22.69,56.26,,2258.657,0.06190812720848055
2388.7,2263.401,18.854,22.56,56.13,,2258.701,0.060989399293286235
2388.8,2263.445,18.452,22.61,56.24,,2258.7450000000003,0.06176678445229684
2388.9,2263.489,18.763,22.24,56.59,,2258.789,0.06424028268551239
2389.0,2263.533,17.174,21.5,56.43,,2258.833,0.0631095406360424
2389.1,2263.577,16.876,21.15,56.16,,2258.8770000000004,0.061201413427561815
2389.2,2263.621,16.929,20.87,55.97,,2258.9210000000003,0.05985865724381625
2389.3,2263.664,16.991,21.07,56.22,,2258.9640000000004,0.061625441696113066
2389.4,2263.708,17.039,21.28,56.03,,2259.0080000000003,0.0602826855123675
2389.5,2263.752,16.591,21.48,55.27,,2259.052,0.05491166077738518
2389.6,2263.796,16.825,22.23,56.03,,2259.096,0.0602826855123675
2389.7,2263.84,17.097,23.81,56.49,,2259.1400000000003,0.06353356890459365
2389.8,2263.884,17.077,29.12,56.59,,2259.184,0.06424028268551239
2389.9,2263.927,16.846,31.11,57.19,,2259.2270000000003,0.06848056537102472
2390.0,2263.971,17.206,35.6,58.89,,2259.271,0.08049469964664312
2390.1,2264.015,16.978,38.77,59.39,,2259.315,0.08402826855123675
2390.2,2264.059,16.487,40.49,60.4,,2259.3590000000004,0.09116607773851589
2390.3,2264.102,16.303,43.97,61.6,,2259.402,0.09964664310954065
2390.4,2264.146,15.537,48.12,63.23,,2259.4460000000004,0.11116607773851588
2390.5,2264.19,15.101,50.89,64.19,,2259.4900000000002,0.11795053003533568
2390.6,2264.234,14.459,51.96,65.97,,2259.534,0.13053003533568905
2390.7,2264.277,14.853,55.97,68.17,,2259.577,0.14607773851590108
2390.8,2264.321,15.363,61.11,70.24,,2259.621,0.1607067137809187
2390.9,2264.365,15.515,61.48,71.34,,2259.665,0.16848056537102477
2391.0,2264.408,16.317,62.29,74.17,,2259.708,0.18848056537102476
2391.1,2264.452,15.599,62.67,74.36,,2259.7520000000004,0.1898233215547703
2391.2,2264.495,15.28,63.1,75.31,,2259.795,0.19653710247349826
2391.3,2264.539,15.007,63.53,75.31,,2259.8390000000004,0.19653710247349826
2391.4,2264.583,14.872,63.33,75.23,,2259.8830000000003,0.1959717314487633
2391.5,2264.626,13.816,63.34,75.23,,2259.9260000000004,0.1959717314487633
2391.6,2264.67,13.319,63.09,75.21,,2259.9700000000003,0.19583038869257946
2391.7,2264.713,12.075,62.76,75.24,,2260.0130000000004,0.1960424028268551
2391.8,2264.757,11.804,62.03,75.22,,2260.0570000000002,0.19590106007067137
2391.9,2264.8,12.491,62.26,75.21,,2260.1000000000004,0.19583038869257946
2392.0,2264.844,11.848,62.42,75.15,,2260.1440000000002,0.1954063604240283
2392.1,2264.887,12.76,62.57,75.15,,2260.1870000000004,0.1954063604240283
2392.2,2264.93,12.785,62.76,75.15,,2260.23,0.1954063604240283
2392.3,2264.974,13.152,63.05,75.14,,2260.2740000000003,0.1953356890459364
2392.4,2265.017,12.263,62.53,75.14,,2260.317,0.1953356890459364
2392.5,2265.061,12.058,62.74,75.14,,2260.3610000000003,0.1953356890459364
2392.6,2265.104,11.595,63.37,75.13,,2260.404,0.1952650176678445
2392.7,2265.147,11.806,64.05,75.12,,2260.447,0.19519434628975268
2392.8,2265.191,11.28,64.1,74.5,,2260.491,0.19081272084805653
2392.9,2265.234,10.507,64.61,74.35,,2260.534,0.18975265017667842
2393.0,2265.277,10.299,65.24,74.19,,2260.577,0.18862190812720847
2393.1,2265.321,9.998,65.69,73.69,,2260.621,0.18508833922261483
2393.2,2265.364,9.878,65.1,73.54,,2260.664,0.1840282685512368
2393.3,2265.407,9.439,64.64,72.94,,2260.7070000000003,0.17978798586572436
2393.4,2265.451,9.356,64.73,73.43,,2260.751,0.1832508833922262
2393.5,2265.494,9.155,64.06,73.84,,2260.7940000000003,0.18614840989399295
2393.6,2265.537,8.912,62.83,73.42,,2260.837,0.18318021201413429
2393.7,2265.58,8.875,62.43,73.52,,2260.88,0.18388692579505297
2393.8,2265.623,8.965,62.94,73.48,,2260.9230000000002,0.18360424028268554
2393.9,2265.667,9.241,63.26,74.48,,2260.967,0.19067137809187282
2394.0,2265.71,9.552,63.36,75.2,,2261.01,0.19575971731448766
2394.1,2265.753,10.064,63.2,75.58,,2261.0530000000003,0.19844522968197878
2394.2,2265.796,10.649,63.83,76.12,,2261.096,0.20226148409893996
2394.3,2265.839,11.666,63.46,76.94,,2261.139,0.2080565371024735
2394.4,2265.882,12.374,63.32,77.66,,2261.1820000000002,0.21314487632508833
2394.5,2265.925,13.179,62.79,77.95,,2261.2250000000004,0.21519434628975267
2394.6,2265.968,13.068,63.07,78.53,,2261.268,0.21929328621908128
2394.7,2266.011,13.007,63.1,78.33,,2261.311,0.2178798586572438
2394.8,2266.055,13.279,63.3,77.8,,2261.355,0.21413427561837453
2394.9,2266.098,13.059,63.14,75.54,,2261.398,0.19816254416961135
2395.0,2266.141,12.91,63.22,72.09,,2261.4410000000003,0.1737809187279152
2395.1,2266.184,12.835,63.09,71.74,,2261.4840000000004,0.1713074204946996
2395.2,2266.226,12.688,62.17,70.69,,2261.5260000000003,0.16388692579505298
2395.3,2266.269,12.409,61.58,70.7,,2261.569,0.1639575971731449
2395.4,2266.312,12.047,61.28,70.74,,2261.612,0.16424028268551233
2395.5,2266.355,11.646,61.05,70.73,,2261.655,0.16416961130742053
2395.6,2266.398,12.286,60.54,70.68,,2261.6980000000003,0.16381625441696118
2395.7,2266.441,12.397,60.49,70.65,,2261.741,0.16360424028268555
2395.8,2266.484,12.527,61.13,70.66,,2261.784,0.16367491166077736
2395.9,2266.527,13.517,61.51,70.62,,2261.827,0.16339222614840992
2396.0,2266.57,14.655,61.78,70.55,,2261.8700000000003,0.16289752650176675
2396.1,2266.613,15.269,62.11,70.58,,2261.913,0.16310954063604238
2396.2,2266.655,16.662,63.13,70.59,,2261.9550000000004,0.1631802120141343
2396.3,2266.698,17.498,63.39,71.18,,2261.998,0.16734982332155482
2396.4,2266.741,17.521,62.99,71.34,,2262.041,0.16848056537102477
2396.5,2266.784,17.662,62.18,71.64,,2262.0840000000003,0.17060070671378091
2396.6,2266.826,17.665,61.8,72.19,,2262.126,0.1744876325088339
2396.7,2266.869,17.759,61.3,72.01,,2262.1690000000003,0.17321554770318026
2396.8,2266.912,17.895,59.0,71.99,,2262.212,0.17307420494699643
2396.9,2266.955,18.372,59.19,71.66,,2262.255,0.17074204946996463
2397.0,2266.997,18.469,58.84,71.28,,2262.297,0.1680565371024735
2397.1,2267.04,18.704,58.7,70.97,,2262.34,0.16586572438162545
2397.2,2267.083,18.769,58.61,70.85,,2262.3830000000003,0.16501766784452293
2397.3,2267.125,18.377,58.58,70.23,,2262.425,0.1606360424028269
2397.4,2267.168,18.297,58.05,70.34,,2262.4680000000003,0.1614134275618375
2397.5,2267.211,17.891,57.74,70.43,,2262.511,0.16204946996466435
2397.6,2267.253,17.323,57.36,69.66,,2262.5530000000003,0.15660777385159008
2397.7,2267.296,16.451,56.23,68.86,,2262.596,0.15095406360424027
2397.8,2267.338,15.315,55.75,68.4,,2262.6380000000004,0.14770318021201417
2397.9,2267.381,14.291,54.09,67.04,,2262.681,0.13809187279151947
2398.0,2267.423,13.677,51.15,65.8,,2262.723,0.1293286219081272
2398.1,2267.466,12.681,47.34,64.75,,2262.766,0.12190812720848057
2398.2,2267.508,11.118,44.52,64.46,,2262.808,0.11985865724381621
2398.3,2267.551,9.947,43.04,63.51,,2262.851,0.11314487632508832
2398.4,2267.593,8.441,40.28,63.36,,2262.893,0.11208480565371025
2398.5,2267.636,7.055,39.56,63.1,,2262.936,0.11024734982332156
2398.6,2267.678,6.271,39.0,62.92,,2262.978,0.10897526501766786
2398.7,2267.721,5.713,37.33,62.81,,2263.021,0.10819787985865725
2398.8,2267.763,5.347,37.47,63.14,,2263.063,0.11053003533568904
2398.9,2267.806,4.959,37.6,62.99,,2263.106,0.10946996466431097
2399.0,2267.848,4.994,36.43,62.99,,2263.148,0.10946996466431097
2399.1,2267.89,5.191,36.06,62.93,,2263.19,0.10904593639575971
2399.2,2267.933,5.188,35.75,62.9,,2263.233,0.10883392226148408
2399.3,2267.975,5.367,34.8,62.67,,2263.275,0.10720848056537104
2399.4,2268.017,5.448,33.35,61.84,,2263.317,0.10134275618374561
2399.5,2268.059,4.579,33.31,61.66,,2263.3590000000004,0.10007067137809185
2399.6,2268.102,4.364,33.29,61.42,,2263.402,0.09837455830388694
2399.7,2268.144,4.026,32.49,61.17,,2263.444,0.09660777385159011
2399.8,2268.186,3.76,32.52,60.53,,2263.4860000000003,0.09208480565371026
2399.9,2268.228,3.779,32.5,59.3,,2263.5280000000002,0.08339222614840987
2400.0,2268.27,3.867,31.14,58.81,,2263.57,0.07992932862190814
2400.1,2268.313,3.895,30.67,58.08,,2263.6130000000003,0.0747703180212014
2400.2,2268.355,3.599,30.19,57.63,,2263.655,0.07159010600706715
2400.3,2268.397,3.721,28.26,57.0,,2263.697,0.06713780918727916
2400.4,2268.439,3.676,26.3,56.11,,2263.739,0.06084805653710247
2400.5,2268.481,3.911,25.26,55.9,,2263.7810000000004,0.05936395759717313
2400.6,2268.523,3.6,25.11,55.8,,2263.8230000000003,0.058657243816254395
2400.7,2268.565,3.72,24.06,54.87,,2263.8650000000002,0.05208480565371023
2400.8,2268.607,3.874,24.15,54.93,,2263.907,0.05250883392226148
2400.9,2268.648,3.851,23.7,54.91,,2263.9480000000003,0.052367491166077716
2401.0,2268.69,3.937,23.53,54.73,,2263.9900000000002,0.051095406360424006
2401.1,2268.732,4.349,23.36,54.6,,2264.032,0.05017667844522969
2401.2,2268.774,4.987,23.25,54.64,,2264.074,0.050459363957597175
2401.3,2268.816,5.023,22.97,54.61,,2264.116,0.050247349823321553
2401.4,2268.858,5.223,22.97,54.64,,2264.1580000000004,0.050459363957597175
2401.5,2268.899,5.227,23.05,54.64,,2264.199,0.050459363957597175
2401.6,2268.941,5.431,22.89,54.75,,2264.241,0.05123674911660778
2401.7,2268.983,4.802,23.09,54.78,,2264.2830000000004,0.0514487632508834
2401.8,2269.025,4.504,22.45,54.8,,2264.3250000000003,0.051590106007067114
2401.9,2269.066,4.088,22.74,55.61,,2264.366,0.05731448763250883
2402.0,2269.108,3.904,22.3,56.89,,2264.4080000000004,0.06636042402826856
2402.1,2269.149,3.679,22.1,57.64,,2264.449,0.07166077738515901
2402.2,2269.191,3.624,24.24,58.53,,2264.491,0.0779505300353357
2402.3,2269.233,3.549,24.64,59.21,,2264.5330000000004,0.08275618374558305
2402.4,2269.274,3.693,25.18,59.45,,2264.574,0.08445229681978801
2402.5,2269.316,3.863,25.68,59.64,,2264.616,0.08579505300353357
2402.6,2269.357,3.907,26.36,60.49,,2264.657,0.09180212014134277
2402.7,2269.399,4.455,26.93,61.14,,2264.699,0.0963957597173145
2402.8,2269.44,4.69,27.67,61.28,,2264.7400000000002,0.09738515901060071
2402.9,2269.481,5.096,28.37,61.73,,2264.7810000000004,0.10056537102473496
2403.0,2269.523,4.964,29.79,62.54,,2264.8230000000003,0.10628975265017668
2403.1,2269.564,5.134,31.41,63.34,,2264.864,0.11194346289752653
2403.2,2269.606,4.903,34.57,63.93,,2264.9060000000004,0.116113074204947
2403.3,2269.647,4.712,35.71,64.79,,2264.947,0.1221908127208481
2403.4,2269.688,4.796,37.5,64.84,,2264.9880000000003,0.12254416961130744
2403.5,2269.729,5.083,38.67,65.13,,2265.029,0.12459363957597169
2403.6,2269.771,4.966,40.51,65.3,,2265.0710000000004,0.12579505300353355
2403.7,2269.812,5.296,41.28,65.61,,2265.112,0.12798586572438161
2403.8,2269.853,6.239,42.89,65.66,,2265.1530000000002,0.12833922261484096
2403.9,2269.894,7.083,44.2,65.72,,2265.194,0.12876325088339222
2404.0,2269.935,8.17,45.88,66.04,,2265.235,0.1310247349823322
2404.1,2269.976,8.928,46.91,66.8,,2265.2760000000003,0.13639575971731446
2404.2,2270.018,10.602,48.21,67.36,,2265.318,0.14035335689045936
2404.3,2270.059,11.83,49.67,67.75,,2265.3590000000004,0.1431095406360424
2404.4,2270.1,11.499,50.86,67.95,,2265.4,0.14452296819787988
2404.5,2270.141,11.737,52.23,68.92,,2265.4410000000003,0.15137809187279153
2404.6,2270.182,12.209,52.52,68.93,,2265.482,0.15144876325088344
2404.7,2270.223,12.546,53.98,68.94,,2265.523,0.15151943462897524
2404.8,2270.264,12.718,54.12,69.21,,2265.5640000000003,0.1534275618374558
2404.9,2270.304,13.711,53.84,69.4,,2265.6040000000003,0.15477031802120145
2405.0,2270.345,14.625,53.8,69.54,,2265.645,0.15575971731448768
2405.1,2270.386,14.75,52.07,69.72,,2265.686,0.15703180212014134
2405.2,2270.427,14.758,50.96,69.78,,2265.7270000000003,0.1574558303886926
2405.3,2270.468,14.835,49.73,70.1,,2265.768,0.15971731448763246
2405.4,2270.509,15.339,49.57,70.05,,2265.809,0.15936395759717312
2405.5,2270.549,15.174,49.23,69.89,,2265.849,0.15823321554770317
2405.6,2270.59,14.971,48.45,69.32,,2265.8900000000003,0.1542049469964664
2405.7,2270.631,15.348,48.23,69.22,,2265.931,0.1534982332155477
2405.8,2270.671,15.772,47.95,68.84,,2265.971,0.15081272084805655
2405.9,2270.712,15.646,47.05,68.51,,2266.012,0.14848056537102478
2406.0,2270.753,15.528,39.61,68.34,,2266.0530000000003,0.14727915194346292
2406.1,2270.793,15.4,38.6,68.08,,2266.0930000000003,0.1454416961130742
2406.2,2270.834,15.728,38.3,68.04,,2266.134,0.14515901060070677
2406.3,2270.875,14.987,38.12,68.02,,2266.175,0.14501766784452294
2406.4,2270.915,14.517,37.77,68.06,,2266.215,0.14530035335689048
2406.5,2270.956,14.103,37.61,68.09,,2266.2560000000003,0.1455123674911661
2406.6,2270.996,13.69,37.4,68.34,,2266.2960000000003,0.14727915194346292
2406.7,2271.036,12.012,37.42,68.52,,2266.3360000000002,0.14855123674911658
2406.8,2271.077,10.833,37.52,67.5,,2266.3770000000004,0.1413427561837456
2406.9,2271.117,10.335,37.19,64.85,,2266.4170000000004,0.12261484098939926
2407.0,2271.158,9.173,39.17,64.27,,2266.458,0.11851590106007065
2407.1,2271.198,8.551,39.53,63.07,,2266.498,0.11003533568904594
2407.2,2271.238,8.128,40.33,63.11,,2266.538,0.11031802120141343
2407.3,2271.279,8.333,42.78,62.0,,2266.579,0.10247349823321555
2407.4,2271.319,8.159,44.22,62.65,,2266.619,0.10706713780918727
2407.5,2271.359,8.356,49.82,64.13,,2266.659,0.11752650176678442
2407.6,2271.399,8.782,51.03,65.29,,2266.699,0.12572438162544175
2407.7,2271.44,9.821,54.32,66.31,,2266.7400000000002,0.13293286219081274
2407.8,2271.48,11.175,56.68,67.22,,2266.78,0.13936395759717313
2407.9,2271.52,12.378,56.93,70.28,,2266.82,0.16098939929328623
2408.0,2271.56,14.024,58.21,70.86,,2266.86,0.16508833922261484
2408.1,2271.6,15.572,58.44,71.12,,2266.9,0.16692579505300356
2408.2,2271.64,16.418,59.13,71.5,,2266.94,0.1696113074204947
2408.3,2271.68,17.024,59.84,71.62,,2266.98,0.1704593639575972
2408.4,2271.72,16.994,59.4,71.8,,2267.02,0.17173144876325086
2408.5,2271.76,16.954,58.41,71.71,,2267.0600000000004,0.17109540636042397
2408.6,2271.8,17.314,57.99,71.57,,2267.1000000000004,0.17010600706713777
2408.7,2271.84,15.745,56.74,71.16,,2267.1400000000003,0.167208480565371
2408.8,2271.88,14.942,55.94,70.79,,2267.1800000000003,0.16459363957597178
2408.9,2271.92,14.234,54.35,69.38,,2267.2200000000003,0.15462897526501765
2409.0,2271.96,13.566,53.24,68.73,,2267.26,0.15003533568904595
2409.1,2272.0,12.97,52.08,68.35,,2267.3,0.14734982332155472
2409.2,2272.04,12.509,50.65,67.86,,2267.34,0.143886925795053
2409.3,2272.08,12.459,49.46,67.46,,2267.38,0.14106007067137805
2409.4,2272.119,12.757,47.84,67.32,,2267.4190000000003,0.14007067137809182
2409.5,2272.159,13.078,47.32,67.73,,2267.4590000000003,0.14296819787985868
2409.6,2272.199,13.091,47.73,67.79,,2267.4990000000003,0.14339222614840993
2409.7,2272.238,14.354,47.07,68.24,,2267.538,0.14657243816254414
2409.8,2272.278,14.563,47.35,68.27,,2267.578,0.14678445229681977
2409.9,2272.318,14.893,47.19,68.58,,2267.6180000000004,0.14897526501766784
2410.0,2272.357,14.959,47.39,68.44,,2267.657,0.1479858657243816
2410.1,2272.397,14.761,45.6,68.11,,2267.697,0.14565371024734983
2410.2,2272.437,14.621,44.19,67.28,,2267.737,0.13978798586572438
2410.3,2272.476,15.033,43.23,66.88,,2267.7760000000003,0.13696113074204944
2410.4,2272.516,14.87,41.64,66.46,,2267.8160000000003,0.13399293286219077
2410.5,2272.555,14.495,40.78,64.08,,2267.855,0.11717314487632507
2410.6,2272.595,14.386,39.48,63.84,,2267.895,0.11547703180212017
2410.7,2272.634,14.099,39.05,63.54,,2267.934,0.11335689045936395
2410.8,2272.674,13.703,39.19,62.68,,2267.974,0.1072791519434629
2410.9,2272.713,12.824,38.7,62.28,,2268.0130000000004,0.10445229681978799
2411.0,2272.752,12.626,39.17,62.76,,2268.052,0.10784452296819787
2411.1,2272.792,12.337,39.69,63.1,,2268.092,0.11024734982332156
2411.2,2272.831,11.803,40.35,64.18,,2268.1310000000003,0.11787985865724386
2411.3,2272.87,11.422,40.91,64.68,,2268.17,0.1214134275618375
2411.4,2272.91,11.466,41.17,65.1,,2268.21,0.12438162544169608
2411.5,2272.949,11.433,41.94,66.44,,2268.2490000000003,0.13385159010600706
2411.6,2272.988,11.336,42.66,66.54,,2268.288,0.13455830388692583
2411.7,2273.027,11.722,42.96,66.97,,2268.327,0.13759717314487632
2411.8,2273.066,11.979,43.58,67.1,,2268.366,0.13851590106007064
2411.9,2273.106,12.139,43.7,67.14,,2268.4060000000004,0.13879858657243815
2412.0,2273.145,12.326,44.84,67.25,,2268.445,0.13957597173144876
2412.1,2273.184,12.93,45.46,67.25,,2268.4840000000004,0.13957597173144876
2412.2,2273.223,13.333,46.19,67.3,,2268.523,0.1399293286219081
2412.3,2273.262,13.362,47.43,67.32,,2268.5620000000004,0.14007067137809182
2412.4,2273.301,14.376,48.2,67.29,,2268.601,0.1398586572438163
2412.5,2273.34,15.278,49.25,67.56,,2268.6400000000003,0.14176678445229685
2412.6,2273.379,15.86,51.18,67.66,,2268.679,0.14247349823321553
2412.7,2273.418,16.317,52.08,68.91,,2268.7180000000003,0.1513074204946996
2412.8,2273.457,17.675,53.29,69.43,,2268.757,0.15498233215547708
2412.9,2273.496,18.039,53.74,69.86,,2268.7960000000003,0.15802120141342757
2413.0,2273.534,18.006,54.01,69.99,,2268.8340000000003,0.15893992932862186
2413.1,2273.573,17.555,55.01,69.95,,2268.873,0.15865724381625443
2413.2,2273.612,17.641,56.32,69.8,,2268.9120000000003,0.1575971731448763
2413.3,2273.651,17.405,56.63,69.3,,2268.951,0.15406360424028268
2413.4,2273.69,16.812,57.0,68.98,,2268.9900000000002,0.15180212014134278
2413.5,2273.728,16.558,56.44,68.32,,2269.0280000000002,0.14713780918727912
2413.6,2273.767,16.155,55.86,67.88,,2269.067,0.1440282685512367
2413.7,2273.806,16.248,55.59,67.41,,2269.106,0.1407067137809187
2413.8,2273.844,15.827,55.49,67.09,,2269.1440000000002,0.1384452296819788
2413.9,2273.883,16.133,54.78,66.55,,2269.183,0.13462897526501766
2414.0,2273.922,16.058,54.35,66.23,,2269.222,0.13236749116607777
2414.1,2273.96,16.702,53.75,66.08,,2269.26,0.13130742049469962
2414.2,2273.999,9.447,53.24,65.91,,2269.299,0.1301060070671378
2414.3,2274.037,8.296,52.17,65.84,,2269.337,0.12961130742049473
2414.4,2274.076,8.034,51.1,65.76,,2269.376,0.12904593639575976
2414.5,2274.114,7.34,50.76,66.1,,2269.414,0.13144876325088337
2414.6,2274.153,6.324,49.84,66.2,,2269.453,0.13215547703180214
2414.7,2274.191,6.63,49.35,66.46,,2269.491,0.13399293286219077
2414.8,2274.23,7.899,48.99,66.72,,2269.53,0.1358303886925795
2414.9,2274.268,8.613,48.63,66.53,,2269.568,0.13448763250883394
2415.0,2274.306,9.552,48.37,66.8,,2269.606,0.13639575971731446
2415.1,2274.345,10.238,48.21,66.62,,2269.645,0.1351236749116608
2415.2,2274.383,17.475,48.28,66.49,,2269.683,0.1342049469964664
2415.3,2274.421,16.939,48.66,66.23,,2269.721,0.13236749116607777
2415.4,2274.46,16.254,48.97,66.27,,2269.76,0.1326501766784452
2415.5,2274.498,15.762,49.24,66.11,,2269.7980000000002,0.13151943462897525
2415.6,2274.536,15.865,49.58,66.24,,2269.8360000000002,0.13243816254416957
2415.7,2274.574,15.573,49.82,66.11,,2269.8740000000003,0.13151943462897525
2415.8,2274.612,16.188,49.03,66.11,,2269.9120000000003,0.13151943462897525
2415.9,2274.651,15.708,48.46,66.2,,2269.951,0.13215547703180214
2416.0,2274.689,15.814,48.05,66.22,,2269.989,0.13229681978798585
2416.1,2274.727,16.324,48.0,66.14,,2270.027,0.13173144876325088
2416.2,2274.765,16.491,48.31,66.2,,2270.065,0.13215547703180214
2416.3,2274.803,16.347,48.75,66.33,,2270.103,0.13307420494699645
2416.4,2274.841,16.392,49.3,66.55,,2270.141,0.13462897526501766
2416.5,2274.879,17.042,50.02,66.72,,2270.179,0.1358303886925795
2416.6,2274.917,17.821,50.92,66.93,,2270.217,0.1373144876325089
2416.7,2274.955,17.866,50.74,67.28,,2270.255,0.13978798586572438
2416.8,2274.993,18.012,51.42,67.35,,2270.293,0.14028268551236744
2416.9,2275.03,19.504,52.08,67.42,,2270.3300000000004,0.14077738515901062
2417.0,2275.068,19.575,52.08,67.58,,2270.3680000000004,0.14190812720848056
2417.1,2275.106,19.029,52.31,68.2,,2270.4060000000004,0.14628975265017669
2417.2,2275.144,19.031,52.42,68.62,,2270.444,0.14925795053003538
2417.3,2275.182,19.588,53.97,68.66,,2270.482,0.1495406360424028
2417.4,2275.219,19.112,54.48,68.83,,2270.5190000000002,0.15074204946996464
2417.5,2275.257,19.066,55.33,68.94,,2270.5570000000002,0.15151943462897524
2417.6,2275.295,18.47,56.76,69.34,,2270.5950000000003,0.1543462897526502
2417.7,2275.333,18.488,58.72,69.32,,2270.6330000000003,0.1542049469964664
2417.8,2275.37,17.961,60.02,69.49,,2270.67,0.15540636042402822
2417.9,2275.408,17.877,60.93,69.54,,2270.708,0.15575971731448768
2418.0,2275.445,17.856,61.2,69.89,,2270.7450000000003,0.15823321554770317
2418.1,2275.483,18.028,61.86,69.87,,2270.7830000000004,0.15809187279151946
2418.2,2275.521,18.484,60.68,70.02,,2270.8210000000004,0.1591519434628975
2418.3,2275.558,18.604,60.32,70.36,,2270.858,0.1615547703180212
2418.4,2275.596,19.441,58.49,70.63,,2270.896,0.16346289752650173
2418.5,2275.633,19.788,57.62,70.58,,2270.933,0.16310954063604238
2418.6,2275.67,20.555,52.0,70.52,,2270.9700000000003,0.16268551236749113
2418.7,2275.708,21.086,50.37,70.54,,2271.0080000000003,0.16282685512367495
2418.8,2275.745,20.911,46.71,70.49,,2271.045,0.16247349823321552
2418.9,2275.783,21.209,36.22,68.89,,2271.083,0.1511660777385159
2419.0,2275.82,21.411,27.76,68.53,,2271.1200000000003,0.1486219081272085
2419.1,2275.857,21.04,24.74,67.72,,2271.157,0.14289752650176676
2419.2,2275.895,20.491,17.99,66.82,,2271.195,0.13653710247349818
2419.3,2275.932,17.992,15.91,64.57,,2271.232,0.12063604240282681
2419.4,2275.969,16.704,12.11,63.72,,2271.2690000000002,0.11462897526501765
2419.5,2276.006,15.026,12.23,60.78,,2271.306,0.09385159010600708
2419.6,2276.044,13.938,11.73,56.78,,2271.344,0.06558303886925795
2419.7,2276.081,13.181,12.25,55.52,,2271.3810000000003,0.056678445229682003
2419.8,2276.118,12.516,13.69,54.93,,2271.418,0.05250883392226148
2419.9,2276.155,12.635,16.4,53.36,,2271.4550000000004,0.041413427561837454
2420.0,2276.192,13.271,17.53,53.47,,2271.492,0.04219081272084805
2420.1,2276.229,13.284,18.0,53.43,,2271.529,0.04190812720848056
2420.2,2276.266,12.825,18.76,53.1,,2271.5660000000003,0.03957597173144877
2420.3,2276.303,13.286,18.97,53.25,,2271.603,0.04063604240282685
2420.4,2276.34,13.006,18.81,53.14,,2271.6400000000003,0.03985865724381626
2420.5,2276.377,12.394,18.14,53.03,,2271.677,0.03908127208480566
2420.6,2276.414,10.778,17.27,53.04,,2271.7140000000004,0.03915194346289752
2420.7,2276.451,10.185,16.86,52.79,,2271.751,0.0373851590106007
2420.8,2276.488,9.668,15.69,52.85,,2271.788,0.03780918727915195
2420.9,2276.525,8.943,14.96,52.58,,2271.8250000000003,0.03590106007067136
2421.0,2276.561,8.388,14.75,52.6,,2271.8610000000003,0.036042402826855134
2421.1,2276.598,6.418,14.02,52.5,,2271.898,0.0353356890459364
2421.2,2276.635,6.337,13.48,52.75,,2271.9350000000004,0.037102473498233215
2421.3,2276.672,6.054,13.04,52.44,,2271.972,0.03491166077738514
2421.4,2276.709,5.695,12.65,52.54,,2272.009,0.035618374558303884
2421.5,2276.745,5.438,12.15,52.66,,2272.045,0.036466431095406336
2421.6,2276.782,5.532,11.65,52.75,,2272.0820000000003,0.037102473498233215
2421.7,2276.819,6.064,12.3,53.14,,2272.119,0.03985865724381626
2421.8,2276.855,6.249,12.85,53.29,,2272.155,0.04091872791519434
2421.9,2276.892,6.276,15.83,53.59,,2272.192,0.04303886925795056
2422.0,2276.928,6.171,16.51,53.57,,2272.228,0.042897526501766786
2422.1,2276.965,7.108,21.51,54.2,,2272.2650000000003,0.04734982332155479
2422.2,2277.001,6.457,25.35,54.35,,2272.3010000000004,0.04840989399293287
2422.3,2277.038,6.34,29.55,55.53,,2272.338,0.05674911660777386
2422.4,2277.074,6.528,32.88,56.08,,2272.3740000000003,0.06063604240282684
2422.5,2277.111,6.574,34.1,56.8,,2272.411,0.06572438162544168
2422.6,2277.147,7.157,36.2,57.89,,2272.447,0.07342756183745583
2422.7,2277.184,7.093,37.64,60.37,,2272.4840000000004,0.09095406360424027
2422.8,2277.22,7.458,36.17,61.15,,2272.52,0.09646643109540635
2422.9,2277.256,7.844,34.82,62.85,,2272.556,0.10848056537102474
2423.0,2277.293,8.343,34.09,64.7,,2272.5930000000003,0.12155477031802123
2423.1,2277.329,8.304,32.67,65.65,,2272.6290000000004,0.12826855123674916
2423.2,2277.365,8.283,35.79,65.55,,2272.665,0.12756183745583036
2423.3,2277.402,8.767,38.86,65.11,,2272.702,0.12445229681978798
2423.4,2277.438,9.536,42.8,65.66,,2272.7380000000003,0.12833922261484096
2423.5,2277.474,9.915,48.29,65.98,,2272.7740000000003,0.13060070671378093
2423.6,2277.51,10.462,54.16,66.3,,2272.8100000000004,0.13286219081272083
2423.7,2277.546,13.149,57.58,66.57,,2272.846,0.13477031802120137
2423.8,2277.582,14.231,61.83,68.46,,2272.882,0.14812720848056532
2423.9,2277.618,15.427,65.62,70.39,,2272.918,0.16176678445229684
2424.0,2277.654,16.57,66.61,71.63,,2272.954,0.170530035335689
2424.1,2277.691,17.61,67.17,72.24,,2272.991,0.17484098939929324
2424.2,2277.727,18.673,68.33,73.96,,2273.027,0.18699646643109535
2424.3,2277.763,18.842,69.05,74.33,,2273.063,0.1896113074204947
2424.4,2277.798,18.859,68.91,75.13,,2273.098,0.1952650176678445
2424.5,2277.834,18.712,68.82,75.18,,2273.134,0.19561837455830394
2424.6,2277.87,18.301,67.35,75.15,,2273.17,0.1954063604240283
2424.7,2277.906,17.733,66.07,75.12,,2273.206,0.19519434628975268
2424.8,2277.942,17.837,64.31,73.59,,2273.242,0.18438162544169615
2424.9,2277.978,7.957,60.96,73.27,,2273.2780000000002,0.18212014134275614
2425.0,2278.014,6.553,58.55,71.17,,2273.3140000000003,0.1672791519434629
2425.1,2278.049,6.063,55.57,70.25,,2273.349,0.1607773851590106
2425.2,2278.085,5.132,52.91,68.8,,2273.385,0.15053003533568904
2425.3,2278.121,4.678,49.93,67.48,,2273.4210000000003,0.14120141342756187
2425.4,2278.157,4.262,47.75,67.53,,2273.4570000000003,0.14155477031802122
2425.5,2278.192,4.815,45.16,66.48,,2273.492,0.1341342756183746
2425.6,2278.228,5.467,42.95,66.61,,2273.5280000000002,0.1350530035335689
2425.7,2278.264,6.345,41.78,66.5,,2273.5640000000003,0.13427561837455831
2425.8,2278.299,6.631,41.02,66.86,,2273.599,0.13681978798586572
2425.9,2278.335,13.04,40.81,66.55,,2273.635,0.13462897526501766
2426.0,2278.37,13.428,40.63,65.42,,2273.67,0.12664310954063607
2426.1,2278.406,13.285,40.35,64.89,,2273.706,0.12289752650176679
2426.2,2278.441,13.123,40.32,64.42,,2273.741,0.11957597173144878
2426.3,2278.477,13.606,40.78,64.11,,2273.777,0.1173851590106007
2426.4,2278.512,13.398,40.53,63.26,,2273.8120000000004,0.1113780918727915
2426.5,2278.548,13.216,57.92,63.2,,2273.848,0.1109540636042403
2426.6,2278.583,13.223,61.76,63.37,,2273.8830000000003,0.1121554770318021
2426.7,2278.618,13.243,65.67,63.64,,2273.918,0.1140636042402827
2426.8,2278.654,13.404,68.02,63.82,,2273.954,0.1153356890459364
2426.9,2278.689,13.559,71.42,64.56,,2273.989,0.120565371024735
2427.0,2278.724,13.737,67.97,65.53,,2274.0240000000003,0.12742049469964664
2427.1,2278.76,13.825,68.52,66.03,,2274.0600000000004,0.13095406360424028
2427.2,2278.795,13.816,68.73,66.16,,2274.0950000000003,0.1318727915194346
2427.3,2278.83,13.548,68.09,66.39,,2274.13,0.1334982332155477
2427.4,2278.865,13.826,66.39,66.96,,2274.165,0.1375265017667844
2427.5,2278.9,13.364,56.85,66.41,,2274.2000000000003,0.13363957597173143
2427.6,2278.936,12.533,55.62,66.19,,2274.2360000000003,0.13208480565371022
2427.7,2278.971,12.866,53.5,66.0,,2274.271,0.13074204946996468
2427.8,2279.006,12.788,51.92,65.8,,2274.306,0.1293286219081272
2427.9,2279.041,12.155,50.35,64.93,,2274.3410000000003,0.12318021201413433
2428.0,2279.076,12.633,49.18,64.9,,2274.376,0.1229681978798587
2428.1,2279.111,13.313,48.36,64.92,,2274.411,0.12310954063604242
2428.2,2279.146,13.74,47.54,64.81,,2274.4460000000004,0.12233215547703181
2428.3,2279.181,13.564,47.29,64.66,,2274.481,0.12127208480565368
2428.4,2279.216,13.935,46.19,64.75,,2274.516,0.12190812720848057
2428.5,2279.251,13.956,45.01,64.81,,2274.5510000000004,0.12233215547703181
2428.6,2279.286,13.522,44.21,64.11,,2274.5860000000002,0.1173851590106007
2428.7,2279.32,12.604,43.36,63.82,,2274.6200000000003,0.1153356890459364
2428.8,2279.355,12.029,42.2,64.08,,2274.655,0.11717314487632507
2428.9,2279.39,11.699,41.07,63.92,,2274.69,0.11604240282685513
2429.0,2279.425,11.246,40.97,63.78,,2274.7250000000004,0.11505300353356891
2429.1,2279.459,10.872,40.77,64.01,,2274.759,0.11667844522968202
2429.2,2279.494,10.68,40.83,64.23,,2274.7940000000003,0.1182332155477032
2429.3,2279.529,10.797,40.78,64.3,,2274.829,0.11872791519434626
2429.4,2279.564,10.838,40.87,64.19,,2274.864,0.11795053003533568
2429.5,2279.598,11.248,41.13,64.21,,2274.898,0.11809187279151939
2429.6,2279.633,11.911,41.42,64.5,,2274.933,0.12014134275618374
2429.7,2279.667,12.163,41.36,64.13,,2274.967,0.11752650176678442
2429.8,2279.702,12.411,41.14,63.92,,2275.0020000000004,0.11604240282685513
2429.9,2279.736,12.688,41.47,63.59,,2275.036,0.11371024734982335
2430.0,2279.771,12.844,41.64,63.55,,2275.0710000000004,0.11342756183745581
2430.1,2279.805,12.978,41.24,63.41,,2275.105,0.11243816254416959
2430.2,2279.84,12.382,41.04,63.07,,2275.1400000000003,0.11003533568904594
2430.3,2279.874,12.09,40.26,63.02,,2275.174,0.1096819787985866
2430.4,2279.909,11.724,39.44,63.08,,2275.2090000000003,0.1101060070671378
2430.5,2279.943,10.592,39.46,63.22,,2275.2430000000004,0.11109540636042402
2430.6,2279.977,9.533,38.8,63.04,,2275.277,0.10982332155477031
2430.7,2280.011,9.334,37.87,63.08,,2275.311,0.1101060070671378
2430.8,2280.046,8.982,37.89,63.28,,2275.346,0.11151943462897528
2430.9,2280.08,8.787,37.75,63.47,,2275.38,0.11286219081272084
2431.0,2280.114,8.225,37.12,63.4,,2275.414,0.11236749116607773
2431.1,2280.148,8.159,36.5,63.28,,2275.4480000000003,0.11151943462897528
2431.2,2280.183,8.337,36.06,63.8,,2275.483,0.11519434628975263
2431.3,2280.217,8.633,35.66,64.3,,2275.5170000000003,0.11872791519434626
2431.4,2280.251,8.776,37.25,64.5,,2275.5510000000004,0.12014134275618374
2431.5,2280.285,9.349,37.62,64.74,,2275.585,0.12183745583038866
2431.6,2280.319,9.834,38.07,65.13,,2275.619,0.12459363957597169
2431.7,2280.353,10.636,41.93,65.73,,2275.6530000000002,0.12883392226148413
2431.8,2280.387,11.453,44.56,65.78,,2275.6870000000004,0.12918727915194347
2431.9,2280.421,12.783,47.98,65.92,,2275.721,0.1301766784452297
2432.0,2280.455,15.051,51.23,66.61,,2275.755,0.1350530035335689
2432.1,2280.489,16.527,52.25,66.96,,2275.789,0.1375265017667844
2432.2,2280.523,17.956,57.2,67.63,,2275.8230000000003,0.1422614840989399
2432.3,2280.556,18.661,57.48,68.79,,2275.856,0.1504593639575972
2432.4,2280.59,19.478,58.36,69.43,,2275.8900000000003,0.15498233215547708
2432.5,2280.624,20.091,75.1,69.9,,2275.924,0.15830388692579508
2432.6,2280.658,19.93,77.07,69.85,,2275.958,0.15795053003533566
2432.7,2280.692,20.059,77.84,69.78,,2275.992,0.1574558303886926
2432.8,2280.725,20.08,76.86,69.97,,2276.025,0.15879858657243814
2432.9,2280.759,19.857,78.89,70.23,,2276.059,0.1606360424028269
2433.0,2280.793,19.084,78.62,70.29,,2276.0930000000003,0.16106007067137815
2433.1,2280.826,16.202,74.69,70.32,,2276.126,0.16127208480565366
2433.2,2280.86,15.423,69.94,70.13,,2276.1600000000003,0.1599293286219081
2433.3,2280.893,13.953,67.7,70.07,,2276.193,0.15950530035335683
2433.4,2280.927,12.193,64.97,69.09,,2276.2270000000003,0.15257950530035339
2433.5,2280.961,10.103,38.86,68.34,,2276.261,0.14727915194346292
2433.6,2280.994,8.811,38.19,67.28,,2276.2940000000003,0.13978798586572438
2433.7,2281.027,8.054,37.8,66.73,,2276.327,0.1359010600706714
2433.8,2281.061,8.045,36.96,66.23,,2276.3610000000003,0.13236749116607777
2433.9,2281.094,7.441,35.67,65.77,,2276.3940000000002,0.12911660777385156
2434.0,2281.128,7.108,33.95,65.45,,2276.4280000000003,0.12685512367491167
2434.1,2281.161,7.412,33.64,65.41,,2276.4610000000002,0.12657243816254415
2434.2,2281.194,7.708,34.58,64.92,,2276.494,0.12310954063604242
2434.3,2281.228,7.797,34.21,64.26,,2276.5280000000002,0.11844522968197883
2434.4,2281.261,7.909,34.01,64.05,,2276.561,0.11696113074204945
2434.5,2281.294,8.512,34.28,63.77,,2276.594,0.11498233215547705
2434.6,2281.327,8.84,35.22,63.23,,2276.6270000000004,0.11116607773851588
2434.7,2281.361,9.505,35.68,63.6,,2276.661,0.11378091872791521
2434.8,2281.394,9.727,35.43,64.23,,2276.694,0.1182332155477032
2434.9,2281.427,10.107,38.61,64.65,,2276.7270000000003,0.12120141342756188
2435.0,2281.46,10.667,40.66,64.36,,2276.76,0.11915194346289752
2435.1,2281.493,10.996,40.46,64.37,,2276.793,0.11922261484098944
2435.2,2281.526,9.906,40.27,64.53,,2276.826,0.12035335689045937
2435.3,2281.559,9.343,42.35,64.43,,2276.8590000000004,0.11964664310954068
2435.4,2281.592,9.124,43.05,63.47,,2276.8920000000003,0.11286219081272084
2435.5,2281.625,8.797,45.07,63.06,,2276.925,0.10996466431095409
2435.6,2281.658,8.698,45.98,62.55,,2276.958,0.10636042402826854
2435.7,2281.691,9.121,48.41,63.5,,2276.991,0.11307420494699646
2435.8,2281.724,9.758,51.17,63.75,,2277.0240000000003,0.11484098939929328
2435.9,2281.757,10.529,53.47,65.35,,2277.0570000000002,0.1261484098939929
2436.0,2281.79,11.469,55.53,67.7,,2277.09,0.14275618374558305
2436.1,2281.822,12.751,55.97,68.18,,2277.1220000000003,0.14614840989399297
2436.2,2281.855,14.352,57.44,69.45,,2277.155,0.1551236749116608
2436.3,2281.888,15.12,58.18,69.82,,2277.188,0.15773851590106003
2436.4,2281.921,15.24,57.29,71.16,,2277.221,0.167208480565371
2436.5,2281.953,15.522,57.2,71.58,,2277.253,0.17017667844522966
2436.6,2281.986,15.265,57.54,71.14,,2277.286,0.16706713780918728
2436.7,2282.019,15.429,56.95,71.22,,2277.319,0.16763250883392225
2436.8,2282.051,15.962,55.87,70.71,,2277.351,0.1640282685512367
2436.9,2282.084,15.985,54.65,70.23,,2277.384,0.1606360424028269
2437.0,2282.116,16.105,54.65,69.78,,2277.416,0.1574558303886926
2437.1,2282.149,16.462,54.84,69.58,,2277.449,0.1560424028268551
2437.2,2282.181,15.972,53.75,68.55,,2277.481,0.1487632508833922
2437.3,2282.214,16.014,53.94,69.31,,2277.514,0.15413427561837456
2437.4,2282.246,15.997,55.02,69.65,,2277.5460000000003,0.15653710247349828
2437.5,2282.279,15.537,55.9,69.88,,2277.579,0.15816254416961129
2437.6,2282.311,15.321,56.58,70.67,,2277.6110000000003,0.16374558303886927
2437.7,2282.344,15.216,56.18,70.64,,2277.6440000000002,0.16353356890459364
2437.8,2282.376,15.202,55.93,70.59,,2277.6760000000004,0.1631802120141343
2437.9,2282.408,14.538,56.49,70.58,,2277.708,0.16310954063604238
2438.0,2282.44,13.903,55.45,70.5,,2277.7400000000002,0.1625441696113074
2438.1,2282.473,13.658,53.7,70.6,,2277.773,0.1632508833922261
2438.2,2282.505,13.612,52.18,70.61,,2277.8050000000003,0.163321554770318
2438.3,2282.537,13.074,53.21,70.74,,2277.837,0.16424028268551233
2438.4,2282.569,12.951,52.46,70.76,,2277.869,0.16438162544169616
2438.5,2282.601,13.543,53.33,70.77,,2277.9010000000003,0.16445229681978796
2438.6,2282.634,13.609,53.63,70.73,,2277.934,0.16416961130742053
2438.7,2282.666,13.597,53.82,70.73,,2277.9660000000003,0.16416961130742053
2438.8,2282.698,13.715,53.58,70.51,,2277.998,0.16261484098939932
2438.9,2282.73,13.997,53.32,70.4,,2278.03,0.16183745583038872
2439.0,2282.762,13.975,52.31,69.99,,2278.0620000000004,0.15893992932862186
2439.1,2282.794,13.244,51.66,69.67,,2278.094,0.156678445229682
2439.2,2282.826,12.852,55.01,69.38,,2278.126,0.15462897526501765
2439.3,2282.858,12.134,54.67,66.98,,2278.1580000000004,0.13766784452296824
2439.4,2282.889,11.493,54.54,66.57,,2278.1890000000003,0.13477031802120137
2439.5,2282.921,10.954,54.19,66.16,,2278.221,0.1318727915194346
2439.6,2282.953,10.654,54.46,64.89,,2278.253,0.12289752650176679
2439.7,2282.985,10.349,54.12,64.25,,2278.2850000000003,0.11837455830388692
2439.8,2283.017,10.679,53.05,63.28,,2278.317,0.11151943462897528
2439.9,2283.048,10.925,52.32,63.51,,2278.348,0.11314487632508832
2440.0,2283.08,11.872,52.02,62.89,,2278.38,0.10876325088339223
2440.1,2283.112,12.836,51.67,64.89,,2278.4120000000003,0.12289752650176679
2440.2,2283.144,13.77,43.28,65.44,,2278.444,0.12678445229681978
2440.3,2283.175,15.494,44.22,68.69,,2278.4750000000004,0.14975265017667844
2440.4,2283.207,16.109,48.58,69.23,,2278.507,0.15356890459363962
2440.5,2283.238,16.238,51.33,69.88,,2278.538,0.15816254416961129
2440.6,2283.27,15.737,52.38,70.36,,2278.57,0.1615547703180212
2440.7,2283.301,15.288,53.67,70.89,,2278.601,0.16530035335689047
2440.8,2283.333,14.016,55.65,72.12,,2278.6330000000003,0.17399293286219084
2440.9,2283.364,13.637,53.75,71.07,,2278.664,0.16657243816254413
2441.0,2283.396,12.743,52.55,70.75,,2278.6960000000004,0.16431095406360424
2441.1,2283.427,11.912,51.44,68.96,,2278.7270000000003,0.15166077738515896
2441.2,2283.459,11.797,49.62,68.18,,2278.759,0.14614840989399297
2441.3,2283.49,11.653,48.7,66.17,,2278.79,0.1319434628975265
2441.4,2283.521,11.104,45.87,65.64,,2278.8210000000004,0.12819787985865724
2441.5,2283.553,10.563,46.47,64.09,,2278.853,0.11724381625441699
2441.6,2283.584,10.384,46.67,64.3,,2278.884,0.11872791519434626
2441.7,2283.615,10.422,45.98,64.69,,2278.915,0.12148409893992931
2441.8,2283.646,10.14,45.55,65.05,,2278.9460000000004,0.12402826855123673
2441.9,2283.678,9.944,45.98,65.03,,2278.978,0.12388692579505302
2442.0,2283.709,10.3,46.03,65.76,,2279.009,0.12904593639575976
2442.1,2283.74,10.947,45.77,67.13,,2279.04,0.13872791519434627
2442.2,2283.771,10.39,45.96,67.21,,2279.0710000000004,0.13929328621908124
2442.3,2283.802,9.986,46.3,67.43,,2279.1020000000003,0.14084805653710253
2442.4,2283.833,9.892,46.86,67.45,,2279.1330000000003,0.14098939929328624
2442.5,2283.864,9.812,46.31,67.55,,2279.164,0.14169611307420493
2442.6,2283.895,9.08,46.27,67.55,,2279.195,0.14169611307420493
2442.7,2283.926,8.437,45.49,67.16,,2279.226,0.1389399293286219
2442.8,2283.957,8.088,43.95,67.09,,2279.257,0.1384452296819788
2442.9,2283.988,8.003,43.06,67.06,,2279.288,0.1382332155477032
2443.0,2284.019,7.321,40.61,66.87,,2279.319,0.13689045936395763
2443.1,2284.05,6.806,38.91,65.62,,2279.3500000000004,0.12805653710247353
2443.2,2284.081,6.712,37.36,65.23,,2279.3810000000003,0.1253003533568905
2443.3,2284.112,6.744,36.98,62.86,,2279.4120000000003,0.1085512367491166
2443.4,2284.142,6.442,35.79,62.06,,2279.442,0.1028975265017668
2443.5,2284.173,6.245,35.5,60.92,,2279.473,0.0948409893992933
2443.6,2284.204,6.19,35.39,60.61,,2279.5040000000004,0.09265017667844523
2443.7,2284.234,6.287,34.65,59.45,,2279.534,0.08445229681978801
2443.8,2284.265,6.187,34.52,59.71,,2279.565,0.08628975265017669
2443.9,2284.296,5.995,33.93,60.37,,2279.596,0.09095406360424027
2444.0,2284.326,6.072,33.46,60.99,,2279.626,0.09533568904593641
2444.1,2284.357,6.18,33.26,61.02,,2279.657,0.09554770318021204
2444.2,2284.388,6.095,32.85,60.95,,2279.688,0.09505300353356892
2444.3,2284.418,5.844,33.08,60.84,,2279.7180000000003,0.09427561837455833
2444.4,2284.449,6.041,33.06,60.34,,2279.7490000000003,0.09074204946996468
2444.5,2284.479,5.613,33.78,58.09,,2279.779,0.0748409893992933
2444.6,2284.509,5.244,34.05,59.15,,2279.809,0.0823321554770318
2444.7,2284.54,4.874,35.06,58.98,,2279.84,0.08113074204946995
2444.8,2284.57,4.933,35.63,59.8,,2279.8700000000003,0.08692579505300352
2444.9,2284.601,4.922,37.44,63.52,,2279.9010000000003,0.11321554770318024
2445.0,2284.631,5.107,39.1,64.21,,2279.931,0.11809187279151939
2445.1,2284.661,5.456,46.15,64.55,,2279.9610000000002,0.12049469964664308
2445.2,2284.692,6.176,47.3,64.83,,2279.992,0.12247349823321553
2445.3,2284.722,6.986,49.58,65.49,,2280.0220000000004,0.12713780918727913
2445.4,2284.752,7.816,50.25,65.56,,2280.052,0.12763250883392227
2445.5,2284.782,5.786,50.86,65.58,,2280.0820000000003,0.12777385159010599
2445.6,2284.812,5.925,50.26,65.68,,2280.112,0.12848056537102479
2445.7,2284.843,5.422,50.73,65.78,,2280.143,0.12918727915194347
2445.8,2284.873,4.698,50.5,65.94,,2280.1730000000002,0.13031802120141342
2445.9,2284.903,4.329,50.05,66.49,,2280.203,0.1342049469964664
2446.0,2284.933,4.413,49.27,66.3,,2280.233,0.13286219081272083
2446.1,2284.963,4.842,49.25,66.31,,2280.2630000000004,0.13293286219081274
2446.2,2284.993,5.296,49.16,66.25,,2280.293,0.13250883392226148
2446.3,2285.023,5.711,49.03,64.91,,2280.3230000000003,0.1230388692579505
2446.4,2285.053,5.935,48.66,64.65,,2280.353,0.12120141342756188
2446.5,2285.083,8.31,48.59,64.28,,2280.3830000000003,0.11858657243816255
2446.6,2285.113,7.29,48.3,63.78,,2280.413,0.11505300353356891
2446.7,2285.142,6.805,48.08,62.48,,2280.442,0.10586572438162542
2446.8,2285.172,5.727,48.16,61.78,,2280.472,0.10091872791519435
2446.9,2285.202,5.089,47.9,61.63,,2280.5020000000004,0.09985865724381628
2447.0,2285.232,4.559,47.28,60.41,,2280.532,0.09123674911660774
2447.1,2285.262,4.235,47.37,61.44,,2280.5620000000004,0.09851590106007066
2447.2,2285.291,3.944,47.71,61.54,,2280.5910000000003,0.09922261484098939
2447.3,2285.321,3.932,48.26,63.03,,2280.621,0.10975265017667846
2447.4,2285.351,4.172,48.32,63.49,,2280.6510000000003,0.11300353356890461
2447.5,2285.38,4.294,49.65,63.91,,2280.6800000000003,0.11597173144876323
2447.6,2285.41,4.649,51.55,64.2,,2280.71,0.11802120141342758
2447.7,2285.439,5.032,53.4,64.48,,2280.739,0.12000000000000002
2447.8,2285.469,5.926,55.99,66.15,,2280.7690000000002,0.1318021201413428
2447.9,2285.499,5.747,57.2,66.38,,2280.799,0.1334275618374558
2448.0,2285.528,6.048,59.26,66.82,,2280.828,0.13653710247349818
2448.1,2285.557,6.35,60.71,67.58,,2280.857,0.14190812720848056
2448.2,2285.587,6.657,62.86,67.56,,2280.887,0.14176678445229685
2448.3,2285.616,6.89,64.68,67.82,,2280.916,0.14360424028268545
2448.4,2285.646,7.748,64.27,67.69,,2280.9460000000004,0.14268551236749116
2448.5,2285.675,8.884,65.6,67.59,,2280.9750000000004,0.14197879858657247
2448.6,2285.704,10.602,66.0,67.9,,2281.0040000000004,0.14416961130742054
2448.7,2285.734,12.622,66.34,68.01,,2281.034,0.14494699646643114
2448.8,2285.763,14.134,66.04,68.37,,2281.063,0.14749116607773854
2448.9,2285.792,15.231,66.42,68.68,,2281.092,0.1496819787985866
2449.0,2285.821,16.716,66.97,69.46,,2281.121,0.1551943462897526
2449.1,2285.851,17.19,67.8,69.69,,2281.1510000000003,0.1568197879858657
2449.2,2285.88,17.624,68.13,70.81,,2281.1800000000003,0.1647349823321555
2449.3,2285.909,17.89,67.71,71.42,,2281.2090000000003,0.16904593639575974
2449.4,2285.938,17.695,68.6,71.61,,2281.2380000000003,0.17038869257950529
2449.5,2285.967,17.505,68.47,72.37,,2281.2670000000003,0.17575971731448767
2449.6,2285.996,17.44,68.29,73.05,,2281.2960000000003,0.18056537102473497
2449.7,2286.025,17.412,68.13,73.01,,2281.3250000000003,0.18028268551236754
2449.8,2286.054,16.951,68.3,73.51,,2281.3540000000003,0.18381625441696117
2449.9,2286.083,16.522,68.98,72.56,,2281.3830000000003,0.17710247349823324
2450.0,2286.112,16.249,69.41,72.57,,2281.4120000000003,0.17717314487632504
2450.1,2286.141,15.977,68.91,72.42,,2281.4410000000003,0.176113074204947
2450.2,2286.17,15.916,68.95,71.9,,2281.4700000000003,0.17243816254416966
2450.3,2286.199,15.743,69.41,72.08,,2281.4990000000003,0.17371024734982332
2450.4,2286.228,15.573,69.46,72.26,,2281.5280000000002,0.17498233215547707
2450.5,2286.256,16.062,68.51,72.6,,2281.556,0.17738515901060067
2450.6,2286.285,16.364,68.19,72.96,,2281.585,0.17992932862190808
2450.7,2286.314,16.728,66.99,73.52,,2281.614,0.18388692579505297
2450.8,2286.343,17.293,66.1,73.71,,2281.643,0.18522968197879855
2450.9,2286.371,18.149,65.22,74.46,,2281.6710000000003,0.190530035335689
2451.0,2286.4,18.618,65.03,74.21,,2281.7000000000003,0.1887632508833922
2451.1,2286.428,18.764,64.69,73.07,,2281.728,0.18070671378091868
2451.2,2286.457,19.345,64.91,72.35,,2281.757,0.17561837455830384
2451.3,2286.486,19.609,65.31,71.54,,2281.786,0.16989399293286223
2451.4,2286.514,19.877,65.65,71.89,,2281.8140000000003,0.17236749116607775
2451.5,2286.543,12.677,65.78,71.43,,2281.8430000000003,0.16911660777385165
2451.6,2286.571,11.643,66.25,71.6,,2281.871,0.1703180212014134
2451.7,2286.6,10.729,68.05,71.81,,2281.9,0.17180212014134277
2451.8,2286.628,9.407,69.15,71.99,,2281.9280000000003,0.17307420494699643
2451.9,2286.657,8.212,69.61,72.3,,2281.9570000000003,0.1752650176678445
2452.0,2286.685,8.786,69.94,72.13,,2281.985,0.17406360424028267
2452.1,2286.713,9.145,69.95,71.77,,2282.0130000000004,0.17151943462897523
2452.2,2286.742,9.5,69.62,71.49,,2282.0420000000004,0.1695406360424028
2452.3,2286.77,10.703,69.29,71.27,,2282.07,0.1679858657243816
2452.4,2286.798,11.268,68.01,70.63,,2282.098,0.16346289752650173
2452.5,2286.826,16.552,67.35,70.57,,2282.126,0.16303886925795047
2452.6,2286.855,16.887,66.19,70.58,,2282.155,0.16310954063604238
2452.7,2286.883,17.192,64.87,70.6,,2282.183,0.1632508833922261
2452.8,2286.911,17.739,63.63,70.33,,2282.2110000000002,0.16134275618374558
2452.9,2286.939,18.026,64.12,70.2,,2282.239,0.16042402826855126
2453.0,2286.967,17.875,64.52,70.2,,2282.2670000000003,0.16042402826855126
2453.1,2286.995,17.948,64.56,70.13,,2282.295,0.1599293286219081
2453.2,2287.023,17.941,64.76,70.07,,2282.3230000000003,0.15950530035335683
2453.3,2287.051,17.705,65.4,70.07,,2282.351,0.15950530035335683
2453.4,2287.079,17.651,66.03,70.17,,2282.3790000000004,0.16021201413427563
2453.5,2287.107,17.521,65.78,70.92,,2282.407,0.1655123674911661
2453.6,2287.135,17.16,65.78,71.19,,2282.4350000000004,0.16742049469964662
2453.7,2287.163,16.853,65.51,72.0,,2282.463,0.17314487632508835
2453.8,2287.191,16.66,65.67,72.97,,2282.491,0.18
2453.9,2287.219,16.08,64.45,73.02,,2282.5190000000002,0.18035335689045934
2454.0,2287.246,15.81,63.69,73.08,,2282.5460000000003,0.1807773851590106
2454.1,2287.274,15.477,63.7,72.98,,2282.574,0.1800706713780919
2454.2,2287.302,15.333,63.94,72.71,,2282.6020000000003,0.17816254416961128
2454.3,2287.33,14.998,63.95,72.16,,2282.63,0.17427561837455827
2454.4,2287.357,15.267,63.43,71.9,,2282.657,0.17243816254416966
2454.5,2287.385,14.831,63.41,71.3,,2282.6850000000004,0.16819787985865722
2454.6,2287.413,15.33,63.48,71.16,,2282.713,0.167208480565371
2454.7,2287.44,15.702,62.75,70.76,,2282.7400000000002,0.16438162544169616
2454.8,2287.468,16.064,61.95,70.76,,2282.768,0.16438162544169616
2454.9,2287.496,15.906,61.58,70.72,,2282.7960000000003,0.1640989399293286
2455.0,2287.523,16.364,61.55,70.71,,2282.8230000000003,0.1640282685512367
2455.1,2287.551,16.624,60.93,70.74,,2282.851,0.16424028268551233
2455.2,2287.578,16.405,60.94,70.74,,2282.878,0.16424028268551233
2455.3,2287.606,16.318,60.91,70.77,,2282.9060000000004,0.16445229681978796
2455.4,2287.633,16.27,61.19,70.79,,2282.933,0.16459363957597178
2455.5,2287.661,16.806,61.07,70.71,,2282.9610000000002,0.1640282685512367
2455.6,2287.688,16.564,61.0,70.68,,2282.9880000000003,0.16381625441696118
2455.7,2287.715,16.648,61.21,70.69,,2283.0150000000003,0.16388692579505298
2455.8,2287.743,16.394,61.46,70.64,,2283.043,0.16353356890459364
2455.9,2287.77,16.267,61.42,70.58,,2283.07,0.16310954063604238
2456.0,2287.797,15.66,61.61,70.66,,2283.097,0.16367491166077736
2456.1,2287.825,15.426,61.43,70.42,,2283.125,0.16197879858657244
2456.2,2287.852,15.146,61.51,70.43,,2283.152,0.16204946996466435
2456.3,2287.879,14.541,61.21,70.39,,2283.179,0.16176678445229684
2456.4,2287.906,14.374,60.57,70.36,,2283.206,0.1615547703180212
2456.5,2287.933,14.414,60.38,70.3,,2283.233,0.16113074204946995
2456.6,2287.96,14.677,60.5,70.15,,2283.26,0.16007067137809192
2456.7,2287.988,14.945,60.18,70.11,,2283.288,0.15978798586572437
2456.8,2288.015,15.439,60.16,70.23,,2283.315,0.1606360424028269
2456.9,2288.042,16.59,60.41,70.24,,2283.342,0.1607067137809187
2457.0,2288.069,17.31,60.24,70.21,,2283.369,0.16049469964664306
2457.1,2288.096,17.499,60.62,70.49,,2283.396,0.16247349823321552
2457.2,2288.123,18.107,60.95,70.54,,2283.4230000000002,0.16282685512367495
2457.3,2288.15,18.58,61.64,70.51,,2283.4500000000003,0.16261484098939932
2457.4,2288.177,18.796,62.17,70.52,,2283.4770000000003,0.16268551236749113
2457.5,2288.203,18.403,61.49,70.52,,2283.503,0.16268551236749113
2457.6,2288.23,18.431,62.09,70.59,,2283.53,0.1631802120141343
2457.7,2288.257,18.382,61.26,70.21,,2283.5570000000002,0.16049469964664306
2457.8,2288.284,18.382,60.5,70.01,,2283.5840000000003,0.15908127208480569
2457.9,2288.311,17.97,59.4,70.01,,2283.6110000000003,0.15908127208480569
2458.0,2288.338,18.243,58.65,69.94,,2283.6380000000004,0.15858657243816252
2458.1,2288.364,11.397,58.08,69.84,,2283.664,0.15787985865724383
2458.2,2288.391,7.165,57.48,69.8,,2283.6910000000003,0.1575971731448763
2458.3,2288.418,6.276,57.51,69.97,,2283.7180000000003,0.15879858657243814
2458.4,2288.444,5.97,58.27,70.13,,2283.744,0.1599293286219081
2458.5,2288.471,5.124,59.51,70.24,,2283.771,0.1607067137809187
2458.6,2288.498,4.512,59.62,70.31,,2283.7980000000002,0.16120141342756186
2458.7,2288.524,5.346,60.48,70.62,,2283.824,0.16339222614840992
2458.8,2288.551,5.725,60.1,70.6,,2283.851,0.1632508833922261
2458.9,2288.577,6.745,59.59,70.59,,2283.8770000000004,0.1631802120141343
2459.0,2288.604,7.871,59.25,70.55,,2283.904,0.16289752650176675
2459.1,2288.63,12.066,59.26,70.55,,2283.9300000000003,0.16289752650176675
2459.2,2288.657,20.461,58.69,70.55,,2283.9570000000003,0.16289752650176675
2459.3,2288.683,21.315,58.59,70.55,,2283.983,0.16289752650176675
2459.4,2288.71,21.084,58.78,70.36,,2284.01,0.1615547703180212
2459.5,2288.736,21.419,60.0,70.29,,2284.036,0.16106007067137815
2459.6,2288.762,22.306,60.74,70.19,,2284.0620000000004,0.16035335689045935
2459.7,2288.789,22.028,59.86,70.1,,2284.0890000000004,0.15971731448763246
2459.8,2288.815,21.719,59.87,69.97,,2284.1150000000002,0.15879858657243814
2459.9,2288.841,21.118,60.43,69.88,,2284.141,0.15816254416961129
2460.0,2288.867,21.158,60.32,69.96,,2284.1670000000004,0.15872791519434626
2460.1,2288.894,20.081,59.53,70.07,,2284.194,0.15950530035335683
2460.2,2288.92,20.084,59.28,70.21,,2284.2200000000003,0.16049469964664306
2460.3,2288.946,19.711,59.54,70.24,,2284.246,0.1607067137809187
2460.4,2288.972,19.764,59.09,70.52,,2284.2720000000004,0.16268551236749113
2460.5,2288.998,19.579,57.2,70.52,,2284.2980000000002,0.16268551236749113
2460.6,2289.024,18.746,56.88,70.52,,2284.324,0.16268551236749113
2460.7,2289.05,18.478,56.62,70.51,,2284.3500000000004,0.16261484098939932
2460.8,2289.076,17.48,56.05,70.52,,2284.376,0.16268551236749113
2460.9,2289.102,16.478,55.46,70.51,,2284.402,0.16261484098939932
2461.0,2289.128,15.093,55.41,70.09,,2284.4280000000003,0.15964664310954066
2461.1,2289.154,13.711,55.29,70.02,,2284.454,0.1591519434628975
2461.2,2289.18,12.553,56.04,69.93,,2284.48,0.1585159010600707
2461.3,2289.206,11.783,56.59,69.89,,2284.5060000000003,0.15823321554770317
2461.4,2289.232,11.34,57.43,69.79,,2284.532,0.1575265017667845
2461.5,2289.258,10.737,58.08,69.79,,2284.558,0.1575265017667845
2461.6,2289.284,10.693,58.04,69.78,,2284.5840000000003,0.1574558303886926
2461.7,2289.31,10.912,58.49,69.78,,2284.61,0.1574558303886926
2461.8,2289.335,10.911,59.94,69.72,,2284.635,0.15703180212014134
2461.9,2289.361,11.107,59.75,69.69,,2284.661,0.1568197879858657
2462.0,2289.387,11.412,60.29,70.0,,2284.6870000000004,0.15901060070671377
2462.1,2289.412,12.082,59.99,70.0,,2284.712,0.15901060070671377
2462.2,2289.438,12.216,60.59,70.08,,2284.7380000000003,0.15957597173144875
2462.3,2289.464,12.629,59.1,69.9,,2284.764,0.15830388692579508
2462.4,2289.489,13.231,53.54,69.91,,2284.789,0.15837455830388691
2462.5,2289.515,13.201,51.98,70.67,,2284.815,0.16374558303886927
2462.6,2289.54,13.321,51.34,70.4,,2284.84,0.16183745583038872
2462.7,2289.566,13.345,50.89,70.45,,2284.866,0.16219081272084807
2462.8,2289.592,13.437,49.18,70.29,,2284.8920000000003,0.16106007067137815
2462.9,2289.617,13.301,48.71,70.46,,2284.9170000000004,0.1622614840989399
2463.0,2289.642,13.257,50.89,70.04,,2284.942,0.15929328621908131
2463.1,2289.668,8.413,52.02,69.34,,2284.9680000000003,0.1543462897526502
2463.2,2289.693,7.666,53.1,69.09,,2284.9930000000004,0.15257950530035339
2463.3,2289.719,7.05,53.69,68.94,,2285.0190000000002,0.15151943462897524
2463.4,2289.744,6.256,60.36,68.06,,2285.0440000000003,0.14530035335689048
2463.5,2289.769,5.728,60.01,66.75,,2285.069,0.13604240282685512
2463.6,2289.795,5.995,59.2,66.38,,2285.0950000000003,0.1334275618374558
2463.7,2289.82,6.643,58.12,66.21,,2285.1200000000003,0.13222614840989394
2463.8,2289.845,7.571,57.62,66.13,,2285.145,0.13166077738515897
2463.9,2289.87,8.004,57.77,66.28,,2285.17,0.1327208480565371
2464.0,2289.896,8.827,54.61,66.48,,2285.1960000000004,0.1341342756183746
2464.1,2289.921,14.034,53.97,66.66,,2285.221,0.13540636042402823
2464.2,2289.946,14.016,53.37,67.1,,2285.246,0.13851590106007064
2464.3,2289.971,14.317,53.56,67.19,,2285.271,0.1391519434628975
2464.4,2289.996,14.262,53.02,67.82,,2285.2960000000003,0.14360424028268545
2464.5,2290.021,14.043,52.62,67.83,,2285.3210000000004,0.14367491166077737
2464.6,2290.046,13.806,53.3,67.79,,2285.346,0.14339222614840993
2464.7,2290.071,13.788,53.9,67.76,,2285.371,0.1431802120141343
2464.8,2290.096,13.787,53.99,67.6,,2285.396,0.14204946996466428
2464.9,2290.121,13.559,54.17,67.52,,2285.4210000000003,0.1414840989399293
2465.0,2290.146,13.369,56.34,67.66,,2285.4460000000004,0.14247349823321553
2465.1,2290.171,12.915,56.44,67.73,,2285.471,0.14296819787985868
2465.2,2290.196,12.745,56.34,67.72,,2285.496,0.14289752650176676
2465.3,2290.221,12.14,55.69,68.13,,2285.521,0.14579505300353354
2465.4,2290.246,11.708,55.92,68.24,,2285.5460000000003,0.14657243816254414
2465.5,2290.27,11.215,55.86,68.16,,2285.57,0.14600706713780917
2465.6,2290.295,11.128,54.9,68.18,,2285.5950000000003,0.14614840989399297
2465.7,2290.32,10.956,54.46,68.77,,2285.6200000000003,0.1503180212014134
2465.8,2290.345,10.678,53.83,68.8,,2285.645,0.15053003533568904
2465.9,2290.369,10.896,53.48,68.66,,2285.6690000000003,0.1495406360424028
2466.0,2290.394,11.251,52.45,68.19,,2285.694,0.1462190812720848
2466.1,2290.419,11.714,51.04,68.37,,2285.719,0.14749116607773854
2466.2,2290.443,11.855,52.23,68.37,,2285.7430000000004,0.14749116607773854
2466.3,2290.468,12.196,52.54,67.75,,2285.768,0.1431095406360424
2466.4,2290.492,12.532,52.65,67.42,,2285.7920000000004,0.14077738515901062
2466.5,2290.517,12.627,52.73,67.82,,2285.817,0.14360424028268545
2466.6,2290.541,12.373,53.1,67.88,,2285.8410000000003,0.1440282685512367
2466.7,2290.566,12.474,53.07,66.81,,2285.866,0.13646643109540638
2466.8,2290.59,12.412,52.72,66.94,,2285.8900000000003,0.1373851590106007
2466.9,2290.615,12.494,52.51,67.09,,2285.915,0.1384452296819788
2467.0,2290.639,12.397,52.28,67.3,,2285.9390000000003,0.1399293286219081
2467.1,2290.664,12.617,52.67,67.18,,2285.9640000000004,0.1390812720848057
2467.2,2290.688,12.605,51.89,67.04,,2285.9880000000003,0.13809187279151947
2467.3,2290.712,11.964,51.35,66.95,,2286.012,0.1374558303886926
2467.4,2290.737,11.419,51.2,66.83,,2286.0370000000003,0.1366077738515901
2467.5,2290.761,10.973,51.48,66.78,,2286.061,0.13625441696113075
2467.6,2290.785,10.556,51.29,66.56,,2286.085,0.13469964664310954
2467.7,2290.809,10.073,50.88,66.72,,2286.1090000000004,0.1358303886925795
2467.8,2290.833,9.611,51.19,66.76,,2286.1330000000003,0.13611307420494703
2467.9,2290.858,9.473,51.46,66.64,,2286.1580000000004,0.13526501766784452
2468.0,2290.882,9.457,51.52,66.69,,2286.1820000000002,0.13561837455830386
2468.1,2290.906,9.456,51.19,67.06,,2286.206,0.1382332155477032
2468.2,2290.93,9.685,51.34,67.21,,2286.23,0.13929328621908124
2468.3,2290.954,10.222,51.83,67.23,,2286.2540000000004,0.13943462897526504
2468.4,2290.978,10.671,52.84,67.3,,2286.2780000000002,0.1399293286219081
2468.5,2291.002,10.941,53.55,67.46,,2286.302,0.14106007067137805
2468.6,2291.026,11.397,53.6,67.84,,2286.326,0.14374558303886928
2468.7,2291.05,11.703,53.86,68.02,,2286.3500000000004,0.14501766784452294
2468.8,2291.074,11.995,54.55,68.19,,2286.3740000000003,0.1462190812720848
2468.9,2291.098,12.173,54.55,68.48,,2286.398,0.14826855123674915
2469.0,2291.122,12.371,54.55,68.58,,2286.422,0.14897526501766784
2469.1,2291.146,12.555,54.42,68.32,,2286.4460000000004,0.14713780918727912
2469.2,2291.169,12.616,54.59,67.98,,2286.469,0.1447349823321555
2469.3,2291.193,12.676,55.09,67.64,,2286.4930000000004,0.14233215547703182
2469.4,2291.217,12.643,54.88,67.95,,2286.5170000000003,0.14452296819787988
2469.5,2291.241,12.536,55.15,67.93,,2286.541,0.14438162544169617
2469.6,2291.264,12.365,56.01,67.67,,2286.5640000000003,0.14254416961130742
2469.7,2291.288,12.031,56.17,68.01,,2286.588,0.14494699646643114
2469.8,2291.312,11.712,55.99,68.3,,2286.612,0.14699646643109537
2469.9,2291.335,11.562,56.39,68.72,,2286.635,0.14996466431095407
2470.0,2291.359,11.54,56.49,68.63,,2286.659,0.14932862190812718
2470.1,2291.383,11.599,56.42,68.77,,2286.683,0.1503180212014134
2470.2,2291.406,11.537,56.17,68.55,,2286.706,0.1487632508833922
2470.3,2291.43,11.947,56.0,68.64,,2286.73,0.1493992932862191
2470.4,2291.453,12.455,56.25,68.36,,2286.753,0.14742049469964663
2470.5,2291.477,13.079,56.2,68.44,,2286.777,0.1479858657243816
2470.6,2291.5,13.29,55.87,68.87,,2286.8,0.15102473498233218
2470.7,2291.524,13.64,55.9,69.1,,2286.824,0.1526501766784452
2470.8,2291.547,13.851,56.39,69.56,,2286.847,0.1559010600706714
2470.9,2291.57,13.781,56.37,69.78,,2286.8700000000003,0.1574558303886926
2471.0,2291.594,13.912,54.94,69.9,,2286.8940000000002,0.15830388692579508
2471.1,2291.617,13.525,54.67,70.32,,2286.9170000000004,0.16127208480565366
2471.2,2291.64,13.502,52.53,69.47,,2286.94,0.1552650176678445
2471.3,2291.664,13.422,51.56,69.17,,2286.9640000000004,0.15314487632508836
2471.4,2291.687,13.415,50.13,68.8,,2286.987,0.15053003533568904
2471.5,2291.71,12.883,50.56,68.44,,2287.01,0.1479858657243816
2471.6,2291.733,12.652,50.2,67.81,,2287.0330000000004,0.14353356890459365
2471.7,2291.756,11.986,50.64,67.86,,2287.056,0.143886925795053
2471.8,2291.78,11.167,50.36,67.91,,2287.0800000000004,0.14424028268551234
2471.9,2291.803,10.591,50.37,67.55,,2287.103,0.14169611307420493
2472.0,2291.826,9.741,50.58,67.62,,2287.126,0.14219081272084808
2472.1,2291.849,9.344,50.2,66.8,,2287.1490000000003,0.13639575971731446
2472.2,2291.872,8.908,50.04,66.8,,2287.172,0.13639575971731446
2472.3,2291.895,8.641,49.96,66.49,,2287.195,0.1342049469964664
2472.4,2291.918,8.64,50.0,66.22,,2287.2180000000003,0.13229681978798585
2472.5,2291.941,8.829,50.39,66.07,,2287.241,0.13123674911660774
2472.6,2291.964,9.121,51.01,66.13,,2287.264,0.13166077738515897
2472.7,2291.987,9.555,52.07,66.5,,2287.2870000000003,0.13427561837455831
2472.8,2292.01,10.257,52.57,66.66,,2287.3100000000004,0.13540636042402823
2472.9,2292.032,10.737,53.6,66.72,,2287.3320000000003,0.1358303886925795
2473.0,2292.055,11.24,54.82,66.7,,2287.355,0.13568904593639577
2473.1,2292.078,11.431,54.56,67.38,,2287.378,0.14049469964664307
2473.2,2292.101,11.716,54.32,67.29,,2287.4010000000003,0.1398586572438163
2473.3,2292.124,11.842,53.94,67.35,,2287.424,0.14028268551236744
2473.4,2292.146,11.671,54.28,67.19,,2287.4460000000004,0.1391519434628975
2473.5,2292.169,11.629,54.05,67.26,,2287.469,0.13964664310954067
2473.6,2292.192,11.967,54.21,66.83,,2287.492,0.1366077738515901
2473.7,2292.214,12.07,53.79,66.65,,2287.514,0.13533568904593643
2473.8,2292.237,11.933,54.19,66.36,,2287.5370000000003,0.13328621908127208
2473.9,2292.259,12.205,53.98,66.18,,2287.559,0.13201413427561842
2474.0,2292.282,12.416,53.39,65.95,,2287.5820000000003,0.13038869257950533
2474.1,2292.305,12.352,52.79,65.5,,2287.605,0.127208480565371
2474.2,2292.327,9.687,52.56,65.53,,2287.6270000000004,0.12742049469964664
2474.3,2292.349,9.39,52.08,65.33,,2287.6490000000003,0.12600706713780918
2474.4,2292.372,8.851,51.55,64.94,,2287.672,0.12325088339222613
2474.5,2292.394,8.459,50.72,66.9,,2287.694,0.13710247349823326
2474.6,2292.417,7.76,49.08,68.18,,2287.717,0.14614840989399297
2474.7,2292.439,7.681,48.55,68.68,,2287.739,0.1496819787985866
2474.8,2292.461,8.316,48.0,69.74,,2287.761,0.15717314487632505
2474.9,2292.484,8.529,47.33,70.07,,2287.784,0.15950530035335683
2475.0,2292.506,8.807,46.25,69.81,,2287.806,0.15766784452296823
2475.1,2292.528,9.02,46.58,69.47,,2287.828,0.1552650176678445
2475.2,2292.551,10.686,46.67,69.14,,2287.851,0.15293286219081273
2475.3,2292.573,10.342,47.8,69.16,,2287.873,0.15307420494699644
2475.4,2292.595,10.326,49.27,68.68,,2287.895,0.1496819787985866
2475.5,2292.617,10.222,50.46,68.03,,2287.9170000000004,0.14508833922261485
2475.6,2292.639,10.094,52.38,67.7,,2287.9390000000003,0.14275618374558305
2475.7,2292.661,10.313,52.71,67.38,,2287.9610000000002,0.14049469964664307
2475.8,2292.683,10.468,54.16,67.34,,2287.983,0.14021201413427564
2475.9,2292.706,10.765,54.2,67.23,,2288.0060000000003,0.13943462897526504
2476.0,2292.728,10.966,54.22,67.27,,2288.0280000000002,0.13971731448763247
2476.1,2292.75,11.401,54.66,67.25,,2288.05,0.13957597173144876
2476.2,2292.772,11.734,54.9,67.34,,2288.072,0.14021201413427564
2476.3,2292.793,12.012,54.77,67.4,,2288.0930000000003,0.1406360424028269
2476.4,2292.815,12.565,54.53,67.69,,2288.1150000000002,0.14268551236749116
2476.5,2292.837,12.992,55.14,67.75,,2288.137,0.1431095406360424
2476.6,2292.859,13.473,55.09,67.98,,2288.159,0.1447349823321555
2476.7,2292.881,13.626,55.4,67.99,,2288.181,0.1448056537102473
2476.8,2292.903,13.856,54.84,68.42,,2288.203,0.1478445229681979
2476.9,2292.925,13.976,55.25,68.47,,2288.2250000000004,0.14819787985865723
2477.0,2292.946,13.943,55.35,68.82,,2288.246,0.15067137809187275
2477.1,2292.968,13.937,55.07,68.99,,2288.268,0.15187279151943459
2477.2,2292.99,13.987,55.0,69.55,,2288.29,0.15583038869257948
2477.3,2293.012,14.201,54.21,69.84,,2288.3120000000004,0.15787985865724383
2477.4,2293.033,14.26,54.18,70.24,,2288.333,0.1607067137809187
2477.5,2293.055,14.668,54.3,70.32,,2288.355,0.16127208480565366
2477.6,2293.076,15.062,54.27,70.6,,2288.376,0.1632508833922261
2477.7,2293.098,15.537,54.21,70.62,,2288.398,0.16339222614840992
2477.8,2293.12,16.128,54.51,70.62,,2288.42,0.16339222614840992
2477.9,2293.141,16.616,55.29,70.6,,2288.4410000000003,0.1632508833922261
2478.0,2293.163,16.647,55.43,70.6,,2288.463,0.1632508833922261
2478.1,2293.184,16.773,55.76,70.63,,2288.4840000000004,0.16346289752650173
2478.2,2293.205,17.007,55.95,70.64,,2288.505,0.16353356890459364
2478.3,2293.227,17.194,57.17,70.62,,2288.527,0.16339222614840992
2478.4,2293.248,17.226,58.09,70.65,,2288.5480000000002,0.16360424028268555
2478.5,2293.27,17.119,58.46,70.67,,2288.57,0.16374558303886927
2478.6,2293.291,17.18,59.44,70.73,,2288.5910000000003,0.16416961130742053
2478.7,2293.312,16.662,59.82,70.72,,2288.612,0.1640989399293286
2478.8,2293.334,16.228,58.87,70.77,,2288.634,0.16445229681978796
2478.9,2293.355,15.681,58.98,70.72,,2288.655,0.1640989399293286
2479.0,2293.376,15.339,58.48,70.72,,2288.6760000000004,0.1640989399293286
2479.1,2293.397,14.81,57.38,70.43,,2288.697,0.16204946996466435
2479.2,2293.418,14.794,56.8,70.37,,2288.7180000000003,0.16162544169611312
2479.3,2293.44,14.582,56.72,70.26,,2288.7400000000002,0.16084805653710252
2479.4,2293.461,14.775,56.09,70.13,,2288.761,0.1599293286219081
2479.5,2293.482,15.346,55.58,70.09,,2288.782,0.15964664310954066
2479.6,2293.503,15.749,56.69,70.04,,2288.8030000000003,0.15929328621908131
2479.7,2293.524,16.745,56.76,70.17,,2288.824,0.16021201413427563
2479.8,2293.545,17.331,57.44,70.17,,2288.8450000000003,0.16021201413427563
2479.9,2293.566,17.826,57.94,70.3,,2288.866,0.16113074204946995
2480.0,2293.587,17.928,58.08,70.35,,2288.887,0.1614840989399293
2480.1,2293.608,17.794,58.7,70.56,,2288.9080000000004,0.16296819787985867
2480.2,2293.629,17.296,58.8,70.6,,2288.929,0.1632508833922261
2480.3,2293.65,17.359,59.59,70.61,,2288.9500000000003,0.163321554770318
2480.4,2293.671,17.465,59.95,70.63,,2288.971,0.16346289752650173
2480.5,2293.691,17.413,61.39,70.66,,2288.991,0.16367491166077736
2480.6,2293.712,17.613,62.31,70.7,,2289.012,0.1639575971731449
2480.7,2293.733,18.189,63.65,70.74,,2289.0330000000004,0.16424028268551233
2480.8,2293.754,18.372,63.97,70.73,,2289.054,0.16416961130742053
2480.9,2293.774,18.1,64.6,70.41,,2289.074,0.16190812720848055
2481.0,2293.795,17.567,64.88,70.34,,2289.0950000000003,0.1614134275618375
2481.1,2293.816,17.302,65.28,70.27,,2289.116,0.16091872791519432
2481.2,2293.837,16.757,64.98,69.96,,2289.137,0.15872791519434626
2481.3,2293.857,10.855,63.18,69.89,,2289.157,0.15823321554770317
2481.4,2293.878,9.635,62.62,69.72,,2289.1780000000003,0.15703180212014134
2481.5,2293.899,8.359,61.47,69.68,,2289.199,0.1567491166077739
2481.6,2293.919,8.19,58.54,69.59,,2289.219,0.15611307420494702
2481.7,2293.94,7.375,56.45,69.78,,2289.2400000000002,0.1574558303886926
2481.8,2293.961,6.995,54.71,69.78,,2289.261,0.1574558303886926
2481.9,2293.981,8.052,54.42,69.85,,2289.2810000000004,0.15795053003533566
2482.0,2294.002,9.165,55.18,69.91,,2289.302,0.15837455830388691
2482.1,2294.022,9.76,54.27,70.04,,2289.322,0.15929328621908131
2482.2,2294.043,11.022,54.75,70.07,,2289.3430000000003,0.15950530035335683
2482.3,2294.064,17.598,55.88,70.04,,2289.364,0.15929328621908131
2482.4,2294.084,17.979,56.53,70.36,,2289.384,0.1615547703180212
2482.5,2294.105,18.206,57.62,70.35,,2289.405,0.1614840989399293
2482.6,2294.126,17.883,58.0,70.34,,2289.4260000000004,0.1614134275618375
2482.7,2294.146,17.896,59.27,70.29,,2289.4460000000004,0.16106007067137815
2482.8,2294.167,17.879,59.64,70.26,,2289.467,0.16084805653710252
2482.9,2294.188,18.096,59.96,70.25,,2289.4880000000003,0.1607773851590106
2483.0,2294.208,17.62,59.34,70.25,,2289.5080000000003,0.1607773851590106
2483.1,2294.229,17.406,59.4,70.23,,2289.529,0.1606360424028269
2483.2,2294.249,17.396,59.61,70.21,,2289.549,0.16049469964664306
2483.3,2294.27,17.202,59.46,69.58,,2289.57,0.1560424028268551
2483.4,2294.291,16.832,59.36,69.28,,2289.5910000000003,0.15392226148409896
2483.5,2294.311,16.282,59.14,69.27,,2289.6110000000003,0.15385159010600705
2483.6,2294.332,16.674,59.01,68.82,,2289.632,0.15067137809187275
2483.7,2294.352,16.459,57.01,68.18,,2289.652,0.14614840989399297
2483.8,2294.373,15.845,56.64,68.21,,2289.6730000000002,0.14636042402826852
2483.9,2294.393,15.733,56.05,68.03,,2289.693,0.14508833922261485
2484.0,2294.414,16.002,55.55,68.25,,2289.7140000000004,0.14664310954063603
2484.1,2294.435,15.623,54.72,68.08,,2289.735,0.1454416961130742
2484.2,2294.455,14.912,54.72,68.15,,2289.755,0.14593639575971734
2484.3,2294.476,14.87,54.87,68.62,,2289.7760000000003,0.14925795053003538
2484.4,2294.496,15.191,55.35,68.67,,2289.7960000000003,0.14961130742049472
2484.5,2294.517,15.076,56.65,68.33,,2289.817,0.147208480565371
2484.6,2294.537,15.06,57.2,68.27,,2289.837,0.14678445229681977
2484.7,2294.558,15.371,59.09,68.65,,2289.858,0.149469964664311
2484.8,2294.578,16.023,59.34,68.48,,2289.878,0.14826855123674915
2484.9,2294.599,16.134,59.49,68.34,,2289.8990000000003,0.14727915194346292
2485.0,2294.62,16.286,58.81,68.03,,2289.92,0.14508833922261485
2485.1,2294.64,16.466,58.68,68.05,,2289.94,0.14522968197879857
2485.2,2294.661,16.62,58.36,68.05,,2289.9610000000002,0.14522968197879857
2485.3,2294.681,16.613,58.07,68.04,,2289.981,0.14515901060070677
2485.4,2294.702,15.788,57.17,68.07,,2290.0020000000004,0.14537102473498228
2485.5,2294.722,15.202,56.37,68.06,,2290.0220000000004,0.14530035335689048
2485.6,2294.743,14.381,56.02,68.55,,2290.043,0.1487632508833922
2485.7,2294.763,13.773,55.75,68.71,,2290.063,0.14989399293286215
2485.8,2294.784,13.352,55.66,68.86,,2290.0840000000003,0.15095406360424027
2485.9,2294.804,13.227,55.31,69.0,,2290.1040000000003,0.1519434628975265
2486.0,2294.825,13.071,55.56,69.08,,2290.125,0.15250883392226147
2486.1,2294.845,13.344,55.98,68.81,,2290.145,0.15060070671378092
2486.2,2294.866,13.839,56.4,68.61,,2290.166,0.14918727915194346
2486.3,2294.886,14.13,56.24,68.48,,2290.186,0.14826855123674915
2486.4,2294.907,15.231,57.04,68.16,,2290.2070000000003,0.14600706713780917
2486.5,2294.927,15.75,57.32,68.01,,2290.2270000000003,0.14494699646643114
2486.6,2294.948,16.178,57.2,67.57,,2290.248,0.14183745583038865
2486.7,2294.968,17.007,56.99,67.88,,2290.268,0.1440282685512367
2486.8,2294.988,17.254,56.39,67.9,,2290.288,0.14416961130742054
2486.9,2295.009,17.034,55.61,68.36,,2290.309,0.14742049469964663
2487.0,2295.029,16.876,54.86,68.72,,2290.329,0.14996466431095407
2487.1,2295.05,16.931,54.1,69.32,,2290.3500000000004,0.1542049469964664
2487.2,2295.07,16.71,53.5,69.02,,2290.3700000000003,0.15208480565371021
2487.3,2295.091,16.726,52.55,68.99,,2290.391,0.15187279151943459
2487.4,2295.111,16.511,51.87,69.22,,2290.411,0.1534982332155477
2487.5,2295.132,16.469,51.32,68.81,,2290.4320000000002,0.15060070671378092
2487.6,2295.152,16.23,50.78,68.33,,2290.452,0.147208480565371
2487.7,2295.172,15.678,49.43,67.62,,2290.472,0.14219081272084808
2487.8,2295.193,14.355,48.96,67.68,,2290.4930000000004,0.14261484098939933
2487.9,2295.213,13.466,48.59,67.32,,2290.5130000000004,0.14007067137809182
2488.0,2295.234,12.754,48.54,67.39,,2290.534,0.140565371024735
2488.1,2295.254,11.554,48.94,67.52,,2290.554,0.1414840989399293
2488.2,2295.275,10.498,49.52,67.85,,2290.5750000000003,0.14381625441696108
2488.3,2295.295,9.219,51.1,67.67,,2290.5950000000003,0.14254416961130742
2488.4,2295.315,8.922,51.67,67.58,,2290.6150000000002,0.14190812720848056
2488.5,2295.336,8.447,52.51,67.5,,2290.636,0.1413427561837456
2488.6,2295.356,8.287,53.29,67.67,,2290.6560000000004,0.14254416961130742
2488.7,2295.377,8.158,54.01,67.69,,2290.677,0.14268551236749116
2488.8,2295.397,8.499,55.24,67.82,,2290.697,0.14360424028268545
2488.9,2295.417,8.93,55.27,67.96,,2290.717,0.14459363957597168
2489.0,2295.438,9.294,54.95,68.29,,2290.7380000000003,0.14692579505300357
2489.1,2295.458,10.063,54.87,68.6,,2290.7580000000003,0.14911660777385155
2489.2,2295.478,10.505,54.62,68.68,,2290.7780000000002,0.1496819787985866
2489.3,2295.499,11.585,53.89,68.96,,2290.799,0.15166077738515896
2489.4,2295.519,12.433,53.58,68.98,,2290.819,0.15180212014134278
2489.5,2295.54,12.581,53.33,68.83,,2290.84,0.15074204946996464
2489.6,2295.56,12.944,53.55,68.8,,2290.86,0.15053003533568904
2489.7,2295.58,13.373,53.37,68.62,,2290.88,0.14925795053003538
2489.8,2295.601,13.337,52.59,68.07,,2290.9010000000003,0.14537102473498228
2489.9,2295.621,13.071,52.47,67.56,,2290.9210000000003,0.14176678445229685
2490.0,2295.641,12.928,52.06,67.3,,2290.9410000000003,0.1399293286219081
2490.1,2295.662,12.9,51.31,66.5,,2290.962,0.13427561837455831
2490.2,2295.682,12.352,50.7,66.49,,2290.982,0.1342049469964664
2490.3,2295.702,11.595,49.47,66.47,,2291.0020000000004,0.13406360424028269
2490.4,2295.723,11.129,48.29,66.34,,2291.023,0.13314487632508837
2490.5,2295.743,10.761,48.31,66.24,,2291.043,0.13243816254416957
2490.6,2295.763,10.485,47.43,66.2,,2291.063,0.13215547703180214
2490.7,2295.783,9.64,47.27,66.13,,2291.083,0.13166077738515897
2490.8,2295.804,9.415,47.61,66.05,,2291.1040000000003,0.13109540636042402
2490.9,2295.824,9.221,48.29,66.5,,2291.1240000000003,0.13427561837455831
2491.0,2295.844,9.389,48.89,66.62,,2291.1440000000002,0.1351236749116608
2491.1,2295.865,9.341,48.9,66.85,,2291.165,0.1367491166077738
2491.2,2295.885,9.883,49.12,66.93,,2291.1850000000004,0.1373144876325089
2491.3,2295.905,10.328,49.28,67.17,,2291.2050000000004,0.13901060070671378
2491.4,2295.926,11.33,48.49,66.7,,2291.226,0.13568904593639577
2491.5,2295.946,12.141,47.71,66.83,,2291.246,0.1366077738515901
2491.6,2295.966,12.405,47.05,67.06,,2291.266,0.1382332155477032
2491.7,2295.986,13.524,47.56,67.06,,2291.286,0.1382332155477032
2491.8,2296.007,13.965,48.17,67.57,,2291.3070000000002,0.14183745583038865
2491.9,2296.027,13.908,48.36,67.58,,2291.327,0.14190812720848056
2492.0,2296.047,13.416,49.36,68.03,,2291.347,0.14508833922261485
2492.1,2296.067,13.111,50.29,68.33,,2291.367,0.147208480565371
2492.2,2296.088,12.867,51.28,68.49,,2291.3880000000004,0.14833922261484095
2492.3,2296.108,12.337,51.97,68.38,,2291.4080000000004,0.14756183745583035
2492.4,2296.128,11.648,52.61,68.67,,2291.4280000000003,0.14961130742049472
2492.5,2296.148,11.151,51.8,68.05,,2291.4480000000003,0.14522968197879857
2492.6,2296.169,10.786,52.16,67.53,,2291.469,0.14155477031802122
2492.7,2296.189,10.48,50.75,67.34,,2291.489,0.14021201413427564
2492.8,2296.209,10.278,49.74,66.9,,2291.509,0.13710247349823326
2492.9,2296.229,10.283,50.04,66.76,,2291.529,0.13611307420494703
2493.0,2296.25,10.543,49.69,66.77,,2291.55,0.13618374558303883
2493.1,2296.27,10.74,50.19,67.22,,2291.57,0.13936395759717313
2493.2,2296.29,11.347,50.7,67.45,,2291.59,0.14098939929328624
2493.3,2296.31,11.936,51.23,67.88,,2291.61,0.1440282685512367
2493.4,2296.33,12.498,51.74,68.43,,2291.63,0.1479151943462898
2493.5,2296.351,13.479,52.49,69.08,,2291.6510000000003,0.15250883392226147
2493.6,2296.371,14.136,53.02,69.52,,2291.6710000000003,0.15561837455830385
2493.7,2296.391,14.145,54.11,70.06,,2291.6910000000003,0.15943462897526503
2493.8,2296.411,14.272,55.62,70.16,,2291.7110000000002,0.16014134275618372
2493.9,2296.431,14.852,56.32,70.63,,2291.731,0.16346289752650173
2494.0,2296.452,14.881,56.8,70.61,,2291.7520000000004,0.163321554770318
2494.1,2296.472,15.316,57.21,70.65,,2291.7720000000004,0.16360424028268555
2494.2,2296.492,15.322,58.11,70.66,,2291.7920000000004,0.16367491166077736
2494.3,2296.512,15.667,58.18,70.75,,2291.8120000000004,0.16431095406360424
2494.4,2296.532,15.366,58.23,70.76,,2291.8320000000003,0.16438162544169616
2494.5,2296.552,14.331,57.45,70.73,,2291.8520000000003,0.16416961130742053
2494.6,2296.573,12.93,57.26,70.76,,2291.873,0.16438162544169616
2494.7,2296.593,12.156,56.6,70.79,,2291.893,0.16459363957597178
2494.8,2296.613,11.401,55.9,70.77,,2291.913,0.16445229681978796
2494.9,2296.633,10.852,55.68,70.76,,2291.933,0.16438162544169616
2495.0,2296.653,10.72,55.87,70.78,,2291.953,0.16452296819787987
2495.1,2296.673,10.536,56.2,70.78,,2291.973,0.16452296819787987
2495.2,2296.693,10.895,56.66,71.27,,2291.9930000000004,0.1679858657243816
2495.3,2296.714,11.68,56.65,71.43,,2292.014,0.16911660777385165
2495.4,2296.734,12.696,56.86,71.98,,2292.034,0.17300353356890463
2495.5,2296.754,13.705,58.38,72.44,,2292.054,0.17625441696113073
2495.6,2296.774,15.172,58.33,73.12,,2292.074,0.18106007067137814
2495.7,2296.794,15.843,58.86,73.43,,2292.094,0.1832508833922262
2495.8,2296.814,16.062,59.29,73.91,,2292.114,0.186643109540636
2495.9,2296.834,16.05,59.27,73.93,,2292.134,0.18678445229681984
2496.0,2296.854,16.135,59.54,74.27,,2292.154,0.18918727915194344
2496.1,2296.874,16.53,59.61,73.6,,2292.174,0.18445229681978795
2496.2,2296.895,16.595,59.86,73.16,,2292.195,0.18134275618374557
2496.3,2296.915,16.433,59.03,72.01,,2292.215,0.17321554770318026
2496.4,2296.935,16.303,58.47,71.02,,2292.235,0.1662190812720848
2496.5,2296.955,16.155,58.16,70.72,,2292.255,0.1640989399293286
2496.6,2296.975,15.718,57.76,70.43,,2292.275,0.16204946996466435
2496.7,2296.995,14.96,56.35,69.93,,2292.295,0.1585159010600707
2496.8,2297.015,14.308,56.28,68.9,,2292.315,0.1512367491166078
2496.9,2297.035,14.383,56.01,69.04,,2292.335,0.15222614840989404
2497.0,2297.055,14.266,56.22,69.38,,2292.355,0.15462897526501765
2497.1,2297.075,14.599,56.49,69.36,,2292.375,0.1544876325088339
2497.2,2297.095,14.843,56.91,69.73,,2292.395,0.15710247349823325
2497.3,2297.115,15.358,58.5,70.29,,2292.415,0.16106007067137815
2497.4,2297.135,15.748,59.87,70.41,,2292.4350000000004,0.16190812720848055
2497.5,2297.155,16.776,60.44,70.49,,2292.4550000000004,0.16247349823321552
2497.6,2297.175,17.236,60.63,70.54,,2292.4750000000004,0.16282685512367495
2497.7,2297.195,17.588,60.91,70.87,,2292.4950000000003,0.16515901060070676
2497.8,2297.215,17.695,60.55,70.87,,2292.5150000000003,0.16515901060070676
2497.9,2297.236,17.905,60.08,70.83,,2292.536,0.16487632508833922
2498.0,2297.256,18.507,58.93,70.81,,2292.556,0.1647349823321555
2498.1,2297.276,17.851,58.51,70.81,,2292.576,0.1647349823321555
2498.2,2297.296,17.539,58.94,70.76,,2292.596,0.16438162544169616
2498.3,2297.316,17.458,58.81,70.74,,2292.616,0.16424028268551233
2498.4,2297.336,17.8,59.89,70.78,,2292.636,0.16452296819787987
2498.5,2297.356,16.704,60.39,70.81,,2292.6560000000004,0.1647349823321555
2498.6,2297.376,16.677,61.28,70.83,,2292.6760000000004,0.16487632508833922
2498.7,2297.396,16.667,62.68,70.85,,2292.6960000000004,0.16501766784452293
2498.8,2297.416,17.076,63.58,70.89,,2292.7160000000003,0.16530035335689047
2498.9,2297.436,16.481,62.61,70.96,,2292.7360000000003,0.16579505300353353
2499.0,2297.456,15.78,62.86,70.88,,2292.7560000000003,0.16522968197879856
2499.1,2297.476,15.694,62.39,70.85,,2292.7760000000003,0.16501766784452293
2499.2,2297.496,15.169,61.55,70.77,,2292.7960000000003,0.16445229681978796
2499.3,2297.515,14.414,60.69,70.73,,2292.815,0.16416961130742053
2499.4,2297.535,13.814,59.73,70.67,,2292.835,0.16374558303886927
2499.5,2297.555,13.806,60.16,70.65,,2292.855,0.16360424028268555
2499.6,2297.575,13.304,60.4,70.65,,2292.875,0.16360424028268555
2499.7,2297.595,13.619,60.45,70.48,,2292.895,0.1624028268551237
2499.8,2297.615,13.984,61.0,70.41,,2292.915,0.16190812720848055
2499.9,2297.635,14.684,62.38,70.33,,2292.9350000000004,0.16134275618374558
2500.0,2297.655,15.527,62.35,70.09,,2292.9550000000004,0.15964664310954066
2500.1,2297.675,15.845,60.88,70.04,,2292.9750000000004,0.15929328621908131
2500.2,2297.695,16.508,60.56,69.88,,2292.9950000000003,0.15816254416961129
2500.3,2297.715,17.475,57.8,69.91,,2293.0150000000003,0.15837455830388691
2500.4,2297.735,17.871,56.69,69.93,,2293.0350000000003,0.1585159010600707
2500.5,2297.755,17.441,55.65,70.02,,2293.0550000000003,0.1591519434628975
2500.6,2297.775,17.428,53.9,70.1,,2293.0750000000003,0.15971731448763246
2500.7,2297.795,17.487,53.53,70.31,,2293.0950000000003,0.16120141342756186
2500.8,2297.815,17.341,52.7,70.34,,2293.1150000000002,0.1614134275618375
2500.9,2297.835,17.217,53.12,70.38,,2293.135,0.16169611307420492
2501.0,2297.854,16.993,53.36,70.52,,2293.154,0.16268551236749113
2501.1,2297.874,16.713,53.74,70.53,,2293.174,0.16275618374558304
2501.2,2297.894,16.225,53.88,70.53,,2293.194,0.16275618374558304
2501.3,2297.914,15.407,54.68,70.52,,2293.2140000000004,0.16268551236749113
2501.4,2297.934,14.425,54.68,70.52,,2293.2340000000004,0.16268551236749113
2501.5,2297.954,13.602,54.68,70.51,,2293.2540000000004,0.16261484098939932
2501.6,2297.974,12.829,55.35,70.5,,2293.2740000000003,0.1625441696113074
2501.7,2297.994,12.237,55.52,70.5,,2293.2940000000003,0.1625441696113074
2501.8,2298.014,11.087,55.28,70.49,,2293.3140000000003,0.16247349823321552
2501.9,2298.033,10.806,55.43,70.49,,2293.333,0.16247349823321552
2502.0,2298.053,10.293,55.59,70.49,,2293.353,0.16247349823321552
2502.1,2298.073,10.285,54.74,70.49,,2293.373,0.16247349823321552
2502.2,2298.093,10.453,54.56,70.5,,2293.393,0.1625441696113074
2502.3,2298.113,10.542,54.3,70.29,,2293.413,0.16106007067137815
2502.4,2298.133,10.913,54.2,70.25,,2293.433,0.1607773851590106
2502.5,2298.153,11.77,53.75,70.15,,2293.453,0.16007067137809192
2502.6,2298.172,12.261,53.53,70.79,,2293.472,0.16459363957597178
2502.7,2298.192,12.604,53.58,70.85,,2293.492,0.16501766784452293
2502.8,2298.212,13.405,53.36,71.08,,2293.512,0.16664310954063602
2502.9,2298.232,13.998,53.23,72.22,,2293.532,0.17469964664310952
2503.0,2298.252,14.19,53.2,72.75,,2293.552,0.1784452296819788
2503.1,2298.272,13.889,53.26,73.11,,2293.572,0.18098939929328622
2503.2,2298.291,13.488,53.21,73.1,,2293.5910000000003,0.1809187279151943
2503.3,2298.311,13.322,53.71,73.21,,2293.6110000000003,0.1816961130742049
2503.4,2298.331,12.765,54.03,72.9,,2293.6310000000003,0.17950530035335693
2503.5,2298.351,12.287,54.56,72.46,,2293.6510000000003,0.17639575971731444
2503.6,2298.371,12.011,54.9,71.74,,2293.6710000000003,0.1713074204946996
2503.7,2298.39,11.602,55.12,71.59,,2293.69,0.17024734982332157
2503.8,2298.41,11.319,55.45,70.8,,2293.71,0.1646643109540636
2503.9,2298.43,11.11,55.44,69.7,,2293.73,0.15689045936395762
2504.0,2298.45,11.044,55.35,69.42,,2293.75,0.15491166077738516
2504.1,2298.47,11.057,55.03,69.16,,2293.77,0.15307420494699644
2504.2,2298.489,10.912,55.47,69.23,,2293.789,0.15356890459363962
2504.3,2298.509,11.224,55.0,68.94,,2293.809,0.15151943462897524
2504.4,2298.529,11.761,55.09,69.23,,2293.829,0.15356890459363962
2504.5,2298.549,11.819,54.98,69.67,,2293.849,0.156678445229682
2504.6,2298.568,12.207,54.92,69.81,,2293.8680000000004,0.15766784452296823
2504.7,2298.588,12.093,54.58,69.93,,2293.8880000000004,0.1585159010600707
2504.8,2298.608,11.345,54.17,70.45,,2293.9080000000004,0.16219081272084807
2504.9,2298.628,10.399,53.77,70.34,,2293.9280000000003,0.1614134275618375
2505.0,2298.647,9.74,53.65,70.31,,2293.947,0.16120141342756186
2505.1,2298.667,8.876,53.58,70.23,,2293.967,0.1606360424028269
2505.2,2298.687,8.254,52.89,70.13,,2293.987,0.1599293286219081
2505.3,2298.707,8.0,53.23,70.06,,2294.007,0.15943462897526503
2505.4,2298.726,8.055,53.14,69.77,,2294.0260000000003,0.15738515901060068
2505.5,2298.746,8.147,51.91,69.58,,2294.0460000000003,0.1560424028268551
2505.6,2298.766,8.245,51.55,69.56,,2294.0660000000003,0.1559010600706714
2505.7,2298.786,8.899,51.09,69.59,,2294.0860000000002,0.15611307420494702
2505.8,2298.805,9.176,51.07,69.5,,2294.105,0.15547703180212014
2505.9,2298.825,9.346,50.01,69.49,,2294.125,0.15540636042402822
2506.0,2298.845,9.258,50.39,69.61,,2294.145,0.15625441696113074
2506.1,2298.864,9.203,50.65,69.73,,2294.164,0.15710247349823325
2506.2,2298.884,9.403,51.98,69.89,,2294.184,0.15823321554770317
2506.3,2298.904,9.189,52.88,69.97,,2294.204,0.15879858657243814
2506.4,2298.924,9.128,52.9,68.03,,2294.224,0.14508833922261485
2506.5,2298.943,9.274,53.99,67.71,,2294.2430000000004,0.14282685512367488
2506.6,2298.963,9.641,53.7,67.45,,2294.2630000000004,0.14098939929328624
2506.7,2298.983,9.893,53.61,67.97,,2294.2830000000004,0.1446643109540636
2506.8,2299.002,10.495,53.1,67.51,,2294.302,0.1414134275618375
2506.9,2299.022,11.056,52.89,67.14,,2294.322,0.13879858657243815
2507.0,2299.042,11.78,53.13,68.26,,2294.342,0.14671378091872794
2507.1,2299.061,12.569,53.23,69.18,,2294.3610000000003,0.15321554770318027
2507.2,2299.081,13.317,52.52,69.4,,2294.3810000000003,0.15477031802120145
2507.3,2299.101,13.494,52.24,69.33,,2294.4010000000003,0.1542756183745583
2507.4,2299.12,13.818,52.5,70.49,,2294.42,0.16247349823321552
2507.5,2299.14,13.95,52.98,70.02,,2294.44,0.1591519434628975
2507.6,2299.16,13.698,52.92,69.64,,2294.46,0.15646643109540637
2507.7,2299.179,12.986,52.71,68.25,,2294.4790000000003,0.14664310954063603
2507.8,2299.199,12.662,53.0,68.15,,2294.4990000000003,0.14593639575971734
2507.9,2299.218,12.039,53.76,68.17,,2294.518,0.14607773851590108
2508.0,2299.238,11.482,53.58,68.7,,2294.538,0.14982332155477035
2508.1,2299.258,11.071,53.52,68.94,,2294.558,0.15151943462897524
2508.2,2299.277,10.684,54.51,69.01,,2294.577,0.1520141342756184
2508.3,2299.297,10.543,53.42,68.97,,2294.597,0.15173144876325087
2508.4,2299.317,10.634,53.16,69.43,,2294.617,0.15498233215547708
2508.5,2299.336,10.918,52.14,69.31,,2294.636,0.15413427561837456
2508.6,2299.356,11.149,51.94,69.38,,2294.6560000000004,0.15462897526501765
2508.7,2299.375,11.599,51.43,69.21,,2294.675,0.1534275618374558
2508.8,2299.395,12.11,51.04,69.03,,2294.695,0.15215547703180213
2508.9,2299.415,12.619,50.72,68.98,,2294.715,0.15180212014134278
2509.0,2299.434,12.752,51.42,68.78,,2294.7340000000004,0.1503886925795053
2509.1,2299.454,13.022,51.66,68.66,,2294.7540000000004,0.1495406360424028
2509.2,2299.473,13.095,51.43,68.44,,2294.773,0.1479858657243816
2509.3,2299.493,13.03,52.63,68.07,,2294.793,0.14537102473498228
2509.4,2299.513,12.872,51.79,67.97,,2294.813,0.1446643109540636
2509.5,2299.532,12.704,51.69,67.55,,2294.8320000000003,0.14169611307420493
2509.6,2299.552,13.009,51.09,66.93,,2294.8520000000003,0.1373144876325089
2509.7,2299.571,13.217,50.65,66.92,,2294.871,0.13724381625441698
2509.8,2299.591,13.759,51.19,66.86,,2294.891,0.13681978798586572
2509.9,2299.611,14.086,52.87,66.79,,2294.911,0.13632508833922266
2510.0,2299.63,14.566,53.34,66.78,,2294.9300000000003,0.13625441696113075
2510.1,2299.65,14.596,54.16,68.1,,2294.9500000000003,0.1455830388692579
2510.2,2299.669,14.356,54.7,68.53,,2294.969,0.1486219081272085
2510.3,2299.689,13.807,55.36,70.56,,2294.989,0.16296819787985867
2510.4,2299.708,13.531,56.05,71.44,,2295.0080000000003,0.16918727915194345
2510.5,2299.728,13.402,56.52,73.0,,2295.0280000000002,0.18021201413427562
2510.6,2299.747,12.934,56.33,73.36,,2295.047,0.18275618374558303
2510.7,2299.767,12.875,55.49,73.59,,2295.067,0.18438162544169615
2510.8,2299.787,13.122,55.04,73.33,,2295.087,0.1825441696113074
2510.9,2299.806,13.369,54.4,72.83,,2295.106,0.17901060070671376
2511.0,2299.826,13.697,54.31,72.45,,2295.126,0.17632508833922264
2511.1,2299.845,14.119,53.58,71.39,,2295.145,0.1688339222614841
2511.2,2299.865,15.177,54.3,71.19,,2295.165,0.16742049469964662
2511.3,2299.884,15.618,54.74,70.33,,2295.184,0.16134275618374558
2511.4,2299.904,15.798,55.78,71.24,,2295.204,0.16777385159010597
2511.5,2299.923,16.4,56.76,71.53,,2295.223,0.1698233215547703
2511.6,2299.943,16.895,57.58,72.36,,2295.2430000000004,0.17568904593639575
2511.7,2299.962,16.634,58.69,73.34,,2295.262,0.1826148409893993
2511.8,2299.982,16.303,58.6,73.93,,2295.282,0.18678445229681984
2511.9,2300.002,16.818,58.94,74.18,,2295.302,0.18855123674911667
2512.0,2300.021,16.737,58.87,74.37,,2295.3210000000004,0.18989399293286222
2512.1,2300.041,16.689,58.85,75.09,,2295.3410000000003,0.19498233215547706
2512.2,2300.06,16.404,58.97,74.32,,2295.36,0.1895406360424028
2512.3,2300.08,16.863,59.23,74.11,,2295.38,0.1880565371024735
2512.4,2300.099,16.667,59.59,73.16,,2295.3990000000003,0.18134275618374557
2512.5,2300.119,16.044,59.97,72.73,,2295.4190000000003,0.17830388692579507
2512.6,2300.138,15.16,58.97,71.69,,2295.438,0.17095406360424026
2512.7,2300.158,14.742,58.98,71.53,,2295.458,0.1698233215547703
2512.8,2300.177,14.175,58.14,70.94,,2295.4770000000003,0.16565371024734982
2512.9,2300.197,13.255,57.24,70.98,,2295.4970000000003,0.16593639575971733
2513.0,2300.216,13.065,56.02,70.99,,2295.516,0.16600706713780916
2513.1,2300.236,12.772,55.84,70.96,,2295.536,0.16579505300353353
2513.2,2300.255,12.763,55.37,71.02,,2295.5550000000003,0.1662190812720848
2513.3,2300.275,12.652,55.19,70.99,,2295.5750000000003,0.16600706713780916
2513.4,2300.294,13.063,54.73,70.93,,2295.594,0.165583038869258
2513.5,2300.314,13.357,54.81,70.84,,2295.614,0.16494699646643113
2513.6,2300.333,13.782,55.12,70.8,,2295.6330000000003,0.1646643109540636
2513.7,2300.352,13.938,54.99,70.79,,2295.652,0.16459363957597178
2513.8,2300.372,14.441,54.47,70.75,,2295.672,0.16431095406360424
2513.9,2300.391,14.683,54.34,70.73,,2295.6910000000003,0.16416961130742053
2514.0,2300.411,15.018,54.25,70.73,,2295.7110000000002,0.16416961130742053
2514.1,2300.43,15.333,54.16,70.76,,2295.73,0.16438162544169616
2514.2,2300.45,15.759,53.62,70.34,,2295.75,0.1614134275618375
2514.3,2300.469,16.231,52.67,70.03,,2295.7690000000002,0.1592226148409894
2514.4,2300.489,16.208,52.46,69.45,,2295.789,0.1551236749116608
2514.5,2300.508,16.148,52.42,68.95,,2295.808,0.15159010600706715
2514.6,2300.528,16.111,51.79,68.6,,2295.828,0.14911660777385155
2514.7,2300.547,15.912,51.91,68.47,,2295.847,0.14819787985865723
2514.8,2300.566,15.363,52.24,68.03,,2295.866,0.14508833922261485
2514.9,2300.586,14.639,52.32,68.43,,2295.886,0.1479151943462898
2515.0,2300.605,14.192,52.1,68.52,,2295.905,0.14855123674911658
2515.1,2300.625,13.809,52.32,68.63,,2295.925,0.14932862190812718
2515.2,2300.644,13.055,52.39,68.81,,2295.944,0.15060070671378092
2515.3,2300.664,12.722,52.65,68.99,,2295.9640000000004,0.15187279151943459
2515.4,2300.683,12.322,51.93,68.9,,2295.983,0.1512367491166078
2515.5,2300.703,12.334,51.88,68.65,,2296.003,0.149469964664311
2515.6,2300.722,12.52,51.87,68.47,,2296.0220000000004,0.14819787985865723
2515.7,2300.741,12.873,50.98,68.33,,2296.041,0.147208480565371
2515.8,2300.761,13.213,51.14,68.24,,2296.061,0.14657243816254414
2515.9,2300.78,14.181,51.51,68.25,,2296.0800000000004,0.14664310954063603
2516.0,2300.8,14.238,51.34,68.28,,2296.1000000000004,0.14685512367491166
2516.1,2300.819,14.667,51.25,68.63,,2296.119,0.14932862190812718
2516.2,2300.838,14.749,51.18,68.87,,2296.1380000000004,0.15102473498233218
2516.3,2300.858,14.819,51.22,69.38,,2296.1580000000004,0.15462897526501765
2516.4,2300.877,15.215,51.71,69.81,,2296.177,0.15766784452296823
2516.5,2300.897,15.303,51.61,70.38,,2296.197,0.16169611307420492
2516.6,2300.916,15.191,51.69,70.82,,2296.2160000000003,0.1648056537102473
2516.7,2300.935,15.1,52.06,70.57,,2296.235,0.16303886925795047
2516.8,2300.955,15.022,52.16,70.19,,2296.255,0.16035335689045935
2516.9,2300.974,15.017,53.39,69.87,,2296.2740000000003,0.15809187279151946
2517.0,2300.994,14.851,53.53,69.64,,2296.2940000000003,0.15646643109540637
2517.1,2301.013,14.471,54.39,69.1,,2296.313,0.1526501766784452
2517.2,2301.032,14.973,53.78,69.0,,2296.3320000000003,0.1519434628975265
2517.3,2301.052,15.05,54.15,68.98,,2296.3520000000003,0.15180212014134278
2517.4,2301.071,14.664,53.88,69.19,,2296.371,0.15328621908127207
2517.5,2301.09,14.653,53.65,69.33,,2296.3900000000003,0.1542756183745583
2517.6,2301.11,14.986,53.46,69.52,,2296.4100000000003,0.15561837455830385
2517.7,2301.129,14.724,53.27,70.37,,2296.429,0.16162544169611312
2517.8,2301.148,14.77,53.32,70.72,,2296.4480000000003,0.1640989399293286
2517.9,2301.168,15.062,52.98,70.77,,2296.4680000000003,0.16445229681978796
2518.0,2301.187,15.563,53.76,70.86,,2296.487,0.16508833922261484
2518.1,2301.207,15.799,53.9,70.87,,2296.507,0.16515901060070676
2518.2,2301.226,15.927,57.17,71.3,,2296.5260000000003,0.16819787985865722
2518.3,2301.245,16.495,59.14,71.53,,2296.545,0.1698233215547703
2518.4,2301.265,16.953,61.19,72.95,,2296.565,0.17985865724381628
2518.5,2301.284,17.193,63.05,73.87,,2296.5840000000003,0.18636042402826858
2518.6,2301.303,17.443,63.98,75.19,,2296.603,0.19568904593639574
2518.7,2301.323,17.572,66.17,76.34,,2296.623,0.20381625441696116
2518.8,2301.342,17.722,68.14,78.37,,2296.6420000000003,0.21816254416961134
2518.9,2301.361,17.736,68.43,78.7,,2296.661,0.22049469964664312
2519.0,2301.381,18.223,69.11,78.9,,2296.681,0.2219081272084806
2519.1,2301.4,18.941,69.19,79.06,,2296.7000000000003,0.22303886925795055
2519.2,2301.419,18.869,68.45,79.22,,2296.719,0.2241696113074205
2519.3,2301.439,19.103,68.2,79.06,,2296.739,0.22303886925795055
2519.4,2301.458,19.001,67.83,78.03,,2296.7580000000003,0.21575971731448765
2519.5,2301.477,18.694,64.97,77.58,,2296.777,0.21257950530035336
2519.6,2301.497,18.349,63.73,76.43,,2296.797,0.20445229681978802
2519.7,2301.516,17.819,61.92,76.19,,2296.8160000000003,0.20275618374558302
2519.8,2301.535,18.045,58.76,75.27,,2296.835,0.19625441696113072
2519.9,2301.554,18.048,57.45,75.26,,2296.8540000000003,0.19618374558303892
2520.0,2301.574,17.874,55.76,75.2,,2296.8740000000003,0.19575971731448766
2520.1,2301.593,17.801,55.69,75.12,,2296.893,0.19519434628975268
2520.2,2301.612,18.37,54.72,75.06,,2296.9120000000003,0.19477031802120143
2520.3,2301.632,18.529,54.72,75.14,,2296.9320000000002,0.1953356890459364
2520.4,2301.651,18.825,54.35,75.08,,2296.951,0.19491166077738514
2520.5,2301.67,18.761,53.91,75.08,,2296.9700000000003,0.19491166077738514
2520.6,2301.689,18.694,53.55,75.14,,2296.989,0.1953356890459364
2520.7,2301.709,18.503,54.22,75.2,,2297.009,0.19575971731448766
2520.8,2301.728,17.839,54.0,75.3,,2297.0280000000002,0.19646643109540635
2520.9,2301.747,17.379,53.57,75.26,,2297.047,0.19618374558303892
2521.0,2301.767,17.036,53.69,75.22,,2297.067,0.19590106007067137
2521.1,2301.786,15.992,53.62,75.29,,2297.0860000000002,0.19639575971731454
2521.2,2301.805,15.357,53.39,75.29,,2297.105,0.19639575971731454
2521.3,2301.824,14.842,52.74,74.29,,2297.1240000000003,0.18932862190812724
2521.4,2301.844,13.786,52.43,73.99,,2297.1440000000002,0.18720848056537098
2521.5,2301.863,13.014,49.55,73.27,,2297.163,0.18212014134275614
2521.6,2301.882,12.39,49.03,72.4,,2297.1820000000002,0.1759717314487633
2521.7,2301.901,11.89,47.92,71.58,,2297.201,0.17017667844522966
2521.8,2301.921,11.494,47.43,70.69,,2297.221,0.16388692579505298
2521.9,2301.94,11.003,47.46,70.7,,2297.2400000000002,0.1639575971731449
2522.0,2301.959,11.044,47.76,70.66,,2297.259,0.16367491166077736
2522.1,2301.978,11.077,48.46,70.54,,2297.2780000000002,0.16282685512367495
2522.2,2301.998,11.244,49.14,71.07,,2297.2980000000002,0.16657243816254413
2522.3,2302.017,11.52,49.93,71.33,,2297.317,0.16840989399293285
2522.4,2302.036,11.715,50.35,71.61,,2297.3360000000002,0.17038869257950529
2522.5,2302.055,12.445,53.63,72.5,,2297.355,0.17667844522968199
2522.6,2302.075,12.769,53.37,73.2,,2297.375,0.18162544169611308
2522.7,2302.094,13.133,53.09,74.49,,2297.3940000000002,0.19074204946996462
2522.8,2302.113,13.492,51.93,74.63,,2297.413,0.19173144876325085
2522.9,2302.132,13.758,51.09,75.55,,2297.4320000000002,0.19823321554770315
2523.0,2302.151,13.554,50.94,75.83,,2297.451,0.2002120141342756
2523.1,2302.171,13.685,50.99,75.88,,2297.471,0.20056537102473496
2523.2,2302.19,13.785,50.81,75.99,,2297.4900000000002,0.20134275618374556
2523.3,2302.209,13.865,51.94,75.99,,2297.509,0.20134275618374556
2523.4,2302.228,14.071,52.61,76.05,,2297.5280000000002,0.2017667844522968
2523.5,2302.248,13.904,54.08,76.2,,2297.5480000000002,0.20282685512367493
2523.6,2302.267,13.964,54.83,76.14,,2297.567,0.20240282685512367
2523.7,2302.286,14.031,55.8,76.13,,2297.5860000000002,0.20233215547703176
2523.8,2302.305,13.931,57.44,76.36,,2297.605,0.20395759717314488
2523.9,2302.324,13.84,57.54,77.18,,2297.6240000000003,0.2097526501766785
2524.0,2302.343,13.951,57.99,77.45,,2297.643,0.21166077738515904
2524.1,2302.363,13.912,57.5,77.33,,2297.663,0.21081272084805652
2524.2,2302.382,14.194,57.13,77.52,,2297.6820000000002,0.2121554770318021
2524.3,2302.401,14.281,56.71,77.92,,2297.701,0.21498233215547705
2524.4,2302.42,14.273,55.06,77.78,,2297.7200000000003,0.21399293286219082
2524.5,2302.439,14.381,52.47,77.52,,2297.739,0.2121554770318021
2524.6,2302.459,15.009,51.61,77.01,,2297.759,0.20855123674911663
2524.7,2302.478,14.987,49.68,76.89,,2297.7780000000002,0.20770318021201414
2524.8,2302.497,14.835,47.51,76.09,,2297.797,0.20204946996466433
2524.9,2302.516,14.802,45.93,75.92,,2297.8160000000003,0.2008480565371025
2525.0,2302.535,15.001,45.65,75.32,,2297.835,0.19660777385159006
2525.1,2302.554,15.067,45.12,75.32,,2297.8540000000003,0.19660777385159006
2525.2,2302.574,14.492,45.35,75.31,,2297.8740000000003,0.19653710247349826
2525.3,2302.593,14.539,46.42,75.32,,2297.893,0.19660777385159006
2525.4,2302.612,14.696,46.87,75.36,,2297.9120000000003,0.1968904593639576
2525.5,2302.631,14.731,48.51,75.39,,2297.931,0.19710247349823323
2525.6,2302.65,14.149,49.06,75.39,,2297.9500000000003,0.19710247349823323
2525.7,2302.669,14.296,51.3,75.38,,2297.969,0.19703180212014132
2525.8,2302.688,14.643,52.97,75.49,,2297.9880000000003,0.1978091872791519
2525.9,2302.708,14.684,54.42,75.5,,2298.0080000000003,0.1978798586572438
2526.0,2302.727,13.883,54.97,76.31,,2298.027,0.20360424028268553
2526.1,2302.746,13.82,56.42,76.91,,2298.0460000000003,0.20784452296819786
2526.2,2302.765,14.002,55.73,77.28,,2298.065,0.21045936395759718
2526.3,2302.784,13.732,55.47,77.83,,2298.0840000000003,0.21434628975265016
2526.4,2302.803,13.494,54.19,78.21,,2298.103,0.2170318021201413
2526.5,2302.822,13.447,53.72,78.37,,2298.1220000000003,0.21816254416961134
2526.6,2302.841,13.651,52.97,78.58,,2298.141,0.21964664310954063
2526.7,2302.861,13.665,51.44,78.7,,2298.161,0.22049469964664312
2526.8,2302.88,13.767,50.67,79.03,,2298.1800000000003,0.22282685512367492
2526.9,2302.899,13.961,51.53,78.77,,2298.199,0.2209893992932862
2527.0,2302.918,14.72,51.64,78.71,,2298.2180000000003,0.22056537102473495
2527.1,2302.937,14.734,51.44,78.57,,2298.237,0.21957597173144872
2527.2,2302.956,15.007,51.75,78.34,,2298.2560000000003,0.2179505300353357
2527.3,2302.975,14.825,52.66,78.24,,2298.275,0.21724381625441694
2527.4,2302.994,15.395,53.42,78.23,,2298.2940000000003,0.2171731448763251
2527.5,2303.013,15.147,54.14,78.33,,2298.313,0.2178798586572438
2527.6,2303.032,15.208,54.6,78.35,,2298.3320000000003,0.2180212014134275
2527.7,2303.052,15.001,56.03,78.41,,2298.3520000000003,0.21844522968197877
2527.8,2303.071,15.438,58.28,78.52,,2298.371,0.21922261484098937
2527.9,2303.09,15.366,59.24,78.91,,2298.3900000000003,0.2219787985865724
2528.0,2303.109,15.42,59.83,78.93,,2298.409,0.22212014134275623
2528.1,2303.128,15.47,61.38,78.96,,2298.4280000000003,0.22233215547703175
2528.2,2303.147,15.749,61.47,80.45,,2298.447,0.23286219081272086
2528.3,2303.166,16.003,61.78,80.84,,2298.4660000000003,0.23561837455830392
2528.4,2303.185,15.389,60.63,81.26,,2298.485,0.2385865724381626
2528.5,2303.204,15.502,60.0,81.57,,2298.5040000000004,0.24077738515901057
2528.6,2303.223,15.378,58.5,80.83,,2298.523,0.235547703180212
2528.7,2303.242,15.133,57.32,80.55,,2298.5420000000004,0.23356890459363955
2528.8,2303.261,12.337,55.0,80.22,,2298.561,0.23123674911660777
2528.9,2303.28,11.348,53.73,79.19,,2298.5800000000004,0.22395759717314487
2529.0,2303.299,10.408,52.66,78.52,,2298.599,0.21922261484098937
2529.1,2303.319,9.934,51.28,77.68,,2298.619,0.21328621908127213
2529.2,2303.338,9.199,52.27,76.54,,2298.6380000000004,0.20522968197879862
2529.3,2303.357,8.993,52.37,76.76,,2298.657,0.20678445229681983
2529.4,2303.376,9.385,51.95,76.14,,2298.6760000000004,0.20240282685512367
2529.5,2303.395,10.062,52.32,76.29,,2298.695,0.20346289752650182
2529.6,2303.414,10.123,52.67,76.62,,2298.7140000000004,0.2057950530035336
2529.7,2303.433,10.092,52.34,76.08,,2298.733,0.20197879858657242
2529.8,2303.452,11.353,50.46,76.09,,2298.7520000000004,0.20204946996466433
2529.9,2303.471,11.471,49.95,75.68,,2298.771,0.19915194346289758
2530.0,2303.49,11.139,49.18,75.17,,2298.79,0.19554770318021203
2530.1,2303.509,11.006,48.6,74.58,,2298.809,0.1913780918727915
2530.2,2303.528,11.102,46.93,73.81,,2298.828,0.18593639575971732
2530.3,2303.547,11.04,46.58,72.87,,2298.847,0.1792932862190813
2530.4,2303.566,10.954,46.61,73.43,,2298.866,0.1832508833922262
2530.5,2303.585,10.919,46.67,73.34,,2298.885,0.1826148409893993
2530.6,2303.604,11.438,46.82,73.22,,2298.904,0.1817667844522968
2530.7,2303.623,11.531,47.04,74.07,,2298.9230000000002,0.18777385159010596
2530.8,2303.642,11.477,48.81,74.32,,2298.942,0.1895406360424028
2530.9,2303.661,11.562,49.21,74.5,,2298.9610000000002,0.19081272084805653
2531.0,2303.68,11.748,50.21,74.55,,2298.98,0.19116607773851588
2531.1,2303.699,11.655,51.22,74.8,,2298.9990000000003,0.1929328621908127
2531.2,2303.718,11.657,51.51,75.36,,2299.018,0.1968904593639576
2531.3,2303.737,11.458,52.41,75.26,,2299.0370000000003,0.19618374558303892
2531.4,2303.756,11.689,52.51,75.2,,2299.056,0.19575971731448766
2531.5,2303.775,11.742,53.17,75.19,,2299.0750000000003,0.19568904593639574
2531.6,2303.794,11.898,53.48,75.18,,2299.094,0.19561837455830394
2531.7,2303.813,12.177,53.47,75.07,,2299.1130000000003,0.19484098939929323
2531.8,2303.832,12.775,54.09,75.15,,2299.132,0.1954063604240283
2531.9,2303.851,13.125,54.43,75.18,,2299.1510000000003,0.19561837455830394
2532.0,2303.87,13.308,53.71,76.11,,2299.17,0.20219081272084805
2532.1,2303.889,13.734,53.35,76.51,,2299.1890000000003,0.205017667844523
2532.2,2303.908,13.967,53.54,77.1,,2299.208,0.20918727915194343
2532.3,2303.927,13.928,53.57,77.66,,2299.2270000000003,0.21314487632508833
2532.4,2303.946,13.943,53.18,78.22,,2299.246,0.2171024734982332
2532.5,2303.965,14.11,52.36,78.46,,2299.2650000000003,0.21879858657243811
2532.6,2303.984,14.411,51.79,78.59,,2299.284,0.21971731448763254
2532.7,2304.002,14.343,51.89,78.74,,2299.302,0.22077738515901058
2532.8,2304.021,14.374,51.36,79.25,,2299.3210000000004,0.22438162544169613
2532.9,2304.04,14.416,50.93,79.32,,2299.34,0.22487632508833919
2533.0,2304.059,14.051,50.72,79.3,,2299.3590000000004,0.22473498233215547
2533.1,2304.078,13.759,51.62,78.82,,2299.378,0.22134275618374555
2533.2,2304.097,13.591,51.89,78.71,,2299.3970000000004,0.22056537102473495
2533.3,2304.116,13.555,51.62,78.14,,2299.416,0.21653710247349825
2533.4,2304.135,13.249,53.29,77.76,,2299.4350000000004,0.2138515901060071
2533.5,2304.154,13.414,54.6,77.36,,2299.454,0.21102473498233215
2533.6,2304.173,13.458,56.66,76.98,,2299.473,0.20833922261484103
2533.7,2304.192,13.862,57.5,76.25,,2299.492,0.20318021201413428
2533.8,2304.211,14.114,59.04,76.08,,2299.511,0.20197879858657242
2533.9,2304.23,14.343,59.17,75.32,,2299.53,0.19660777385159006
2534.0,2304.249,15.35,59.56,76.36,,2299.549,0.20395759717314488
2534.1,2304.267,15.642,59.97,76.73,,2299.567,0.2065724381625442
2534.2,2304.286,16.245,62.88,77.65,,2299.5860000000002,0.2130742049469965
2534.3,2304.305,16.877,63.59,78.73,,2299.605,0.22070671378091875
2534.4,2304.324,17.334,65.16,79.26,,2299.6240000000003,0.224452296819788
2534.5,2304.343,17.742,65.01,79.48,,2299.643,0.22600706713780921
2534.6,2304.362,18.071,66.03,79.63,,2299.6620000000003,0.22706713780918725
2534.7,2304.381,17.933,66.56,80.37,,2299.681,0.2322968197879859
2534.8,2304.4,18.072,65.29,78.69,,2299.7000000000003,0.22042402826855123
2534.9,2304.419,17.523,64.0,78.28,,2299.719,0.21752650176678445
2535.0,2304.438,16.722,61.34,76.74,,2299.7380000000003,0.206643109540636
2535.1,2304.456,16.199,60.28,76.0,,2299.7560000000003,0.20141342756183744
2535.2,2304.475,15.15,56.43,74.65,,2299.775,0.19187279151943468
2535.3,2304.494,14.18,56.59,74.61,,2299.7940000000003,0.19159010600706713
2535.4,2304.513,13.91,56.25,74.2,,2299.813,0.18869257950530038
2535.5,2304.532,13.656,54.91,74.48,,2299.8320000000003,0.19067137809187282
2535.6,2304.551,13.201,55.38,74.7,,2299.851,0.19222614840989402
2535.7,2304.57,13.199,55.22,74.83,,2299.8700000000003,0.19314487632508834
2535.8,2304.589,13.904,54.45,75.51,,2299.889,0.19795053003533572
2535.9,2304.607,14.113,53.81,75.5,,2299.907,0.1978798586572438
2536.0,2304.626,14.452,53.73,75.57,,2299.9260000000004,0.19837455830388687
2536.1,2304.645,9.45,53.48,75.54,,2299.945,0.19816254416961135
2536.2,2304.664,7.789,52.52,75.33,,2299.9640000000004,0.19667844522968198
2536.3,2304.683,7.253,52.28,75.29,,2299.983,0.19639575971731454
2536.4,2304.702,6.515,52.5,75.19,,2300.0020000000004,0.19568904593639574
2536.5,2304.72,5.552,52.61,75.17,,2300.02,0.19554770318021203
2536.6,2304.739,5.024,52.89,75.15,,2300.039,0.1954063604240283
2536.7,2304.758,5.774,52.56,75.17,,2300.058,0.19554770318021203
2536.8,2304.777,6.434,51.16,75.19,,2300.077,0.19568904593639574
2536.9,2304.796,7.002,50.51,75.18,,2300.096,0.19561837455830394
2537.0,2304.815,8.055,49.3,75.18,,2300.1150000000002,0.19561837455830394
2537.1,2304.833,12.485,48.84,76.11,,2300.1330000000003,0.20219081272084805
2537.2,2304.852,15.155,48.58,76.69,,2300.152,0.20628975265017666
2537.3,2304.871,14.397,47.42,75.97,,2300.1710000000003,0.20120141342756184
2537.4,2304.89,13.934,47.63,76.26,,2300.19,0.2032508833922262
2537.5,2304.908,13.463,47.92,76.38,,2300.208,0.2040989399293286
2537.6,2304.927,12.943,48.97,75.04,,2300.2270000000003,0.1946289752650177
2537.7,2304.946,12.872,49.14,74.11,,2300.246,0.1880565371024735
2537.8,2304.965,12.63,50.51,73.34,,2300.2650000000003,0.1826148409893993
2537.9,2304.983,12.7,50.51,72.73,,2300.2830000000004,0.17830388692579507
2538.0,2305.002,12.682,51.39,72.43,,2300.302,0.17618374558303893
2538.1,2305.021,13.287,51.87,71.03,,2300.3210000000004,0.16628975265017668
2538.2,2305.04,13.705,51.56,71.04,,2300.34,0.1663604240282686
2538.3,2305.058,14.407,52.36,71.15,,2300.358,0.1671378091872792
2538.4,2305.077,15.062,52.89,72.18,,2300.3770000000004,0.1744169611307421
2538.5,2305.096,15.705,54.14,72.53,,2300.396,0.17689045936395761
2538.6,2305.114,16.095,54.77,73.43,,2300.414,0.1832508833922262
2538.7,2305.133,16.862,57.03,73.21,,2300.433,0.1816961130742049
2538.8,2305.152,17.043,57.43,73.43,,2300.452,0.1832508833922262
2538.9,2305.17,17.602,58.7,74.18,,2300.4700000000003,0.18855123674911667
2539.0,2305.189,17.554,58.82,73.88,,2300.489,0.18643109540636038
2539.1,2305.208,17.202,59.18,73.6,,2300.5080000000003,0.18445229681978795
2539.2,2305.226,16.865,59.05,73.42,,2300.5260000000003,0.18318021201413429
2539.3,2305.245,16.006,59.28,73.92,,2300.545,0.18671378091872792
2539.4,2305.264,14.611,59.32,73.9,,2300.5640000000003,0.1865724381625442
2539.5,2305.282,13.681,59.4,74.06,,2300.5820000000003,0.18770318021201415
2539.6,2305.301,12.513,59.59,74.23,,2300.601,0.188904593639576
2539.7,2305.319,11.356,59.62,75.18,,2300.619,0.19561837455830394
2539.8,2305.338,10.764,60.08,74.29,,2300.6380000000004,0.18932862190812724
2539.9,2305.357,10.153,59.71,73.68,,2300.657,0.185017667844523
2540.0,2305.375,10.168,59.73,73.27,,2300.675,0.18212014134275614
2540.1,2305.394,10.007,59.38,73.51,,2300.694,0.18381625441696117
2540.2,2305.412,10.236,59.29,73.31,,2300.712,0.18240282685512368
2540.3,2305.431,10.772,58.68,73.24,,2300.731,0.18190812720848054
2540.4,2305.449,11.202,58.57,73.65,,2300.7490000000003,0.1848056537102474
2540.5,2305.468,7.727,58.35,74.03,,2300.768,0.18749116607773852
2540.6,2305.487,7.186,58.22,74.97,,2300.7870000000003,0.19413427561837454
2540.7,2305.505,6.962,58.4,75.24,,2300.8050000000003,0.1960424028268551
2540.8,2305.524,6.525,58.4,76.27,,2300.824,0.203321554770318
2540.9,2305.542,5.763,58.56,76.56,,2300.842,0.20537102473498234
2541.0,2305.561,6.487,58.33,76.89,,2300.8610000000003,0.20770318021201414
2541.1,2305.579,7.5,58.59,77.89,,2300.8790000000004,0.21477031802120142
2541.2,2305.598,8.106,58.34,78.05,,2300.898,0.21590106007067136
2541.3,2305.616,9.396,52.58,79.05,,2300.916,0.22296819787985864
2541.4,2305.635,10.534,52.29,79.24,,2300.9350000000004,0.2243109540636042
2541.5,2305.653,17.637,50.99,79.3,,2300.953,0.22473498233215547
2541.6,2305.672,17.963,50.63,79.31,,2300.972,0.22480565371024736
2541.7,2305.69,17.584,49.9,79.29,,2300.9900000000002,0.22466431095406364
2541.8,2305.709,17.319,50.29,79.27,,2301.009,0.22452296819787984
2541.9,2305.727,16.675,50.84,78.56,,2301.027,0.2195053003533569
2542.0,2305.746,16.116,51.23,78.35,,2301.0460000000003,0.2180212014134275
2542.1,2305.764,14.921,51.71,77.9,,2301.0640000000003,0.21484098939929333
2542.2,2305.782,14.398,51.9,77.56,,2301.0820000000003,0.21243816254416964
2542.3,2305.801,13.746,55.6,77.54,,2301.101,0.2122968197879859
2542.4,2305.819,13.487,56.23,77.06,,2301.119,0.20890459363957598
2542.5,2305.838,13.073,57.05,77.75,,2301.1380000000004,0.2137809187279152
2542.6,2305.856,12.823,57.86,78.24,,2301.1560000000004,0.21724381625441694
2542.7,2305.875,13.319,57.29,78.56,,2301.175,0.2195053003533569
2542.8,2305.893,13.307,56.73,79.04,,2301.193,0.22289752650176684
2542.9,2305.911,13.407,56.47,79.68,,2301.2110000000002,0.2274204946996467
2543.0,2305.93,13.262,55.76,79.67,,2301.23,0.2273498233215548
2543.1,2305.948,14.004,55.1,79.71,,2301.248,0.22763250883392222
2543.2,2305.966,14.059,54.91,79.73,,2301.266,0.22777385159010605
2543.3,2305.985,14.352,53.98,79.78,,2301.2850000000003,0.2281272084805654
2543.4,2306.003,14.431,53.13,79.7,,2301.3030000000003,0.22756183745583042
2543.5,2306.022,15.075,53.92,79.68,,2301.322,0.2274204946996467
2543.6,2306.04,15.554,55.05,79.67,,2301.34,0.2273498233215548
2543.7,2306.058,16.025,55.45,79.71,,2301.358,0.22763250883392222
2543.8,2306.077,15.931,56.4,79.56,,2301.3770000000004,0.2265724381625442
2543.9,2306.095,15.718,56.86,79.62,,2301.395,0.22699646643109544
2544.0,2306.113,15.569,57.81,80.72,,2301.413,0.2347703180212014
2544.1,2306.132,15.504,58.25,81.6,,2301.4320000000002,0.24098939929328617
2544.2,2306.15,15.251,58.38,82.2,,2301.4500000000003,0.2452296819787986
2544.3,2306.168,14.722,59.02,82.25,,2301.4680000000003,0.24558303886925795
2544.4,2306.186,14.033,59.5,82.49,,2301.4860000000003,0.24727915194346287
2544.5,2306.205,13.596,59.61,82.6,,2301.505,0.24805653710247347
2544.6,2306.223,13.385,58.86,82.61,,2301.523,0.24812720848056535
2544.7,2306.241,13.073,60.28,82.74,,2301.541,0.24904593639575967
2544.8,2306.259,13.068,60.73,82.31,,2301.559,0.2460070671378092
2544.9,2306.278,12.86,61.31,82.28,,2301.578,0.24579505300353358
2545.0,2306.296,13.289,62.03,81.68,,2301.596,0.24155477031802125
2545.1,2306.314,13.742,61.91,80.4,,2301.614,0.23250883392226152
2545.2,2306.332,13.812,60.65,80.09,,2301.632,0.23031802120141345
2545.3,2306.351,13.983,54.53,79.68,,2301.6510000000003,0.2274204946996467
2545.4,2306.369,14.602,53.5,79.26,,2301.6690000000003,0.224452296819788
2545.5,2306.387,14.299,52.56,78.43,,2301.6870000000004,0.2185865724381626
2545.6,2306.405,14.015,52.03,77.37,,2301.7050000000004,0.21109540636042406
2545.7,2306.424,14.143,50.94,77.01,,2301.724,0.20855123674911663
2545.8,2306.442,13.722,50.55,76.24,,2301.742,0.20310954063604236
2545.9,2306.46,13.688,50.4,76.04,,2301.76,0.20169611307420499
2546.0,2306.478,13.683,50.11,75.59,,2301.7780000000002,0.1985159010600707
2546.1,2306.496,13.797,49.68,75.52,,2301.7960000000003,0.19802120141342752
2546.2,2306.514,13.831,49.49,75.49,,2301.8140000000003,0.1978091872791519
2546.3,2306.533,14.033,46.93,74.95,,2301.833,0.19399293286219083
2546.4,2306.551,14.282,46.3,74.77,,2301.851,0.19272084805653708
2546.5,2306.569,14.304,46.41,74.46,,2301.869,0.190530035335689
2546.6,2306.587,14.259,46.67,74.21,,2301.887,0.1887632508833922
2546.7,2306.605,14.017,47.12,73.7,,2301.905,0.18515901060070675
2546.8,2306.623,14.091,47.07,73.64,,2301.9230000000002,0.1847349823321555
2546.9,2306.641,13.912,46.53,73.56,,2301.9410000000003,0.18416961130742052
2547.0,2306.66,14.068,46.95,74.71,,2301.96,0.19229681978798582
2547.1,2306.678,14.618,46.87,75.56,,2301.978,0.19830388692579506
2547.2,2306.696,14.752,47.59,75.35,,2301.996,0.1968197879858657
2547.3,2306.714,14.937,47.97,75.88,,2302.014,0.20056537102473496
2547.4,2306.732,15.405,48.53,76.02,,2302.032,0.2015547703180212
2547.5,2306.75,16.111,49.28,76.17,,2302.05,0.2026148409893993
2547.6,2306.768,16.436,49.8,76.0,,2302.068,0.20141342756183744
2547.7,2306.786,16.623,50.1,75.86,,2302.0860000000002,0.20042402826855124
2547.8,2306.804,16.716,49.97,75.95,,2302.1040000000003,0.2010600706713781
2547.9,2306.822,16.622,50.84,75.25,,2302.1220000000003,0.196113074204947
2548.0,2306.84,16.445,50.65,73.73,,2302.1400000000003,0.18537102473498235
2548.1,2306.858,15.849,50.46,72.44,,2302.1580000000004,0.17625441696113073
2548.2,2306.876,16.02,49.87,71.67,,2302.1760000000004,0.17081272084805654
2548.3,2306.894,15.638,50.2,73.18,,2302.194,0.18148409893992937
2548.4,2306.912,15.459,50.32,73.36,,2302.212,0.18275618374558303
2548.5,2306.93,15.222,50.67,73.67,,2302.23,0.18494699646643112
2548.6,2306.948,15.305,50.79,74.54,,2302.248,0.19109540636042407
2548.7,2306.966,15.15,51.85,75.66,,2302.266,0.19901060070671375
2548.8,2306.984,15.249,52.43,75.7,,2302.284,0.1992932862190813
2548.9,2307.002,15.338,52.9,75.42,,2302.302,0.19731448763250883
2549.0,2307.02,15.564,53.6,76.0,,2302.32,0.20141342756183744
2549.1,2307.038,16.001,54.15,75.76,,2302.338,0.19971731448763255
2549.2,2307.056,16.059,54.48,76.1,,2302.356,0.20212014134275613
2549.3,2307.074,16.689,55.17,76.14,,2302.3740000000003,0.20240282685512367
2549.4,2307.092,17.153,55.6,77.44,,2302.3920000000003,0.21159010600706712
2549.5,2307.11,17.395,56.0,78.25,,2302.4100000000003,0.21731448763250882
2549.6,2307.128,17.591,56.31,79.62,,2302.4280000000003,0.22699646643109544
2549.7,2307.146,18.167,55.99,80.2,,2302.4460000000004,0.23109540636042405
2549.8,2307.164,18.422,56.53,80.88,,2302.4640000000004,0.23590106007067135
2549.9,2307.182,18.214,57.12,81.99,,2302.482,0.24374558303886923
2550.0,2307.2,18.174,57.72,82.02,,2302.5,0.24395759717314486
2550.1,2307.218,18.148,58.37,82.29,,2302.518,0.2458657243816255
2550.2,2307.236,18.392,59.29,82.59,,2302.536,0.24798586572438164
2550.3,2307.254,18.407,59.81,82.53,,2302.554,0.2475618374558304
2550.4,2307.271,18.414,61.28,82.27,,2302.5710000000004,0.24572438162544166
2550.5,2307.289,18.295,63.57,82.04,,2302.5890000000004,0.24409893992932866
2550.6,2307.307,18.636,65.45,82.06,,2302.607,0.24424028268551237
2550.7,2307.325,18.374,66.12,77.22,,2302.625,0.21003533568904592
2550.8,2307.343,18.267,67.56,75.21,,2302.643,0.19583038869257946
2550.9,2307.361,18.227,69.39,73.7,,2302.661,0.18515901060070675
2551.0,2307.379,18.184,70.82,74.47,,2302.679,0.1906007067137809
2551.1,2307.396,18.291,72.01,75.14,,2302.6960000000004,0.1953356890459364
2551.2,2307.414,18.116,71.75,76.24,,2302.7140000000004,0.20310954063604236
2551.3,2307.432,18.221,71.79,77.45,,2302.732,0.21166077738515904
2551.4,2307.45,18.457,71.99,78.57,,2302.75,0.21957597173144872
2551.5,2307.468,18.874,70.41,79.31,,2302.768,0.22480565371024736
2551.6,2307.485,19.485,68.76,79.48,,2302.7850000000003,0.22600706713780921
2551.7,2307.503,19.682,67.84,81.28,,2302.8030000000003,0.2387279151943463
2551.8,2307.521,20.036,66.31,81.28,,2302.8210000000004,0.2387279151943463
2551.9,2307.539,20.441,66.22,81.46,,2302.8390000000004,0.23999999999999996
2552.0,2307.557,20.567,64.43,81.31,,2302.857,0.23893992932862193
2552.1,2307.574,20.579,64.35,82.0,,2302.8740000000003,0.24381625441696114
2552.2,2307.592,20.159,64.21,82.22,,2302.8920000000003,0.24537102473498232
2552.3,2307.61,20.05,63.75,82.69,,2302.9100000000003,0.24869257950530033
2552.4,2307.628,19.964,63.55,82.83,,2302.9280000000003,0.24968197879858656
2552.5,2307.645,19.958,63.44,82.87,,2302.945,0.2499646643109541
2552.6,2307.663,19.546,63.05,83.16,,2302.963,0.25201413427561836
2552.7,2307.681,19.669,62.52,83.15,,2302.981,0.25194346289752656
2552.8,2307.699,19.996,62.32,83.13,,2302.9990000000003,0.25180212014134273
2552.9,2307.716,20.09,62.81,83.06,,2303.016,0.2513074204946997
2553.0,2307.734,20.143,62.76,83.06,,2303.034,0.2513074204946997
2553.1,2307.752,20.136,63.22,83.72,,2303.052,0.25597173144876323
2553.2,2307.769,20.029,63.5,83.88,,2303.069,0.2571024734982332
2553.3,2307.787,19.443,63.99,84.04,,2303.087,0.25823321554770323
2553.4,2307.805,19.155,64.28,84.17,,2303.105,0.25915194346289755
2553.5,2307.822,18.769,64.21,84.17,,2303.1220000000003,0.25915194346289755
2553.6,2307.84,18.094,64.03,83.9,,2303.1400000000003,0.257243816254417
2553.7,2307.858,17.777,63.22,83.77,,2303.1580000000004,0.2563250883392226
2553.8,2307.875,17.482,62.6,83.66,,2303.175,0.25554770318021197
2553.9,2307.893,17.459,62.02,82.93,,2303.193,0.25038869257950536
2554.0,2307.911,17.532,61.76,82.75,,2303.2110000000002,0.24911660777385158
2554.1,2307.928,17.637,60.1,82.2,,2303.228,0.2452296819787986
2554.2,2307.946,17.906,60.06,81.43,,2303.246,0.23978798586572442
2554.3,2307.963,18.277,60.19,81.06,,2303.2630000000004,0.2371731448763251
2554.4,2307.981,17.924,60.34,80.32,,2303.2810000000004,0.23194346289752646
2554.5,2307.999,18.078,59.18,80.17,,2303.299,0.23088339222614843
2554.6,2308.016,18.271,58.99,79.6,,2303.3160000000003,0.22685512367491162
2554.7,2308.034,18.266,59.31,79.6,,2303.3340000000003,0.22685512367491162
2554.8,2308.051,17.992,59.24,79.83,,2303.351,0.22848056537102474
2554.9,2308.069,18.454,58.53,79.95,,2303.369,0.22932862190812722
2555.0,2308.087,18.623,59.09,80.05,,2303.387,0.2300353356890459
2555.1,2308.104,18.584,59.72,80.17,,2303.404,0.23088339222614843
2555.2,2308.122,18.731,59.98,80.34,,2303.422,0.23208480565371026
2555.3,2308.139,18.675,60.2,80.39,,2303.4390000000003,0.2324381625441696
2555.4,2308.157,19.09,58.83,80.5,,2303.4570000000003,0.2332155477031802
2555.5,2308.174,18.831,58.58,80.78,,2303.474,0.23519434628975266
2555.6,2308.192,18.057,57.98,80.93,,2303.492,0.23625441696113078
2555.7,2308.209,15.709,56.41,80.69,,2303.509,0.23455830388692578
2555.8,2308.227,14.696,55.58,80.68,,2303.527,0.23448763250883398
2555.9,2308.244,13.593,55.49,80.79,,2303.5440000000003,0.23526501766784458
2556.0,2308.262,12.827,56.3,80.76,,2303.5620000000004,0.23505300353356895
2556.1,2308.279,11.792,56.18,80.6,,2303.579,0.2339222614840989
2556.2,2308.297,11.338,57.27,80.76,,2303.597,0.23505300353356895
2556.3,2308.314,11.584,58.2,80.78,,2303.614,0.23519434628975266
2556.4,2308.332,11.677,60.76,80.61,,2303.632,0.2339929328621908
2556.5,2308.349,12.426,62.65,80.38,,2303.6490000000003,0.23236749116607772
2556.6,2308.367,12.858,63.26,80.47,,2303.6670000000004,0.23300353356890458
2556.7,2308.384,14.601,64.75,80.74,,2303.684,0.23491166077738512
2556.8,2308.402,15.036,65.12,80.63,,2303.702,0.23413427561837452
2556.9,2308.419,15.295,65.36,80.6,,2303.719,0.2339222614840989
2557.0,2308.437,15.142,65.4,80.62,,2303.737,0.23406360424028272
2557.1,2308.454,14.958,65.32,80.64,,2303.7540000000004,0.23420494699646643
2557.2,2308.471,15.083,66.57,81.09,,2303.771,0.23738515901060073
2557.3,2308.489,14.738,66.69,81.27,,2303.789,0.2386572438162544
2557.4,2308.506,14.601,68.51,82.2,,2303.806,0.2452296819787986
2557.5,2308.524,14.441,69.52,82.53,,2303.824,0.2475618374558304
2557.6,2308.541,14.142,71.1,82.85,,2303.8410000000003,0.24982332155477027
2557.7,2308.558,13.876,73.07,82.84,,2303.858,0.24975265017667847
2557.8,2308.576,13.845,73.63,83.15,,2303.876,0.25194346289752656
2557.9,2308.593,13.596,74.78,83.0,,2303.893,0.2508833922261484
2558.0,2308.611,13.569,74.04,82.74,,2303.911,0.24904593639575967
2558.1,2308.628,13.451,73.63,82.5,,2303.9280000000003,0.24734982332155478
2558.2,2308.645,13.401,73.53,82.12,,2303.945,0.24466431095406363
2558.3,2308.663,13.273,71.83,83.0,,2303.963,0.2508833922261484
2558.4,2308.68,12.87,70.29,83.11,,2303.98,0.251660777385159
2558.5,2308.697,12.734,69.32,82.35,,2303.9970000000003,0.24628975265017664
2558.6,2308.715,12.682,68.53,82.92,,2304.0150000000003,0.25031802120141344
2558.7,2308.732,12.484,65.82,82.1,,2304.032,0.24452296819787983
2558.8,2308.749,12.551,52.84,81.76,,2304.049,0.24212014134275622
2558.9,2308.767,12.95,51.9,80.85,,2304.067,0.23568904593639572
2559.0,2308.784,13.021,50.55,80.4,,2304.0840000000003,0.23250883392226152
2559.1,2308.801,13.285,49.99,80.16,,2304.101,0.2308127208480565
2559.2,2308.818,13.409,49.49,79.98,,2304.1180000000004,0.22954063604240285
2559.3,2308.836,13.522,48.99,78.53,,2304.136,0.21929328621908128
2559.4,2308.853,13.533,49.04,78.4,,2304.1530000000002,0.21837455830388697
2559.5,2308.87,13.243,48.58,77.6,,2304.17,0.21272084805653707
2559.6,2308.887,12.984,48.83,77.26,,2304.1870000000004,0.21031802120141346
2559.7,2308.905,12.902,48.74,76.29,,2304.2050000000004,0.20346289752650182
2559.8,2308.922,12.791,49.91,76.08,,2304.222,0.20197879858657242
2559.9,2308.939,13.219,50.64,75.95,,2304.239,0.2010600706713781
2560.0,2308.956,13.55,50.68,75.98,,2304.2560000000003,0.20127208480565373
2560.1,2308.974,14.117,50.82,76.07,,2304.2740000000003,0.2019081272084805
2560.2,2308.991,9.069,50.79,76.19,,2304.291,0.20275618374558302
2560.3,2309.008,8.052,50.39,76.98,,2304.308,0.20833922261484103
2560.4,2309.025,6.631,51.2,77.32,,2304.3250000000003,0.2107420494699646
2560.5,2309.042,5.917,51.67,77.82,,2304.342,0.21427561837455825
2560.6,2309.06,4.985,52.13,78.17,,2304.36,0.21674911660777385
2560.7,2309.077,4.758,52.69,79.09,,2304.3770000000004,0.22325088339222618
2560.8,2309.094,5.078,55.03,79.11,,2304.3940000000002,0.2233922261484099
2560.9,2309.111,5.1,56.55,79.19,,2304.411,0.22395759717314487
2561.0,2309.128,6.04,57.08,79.12,,2304.4280000000003,0.2234628975265018
2561.1,2309.145,6.872,58.1,79.13,,2304.445,0.2235335689045936
2561.2,2309.163,10.918,58.74,79.14,,2304.463,0.22360424028268552
2561.3,2309.18,12.499,58.4,79.17,,2304.48,0.22381625441696115
2561.4,2309.197,15.558,58.68,79.13,,2304.4970000000003,0.2235335689045936
2561.5,2309.214,15.661,56.39,79.16,,2304.514,0.22374558303886924
2561.6,2309.231,15.389,55.48,79.27,,2304.5310000000004,0.22452296819787984
2561.7,2309.248,14.834,54.09,79.27,,2304.5480000000002,0.22452296819787984
2561.8,2309.265,14.068,53.15,79.29,,2304.565,0.22466431095406364
2561.9,2309.282,14.071,50.49,79.29,,2304.5820000000003,0.22466431095406364
2562.0,2309.3,14.016,48.23,79.37,,2304.6000000000004,0.2252296819787986
2562.1,2309.317,13.806,47.61,78.6,,2304.617,0.21978798586572434
2562.2,2309.334,14.212,47.05,78.4,,2304.634,0.21837455830388697
2562.3,2309.351,13.707,45.89,77.93,,2304.6510000000003,0.21505300353356896
2562.4,2309.368,12.88,45.19,77.55,,2304.668,0.21236749116607773
2562.5,2309.385,11.17,44.86,76.78,,2304.6850000000004,0.20692579505300354
2562.6,2309.402,10.401,44.42,76.09,,2304.702,0.20204946996466433
2562.7,2309.419,9.615,44.74,75.97,,2304.719,0.20120141342756184
2562.8,2309.436,9.018,45.12,74.96,,2304.7360000000003,0.19406360424028263
2562.9,2309.453,8.572,45.32,74.96,,2304.753,0.19406360424028263
2563.0,2309.47,8.591,45.84,75.01,,2304.77,0.19441696113074208
2563.1,2309.487,9.302,47.31,75.05,,2304.7870000000003,0.19469964664310951
2563.2,2309.504,9.832,47.52,75.1,,2304.804,0.19505300353356886
2563.3,2309.521,10.668,47.71,75.13,,2304.8210000000004,0.1952650176678445
2563.4,2309.538,12.246,48.36,75.15,,2304.838,0.1954063604240283
2563.5,2309.555,13.636,48.55,75.21,,2304.855,0.19583038869257946
2563.6,2309.572,13.754,47.94,75.29,,2304.8720000000003,0.19639575971731454
2563.7,2309.589,14.114,47.31,75.31,,2304.889,0.19653710247349826
2563.8,2309.606,13.72,47.44,75.39,,2304.9060000000004,0.19710247349823323
2563.9,2309.623,13.269,47.17,75.45,,2304.9230000000002,0.19752650176678446
2564.0,2309.64,13.311,46.52,75.51,,2304.94,0.19795053003533572
2564.1,2309.657,13.804,46.29,76.15,,2304.9570000000003,0.2024734982332156
2564.2,2309.674,13.987,46.11,76.45,,2304.974,0.20459363957597176
2564.3,2309.69,6.518,47.37,76.94,,2304.9900000000002,0.2080565371024735
2564.4,2309.707,5.794,47.66,77.25,,2305.007,0.21024734982332155
2564.5,2309.724,5.026,48.05,77.53,,2305.0240000000003,0.212226148409894
2564.6,2309.741,4.725,48.46,77.7,,2305.041,0.21342756183745584
2564.7,2309.758,4.044,48.6,77.7,,2305.058,0.21342756183745584
2564.8,2309.775,4.6,48.62,77.8,,2305.0750000000003,0.21413427561837453
2564.9,2309.791,5.042,48.73,77.83,,2305.0910000000003,0.21434628975265016
2565.0,2309.808,5.876,48.4,77.66,,2305.108,0.21314487632508833
2565.1,2309.825,7.033,48.29,77.59,,2305.125,0.21265017667844524
2565.2,2309.842,7.571,48.4,77.47,,2305.1420000000003,0.21180212014134275
2565.3,2309.859,17.902,47.93,77.18,,2305.159,0.2097526501766785
2565.4,2309.875,18.298,47.78,76.93,,2305.175,0.20798586572438169
2565.5,2309.892,18.46,48.99,75.95,,2305.192,0.2010600706713781
2565.6,2309.909,18.656,50.22,75.9,,2305.2090000000003,0.20070671378091876
2565.7,2309.925,18.967,50.89,75.77,,2305.2250000000004,0.19978798586572435
2565.8,2309.942,18.963,51.41,75.02,,2305.242,0.19448763250883389
2565.9,2309.959,18.829,51.88,75.06,,2305.259,0.19477031802120143
2566.0,2309.976,19.245,52.69,75.31,,2305.2760000000003,0.19653710247349826
2566.1,2309.992,19.132,51.64,75.28,,2305.2920000000004,0.19632508833922263
2566.2,2310.009,19.094,51.11,75.15,,2305.309,0.1954063604240283
2566.3,2310.026,19.021,50.76,75.11,,2305.326,0.19512367491166077
2566.4,2310.042,19.195,49.85,75.08,,2305.342,0.19491166077738514
2566.5,2310.059,19.429,48.84,75.8,,2305.3590000000004,0.19999999999999998
2566.6,2310.075,19.198,48.59,75.95,,2305.375,0.2010600706713781
2566.7,2310.092,19.109,48.18,76.35,,2305.3920000000003,0.20388692579505296
2566.8,2310.109,19.174,47.93,76.75,,2305.409,0.2067137809187279
2566.9,2310.125,19.482,48.04,77.52,,2305.425,0.2121554770318021
2567.0,2310.142,19.274,48.14,78.2,,2305.442,0.21696113074204948
2567.1,2310.158,19.068,48.1,78.3,,2305.458,0.21766784452296817
2567.2,2310.175,18.617,48.78,80.75,,2305.4750000000004,0.23498233215547704
2567.3,2310.191,18.018,49.11,76.1,,2305.491,0.20212014134275613
2567.4,2310.208,17.227,49.91,75.45,,2305.5080000000003,0.19752650176678446
2567.5,2310.224,16.034,53.01,73.94,,2305.5240000000003,0.18685512367491164
2567.6,2310.241,15.19,53.81,73.14,,2305.541,0.18120141342756185
2567.7,2310.257,14.715,56.64,70.81,,2305.5570000000002,0.1647349823321555
2567.8,2310.274,14.371,57.7,68.84,,2305.574,0.15081272084805655
2567.9,2310.29,13.864,60.0,67.78,,2305.59,0.14332155477031802
2568.0,2310.307,14.244,59.07,70.25,,2305.607,0.1607773851590106
2568.1,2310.323,14.37,58.33,70.95,,2305.623,0.1657243816254417
2568.2,2310.34,14.98,58.17,69.37,,2305.6400000000003,0.15455830388692582
2568.3,2310.356,15.39,57.75,77.21,,2305.6560000000004,0.209964664310954
2568.4,2310.372,15.573,57.49,77.81,,2305.672,0.21420494699646644
2568.5,2310.389,15.869,56.47,78.41,,2305.6890000000003,0.21844522968197877
2568.6,2310.405,15.856,56.43,79.55,,2305.7050000000004,0.22650176678445227
2568.7,2310.422,15.882,56.75,78.88,,2305.722,0.22176678445229678
2568.8,2310.438,15.575,57.0,78.73,,2305.7380000000003,0.22070671378091875
2568.9,2310.454,15.751,57.25,78.55,,2305.7540000000004,0.219434628975265
2569.0,2310.471,15.811,55.84,78.05,,2305.771,0.21590106007067136
2569.1,2310.487,15.654,55.42,77.62,,2305.7870000000003,0.21286219081272087
2569.2,2310.503,15.474,55.09,77.58,,2305.8030000000003,0.21257950530035336
2569.3,2310.52,14.756,53.17,77.41,,2305.82,0.2113780918727915
2569.4,2310.536,14.415,51.23,77.66,,2305.8360000000002,0.21314487632508833
2569.5,2310.552,13.295,50.98,77.04,,2305.8520000000003,0.20876325088339226
2569.6,2310.568,12.695,50.9,77.28,,2305.8680000000004,0.21045936395759718
2569.7,2310.585,11.955,49.41,77.23,,2305.885,0.21010600706713783
2569.8,2310.601,12.222,49.66,76.85,,2305.9010000000003,0.2074204946996466
2569.9,2310.617,11.962,49.96,76.29,,2305.9170000000004,0.20346289752650182
2570.0,2310.633,11.836,51.29,76.13,,2305.933,0.20233215547703176
2570.1,2310.65,12.461,51.34,76.06,,2305.9500000000003,0.2018374558303887
2570.2,2310.666,12.982,52.26,75.77,,2305.9660000000003,0.19978798586572435
2570.3,2310.682,14.128,53.48,75.79,,2305.982,0.19992932862190818
2570.4,2310.698,14.345,54.35,75.78,,2305.998,0.19985865724381627
2570.5,2310.714,15.538,54.77,75.79,,2306.014,0.19992932862190818
2570.6,2310.73,15.781,54.28,75.76,,2306.03,0.19971731448763255
2570.7,2310.747,16.352,55.43,75.73,,2306.047,0.19950530035335692
2570.8,2310.763,16.502,55.05,75.66,,2306.063,0.19901060070671375
2570.9,2310.779,16.851,54.76,75.67,,2306.079,0.19908127208480567
2571.0,2310.795,16.932,54.26,75.48,,2306.0950000000003,0.1977385159010601
2571.1,2310.811,17.354,54.2,75.95,,2306.1110000000003,0.2010600706713781
2571.2,2310.827,17.642,54.02,76.15,,2306.1270000000004,0.2024734982332156
2571.3,2310.843,17.273,53.96,76.8,,2306.143,0.20706713780918726
2571.4,2310.859,17.264,53.14,77.98,,2306.159,0.2154063604240283
2571.5,2310.875,16.952,52.85,77.88,,2306.175,0.2146996466431095
2571.6,2310.891,16.669,51.45,77.88,,2306.1910000000003,0.2146996466431095
2571.7,2310.907,16.409,49.87,77.86,,2306.2070000000003,0.2145583038869258
2571.8,2310.923,15.941,48.33,78.02,,2306.223,0.21568904593639573
2571.9,2310.939,15.668,47.75,77.58,,2306.239,0.21257950530035336
2572.0,2310.955,15.585,46.66,76.9,,2306.255,0.20777385159010606
2572.1,2310.971,15.083,47.02,76.24,,2306.271,0.20310954063604236
2572.2,2310.987,15.051,47.13,75.91,,2306.2870000000003,0.20077738515901059
2572.3,2311.003,14.606,47.14,75.15,,2306.3030000000003,0.1954063604240283
2572.4,2311.019,14.607,47.1,75.17,,2306.319,0.19554770318021203
2572.5,2311.035,14.606,47.23,75.21,,2306.335,0.19583038869257946
2572.6,2311.051,14.481,47.33,75.2,,2306.351,0.19575971731448766
2572.7,2311.067,14.328,47.28,75.2,,2306.367,0.19575971731448766
2572.8,2311.083,14.301,47.38,75.22,,2306.3830000000003,0.19590106007067137
2572.9,2311.099,14.486,47.43,75.22,,2306.3990000000003,0.19590106007067137
2573.0,2311.115,14.273,47.48,74.73,,2306.415,0.19243816254416965
2573.1,2311.131,14.357,47.56,74.6,,2306.431,0.19151943462897522
2573.2,2311.146,14.176,47.29,74.39,,2306.4460000000004,0.19003533568904593
2573.3,2311.162,14.492,47.07,73.32,,2306.462,0.1824734982332155
2573.4,2311.178,14.332,46.62,72.54,,2306.478,0.17696113074204953
2573.5,2311.194,14.253,44.38,72.04,,2306.494,0.17342756183745586
2573.6,2311.21,14.342,43.23,71.83,,2306.51,0.1719434628975265
2573.7,2311.226,14.571,42.7,71.61,,2306.5260000000003,0.17038869257950529
2573.8,2311.241,14.722,41.67,70.97,,2306.541,0.16586572438162545
2573.9,2311.257,14.479,41.46,70.99,,2306.5570000000002,0.16600706713780916
2574.0,2311.273,14.734,41.32,70.11,,2306.5730000000003,0.15978798586572437
2574.1,2311.289,14.696,41.11,69.83,,2306.5890000000004,0.15780918727915194
2574.2,2311.304,14.643,41.24,69.48,,2306.6040000000003,0.15533568904593642
2574.3,2311.32,14.422,41.58,69.32,,2306.6200000000003,0.1542049469964664
2574.4,2311.336,14.674,41.7,69.1,,2306.636,0.1526501766784452
2574.5,2311.352,14.729,41.74,68.46,,2306.652,0.14812720848056532
2574.6,2311.367,15.116,41.79,70.44,,2306.6670000000004,0.16212014134275618
2574.7,2311.383,15.258,41.97,71.0,,2306.683,0.16607773851590105
2574.8,2311.399,15.63,42.32,71.99,,2306.699,0.17307420494699643
2574.9,2311.414,16.226,43.51,72.57,,2306.7140000000004,0.17717314487632504
2575.0,2311.43,16.898,43.8,74.15,,2306.73,0.18833922261484104
2575.1,2311.445,16.986,44.95,74.24,,2306.7450000000003,0.18897526501766782
2575.2,2311.461,16.986,45.96,74.34,,2306.761,0.1896819787985866
2575.3,2311.477,17.158,46.5,75.96,,2306.777,0.20113074204946993
2575.4,2311.492,17.303,47.13,76.23,,2306.7920000000004,0.20303886925795056
2575.5,2311.508,17.044,47.65,76.56,,2306.808,0.20537102473498234
2575.6,2311.523,16.776,48.04,76.75,,2306.8230000000003,0.2067137809187279
2575.7,2311.539,17.302,49.19,76.96,,2306.8390000000004,0.2081978798586572
2575.8,2311.555,17.359,50.18,77.03,,2306.855,0.20869257950530037
2575.9,2311.57,17.406,50.44,76.69,,2306.8700000000003,0.20628975265017666
2576.0,2311.586,17.236,50.49,76.38,,2306.886,0.2040989399293286
2576.1,2311.601,17.386,50.1,76.63,,2306.9010000000003,0.2058657243816254
2576.2,2311.617,17.221,49.93,76.63,,2306.9170000000004,0.2058657243816254
2576.3,2311.632,17.145,49.7,76.33,,2306.9320000000002,0.20374558303886925
2576.4,2311.648,16.872,49.34,76.63,,2306.9480000000003,0.2058657243816254
2576.5,2311.663,16.909,49.31,76.97,,2306.963,0.20826855123674912
2576.6,2311.679,16.728,49.23,77.67,,2306.9790000000003,0.2132155477031802
2576.7,2311.694,16.304,49.24,77.1,,2306.994,0.20918727915194343
2576.8,2311.71,16.811,48.93,77.36,,2307.01,0.21102473498233215
2576.9,2311.725,16.932,49.09,77.03,,2307.025,0.20869257950530037
2577.0,2311.74,16.884,49.11,76.36,,2307.04,0.20395759717314488
2577.1,2311.756,17.118,49.01,75.48,,2307.056,0.1977385159010601
2577.2,2311.771,17.383,48.92,73.91,,2307.0710000000004,0.186643109540636
2577.3,2311.787,17.439,48.82,73.63,,2307.087,0.18466431095406358
2577.4,2311.802,17.338,48.73,73.38,,2307.1020000000003,0.18289752650176674
2577.5,2311.817,17.065,48.49,73.29,,2307.117,0.18226148409893997
2577.6,2311.833,16.985,48.84,72.84,,2307.1330000000003,0.17908127208480568
2577.7,2311.848,7.226,49.08,72.32,,2307.148,0.1754063604240282
2577.8,2311.863,5.951,49.4,73.46,,2307.163,0.18346289752650172
2577.9,2311.879,5.615,49.41,74.89,,2307.179,0.19356890459363957
2578.0,2311.894,4.717,49.72,75.11,,2307.194,0.19512367491166077
2578.1,2311.909,4.211,50.8,75.3,,2307.2090000000003,0.19646643109540635
2578.2,2311.924,4.008,49.09,75.79,,2307.224,0.19992932862190818
2578.3,2311.94,4.737,47.04,75.79,,2307.2400000000002,0.19992932862190818
2578.4,2311.955,5.123,46.11,75.75,,2307.255,0.19964664310954064
2578.5,2311.97,5.922,45.62,75.75,,2307.27,0.19964664310954064
2578.6,2311.985,6.853,44.44,75.73,,2307.2850000000003,0.19950530035335692
2578.7,2312.001,16.008,44.6,75.67,,2307.3010000000004,0.19908127208480567
2578.8,2312.016,17.081,44.66,75.64,,2307.3160000000003,0.19886925795053004
2578.9,2312.031,16.996,44.8,75.31,,2307.331,0.19653710247349826
2579.0,2312.046,17.035,45.24,75.31,,2307.346,0.19653710247349826
2579.1,2312.061,17.233,45.24,75.9,,2307.3610000000003,0.20070671378091876
2579.2,2312.077,17.461,45.5,76.04,,2307.3770000000004,0.20169611307420499
2579.3,2312.092,17.698,47.18,76.19,,2307.3920000000003,0.20275618374558302
2579.4,2312.107,17.686,48.05,76.39,,2307.407,0.2041696113074205
2579.5,2312.122,18.202,48.51,76.62,,2307.422,0.2057950530035336
2579.6,2312.137,18.44,49.28,76.49,,2307.4370000000004,0.2048763250883392
2579.7,2312.152,18.431,49.7,76.23,,2307.452,0.20303886925795056
2579.8,2312.167,18.233,50.11,76.1,,2307.467,0.20212014134275613
2579.9,2312.182,18.531,50.01,75.82,,2307.482,0.2001413427561837
2580.0,2312.198,18.485,49.28,74.85,,2307.498,0.19328621908127205
2580.1,2312.213,18.224,49.3,73.93,,2307.5130000000004,0.18678445229681984
2580.2,2312.228,17.811,49.13,73.33,,2307.5280000000002,0.1825441696113074
2580.3,2312.243,17.974,48.39,72.93,,2307.543,0.17971731448763256
2580.4,2312.258,18.045,47.91,72.15,,2307.558,0.17420494699646646
2580.5,2312.273,17.328,47.7,71.95,,2307.5730000000003,0.172791519434629
2580.6,2312.288,17.075,47.82,71.75,,2307.588,0.17137809187279152
2580.7,2312.303,16.845,48.27,70.77,,2307.603,0.16445229681978796
2580.8,2312.318,16.844,47.96,71.93,,2307.6180000000004,0.1726501766784453
2580.9,2312.333,16.479,47.21,72.3,,2307.6330000000003,0.1752650176678445
2581.0,2312.348,16.253,47.42,73.14,,2307.648,0.18120141342756185
2581.1,2312.363,16.002,46.83,72.98,,2307.663,0.1800706713780919
2581.2,2312.378,16.103,46.64,73.89,,2307.6780000000003,0.1865017667844523
2581.3,2312.392,16.37,46.36,73.07,,2307.692,0.18070671378091868
2581.4,2312.407,16.246,45.84,72.66,,2307.7070000000003,0.17780918727915193
2581.5,2312.422,16.404,45.69,72.3,,2307.722,0.1752650176678445
2581.6,2312.437,16.63,45.36,71.95,,2307.737,0.172791519434629
2581.7,2312.452,16.981,45.35,71.81,,2307.7520000000004,0.17180212014134277
2581.8,2312.467,16.977,46.17,71.14,,2307.7670000000003,0.16706713780918728
2581.9,2312.482,16.85,48.84,71.14,,2307.782,0.16706713780918728
2582.0,2312.497,16.986,50.75,71.14,,2307.797,0.16706713780918728
2582.1,2312.511,17.029,52.58,71.14,,2307.811,0.16706713780918728
2582.2,2312.526,17.352,54.35,71.14,,2307.826,0.16706713780918728
2582.3,2312.541,17.221,55.35,72.12,,2307.8410000000003,0.17399293286219084
2582.4,2312.556,17.332,57.51,71.94,,2307.856,0.1727208480565371
2582.5,2312.571,17.999,57.03,72.01,,2307.871,0.17321554770318026
2582.6,2312.585,18.409,57.79,72.77,,2307.885,0.1785865724381625
2582.7,2312.6,18.51,56.82,72.98,,2307.9,0.1800706713780919
2582.8,2312.615,18.573,56.48,73.04,,2307.915,0.18049469964664316
2582.9,2312.63,18.666,54.51,73.09,,2307.9300000000003,0.1808480565371025
2583.0,2312.644,18.292,53.12,73.59,,2307.944,0.18438162544169615
2583.1,2312.659,18.059,52.83,74.12,,2307.9590000000003,0.1881272084805654
2583.2,2312.674,11.185,53.12,74.23,,2307.974,0.188904593639576
2583.3,2312.688,9.961,53.73,73.57,,2307.9880000000003,0.18424028268551232
2583.4,2312.703,10.095,55.39,74.14,,2308.003,0.18826855123674913
2583.5,2312.718,8.852,56.69,73.27,,2308.018,0.18212014134275614
2583.6,2312.732,8.104,57.73,72.43,,2308.032,0.17618374558303893
2583.7,2312.747,8.148,59.72,72.04,,2308.047,0.17342756183745586
2583.8,2312.762,9.112,60.07,71.58,,2308.0620000000004,0.17017667844522966
2583.9,2312.776,9.692,60.4,71.38,,2308.076,0.1687632508833922
2584.0,2312.791,10.265,61.54,70.64,,2308.0910000000003,0.16353356890459364
2584.1,2312.806,10.998,61.34,70.67,,2308.106,0.16374558303886927
2584.2,2312.82,16.487,59.1,70.66,,2308.1200000000003,0.16367491166077736
2584.3,2312.835,16.51,58.61,70.65,,2308.135,0.16360424028268555
2584.4,2312.849,15.726,56.26,70.67,,2308.1490000000003,0.16374558303886927
2584.5,2312.864,15.931,55.38,70.72,,2308.164,0.1640989399293286
2584.6,2312.878,16.5,54.56,70.71,,2308.1780000000003,0.1640282685512367
2584.7,2312.893,16.531,53.57,70.71,,2308.193,0.1640282685512367
2584.8,2312.907,16.545,53.66,70.77,,2308.2070000000003,0.16445229681978796
2584.9,2312.922,16.847,52.43,70.33,,2308.222,0.16134275618374558
2585.0,2312.936,16.913,52.43,70.22,,2308.2360000000003,0.16056537102473498
2585.1,2312.951,16.824,52.44,70.08,,2308.251,0.15957597173144875
2585.2,2312.965,17.191,52.17,69.67,,2308.2650000000003,0.156678445229682
2585.3,2312.98,17.301,51.66,69.32,,2308.28,0.1542049469964664
2585.4,2312.994,16.784,50.41,68.61,,2308.2940000000003,0.14918727915194346
2585.5,2313.009,15.643,49.99,68.09,,2308.309,0.1455123674911661
2585.6,2313.023,13.346,50.43,67.55,,2308.3230000000003,0.14169611307420493
2585.7,2313.038,12.493,49.92,67.32,,2308.338,0.14007067137809182
2585.8,2313.052,11.688,50.18,66.46,,2308.3520000000003,0.13399293286219077
2585.9,2313.066,10.934,52.54,66.54,,2308.366,0.13455830388692583
2586.0,2313.081,10.479,53.14,66.61,,2308.3810000000003,0.1350530035335689
2586.1,2313.095,10.625,53.99,66.7,,2308.395,0.13568904593639577
2586.2,2313.11,11.189,56.22,66.96,,2308.4100000000003,0.1375265017667844
2586.3,2313.124,12.444,57.11,67.59,,2308.424,0.14197879858657247
2586.4,2313.138,13.263,57.71,68.46,,2308.438,0.14812720848056532
2586.5,2313.153,14.507,59.08,68.97,,2308.453,0.15173144876325087
2586.6,2313.167,17.43,59.69,69.07,,2308.467,0.15243816254416956
2586.7,2313.181,17.522,57.88,69.44,,2308.481,0.15505300353356888
2586.8,2313.195,17.8,57.4,69.6,,2308.4950000000003,0.15618374558303882
2586.9,2313.21,17.39,56.75,69.89,,2308.51,0.15823321554770317
2587.0,2313.224,17.41,56.29,69.39,,2308.5240000000003,0.15469964664310953
2587.1,2313.238,17.608,56.83,69.31,,2308.538,0.15413427561837456
2587.2,2313.252,17.838,56.48,69.54,,2308.552,0.15575971731448768
2587.3,2313.267,17.585,57.76,69.14,,2308.567,0.15293286219081273
2587.4,2313.281,17.538,58.33,68.93,,2308.581,0.15144876325088344
2587.5,2313.295,17.932,58.96,69.17,,2308.5950000000003,0.15314487632508836
2587.6,2313.309,17.932,59.15,69.42,,2308.6090000000004,0.15491166077738516
2587.7,2313.324,17.908,62.46,69.39,,2308.6240000000003,0.15469964664310953
2587.8,2313.338,17.941,62.65,70.25,,2308.6380000000004,0.1607773851590106
2587.9,2313.352,18.168,62.8,70.52,,2308.652,0.16268551236749113
2588.0,2313.366,18.467,63.15,71.62,,2308.666,0.1704593639575972
2588.1,2313.38,18.575,63.64,72.64,,2308.6800000000003,0.17766784452296822
2588.2,2313.394,18.748,63.31,73.47,,2308.694,0.18353356890459363
2588.3,2313.408,19.023,63.4,73.29,,2308.708,0.18226148409893997
2588.4,2313.422,19.485,63.6,73.83,,2308.722,0.18607773851590104
2588.5,2313.437,19.559,63.98,73.78,,2308.737,0.1857243816254417
2588.6,2313.451,19.521,64.37,73.74,,2308.751,0.18544169611307418
2588.7,2313.465,19.499,61.83,73.49,,2308.7650000000003,0.18367491166077735
2588.8,2313.479,19.55,61.89,73.24,,2308.779,0.18190812720848054
2588.9,2313.493,19.423,62.08,73.44,,2308.793,0.183321554770318
2589.0,2313.507,19.254,60.59,73.15,,2308.8070000000002,0.18127208480565374
2589.1,2313.521,19.067,58.85,72.78,,2308.8210000000004,0.17865724381625442
2589.2,2313.535,18.89,57.95,72.56,,2308.835,0.17710247349823324
2589.3,2313.549,19.219,57.17,72.29,,2308.849,0.1751943462897527
2589.4,2313.563,19.328,55.43,71.94,,2308.8630000000003,0.1727208480565371
2589.5,2313.577,19.466,56.22,71.55,,2308.8770000000004,0.16996466431095406
2589.6,2313.591,19.374,56.85,70.89,,2308.891,0.16530035335689047
2589.7,2313.605,19.651,58.59,70.92,,2308.905,0.1655123674911661
2589.8,2313.619,19.662,58.59,70.71,,2308.9190000000003,0.1640282685512367
2589.9,2313.633,19.324,57.41,70.66,,2308.933,0.16367491166077736
2590.0,2313.647,18.978,57.22,70.58,,2308.947,0.16310954063604238
2590.1,2313.661,19.105,56.87,70.46,,2308.9610000000002,0.1622614840989399
2590.2,2313.674,19.117,55.8,70.33,,2308.974,0.16134275618374558
2590.3,2313.688,18.771,54.76,71.34,,2308.9880000000003,0.16848056537102477
2590.4,2313.702,18.811,54.33,71.75,,2309.0020000000004,0.17137809187279152
2590.5,2313.716,19.267,54.93,74.39,,2309.016,0.19003533568904593
2590.6,2313.73,19.568,54.27,75.03,,2309.03,0.1945583038869258
2590.7,2313.744,19.315,54.66,75.57,,2309.0440000000003,0.19837455830388687
2590.8,2313.758,19.349,58.53,78.0,,2309.058,0.21554770318021202
2590.9,2313.771,19.581,61.37,78.46,,2309.0710000000004,0.21879858657243811
2591.0,2313.785,19.64,62.73,78.85,,2309.085,0.22155477031802115
2591.1,2313.799,6.181,64.35,78.61,,2309.099,0.21985865724381626
2591.2,2313.813,5.381,66.85,78.69,,2309.1130000000003,0.22042402826855123
2591.3,2313.827,4.76,66.27,79.08,,2309.1270000000004,0.22318021201413427
2591.4,2313.84,4.18,65.63,78.74,,2309.1400000000003,0.22077738515901058
2591.5,2313.854,3.637,66.09,78.71,,2309.154,0.22056537102473495
2591.6,2313.868,3.879,65.56,78.93,,2309.168,0.22212014134275623
2591.7,2313.882,4.382,65.27,79.22,,2309.1820000000002,0.2241696113074205
2591.8,2313.895,5.048,65.63,78.19,,2309.195,0.2168904593639576
2591.9,2313.909,5.901,66.38,78.38,,2309.2090000000003,0.21823321554770314
2592.0,2313.923,6.313,67.74,78.72,,2309.223,0.22063604240282686
2592.1,2313.937,17.669,70.16,78.73,,2309.237,0.22070671378091875
2592.2,2313.95,17.606,75.17,78.37,,2309.25,0.21816254416961134
2592.3,2313.964,16.954,75.65,78.58,,2309.264,0.21964664310954063
2592.4,2313.978,16.373,76.94,78.99,,2309.2780000000002,0.22254416961130738
2592.5,2313.992,15.991,78.17,78.74,,2309.2920000000004,0.22077738515901058
2592.6,2314.005,16.089,78.78,78.74,,2309.3050000000003,0.22077738515901058
2592.7,2314.019,15.911,79.3,78.74,,2309.319,0.22077738515901058
2592.8,2314.033,15.884,79.87,81.35,,2309.333,0.23922261484098936
2592.9,2314.047,16.806,79.4,80.49,,2309.347,0.2331448763250883
2593.0,2314.06,17.197,79.91,79.59,,2309.36,0.22678445229681982
2593.1,2314.074,17.729,79.39,79.59,,2309.3740000000003,0.22678445229681982
2593.2,2314.088,18.416,76.97,78.06,,2309.3880000000004,0.21597173144876328
2593.3,2314.102,19.277,76.3,78.06,,2309.402,0.21597173144876328
2593.4,2314.115,19.402,75.3,77.96,,2309.415,0.21526501766784448
2593.5,2314.129,19.279,75.0,77.98,,2309.429,0.2154063604240283
2593.6,2314.143,19.358,74.52,77.72,,2309.443,0.21356890459363956
2593.7,2314.156,19.456,75.09,77.58,,2309.456,0.21257950530035336
2593.8,2314.17,19.219,75.45,77.29,,2309.4700000000003,0.2105300353356891
2593.9,2314.184,18.804,77.2,77.02,,2309.4840000000004,0.20862190812720846
2594.0,2314.197,18.748,77.93,77.03,,2309.4970000000003,0.20869257950530037
2594.1,2314.211,19.053,79.86,76.73,,2309.511,0.2065724381625442
2594.2,2314.225,18.791,83.04,76.68,,2309.525,0.20621908127208485
2594.3,2314.238,18.946,84.39,77.26,,2309.538,0.21031802120141346
2594.4,2314.252,19.369,86.27,77.6,,2309.552,0.21272084805653707
2594.5,2314.266,19.855,86.34,77.55,,2309.5660000000003,0.21236749116607773
2594.6,2314.28,20.054,86.47,79.84,,2309.5800000000004,0.22855123674911662
2594.7,2314.293,20.124,86.85,80.46,,2309.5930000000003,0.2329328621908127
2594.8,2314.307,20.546,86.49,82.5,,2309.607,0.24734982332155478
2594.9,2314.32,20.617,85.15,81.02,,2309.6200000000003,0.23689045936395756
2595.0,2314.334,20.646,84.76,81.06,,2309.634,0.2371731448763251
2595.1,2314.348,20.354,80.16,80.9,,2309.648,0.23604240282685515
2595.2,2314.361,20.289,68.7,79.25,,2309.661,0.22438162544169613
2595.3,2314.375,20.276,66.5,78.0,,2309.675,0.21554770318021202
2595.4,2314.389,19.809,63.32,77.61,,2309.6890000000003,0.21279151943462898
2595.5,2314.402,19.274,61.92,77.34,,2309.702,0.21088339222614844
2595.6,2314.416,16.952,60.57,75.18,,2309.7160000000003,0.19561837455830394
2595.7,2314.43,16.023,60.63,75.19,,2309.73,0.19568904593639574
2595.8,2314.443,15.138,60.48,74.01,,2309.7430000000004,0.1873498233215548
2595.9,2314.457,13.955,60.73,73.41,,2309.757,0.18310954063604237
2596.0,2314.471,13.27,60.94,72.97,,2309.771,0.18
2596.1,2314.484,12.66,60.67,71.86,,2309.784,0.17215547703180212
2596.2,2314.498,12.7,68.14,70.72,,2309.7980000000002,0.1640989399293286
2596.3,2314.511,13.364,70.39,72.34,,2309.811,0.17554770318021204
2596.4,2314.525,13.477,73.13,72.55,,2309.8250000000003,0.17703180212014133
2596.5,2314.539,14.08,74.65,72.73,,2309.8390000000004,0.17830388692579507
2596.6,2314.552,15.224,76.94,74.25,,2309.8520000000003,0.18904593639575973
2596.7,2314.566,15.985,77.82,75.1,,2309.866,0.19505300353356886
2596.8,2314.579,16.511,78.23,76.44,,2309.8790000000004,0.20452296819787985
2596.9,2314.593,16.609,79.05,76.73,,2309.893,0.2065724381625442
2597.0,2314.606,17.39,78.89,77.05,,2309.9060000000004,0.2088339222614841
2597.1,2314.62,17.817,77.14,79.0,,2309.92,0.2226148409893993
2597.2,2314.634,15.882,75.43,79.04,,2309.934,0.22289752650176684
2597.3,2314.647,15.256,73.87,79.16,,2309.947,0.22374558303886924
2597.4,2314.661,14.821,72.01,79.57,,2309.9610000000002,0.226643109540636
2597.5,2314.674,14.001,70.68,79.65,,2309.974,0.22720848056537107
2597.6,2314.688,12.787,70.24,79.94,,2309.9880000000003,0.2292579505300353
2597.7,2314.701,11.557,68.6,79.98,,2310.001,0.22954063604240285
2597.8,2314.715,12.057,68.22,79.32,,2310.0150000000003,0.22487632508833919
2597.9,2314.729,11.805,65.0,79.2,,2310.029,0.22402826855123678
2598.0,2314.742,10.462,63.93,77.49,,2310.0420000000004,0.21194346289752647
2598.1,2314.756,9.957,62.49,76.26,,2310.056,0.2032508833922262
2598.2,2314.769,10.177,59.67,75.68,,2310.069,0.19915194346289758
2598.3,2314.783,9.857,56.55,74.72,,2310.083,0.19236749116607774
2598.4,2314.796,9.156,56.7,73.64,,2310.096,0.1847349823321555
2598.5,2314.81,8.978,55.99,73.39,,2310.11,0.18296819787985866
2598.6,2314.823,9.067,56.0,72.84,,2310.123,0.17908127208480568
2598.7,2314.837,8.437,55.42,71.88,,2310.137,0.17229681978798583
2598.8,2314.85,8.637,54.88,71.23,,2310.15,0.16770318021201416
2598.9,2314.864,8.788,55.13,71.16,,2310.164,0.167208480565371
2599.0,2314.877,9.373,54.81,71.14,,2310.177,0.16706713780918728
2599.1,2314.891,9.781,53.79,71.25,,2310.1910000000003,0.16784452296819788
2599.2,2314.904,10.539,53.15,70.86,,2310.204,0.16508833922261484
2599.3,2314.918,12.057,53.2,71.87,,2310.2180000000003,0.17222614840989403
2599.4,2314.931,12.724,52.58,72.19,,2310.231,0.1744876325088339
2599.5,2314.945,11.964,55.03,72.52,,2310.2450000000003,0.1768197879858657
2599.6,2314.958,11.983,56.51,72.75,,2310.2580000000003,0.1784452296819788
2599.7,2314.972,13.047,57.42,74.15,,2310.2720000000004,0.18833922261484104
2599.8,2314.985,11.823,59.8,75.67,,2310.2850000000003,0.19908127208480567
2599.9,2314.999,11.454,62.02,75.8,,2310.299,0.19999999999999998
2600.0,2315.012,11.464,62.2,75.36,,2310.3120000000004,0.1968904593639576
2600.1,2315.026,11.795,61.95,75.51,,2310.326,0.19795053003533572
2600.2,2315.039,12.391,62.59,76.36,,2310.3390000000004,0.20395759717314488
2600.3,2315.053,12.889,62.8,73.92,,2310.353,0.18671378091872792
2600.4,2315.066,13.462,62.68,73.16,,2310.366,0.18134275618374557
2600.5,2315.08,15.452,61.75,73.84,,2310.38,0.18614840989399295
2600.6,2315.093,15.977,62.87,73.74,,2310.393,0.18544169611307418
2600.7,2315.107,15.907,63.6,73.05,,2310.407,0.18056537102473497
2600.8,2315.12,15.92,64.22,73.67,,2310.42,0.18494699646643112
2600.9,2315.133,15.659,65.17,75.84,,2310.433,0.20028268551236753
2601.0,2315.147,15.394,65.14,77.12,,2310.447,0.20932862190812723
2601.1,2315.16,15.422,65.79,77.12,,2310.46,0.20932862190812723
2601.2,2315.174,15.447,66.21,77.13,,2310.474,0.20939929328621906
2601.3,2315.187,15.342,66.81,78.18,,2310.487,0.21681978798586576
2601.4,2315.201,15.331,67.31,78.49,,2310.501,0.21901060070671374
2601.5,2315.214,15.639,69.39,77.89,,2310.514,0.21477031802120142
2601.6,2315.227,16.127,72.98,78.1,,2310.527,0.2162544169611307
2601.7,2315.241,16.566,76.98,78.35,,2310.541,0.2180212014134275
2601.8,2315.254,17.04,79.67,78.96,,2310.554,0.22233215547703175
2601.9,2315.268,17.711,83.03,80.74,,2310.568,0.23491166077738512
2602.0,2315.281,18.002,82.85,80.74,,2310.581,0.23491166077738512
2602.1,2315.295,18.584,83.05,80.11,,2310.5950000000003,0.23045936395759717
2602.2,2315.308,18.741,83.43,79.99,,2310.608,0.22961130742049465
2602.3,2315.321,18.908,82.59,77.72,,2310.621,0.21356890459363956
2602.4,2315.335,18.889,81.6,77.72,,2310.635,0.21356890459363956
2602.5,2315.348,18.561,80.83,77.14,,2310.648,0.20946996466431095
2602.6,2315.361,18.291,78.32,76.7,,2310.661,0.20636042402826857
2602.7,2315.375,18.356,76.29,76.16,,2310.675,0.2025441696113074
2602.8,2315.388,18.152,72.41,75.95,,2310.688,0.2010600706713781
2602.9,2315.402,18.058,67.94,75.78,,2310.702,0.19985865724381627
2603.0,2315.415,17.715,63.72,75.71,,2310.715,0.1993639575971731
2603.1,2315.428,17.643,62.98,75.15,,2310.728,0.1954063604240283
2603.2,2315.442,17.536,61.92,75.18,,2310.742,0.19561837455830394
2603.3,2315.455,17.698,61.53,75.2,,2310.755,0.19575971731448766
2603.4,2315.468,17.436,61.52,75.21,,2310.768,0.19583038869257946
2603.5,2315.482,17.778,61.73,75.25,,2310.782,0.196113074204947
2603.6,2315.495,18.023,61.91,75.24,,2310.795,0.1960424028268551
2603.7,2315.508,17.802,61.6,75.15,,2310.808,0.1954063604240283
2603.8,2315.522,17.624,62.23,75.14,,2310.822,0.1953356890459364
2603.9,2315.535,17.444,61.6,75.12,,2310.835,0.19519434628975268
2604.0,2315.548,17.858,61.4,74.47,,2310.848,0.1906007067137809
2604.1,2315.562,17.647,60.87,73.67,,2310.862,0.18494699646643112
2604.2,2315.575,17.543,60.02,73.01,,2310.875,0.18028268551236754
2604.3,2315.588,17.479,59.55,72.28,,2310.8880000000004,0.17512367491166078
2604.4,2315.602,17.888,59.43,71.76,,2310.902,0.17144876325088343
2604.5,2315.615,18.02,59.07,71.17,,2310.915,0.1672791519434629
2604.6,2315.628,17.98,59.73,71.06,,2310.9280000000003,0.1665017667844523
2604.7,2315.642,18.285,60.15,70.6,,2310.942,0.1632508833922261
2604.8,2315.655,18.577,60.64,70.63,,2310.9550000000004,0.16346289752650173
2604.9,2315.668,18.52,61.1,71.4,,2310.9680000000003,0.16890459363957602
2605.0,2315.682,18.335,60.87,71.88,,2310.982,0.17229681978798583
2605.1,2315.695,18.516,60.35,72.23,,2310.9950000000003,0.17477031802120144
2605.2,2315.708,18.658,60.15,72.89,,2311.0080000000003,0.17943462897526502
2605.3,2315.721,18.729,59.32,72.62,,2311.021,0.17752650176678447
2605.4,2315.735,18.866,59.21,72.6,,2311.0350000000003,0.17738515901060067
2605.5,2315.748,18.975,58.94,71.87,,2311.0480000000002,0.17222614840989403
2605.6,2315.761,19.032,58.13,71.57,,2311.061,0.17010600706713777
2605.7,2315.775,19.043,58.01,71.27,,2311.0750000000003,0.1679858657243816
2605.8,2315.788,18.852,58.22,71.08,,2311.088,0.16664310954063602
2605.9,2315.801,18.534,58.84,70.57,,2311.101,0.16303886925795047
2606.0,2315.814,18.339,59.2,70.59,,2311.114,0.1631802120141343
2606.1,2315.828,18.496,59.11,70.61,,2311.128,0.163321554770318
2606.2,2315.841,18.384,59.13,71.09,,2311.141,0.16671378091872793
2606.3,2315.854,18.345,59.47,71.29,,2311.154,0.16812720848056542
2606.4,2315.867,18.313,59.69,71.5,,2311.1670000000004,0.1696113074204947
2606.5,2315.881,19.056,59.49,71.92,,2311.181,0.17257950530035338
2606.6,2315.894,19.278,59.64,72.76,,2311.194,0.1785159010600707
2606.7,2315.907,19.654,59.5,73.41,,2311.2070000000003,0.18310954063604237
2606.8,2315.92,20.02,59.89,74.34,,2311.2200000000003,0.1896819787985866
2606.9,2315.934,20.929,59.34,75.17,,2311.2340000000004,0.19554770318021203
2607.0,2315.947,21.04,58.97,75.18,,2311.2470000000003,0.19561837455830394
2607.1,2315.96,20.919,58.93,75.17,,2311.26,0.19554770318021203
2607.2,2315.973,21.056,59.11,75.18,,2311.273,0.19561837455830394
2607.3,2315.986,20.85,58.69,75.16,,2311.286,0.19547703180212012
2607.4,2316.0,21.001,57.07,75.14,,2311.3,0.1953356890459364
2607.5,2316.013,20.524,56.38,74.72,,2311.313,0.19236749116607774
2607.6,2316.026,20.477,56.41,74.24,,2311.326,0.18897526501766782
2607.7,2316.039,20.369,56.37,73.81,,2311.3390000000004,0.18593639575971732
2607.8,2316.052,20.418,55.67,73.27,,2311.3520000000003,0.18212014134275614
2607.9,2316.066,20.537,55.65,72.73,,2311.366,0.17830388692579507
2608.0,2316.079,20.696,55.46,72.32,,2311.3790000000004,0.1754063604240282
2608.1,2316.092,20.452,55.8,71.79,,2311.3920000000003,0.17166077738515906
2608.2,2316.105,20.358,55.67,71.87,,2311.405,0.17222614840989403
2608.3,2316.118,20.417,55.52,71.78,,2311.418,0.17159010600706714
2608.4,2316.132,20.092,55.61,71.55,,2311.4320000000002,0.16996466431095406
2608.5,2316.145,20.043,55.98,71.98,,2311.445,0.17300353356890463
2608.6,2316.158,20.042,55.96,72.78,,2311.458,0.17865724381625442
2608.7,2316.171,19.946,56.01,72.95,,2311.471,0.17985865724381628
2608.8,2316.184,19.802,56.16,73.04,,2311.4840000000004,0.18049469964664316
2608.9,2316.197,19.834,56.35,73.17,,2311.4970000000003,0.18141342756183748
2609.0,2316.211,20.302,57.73,72.96,,2311.511,0.17992932862190808
2609.1,2316.224,20.49,58.04,72.5,,2311.5240000000003,0.17667844522968199
2609.2,2316.237,20.687,58.15,72.06,,2311.5370000000003,0.1735689045936396
2609.3,2316.25,20.445,58.66,71.78,,2311.55,0.17159010600706714
2609.4,2316.263,20.748,59.52,71.65,,2311.563,0.17067137809187283
2609.5,2316.276,20.544,59.71,71.33,,2311.576,0.16840989399293285
2609.6,2316.289,20.461,59.51,70.95,,2311.5890000000004,0.1657243816254417
2609.7,2316.303,20.393,59.67,71.45,,2311.603,0.16925795053003537
2609.8,2316.316,20.286,59.55,71.79,,2311.616,0.17166077738515906
2609.9,2316.329,20.364,60.07,71.74,,2311.6290000000004,0.1713074204946996
2610.0,2316.342,20.236,58.7,71.86,,2311.6420000000003,0.17215547703180212
2610.1,2316.355,20.447,57.45,72.11,,2311.655,0.17392226148409892
2610.2,2316.368,20.228,57.5,74.18,,2311.668,0.18855123674911667
2610.3,2316.381,20.521,57.05,74.73,,2311.681,0.19243816254416965
2610.4,2316.394,20.459,55.48,73.83,,2311.694,0.18607773851590104
2610.5,2316.407,20.433,54.99,74.48,,2311.7070000000003,0.19067137809187282
2610.6,2316.421,20.33,54.53,75.14,,2311.721,0.1953356890459364
2610.7,2316.434,19.948,54.27,74.53,,2311.7340000000004,0.19102473498233216
2610.8,2316.447,19.891,54.25,73.02,,2311.7470000000003,0.18035335689045934
2610.9,2316.46,19.857,53.44,72.45,,2311.76,0.17632508833922264
2611.0,2316.473,18.613,53.04,71.91,,2311.773,0.17250883392226146
2611.1,2316.486,14.478,53.58,71.6,,2311.786,0.1703180212014134
2611.2,2316.499,11.602,52.75,69.9,,2311.799,0.15830388692579508
2611.3,2316.512,10.017,51.97,69.99,,2311.8120000000004,0.15893992932862186
2611.4,2316.525,8.633,51.1,70.89,,2311.8250000000003,0.16530035335689047
2611.5,2316.538,7.405,49.02,70.97,,2311.838,0.16586572438162545
2611.6,2316.551,7.574,47.95,71.61,,2311.851,0.17038869257950529
2611.7,2316.564,7.603,45.73,71.96,,2311.864,0.1728621908127208
2611.8,2316.577,8.136,43.29,72.54,,2311.8770000000004,0.17696113074204953
2611.9,2316.591,8.515,41.91,72.24,,2311.891,0.17484098939929324
2612.0,2316.604,8.548,40.45,73.28,,2311.904,0.18219081272084806
2612.1,2316.617,8.49,39.26,73.22,,2311.9170000000004,0.1817667844522968
2612.2,2316.63,8.247,37.56,73.65,,2311.9300000000003,0.1848056537102474
2612.3,2316.643,7.722,36.06,73.67,,2311.943,0.18494699646643112
2612.4,2316.656,7.253,35.0,73.98,,2311.956,0.18713780918727918
2612.5,2316.669,7.054,34.08,74.61,,2311.969,0.19159010600706713
2612.6,2316.682,6.783,33.97,74.17,,2311.982,0.18848056537102476
2612.7,2316.695,6.729,33.99,73.4,,2311.9950000000003,0.18303886925795057
2612.8,2316.708,7.149,34.52,72.96,,2312.0080000000003,0.17992932862190808
2612.9,2316.721,7.539,34.76,72.41,,2312.021,0.1760424028268551
2613.0,2316.734,8.121,33.46,70.99,,2312.034,0.16600706713780916
2613.1,2316.747,8.878,32.15,70.55,,2312.047,0.16289752650176675
2613.2,2316.76,9.604,31.86,69.69,,2312.0600000000004,0.1568197879858657
2613.3,2316.773,10.105,31.03,70.0,,2312.0730000000003,0.15901060070671377
2613.4,2316.786,10.144,30.58,70.08,,2312.0860000000002,0.15957597173144875
2613.5,2316.799,10.255,30.74,70.51,,2312.099,0.16261484098939932
2613.6,2316.812,10.233,31.33,68.89,,2312.112,0.1511660777385159
2613.7,2316.825,10.107,31.91,68.62,,2312.125,0.14925795053003538
2613.8,2316.838,9.932,32.26,67.9,,2312.1380000000004,0.14416961130742054
2613.9,2316.851,9.882,32.76,67.24,,2312.1510000000003,0.13950530035335684
2614.0,2316.864,10.274,33.56,66.29,,2312.164,0.13279151943462902
2614.1,2316.877,6.311,34.02,66.16,,2312.177,0.1318727915194346
2614.2,2316.89,5.615,34.36,66.84,,2312.19,0.136678445229682
2614.3,2316.903,5.353,34.42,67.19,,2312.203,0.1391519434628975
2614.4,2316.916,5.111,34.26,68.31,,2312.2160000000003,0.1470671378091873
2614.5,2316.929,4.686,33.84,69.26,,2312.2290000000003,0.15378091872791522
2614.6,2316.942,4.72,33.96,71.52,,2312.242,0.16975265017667843
2614.7,2316.955,5.495,33.99,72.55,,2312.255,0.17703180212014133
2614.8,2316.967,5.949,33.9,73.1,,2312.2670000000003,0.1809187279151943
2614.9,2316.98,6.887,33.96,72.94,,2312.28,0.17978798586572436
2615.0,2316.993,7.592,34.26,72.62,,2312.293,0.17752650176678447
2615.1,2317.006,14.247,34.79,72.64,,2312.306,0.17766784452296822
2615.2,2317.019,13.324,34.73,71.99,,2312.319,0.17307420494699643
2615.3,2317.032,12.802,34.42,71.55,,2312.3320000000003,0.16996466431095406
2615.4,2317.045,12.353,34.0,71.15,,2312.3450000000003,0.1671378091872792
2615.5,2317.058,11.897,33.93,71.61,,2312.358,0.17038869257950529
2615.6,2317.071,11.814,33.34,72.43,,2312.371,0.17618374558303893
2615.7,2317.084,11.933,32.92,73.62,,2312.384,0.18459363957597177
2615.8,2317.097,12.564,33.12,75.22,,2312.3970000000004,0.19590106007067137
2615.9,2317.11,12.969,33.13,75.97,,2312.4100000000003,0.20120141342756184
2616.0,2317.123,13.266,33.24,76.71,,2312.4230000000002,0.20643109540636037
2616.1,2317.135,14.099,33.38,75.45,,2312.4350000000004,0.19752650176678446
2616.2,2317.148,15.187,33.55,74.28,,2312.4480000000003,0.18925795053003536
2616.3,2317.161,15.151,33.51,73.66,,2312.4610000000002,0.1848763250883392
2616.4,2317.174,14.959,33.22,72.53,,2312.474,0.17689045936395761
2616.5,2317.187,14.821,33.19,71.19,,2312.487,0.16742049469964662
2616.6,2317.2,14.469,32.94,70.96,,2312.5,0.16579505300353353
2616.7,2317.213,14.137,32.62,70.63,,2312.5130000000004,0.16346289752650173
2616.8,2317.226,13.975,32.05,71.9,,2312.5260000000003,0.17243816254416966
2616.9,2317.239,14.207,31.88,72.88,,2312.539,0.1793639575971731
2617.0,2317.251,14.307,31.79,74.58,,2312.5510000000004,0.1913780918727915
2617.1,2317.264,14.312,31.14,75.59,,2312.5640000000003,0.1985159010600707
2617.2,2317.277,14.073,31.14,76.6,,2312.577,0.2056537102473498
2617.3,2317.29,12.841,31.17,75.99,,2312.59,0.20134275618374556
2617.4,2317.303,12.279,31.23,76.17,,2312.603,0.2026148409893993
2617.5,2317.316,11.91,31.01,74.64,,2312.616,0.19180212014134276
2617.6,2317.329,11.199,30.78,73.15,,2312.6290000000004,0.18127208480565374
2617.7,2317.341,10.839,31.08,72.89,,2312.641,0.17943462897526502
2617.8,2317.354,10.597,30.7,71.99,,2312.654,0.17307420494699643
2617.9,2317.367,10.921,30.27,71.88,,2312.6670000000004,0.17229681978798583
2618.0,2317.38,11.54,30.16,71.84,,2312.6800000000003,0.1720141342756184
2618.1,2317.393,11.83,30.86,72.47,,2312.693,0.17646643109540636
2618.2,2317.406,12.249,30.62,73.21,,2312.706,0.1816961130742049
2618.3,2317.418,13.898,30.05,73.84,,2312.7180000000003,0.18614840989399295
2618.4,2317.431,14.186,30.95,74.77,,2312.731,0.19272084805653708
2618.5,2317.444,14.203,32.04,75.7,,2312.744,0.1992932862190813
2618.6,2317.457,14.051,32.39,76.96,,2312.757,0.2081978798586572
2618.7,2317.47,14.062,31.95,77.52,,2312.77,0.2121554770318021
2618.8,2317.483,13.874,32.69,77.92,,2312.7830000000004,0.21498233215547705
2618.9,2317.496,13.553,32.42,78.42,,2312.7960000000003,0.21851590106007068
2619.0,2317.509,12.332,32.01,79.34,,2312.809,0.22501766784452298
2619.1,2317.522,11.83,31.8,79.65,,2312.822,0.22720848056537107
2619.2,2317.535,11.759,31.78,80.6,,2312.835,0.2339222614840989
2619.3,2317.547,11.14,31.87,80.7,,2312.847,0.2346289752650177
2619.4,2317.56,10.938,31.93,81.28,,2312.86,0.2387279151943463
2619.5,2317.573,10.79,32.55,81.62,,2312.873,0.24113074204947
2619.6,2317.586,11.241,32.79,81.98,,2312.886,0.24367491166077743
2619.7,2317.599,11.645,34.28,82.07,,2312.8990000000003,0.2443109540636042
2619.8,2317.612,12.498,34.66,82.19,,2312.9120000000003,0.2451590106007067
2619.9,2317.625,12.982,36.94,82.4,,2312.925,0.2466431095406361
2620.0,2317.638,14.624,37.56,82.07,,2312.938,0.2443109540636042
2620.1,2317.651,15.204,38.39,79.9,,2312.951,0.22897526501766788
2620.2,2317.664,14.942,38.69,77.65,,2312.9640000000004,0.2130742049469965
2620.3,2317.677,14.45,39.86,76.82,,2312.9770000000003,0.20720848056537097
2620.4,2317.69,14.004,39.08,75.46,,2312.9900000000002,0.1975971731448763
2620.5,2317.703,13.623,38.77,73.41,,2313.003,0.18310954063604237
2620.6,2317.716,13.033,37.42,72.63,,2313.016,0.1775971731448763
2620.7,2317.729,11.33,36.71,70.75,,2313.029,0.16431095406360424
2620.8,2317.743,10.135,35.83,70.58,,2313.043,0.16310954063604238
2620.9,2317.756,8.445,34.32,70.37,,2313.056,0.16162544169611312
2621.0,2317.769,7.569,33.81,69.52,,2313.069,0.15561837455830385
2621.1,2317.782,7.157,32.39,66.8,,2313.0820000000003,0.13639575971731446
2621.2,2317.795,6.55,31.87,66.29,,2313.0950000000003,0.13279151943462902
2621.3,2317.808,6.566,32.28,65.91,,2313.108,0.1301060070671378
2621.4,2317.821,6.498,31.93,64.53,,2313.121,0.12035335689045937
2621.5,2317.834,7.388,31.9,63.28,,2313.134,0.11151943462897528
2621.6,2317.847,8.261,31.86,63.6,,2313.1470000000004,0.11378091872791521
2621.7,2317.861,9.363,31.99,64.2,,2313.161,0.11802120141342758
2621.8,2317.874,9.295,31.47,65.23,,2313.174,0.1253003533568905
2621.9,2317.887,10.236,31.14,65.84,,2313.1870000000004,0.12961130742049473
2622.0,2317.9,9.474,30.78,66.68,,2313.2000000000003,0.13554770318021206
2622.1,2317.913,8.512,30.13,68.52,,2313.213,0.14855123674911658
2622.2,2317.926,7.605,29.56,66.33,,2313.226,0.13307420494699645
2622.3,2317.94,7.221,28.25,65.43,,2313.2400000000002,0.12671378091872795
2622.4,2317.953,7.245,28.02,64.81,,2313.253,0.12233215547703181
2622.5,2317.966,7.372,27.61,64.41,,2313.266,0.11950530035335687
2622.6,2317.979,7.735,27.54,62.78,,2313.279,0.10798586572438164
2622.7,2317.993,8.825,28.13,61.83,,2313.293,0.1012720848056537
2622.8,2318.006,10.552,28.26,61.95,,2313.306,0.10212014134275621
2622.9,2318.019,11.906,28.79,62.72,,2313.319,0.10756183745583038
2623.0,2318.032,13.122,29.17,62.67,,2313.3320000000003,0.10720848056537104
2623.1,2318.046,14.219,29.82,62.24,,2313.346,0.10416961130742051
2623.2,2318.059,14.614,31.03,65.62,,2313.3590000000004,0.12805653710247353
2623.3,2318.072,14.638,32.57,65.5,,2313.3720000000003,0.127208480565371
2623.4,2318.085,14.456,32.8,66.33,,2313.385,0.13307420494699645
2623.5,2318.099,14.555,33.78,64.92,,2313.3990000000003,0.12310954063604242
2623.6,2318.112,14.977,34.26,65.4,,2313.4120000000003,0.12650176678445232
2623.7,2318.125,15.129,34.59,67.84,,2313.425,0.14374558303886928
2623.8,2318.139,15.159,34.63,68.36,,2313.4390000000003,0.14742049469964663
2623.9,2318.152,15.365,35.07,70.28,,2313.452,0.16098939929328623
2624.0,2318.165,15.42,34.92,70.74,,2313.465,0.16424028268551233
2624.1,2318.179,14.599,34.76,72.3,,2313.4790000000003,0.1752650176678445
2624.2,2318.192,13.524,34.56,73.04,,2313.492,0.18049469964664316
2624.3,2318.206,12.581,34.3,73.91,,2313.5060000000003,0.186643109540636
2624.4,2318.219,12.079,35.68,75.67,,2313.5190000000002,0.19908127208480567
2624.5,2318.232,11.594,36.13,76.73,,2313.532,0.2065724381625442
2624.6,2318.246,10.703,36.4,77.08,,2313.5460000000003,0.20904593639575972
2624.7,2318.259,10.753,35.66,79.49,,2313.559,0.22607773851590102
2624.8,2318.273,11.532,35.74,79.54,,2313.5730000000003,0.22643109540636047
2624.9,2318.286,10.92,35.97,79.51,,2313.5860000000002,0.22621908127208484
2625.0,2318.299,10.438,33.12,79.47,,2313.599,0.2259363957597173
2625.1,2318.313,10.311,32.57,78.69,,2313.6130000000003,0.22042402826855123
2625.2,2318.326,10.45,32.22,78.53,,2313.626,0.21929328621908128
2625.3,2318.34,9.518,32.21,77.38,,2313.6400000000003,0.21116607773851587
2625.4,2318.353,8.979,31.65,76.9,,2313.6530000000002,0.20777385159010606
2625.5,2318.367,8.64,31.52,74.8,,2313.6670000000004,0.1929328621908127
2625.6,2318.38,8.836,31.57,74.13,,2313.6800000000003,0.1881978798586572
2625.7,2318.394,8.964,31.95,73.15,,2313.694,0.18127208480565374
2625.8,2318.407,8.596,32.16,72.74,,2313.7070000000003,0.17837455830388688
2625.9,2318.421,9.164,31.08,71.79,,2313.721,0.17166077738515906
2626.0,2318.434,9.517,33.26,72.07,,2313.7340000000004,0.1736395759717314
2626.1,2318.448,9.823,33.5,72.81,,2313.748,0.17886925795053005
2626.2,2318.461,9.921,33.67,73.3,,2313.761,0.18233215547703177
2626.3,2318.475,9.92,33.77,73.37,,2313.775,0.18282685512367494
2626.4,2318.488,10.319,33.91,73.39,,2313.788,0.18296819787985866
2626.5,2318.502,10.184,33.59,73.41,,2313.802,0.18310954063604237
2626.6,2318.516,10.059,33.32,72.84,,2313.8160000000003,0.17908127208480568
2626.7,2318.529,9.985,34.0,71.11,,2313.829,0.16685512367491165
2626.8,2318.543,9.339,33.86,70.76,,2313.8430000000003,0.16438162544169616
2626.9,2318.556,7.842,34.59,70.42,,2313.856,0.16197879858657244
2627.0,2318.57,6.886,35.23,70.2,,2313.8700000000003,0.16042402826855126
2627.1,2318.584,6.436,36.02,69.37,,2313.884,0.15455830388692582
2627.2,2318.597,6.009,36.54,69.4,,2313.8970000000004,0.15477031802120145
2627.3,2318.611,5.664,36.55,69.1,,2313.911,0.1526501766784452
2627.4,2318.625,5.282,36.4,68.66,,2313.925,0.1495406360424028
2627.5,2318.638,5.247,36.94,68.54,,2313.938,0.1486925795053004
2627.6,2318.652,5.335,36.72,68.41,,2313.952,0.14777385159010598
2627.7,2318.666,5.454,36.15,68.52,,2313.9660000000003,0.14855123674911658
2627.8,2318.679,5.44,34.99,68.36,,2313.9790000000003,0.14742049469964663
2627.9,2318.693,5.618,33.3,68.28,,2313.9930000000004,0.14685512367491166
2628.0,2318.707,5.716,32.33,68.53,,2314.007,0.1486219081272085
2628.1,2318.72,5.529,30.54,68.2,,2314.02,0.14628975265017669
2628.2,2318.734,5.44,28.79,68.19,,2314.034,0.1462190812720848
2628.3,2318.748,5.248,28.3,68.32,,2314.0480000000002,0.14713780918727912
2628.4,2318.762,5.451,27.11,68.72,,2314.0620000000004,0.14996466431095407
2628.5,2318.775,5.916,27.13,69.83,,2314.0750000000003,0.15780918727915194
2628.6,2318.789,6.484,27.91,69.92,,2314.0890000000004,0.1584452296819788
2628.7,2318.803,7.021,29.0,70.37,,2314.103,0.16162544169611312
2628.8,2318.817,7.8,31.69,70.85,,2314.117,0.16501766784452293
2628.9,2318.83,8.756,34.09,71.42,,2314.13,0.16904593639575974
2629.0,2318.844,9.136,35.05,71.87,,2314.1440000000002,0.17222614840989403
2629.1,2318.858,9.496,37.64,72.64,,2314.1580000000004,0.17766784452296822
2629.2,2318.872,9.132,38.37,72.31,,2314.172,0.1753356890459364
2629.3,2318.886,8.961,39.45,71.33,,2314.186,0.16840989399293285
2629.4,2318.899,8.699,39.55,70.88,,2314.199,0.16522968197879856
2629.5,2318.913,8.502,39.58,68.74,,2314.213,0.15010600706713778
2629.6,2318.927,8.554,39.73,68.51,,2314.2270000000003,0.14848056537102478
2629.7,2318.941,8.678,40.33,68.08,,2314.241,0.1454416961130742
2629.8,2318.955,9.15,40.52,67.71,,2314.255,0.14282685512367488
2629.9,2318.969,9.541,40.71,67.84,,2314.2690000000002,0.14374558303886928
2630.0,2318.982,10.148,40.9,68.15,,2314.282,0.14593639575971734
2630.1,2318.996,10.818,41.27,68.11,,2314.2960000000003,0.14565371024734983
2630.2,2319.01,11.101,41.62,68.1,,2314.3100000000004,0.1455830388692579
2630.3,2319.024,11.292,41.8,68.66,,2314.324,0.1495406360424028
2630.4,2319.038,10.716,41.29,68.85,,2314.338,0.15088339222614838
2630.5,2319.052,10.619,40.2,69.25,,2314.3520000000003,0.15371024734982333
2630.6,2319.066,10.472,39.79,68.92,,2314.366,0.15137809187279153
2630.7,2319.08,9.918,38.08,69.01,,2314.38,0.1520141342756184
2630.8,2319.094,9.481,37.61,68.96,,2314.3940000000002,0.15166077738515896
2630.9,2319.108,9.415,36.51,69.0,,2314.4080000000004,0.1519434628975265
2631.0,2319.122,9.404,36.04,68.88,,2314.422,0.15109540636042398
2631.1,2319.136,9.34,35.72,68.58,,2314.436,0.14897526501766784
2631.2,2319.15,9.416,36.02,68.61,,2314.4500000000003,0.14918727915194346
2631.3,2319.164,9.84,35.61,68.45,,2314.4640000000004,0.14805653710247352
2631.4,2319.178,10.689,36.4,68.31,,2314.478,0.1470671378091873
2631.5,2319.192,10.919,38.43,67.88,,2314.492,0.1440282685512367
2631.6,2319.206,11.371,39.1,67.95,,2314.5060000000003,0.14452296819787988
2631.7,2319.22,12.332,40.14,67.36,,2314.52,0.14035335689045936
2631.8,2319.234,13.294,40.6,67.04,,2314.534,0.13809187279151947
2631.9,2319.248,13.681,40.94,66.32,,2314.5480000000002,0.13300353356890454
2632.0,2319.262,13.979,41.19,66.27,,2314.5620000000004,0.1326501766784452
2632.1,2319.276,13.682,40.69,66.14,,2314.576,0.13173144876325088
2632.2,2319.29,12.895,40.06,66.05,,2314.59,0.13109540636042402
2632.3,2319.304,12.011,39.82,65.46,,2314.6040000000003,0.1269257950530035
2632.4,2319.318,11.254,39.09,65.39,,2314.6180000000004,0.12643109540636044
2632.5,2319.332,10.464,38.11,65.43,,2314.632,0.12671378091872795
2632.6,2319.346,9.43,38.47,65.36,,2314.646,0.1262190812720848
2632.7,2319.36,9.015,38.76,65.29,,2314.6600000000003,0.12572438162544175
2632.8,2319.375,8.408,38.95,65.34,,2314.675,0.1260777385159011
2632.9,2319.389,8.186,39.11,65.45,,2314.6890000000003,0.12685512367491167
2633.0,2319.403,7.836,39.05,65.88,,2314.703,0.12989399293286216
2633.1,2319.417,7.97,39.05,66.04,,2314.717,0.1310247349823322
2633.2,2319.431,7.928,38.7,65.35,,2314.731,0.1261484098939929
2633.3,2319.445,7.657,37.86,65.45,,2314.7450000000003,0.12685512367491167
2633.4,2319.46,7.652,37.5,64.72,,2314.76,0.12169611307420494
2633.5,2319.474,7.708,36.92,64.22,,2314.7740000000003,0.1181625441696113
2633.6,2319.488,7.741,36.1,63.54,,2314.788,0.11335689045936395
2633.7,2319.502,7.637,35.05,63.02,,2314.802,0.1096819787985866
2633.8,2319.516,7.861,34.39,62.2,,2314.8160000000003,0.10388692579505303
2633.9,2319.531,8.09,33.89,64.3,,2314.831,0.11872791519434626
2634.0,2319.545,8.211,32.63,64.63,,2314.8450000000003,0.12106007067137806
2634.1,2319.559,8.532,32.14,66.0,,2314.8590000000004,0.13074204946996468
2634.2,2319.573,8.786,31.36,69.32,,2314.873,0.1542049469964664
2634.3,2319.587,9.221,31.43,70.39,,2314.887,0.16176678445229684
2634.4,2319.602,9.085,31.1,70.72,,2314.902,0.1640989399293286
2634.5,2319.616,9.097,30.27,69.66,,2314.916,0.15660777385159008
2634.6,2319.63,9.103,30.73,68.7,,2314.9300000000003,0.14982332155477035
2634.7,2319.645,8.608,30.97,67.88,,2314.945,0.1440282685512367
2634.8,2319.659,7.951,31.54,67.04,,2314.9590000000003,0.13809187279151947
2634.9,2319.673,7.698,32.46,64.85,,2314.973,0.12261484098939926
2635.0,2319.688,7.694,34.09,65.25,,2314.9880000000003,0.1254416961130742
2635.1,2319.702,7.454,35.21,66.59,,2315.0020000000004,0.13491166077738517
2635.2,2319.716,7.169,35.7,66.85,,2315.016,0.1367491166077738
2635.3,2319.731,7.093,37.14,67.28,,2315.0310000000004,0.13978798586572438
2635.4,2319.745,7.146,37.68,69.85,,2315.045,0.15795053003533566
2635.5,2319.759,7.191,38.76,70.02,,2315.059,0.1591519434628975
2635.6,2319.774,7.004,39.51,70.15,,2315.074,0.16007067137809192
2635.7,2319.788,7.611,40.44,70.44,,2315.088,0.16212014134275618
2635.8,2319.802,8.396,40.52,70.38,,2315.1020000000003,0.16169611307420492
2635.9,2319.817,9.073,40.29,70.34,,2315.117,0.1614134275618375
2636.0,2319.831,9.682,41.68,70.3,,2315.1310000000003,0.16113074204946995
2636.1,2319.846,11.287,41.68,70.2,,2315.146,0.16042402826855126
2636.2,2319.86,13.246,42.33,70.25,,2315.1600000000003,0.1607773851590106
2636.3,2319.874,14.971,42.77,70.4,,2315.174,0.16183745583038872
2636.4,2319.889,17.593,45.54,70.48,,2315.1890000000003,0.1624028268551237
2636.5,2319.903,18.001,45.87,70.73,,2315.203,0.16416961130742053
2636.6,2319.918,18.191,46.1,70.86,,2315.2180000000003,0.16508833922261484
2636.7,2319.932,18.433,45.57,70.9,,2315.232,0.16537102473498239
2636.8,2319.947,18.838,46.1,70.61,,2315.2470000000003,0.163321554770318
2636.9,2319.961,19.117,45.79,70.55,,2315.261,0.16289752650176675
2637.0,2319.976,18.928,45.23,70.6,,2315.2760000000003,0.1632508833922261
2637.1,2319.99,18.801,44.84,70.5,,2315.29,0.1625441696113074
2637.2,2320.005,18.708,45.36,70.39,,2315.3050000000003,0.16176678445229684
2637.3,2320.019,18.482,45.65,70.42,,2315.319,0.16197879858657244
2637.4,2320.034,18.12,45.8,70.52,,2315.3340000000003,0.16268551236749113
2637.5,2320.048,17.987,46.93,70.58,,2315.348,0.16310954063604238
2637.6,2320.063,18.434,47.67,70.61,,2315.3630000000003,0.163321554770318
2637.7,2320.077,17.798,48.23,70.66,,2315.3770000000004,0.16367491166077736
2637.8,2320.092,17.592,48.33,70.84,,2315.3920000000003,0.16494699646643113
2637.9,2320.106,17.132,47.69,70.85,,2315.4060000000004,0.16501766784452293
2638.0,2320.121,16.781,47.37,70.81,,2315.4210000000003,0.1647349823321555
2638.1,2320.136,16.153,46.5,70.75,,2315.436,0.16431095406360424
2638.2,2320.15,15.706,45.4,70.71,,2315.4500000000003,0.1640282685512367
2638.3,2320.165,15.243,44.63,70.69,,2315.465,0.16388692579505298
2638.4,2320.179,14.902,44.0,70.68,,2315.4790000000003,0.16381625441696118
2638.5,2320.194,14.78,43.09,70.67,,2315.494,0.16374558303886927
2638.6,2320.209,14.015,43.13,70.59,,2315.509,0.1631802120141343
2638.7,2320.223,14.104,43.4,70.57,,2315.523,0.16303886925795047
2638.8,2320.238,13.837,43.96,70.61,,2315.538,0.163321554770318
2638.9,2320.253,13.861,44.39,70.6,,2315.5530000000003,0.1632508833922261
2639.0,2320.267,14.225,44.65,70.58,,2315.567,0.16310954063604238
2639.1,2320.282,13.983,44.77,70.57,,2315.5820000000003,0.16303886925795047
2639.2,2320.297,14.371,44.79,70.56,,2315.597,0.16296819787985867
2639.3,2320.311,14.456,45.01,70.2,,2315.6110000000003,0.16042402826855126
2639.4,2320.326,14.664,45.27,70.12,,2315.626,0.1598586572438163
2639.5,2320.341,14.643,45.17,69.94,,2315.641,0.15858657243816252
2639.6,2320.356,14.934,45.22,69.79,,2315.6560000000004,0.1575265017667845
2639.7,2320.37,15.222,45.29,69.33,,2315.67,0.1542756183745583
2639.8,2320.385,15.069,46.67,68.88,,2315.6850000000004,0.15109540636042398
2639.9,2320.4,14.964,46.73,68.67,,2315.7000000000003,0.14961130742049472
2640.0,2320.414,14.959,46.64,68.38,,2315.7140000000004,0.14756183745583035
2640.1,2320.429,15.337,47.0,67.79,,2315.7290000000003,0.14339222614840993
2640.2,2320.444,15.082,48.08,67.69,,2315.744,0.14268551236749116
2640.3,2320.459,14.946,48.14,67.43,,2315.759,0.14084805653710253
2640.4,2320.474,15.047,48.73,67.28,,2315.7740000000003,0.13978798586572438
2640.5,2320.488,15.002,49.98,67.12,,2315.788,0.13865724381625444
2640.6,2320.503,14.328,50.11,67.0,,2315.8030000000003,0.13780918727915195
2640.7,2320.518,13.872,50.16,66.61,,2315.818,0.1350530035335689
2640.8,2320.533,13.788,50.23,66.48,,2315.833,0.1341342756183746
2640.9,2320.548,13.779,50.44,66.52,,2315.848,0.13441696113074203
2641.0,2320.563,13.356,50.47,66.56,,2315.8630000000003,0.13469964664310954
2641.1,2320.577,13.233,50.33,66.49,,2315.8770000000004,0.1342049469964664
2641.2,2320.592,13.582,50.33,66.48,,2315.8920000000003,0.1341342756183746
2641.3,2320.607,14.207,50.73,66.58,,2315.907,0.1348409893992933
2641.4,2320.622,14.265,50.56,66.49,,2315.922,0.1342049469964664
2641.5,2320.637,14.409,50.22,66.39,,2315.9370000000004,0.1334982332155477
2641.6,2320.652,15.123,49.36,66.35,,2315.952,0.13321554770318017
2641.7,2320.667,15.239,49.29,66.18,,2315.967,0.13201413427561842
2641.8,2320.682,15.119,48.62,65.94,,2315.982,0.13031802120141342
2641.9,2320.696,15.051,47.67,65.63,,2315.996,0.12812720848056533
2642.0,2320.711,15.644,47.08,65.22,,2316.011,0.12522968197879858
2642.1,2320.726,15.813,46.88,65.04,,2316.0260000000003,0.12395759717314492
2642.2,2320.741,16.006,46.38,63.46,,2316.041,0.11279151943462898
2642.3,2320.756,16.088,45.68,63.01,,2316.056,0.10961130742049469
2642.4,2320.771,16.398,46.11,63.81,,2316.0710000000004,0.11526501766784454
2642.5,2320.786,16.817,45.95,63.93,,2316.0860000000002,0.116113074204947
2642.6,2320.801,16.662,46.6,63.9,,2316.101,0.11590106007067137
2642.7,2320.816,16.716,46.22,64.11,,2316.116,0.1173851590106007
2642.8,2320.831,16.813,46.6,65.34,,2316.1310000000003,0.1260777385159011
2642.9,2320.846,17.155,45.59,65.43,,2316.146,0.12671378091872795
2643.0,2320.861,17.177,44.99,65.13,,2316.161,0.12459363957597169
2643.1,2320.876,17.248,44.02,65.08,,2316.1760000000004,0.12424028268551235
2643.2,2320.891,17.217,43.89,65.99,,2316.1910000000003,0.13067137809187276
2643.3,2320.906,16.993,43.92,65.53,,2316.206,0.12742049469964664
2643.4,2320.921,17.198,43.24,64.37,,2316.221,0.11922261484098944
2643.5,2320.936,16.557,44.16,64.2,,2316.2360000000003,0.11802120141342758
2643.6,2320.951,16.251,44.39,64.5,,2316.251,0.12014134275618374
2643.7,2320.967,15.603,44.87,65.29,,2316.2670000000003,0.12572438162544175
2643.8,2320.982,14.934,45.13,65.64,,2316.282,0.12819787985865724
2643.9,2320.997,8.801,45.47,66.76,,2316.297,0.13611307420494703
2644.0,2321.012,8.336,45.72,68.38,,2316.3120000000004,0.14756183745583035
2644.1,2321.027,7.276,46.19,69.37,,2316.327,0.15455830388692582
2644.2,2321.042,6.682,46.17,69.52,,2316.342,0.15561837455830385
2644.3,2321.057,6.264,46.21,70.21,,2316.357,0.16049469964664306
2644.4,2321.072,6.472,46.33,69.7,,2316.3720000000003,0.15689045936395762
2644.5,2321.088,7.31,46.2,68.8,,2316.3880000000004,0.15053003533568904
2644.6,2321.103,8.134,45.75,68.4,,2316.4030000000002,0.14770318021201417
2644.7,2321.118,8.816,45.51,67.85,,2316.418,0.14381625441696108
2644.8,2321.133,10.109,45.02,67.52,,2316.433,0.1414840989399293
2644.9,2321.148,17.308,44.83,67.11,,2316.4480000000003,0.13858657243816255
2645.0,2321.163,17.399,43.58,67.06,,2316.463,0.1382332155477032
2645.1,2321.179,17.186,43.35,66.8,,2316.4790000000003,0.13639575971731446
2645.2,2321.194,17.198,42.98,66.83,,2316.494,0.1366077738515901
2645.3,2321.209,16.75,42.6,66.87,,2316.509,0.13689045936395763
2645.4,2321.224,16.933,42.18,67.22,,2316.5240000000003,0.13936395759717313
2645.5,2321.239,16.703,42.08,67.64,,2316.539,0.14233215547703182
2645.6,2321.254,17.012,42.28,67.9,,2316.554,0.14416961130742054
2645.7,2321.269,16.647,42.54,68.07,,2316.569,0.14537102473498228
2645.8,2321.285,16.479,42.53,68.44,,2316.585,0.1479858657243816
2645.9,2321.3,16.144,42.43,68.36,,2316.6000000000004,0.14742049469964663
2646.0,2321.315,16.012,42.67,68.62,,2316.6150000000002,0.14925795053003538
2646.1,2321.33,15.326,41.91,68.56,,2316.63,0.14883392226148412
2646.2,2321.345,14.73,41.23,68.63,,2316.645,0.14932862190812718
2646.3,2321.36,14.659,40.66,68.72,,2316.6600000000003,0.14996466431095407
2646.4,2321.375,14.23,40.46,69.2,,2316.675,0.153356890459364
2646.5,2321.39,14.026,40.96,69.54,,2316.69,0.15575971731448768
2646.6,2321.405,13.697,41.39,70.11,,2316.7050000000004,0.15978798586572437
2646.7,2321.42,14.354,41.47,69.76,,2316.7200000000003,0.15731448763250888
2646.8,2321.435,14.62,42.08,69.48,,2316.735,0.15533568904593642
2646.9,2321.45,14.414,42.32,69.34,,2316.75,0.1543462897526502
2647.0,2321.464,14.357,42.57,68.05,,2316.764,0.14522968197879857
2647.1,2321.479,15.038,42.5,67.12,,2316.779,0.13865724381625444
2647.2,2321.494,15.046,42.32,66.61,,2316.7940000000003,0.1350530035335689
2647.3,2321.509,15.329,43.87,66.22,,2316.809,0.13229681978798585
2647.4,2321.524,15.373,44.15,65.51,,2316.824,0.12727915194346293
2647.5,2321.539,15.81,44.43,64.91,,2316.8390000000004,0.1230388692579505
2647.6,2321.554,16.414,45.0,65.09,,2316.8540000000003,0.12431095406360426
2647.7,2321.568,16.691,46.22,65.09,,2316.8680000000004,0.12431095406360426
2647.8,2321.583,17.341,47.21,65.72,,2316.8830000000003,0.12876325088339222
2647.9,2321.598,18.567,47.44,66.0,,2316.898,0.13074204946996468
2648.0,2321.613,18.71,47.96,67.66,,2316.913,0.14247349823321553
2648.1,2321.628,19.135,48.75,68.73,,2316.9280000000003,0.15003533568904595
2648.2,2321.642,19.758,49.73,69.64,,2316.942,0.15646643109540637
2648.3,2321.657,19.799,48.57,70.21,,2316.9570000000003,0.16049469964664306
2648.4,2321.672,19.569,49.39,71.31,,2316.972,0.16826855123674914
2648.5,2321.686,19.274,50.37,71.25,,2316.9860000000003,0.16784452296819788
2648.6,2321.701,18.075,50.8,71.5,,2317.001,0.1696113074204947
2648.7,2321.716,17.603,50.8,71.14,,2317.016,0.16706713780918728
2648.8,2321.73,17.225,51.03,71.05,,2317.03,0.1664310954063604
2648.9,2321.745,16.183,51.21,70.71,,2317.045,0.1640282685512367
2649.0,2321.76,16.329,51.48,69.68,,2317.0600000000004,0.1567491166077739
2649.1,2321.774,16.224,51.77,69.4,,2317.074,0.15477031802120145
2649.2,2321.789,16.493,52.16,68.72,,2317.0890000000004,0.14996466431095407
2649.3,2321.804,16.809,52.5,68.34,,2317.1040000000003,0.14727915194346292
2649.4,2321.818,17.247,53.24,68.04,,2317.1180000000004,0.14515901060070677
2649.5,2321.833,17.988,53.72,67.74,,2317.1330000000003,0.1430388692579505
2649.6,2321.847,18.481,54.36,67.49,,2317.1470000000004,0.14127208480565367
2649.7,2321.862,18.413,54.87,67.2,,2317.1620000000003,0.1392226148409894
2649.8,2321.876,18.188,54.43,67.1,,2317.1760000000004,0.13851590106007064
2649.9,2321.891,18.283,54.06,66.87,,2317.1910000000003,0.13689045936395763
2650.0,2321.905,17.554,53.31,66.67,,2317.2050000000004,0.13547703180212015
2650.1,2321.92,17.328,52.6,66.49,,2317.2200000000003,0.1342049469964664
2650.2,2321.934,17.113,51.61,66.33,,2317.2340000000004,0.13307420494699645
2650.3,2321.949,16.833,50.68,66.15,,2317.2490000000003,0.1318021201413428
2650.4,2321.963,16.42,49.69,66.06,,2317.2630000000004,0.1311660777385159
2650.5,2321.977,15.48,49.09,65.99,,2317.277,0.13067137809187276
2650.6,2321.992,15.315,48.49,65.96,,2317.2920000000004,0.13045936395759714
2650.7,2322.006,15.529,48.49,66.01,,2317.306,0.13081272084805656
2650.8,2322.021,15.263,48.39,66.15,,2317.3210000000004,0.1318021201413428
2650.9,2322.035,15.015,48.43,66.47,,2317.335,0.13406360424028269
2651.0,2322.049,15.518,48.77,66.54,,2317.349,0.13455830388692583
2651.1,2322.064,16.153,48.82,66.71,,2317.364,0.13575971731448758
2651.2,2322.078,16.418,48.99,66.86,,2317.378,0.13681978798586572
2651.3,2322.092,16.833,48.36,67.09,,2317.3920000000003,0.1384452296819788
2651.4,2322.107,17.312,48.05,67.18,,2317.407,0.1390812720848057
2651.5,2322.121,17.587,47.67,67.42,,2317.4210000000003,0.14077738515901062
2651.6,2322.135,17.464,47.19,67.96,,2317.4350000000004,0.14459363957597168
2651.7,2322.149,17.072,46.21,68.09,,2317.449,0.1455123674911661
2651.8,2322.164,17.015,45.82,68.86,,2317.4640000000004,0.15095406360424027
2651.9,2322.178,16.76,45.19,69.26,,2317.478,0.15378091872791522
2652.0,2322.192,16.427,44.33,69.63,,2317.492,0.15639575971731445
2652.1,2322.206,16.255,43.39,69.8,,2317.5060000000003,0.1575971731448763
2652.2,2322.22,15.873,41.57,69.97,,2317.52,0.15879858657243814
2652.3,2322.234,15.374,41.02,69.71,,2317.534,0.15696113074204943
2652.4,2322.249,15.118,39.5,69.24,,2317.549,0.15363957597173142
2652.5,2322.263,14.588,38.78,68.71,,2317.563,0.14989399293286215
2652.6,2322.277,14.17,37.9,68.19,,2317.577,0.1462190812720848
2652.7,2322.291,13.721,37.9,67.76,,2317.5910000000003,0.1431802120141343
2652.8,2322.305,13.469,37.93,67.13,,2317.605,0.13872791519434627
2652.9,2322.319,13.474,37.93,66.75,,2317.619,0.13604240282685512
2653.0,2322.333,13.25,37.94,66.41,,2317.6330000000003,0.13363957597173143
2653.1,2322.347,13.491,37.96,66.35,,2317.6470000000004,0.13321554770318017
2653.2,2322.361,13.879,38.16,66.09,,2317.661,0.13137809187279154
2653.3,2322.375,14.017,37.42,66.09,,2317.675,0.13137809187279154
2653.4,2322.389,14.033,36.99,66.19,,2317.6890000000003,0.13208480565371022
2653.5,2322.403,14.4,36.55,66.41,,2317.703,0.13363957597173143
2653.6,2322.417,14.502,36.18,66.69,,2317.717,0.13561837455830386
2653.7,2322.431,14.326,35.79,66.99,,2317.731,0.13773851590106004
2653.8,2322.445,14.186,35.36,67.45,,2317.7450000000003,0.14098939929328624
2653.9,2322.459,13.843,35.66,67.7,,2317.759,0.14275618374558305
2654.0,2322.473,12.891,36.47,68.36,,2317.773,0.14742049469964663
2654.1,2322.487,12.05,37.19,68.64,,2317.7870000000003,0.1493992932862191
2654.2,2322.501,11.502,37.84,68.98,,2317.8010000000004,0.15180212014134278
2654.3,2322.515,11.058,38.83,69.2,,2317.815,0.153356890459364
2654.4,2322.528,10.509,40.18,69.31,,2317.828,0.15413427561837456
2654.5,2322.542,10.35,40.8,69.35,,2317.842,0.15441696113074202
2654.6,2322.556,10.33,42.61,69.42,,2317.856,0.15491166077738516
2654.7,2322.57,10.702,43.58,69.27,,2317.8700000000003,0.15385159010600705
2654.8,2322.584,10.822,45.16,68.94,,2317.884,0.15151943462897524
2654.9,2322.598,11.415,45.72,68.64,,2317.898,0.1493992932862191
2655.0,2322.611,12.203,45.05,68.33,,2317.911,0.147208480565371
2655.1,2322.625,12.939,44.94,67.7,,2317.925,0.14275618374558305
2655.2,2322.639,13.356,44.35,67.1,,2317.9390000000003,0.13851590106007064
2655.3,2322.653,13.213,43.5,66.63,,2317.953,0.13519434628975263
2655.4,2322.666,12.54,41.77,66.03,,2317.9660000000003,0.13095406360424028
2655.5,2322.68,11.752,41.11,65.55,,2317.98,0.12756183745583036
2655.6,2322.694,11.041,38.6,65.16,,2317.994,0.12480565371024732
2655.7,2322.707,10.344,38.05,64.71,,2318.007,0.12162544169611303
2655.8,2322.721,10.05,35.21,64.53,,2318.021,0.12035335689045937
2655.9,2322.735,9.676,33.86,64.14,,2318.0350000000003,0.11759717314487633
2656.0,2322.748,9.644,32.72,64.0,,2318.0480000000002,0.1166077738515901
2656.1,2322.762,9.4,31.07,63.98,,2318.0620000000004,0.11646643109540634
2656.2,2322.775,9.395,30.22,63.94,,2318.0750000000003,0.11618374558303886
2656.3,2322.789,9.594,29.37,63.93,,2318.0890000000004,0.116113074204947
2656.4,2322.803,9.774,28.42,64.03,,2318.103,0.11681978798586573
2656.5,2322.816,9.806,28.25,64.15,120.47,2318.116,0.11766784452296823
2656.6,2322.83,10.058,28.28,64.12,116.2,2318.13,0.11745583038869262
2656.7,2322.843,10.04,29.0,64.21,116.2,2318.143,0.11809187279151939
2656.8,2322.857,10.42,29.27,64.05,116.2,2318.157,0.11696113074204945
2656.9,2322.87,10.666,29.84,64.03,117.68,2318.17,0.11681978798586573
2657.0,2322.884,11.089,30.7,63.83,118.23,2318.184,0.11540636042402826
2657.1,2322.897,12.151,31.79,63.56,119.69,2318.197,0.11349823321554772
2657.2,2322.911,13.164,31.94,63.43,120.2,2318.2110000000002,0.11257950530035335
2657.3,2322.924,13.944,31.9,63.29,120.82,2318.224,0.11159010600706713
2657.4,2322.937,14.33,32.01,63.03,120.87,2318.237,0.10975265017667846
2657.5,2322.951,14.962,31.5,62.91,121.14,2318.251,0.10890459363957594
2657.6,2322.964,15.946,30.46,62.8,121.65,2318.264,0.10812720848056535
2657.7,2322.978,10.526,30.02,62.7,121.63,2318.2780000000002,0.10742049469964667
2657.8,2322.991,9.476,29.93,62.63,121.4,2318.291,0.10692579505300355
2657.9,2323.004,8.845,30.11,62.69,120.97,2318.304,0.10734982332155475
2658.0,2323.018,8.494,29.47,62.52,120.55,2318.318,0.10614840989399295
2658.1,2323.031,7.705,29.74,62.08,119.32,2318.331,0.10303886925795051
2658.2,2323.044,7.336,30.33,61.56,118.69,2318.344,0.09936395759717316
2658.3,2323.058,7.829,30.54,60.84,117.34,2318.358,0.09427561837455833
2658.4,2323.071,8.598,30.46,60.22,116.56,2318.371,0.08989399293286218
2658.5,2323.084,9.729,30.66,58.6,114.45,2318.384,0.07844522968197881
2658.6,2323.097,10.143,30.96,57.8,112.94,2318.3970000000004,0.07279151943462896
2658.7,2323.111,15.05,30.78,56.97,111.12,2318.411,0.06692579505300353
2658.8,2323.124,15.587,30.38,56.46,109.9,2318.424,0.06332155477031803
2658.9,2323.137,15.229,30.0,55.72,108.53,2318.4370000000004,0.05809187279151943
2659.0,2323.15,15.23,29.92,56.09,107.1,2318.4500000000003,0.06070671378091875
2659.1,2323.163,15.228,29.17,56.84,106.9,2318.463,0.06600706713780921
2659.2,2323.177,15.399,28.53,57.27,106.82,2318.4770000000003,0.06904593639575973
2659.3,2323.19,14.963,28.24,57.85,107.66,2318.4900000000002,0.07314487632508834
2659.4,2323.203,14.777,28.36,58.66,108.92,2318.503,0.07886925795053001
2659.5,2323.216,14.328,28.63,59.96,111.05,2318.516,0.0880565371024735
2659.6,2323.229,13.526,29.76,59.89,112.86,2318.529,0.08756183745583039
2659.7,2323.242,12.846,31.03,60.12,113.41,2318.5420000000004,0.08918727915194344
2659.8,2323.255,11.983,32.39,59.71,112.91,2318.5550000000003,0.08628975265017669
2659.9,2323.268,11.524,34.29,59.2,112.34,2318.568,0.08268551236749119
2660.0,2323.281,10.858,36.66,58.39,111.85,2318.581,0.07696113074204948
2660.1,2323.295,10.219,37.78,57.05,109.61,2318.5950000000003,0.0674911660777385
2660.2,2323.308,9.661,38.58,55.85,108.27,2318.608,0.05901060070671379
2660.3,2323.321,8.217,38.12,54.71,106.72,2318.621,0.05095406360424029
2660.4,2323.334,7.839,37.69,53.3,105.52,2318.634,0.0409893992932862
2660.5,2323.347,7.365,36.98,53.04,105.59,2318.6470000000004,0.03915194346289752
2660.6,2323.359,6.958,36.17,52.53,105.31,2318.659,0.03554770318021202
2660.7,2323.372,6.756,35.1,52.09,105.52,2318.672,0.03243816254416963
2660.8,2323.385,6.95,34.13,51.87,105.68,2318.6850000000004,0.03088339222614839
2660.9,2323.398,7.344,33.22,51.67,105.3,2318.6980000000003,0.029469964664310965
2661.0,2323.411,7.802,32.16,51.66,105.18,2318.7110000000002,0.02939929328621906
2661.1,2323.424,8.469,31.86,51.62,104.96,2318.724,0.029116607773851572
2661.2,2323.437,9.105,31.36,51.86,104.25,2318.737,0.030812720848056533
2661.3,2323.45,11.332,30.85,51.76,103.64,2318.75,0.030106007067137796
2661.4,2323.463,12.033,30.84,52.2,103.36,2318.7630000000004,0.033215547703180234
2661.5,2323.476,12.664,30.84,52.51,103.22,2318.7760000000003,0.035406360424028255
2661.6,2323.488,13.039,31.07,52.87,102.52,2318.788,0.03795053003533567
2661.7,2323.501,13.395,31.17,53.05,101.56,2318.8010000000004,0.03922261484098938
2661.8,2323.514,13.16,31.16,52.99,101.76,2318.8140000000003,0.038798586572438176
2661.9,2323.527,12.454,31.36,53.28,101.88,2318.827,0.04084805653710248
2662.0,2323.539,11.95,31.82,52.7,102.03,2318.8390000000004,0.03674911660777387
2662.1,2323.552,10.929,32.5,52.65,102.3,2318.8520000000003,0.03639575971731448
2662.2,2323.565,9.662,32.95,51.97,102.45,2318.8650000000002,0.03159010600706713
2662.3,2323.578,8.505,33.35,51.83,102.69,2318.878,0.030600706713780908
2662.4,2323.59,5.857,33.76,51.62,102.39,2318.8900000000003,0.029116607773851572
2662.5,2323.603,5.227,33.95,51.68,102.39,2318.9030000000002,0.029540636042402826
2662.6,2323.616,4.607,33.67,51.7,102.09,2318.916,0.029681978798586594
2662.7,2323.628,3.91,33.29,51.52,101.91,2318.9280000000003,0.028409893992932884
2662.8,2323.641,3.499,33.26,51.75,101.43,2318.9410000000003,0.030035335689045935
2662.9,2323.654,3.138,32.91,51.85,101.23,2318.954,0.030742049469964675
2663.0,2323.666,3.171,32.45,52.15,100.59,2318.9660000000003,0.03286219081272084
2663.1,2323.679,3.114,31.94,52.03,99.73,2318.9790000000003,0.03201413427561838
2663.2,2323.692,3.174,31.3,52.38,99.56,2318.992,0.03448763250883394
2663.3,2323.704,3.252,30.63,52.36,99.49,2319.0040000000004,0.03434628975265017
2663.4,2323.717,3.776,29.56,52.34,99.11,2319.0170000000003,0.03420494699646646
2663.5,2323.729,3.985,28.62,52.34,98.74,2319.029,0.03420494699646646
2663.6,2323.742,4.079,27.36,52.33,98.25,2319.0420000000004,0.034134275618374545
2663.7,2323.754,4.28,26.42,52.38,98.11,2319.054,0.03448763250883394
2663.8,2323.767,4.147,25.01,52.57,97.63,2319.067,0.035830388692579505
2663.9,2323.779,4.219,24.21,52.64,97.54,2319.079,0.03632508833922262
2664.0,2323.792,4.121,23.53,52.7,97.21,2319.092,0.03674911660777387
2664.1,2323.804,3.874,22.56,52.72,96.95,2319.1040000000003,0.03689045936395759
2664.2,2323.817,3.721,21.65,52.74,96.85,2319.117,0.03703180212014136
2664.3,2323.829,3.744,21.01,52.66,96.65,2319.1290000000004,0.036466431095406336
2664.4,2323.842,3.852,19.8,52.58,96.51,2319.1420000000003,0.03590106007067136
2664.5,2323.854,3.934,19.05,52.49,96.32,2319.154,0.03526501766784454
2664.6,2323.866,4.186,17.93,52.43,96.18,2319.166,0.03484098939929328
2664.7,2323.879,4.474,17.12,52.45,96.21,2319.179,0.03498233215547705
2664.8,2323.891,5.038,16.54,52.37,96.1,2319.1910000000003,0.03441696113074203
2664.9,2323.903,5.026,15.59,52.41,96.09,2319.203,0.03469964664310952
2665.0,2323.916,4.862,15.05,52.43,96.07,2319.2160000000003,0.03484098939929328
2665.1,2323.928,4.617,14.69,52.55,96.13,2319.228,0.03568904593639574
2665.2,2323.94,4.427,14.4,52.47,96.16,2319.2400000000002,0.03512367491166077
2665.3,2323.953,4.031,13.59,52.18,96.33,2319.253,0.03307420494699646
2665.4,2323.965,3.491,13.36,52.11,96.49,2319.2650000000003,0.032579505300353355
2665.5,2323.977,2.924,12.8,51.99,96.67,2319.277,0.031731448763250895
2665.6,2323.989,2.569,12.17,51.81,96.79,2319.289,0.03045936395759719
2665.7,2324.002,2.24,11.69,51.75,96.92,2319.302,0.030035335689045935
2665.8,2324.014,2.009,11.37,51.27,97.08,2319.3140000000003,0.026643109540636065
2665.9,2324.026,1.82,10.9,50.78,97.13,2319.326,0.023180212014134283
2666.0,2324.038,1.731,10.76,50.46,97.05,2319.338,0.020918727915194352
2666.1,2324.05,1.727,10.43,50.25,97.08,2319.3500000000004,0.019434628975265017
2666.2,2324.063,1.601,10.29,50.02,97.09,2319.3630000000003,0.017809187279151966
2666.3,2324.075,1.615,10.32,50.01,97.1,2319.375,0.017738515901060056
2666.4,2324.087,1.708,10.49,50.02,97.31,2319.387,0.017809187279151966
2666.5,2324.099,1.786,10.59,50.25,97.4,2319.3990000000003,0.019434628975265017
2666.6,2324.111,1.837,10.86,50.4,97.6,2319.411,0.0204946996466431
2666.7,2324.123,1.941,10.87,50.47,97.75,2319.4230000000002,0.02098939929328621
2666.8,2324.135,2.149,10.99,50.76,97.88,2319.4350000000004,0.023038869257950515
2666.9,2324.147,2.373,11.12,50.9,98.01,2319.447,0.02402826855123674
2667.0,2324.159,2.64,11.11,50.99,98.11,2319.4590000000003,0.024664310954063618
2667.1,2324.171,2.939,11.16,51.01,98.04,2319.471,0.024805653710247337
2667.2,2324.183,3.602,11.29,51.04,97.92,2319.483,0.025017667844522962
2667.3,2324.195,3.592,11.3,51.08,97.76,2319.4950000000003,0.02530035335689045
2667.4,2324.207,3.584,11.28,51.14,97.46,2319.507,0.0257243816254417
2667.5,2324.219,3.646,11.39,51.19,97.37,2319.5190000000002,0.026077738515901044
2667.6,2324.231,3.348,11.22,51.32,97.18,2319.5310000000004,0.02699646643109541
2667.7,2324.243,3.318,11.32,51.38,97.15,2319.543,0.02742049469964666
2667.8,2324.255,3.181,11.29,51.46,97.11,2319.5550000000003,0.027985865724381633
2667.9,2324.267,3.119,11.15,51.42,97.12,2319.567,0.027703180212014147
2668.0,2324.279,3.023,11.09,51.23,97.25,2319.579,0.02636042402826853
2668.1,2324.291,2.949,11.12,51.06,97.51,2319.5910000000003,0.02515901060070673
2668.2,2324.303,3.077,11.08,51.0,97.98,2319.603,0.024734982332155476
2668.3,2324.315,3.2,11.07,50.87,98.29,2319.6150000000002,0.023816254416961113
2668.4,2324.327,3.286,10.95,50.87,98.75,2319.6270000000004,0.023816254416961113
2668.5,2324.338,3.337,11.01,50.92,99.53,2319.6380000000004,0.024169611307420506
2668.6,2324.35,3.655,11.01,50.98,100.09,2319.65,0.02459363957597171
2668.7,2324.362,3.578,10.97,51.03,100.52,2319.6620000000003,0.024946996466431105
2668.8,2324.374,3.438,10.82,51.02,100.96,2319.674,0.024876325088339243
2668.9,2324.386,3.397,10.74,50.98,101.1,2319.686,0.02459363957597171
2669.0,2324.397,3.323,10.77,50.9,101.2,2319.697,0.02402826855123674
2669.1,2324.409,3.342,10.65,50.74,100.78,2319.7090000000003,0.0228975265017668
2669.2,2324.421,3.234,10.64,50.35,100.0,2319.721,0.020141342756183754
2669.3,2324.433,3.083,10.63,50.32,99.42,2319.733,0.01992932862190813
2669.4,2324.444,3.062,10.84,50.19,98.79,2319.744,0.019010600706713766
2669.5,2324.456,3.038,10.96,49.95,98.03,2319.7560000000003,0.017314487632508854
2669.6,2324.468,2.937,11.08,49.91,97.72,2319.768,0.01703180212014132
2669.7,2324.479,2.861,11.13,49.75,97.53,2319.779,0.015901060070671377
2669.8,2324.491,2.883,11.06,49.69,97.43,2319.791,0.015477031802120126
2669.9,2324.503,2.75,11.1,49.64,97.4,2319.8030000000003,0.015123674911660782
2670.0,2324.514,2.712,10.95,49.55,97.3,2319.8140000000003,0.014487632508833902
2670.1,2324.526,2.642,10.88,49.52,97.27,2319.826,0.014275618374558326
2670.2,2324.537,2.589,10.75,49.75,97.25,2319.837,0.015901060070671377
2670.3,2324.549,2.589,10.83,49.79,97.2,2319.849,0.016183745583038863
2670.4,2324.56,2.551,10.89,49.94,97.15,2319.86,0.017243816254416944
2670.5,2324.572,2.786,11.35,50.13,97.12,2319.8720000000003,0.01858657243816256
2670.6,2324.584,2.933,11.96,50.16,97.07,2319.884,0.018798586572438138
2670.7,2324.595,3.068,12.22,50.15,96.98,2319.895,0.01872791519434628
2670.8,2324.607,3.345,12.46,50.05,96.83,2319.907,0.018021201413427543
2670.9,2324.618,3.927,12.56,49.82,96.7,2319.918,0.01639575971731449
2671.0,2324.629,4.539,12.65,49.43,96.53,2319.929,0.013639575971731446
2671.1,2324.641,4.913,12.47,49.02,96.26,2319.9410000000003,0.010742049469964687
2671.2,2324.652,5.502,12.27,48.66,96.18,2319.952,0.00819787985865722
2671.3,2324.664,6.147,12.12,48.68,96.28,2319.9640000000004,0.008339222614840987
2671.4,2324.675,6.113,11.94,48.56,96.3,2319.9750000000004,0.007491166077738532
2671.5,2324.687,5.833,11.58,48.6,96.45,2319.987,0.007773851590106017
2671.6,2324.698,5.803,11.17,48.76,96.66,2319.998,0.008904593639575957
2671.7,2324.709,5.748,11.17,48.96,96.94,2320.009,0.010318021201413433
2671.8,2324.721,5.47,11.12,49.04,97.17,2320.021,0.010883392226148404
2671.9,2324.732,5.31,10.97,49.13,97.36,2320.032,0.011519434628975284
2672.0,2324.743,5.23,10.82,49.23,97.55,2320.043,0.01222614840989397
2672.1,2324.755,5.275,10.82,49.33,97.64,2320.0550000000003,0.01293286219081271
2672.2,2324.766,5.277,10.46,49.59,97.63,2320.0660000000003,0.014770318021201437
2672.3,2324.777,5.429,10.15,49.75,97.57,2320.077,0.015901060070671377
2672.4,2324.789,5.78,9.97,49.83,97.24,2320.0890000000004,0.01646643109540635
2672.5,2324.8,6.104,9.75,49.94,97.02,2320.1000000000004,0.017243816254416944
2672.6,2324.811,6.359,9.69,50.15,96.82,2320.1110000000003,0.01872791519434628
2672.7,2324.822,6.591,9.54,50.23,96.51,2320.1220000000003,0.01929328621908125
2672.8,2324.833,6.869,9.68,50.22,96.11,2320.1330000000003,0.01922261484098939
2672.9,2324.845,6.963,9.74,50.23,95.73,2320.145,0.01929328621908125
2673.0,2324.856,6.929,10.05,50.07,95.5,2320.1560000000004,0.01816254416961131
2673.1,2324.867,6.903,10.08,49.54,95.13,2320.1670000000004,0.014416961130742043
2673.2,2324.878,7.032,10.33,49.25,94.96,2320.1780000000003,0.012367491166077738
2673.3,2324.889,7.35,10.67,48.69,95.05,2320.1890000000003,0.008409893992932847
2673.4,2324.9,7.568,10.83,48.2,95.36,2320.2000000000003,0.0049469964664311155
2673.5,2324.911,7.467,10.74,48.03,95.66,2320.2110000000002,0.003745583038869266
2673.6,2324.922,7.551,10.85,47.87,95.98,2320.222,0.0026148409893992754
2673.7,2324.933,7.533,10.89,48.03,96.32,2320.233,0.003745583038869266
2673.8,2324.944,7.065,10.92,48.35,96.7,2320.244,0.006007067137809198
2673.9,2324.955,6.418,11.1,48.93,96.93,2320.255,0.010106007067137808
2674.0,2324.966,6.218,11.03,49.45,97.25,2320.266,0.013780918727915214
2674.1,2324.977,6.31,11.28,50.38,97.49,2320.277,0.020353356890459383
2674.2,2324.988,6.059,11.44,50.77,97.53,2320.288,0.023109540636042425
2674.3,2324.999,6.227,11.51,51.37,97.55,2320.299,0.027349823321554754
2674.4,2325.01,7.052,11.77,51.52,97.56,2320.3100000000004,0.028409893992932884
2674.5,2325.02,8.23,11.89,51.69,97.54,2320.32,0.029611307420494684
2674.6,2325.031,9.267,11.92,51.86,97.51,2320.331,0.030812720848056533
2674.7,2325.042,10.34,12.46,52.07,97.46,2320.342,0.03229681978798587
2674.8,2325.053,12.051,12.67,52.13,97.42,2320.353,0.03272084805653712
2674.9,2325.064,13.485,13.05,51.9,97.35,2320.364,0.03109540636042402
2675.0,2325.074,12.627,13.56,52.02,97.18,2320.3740000000003,0.031943462897526524
2675.1,2325.085,11.704,14.07,51.99,96.97,2320.385,0.031731448763250895
2675.2,2325.096,11.335,14.41,51.82,96.83,2320.396,0.030530035335689047
2675.3,2325.107,10.588,14.57,51.12,96.7,2320.407,0.025583038869257932
2675.4,2325.117,9.935,14.17,50.77,96.61,2320.4170000000004,0.023109540636042425
2675.5,2325.128,9.622,14.17,50.7,96.65,2320.4280000000003,0.022614840989399313
2675.6,2325.138,9.532,14.05,50.62,96.91,2320.438,0.02204946996466429
2675.7,2325.149,9.386,13.26,50.58,97.39,2320.449,0.02176678445229681
2675.8,2325.16,9.538,13.0,50.34,97.63,2320.46,0.020070671378091896
2675.9,2325.17,9.924,12.78,50.8,97.88,2320.4700000000003,0.023321554770318
2676.0,2325.181,10.244,12.89,50.89,98.16,2320.481,0.02395759717314488
2676.1,2325.191,10.475,12.71,51.03,98.28,2320.491,0.024946996466431105
2676.2,2325.202,10.821,12.85,51.01,98.13,2320.5020000000004,0.024805653710247337
2676.3,2325.212,11.379,12.97,50.87,98.01,2320.512,0.023816254416961113
2676.4,2325.223,11.257,13.25,50.99,97.87,2320.523,0.024664310954063618
2676.5,2325.233,11.175,13.47,50.61,97.77,2320.5330000000004,0.021978798586572434
2676.6,2325.244,11.222,13.57,50.21,97.63,2320.5440000000003,0.019151943462897534
2676.7,2325.254,10.958,13.56,49.82,97.37,2320.554,0.01639575971731449
2676.8,2325.265,10.372,13.74,49.79,97.34,2320.565,0.016183745583038863
2676.9,2325.275,9.786,14.02,49.35,97.31,2320.5750000000003,0.013074204946996477
2677.0,2325.285,9.508,13.94,49.23,97.19,2320.585,0.01222614840989397
2677.1,2325.296,9.442,14.18,49.09,96.96,2320.596,0.011236749116607799
2677.2,2325.306,9.13,14.53,49.18,96.76,2320.606,0.011872791519434626
2677.3,2325.316,8.908,14.95,49.5,96.46,2320.616,0.014134275618374558
2677.4,2325.327,8.943,14.77,49.46,96.27,2320.6270000000004,0.013851590106007073
2677.5,2325.337,9.176,14.46,49.83,95.95,2320.637,0.01646643109540635
2677.6,2325.347,9.148,13.98,50.0,95.69,2320.6470000000004,0.0176678445229682
2677.7,2325.357,9.021,13.82,50.12,95.54,2320.657,0.018515901060070655
2677.8,2325.368,8.975,13.35,50.0,95.41,2320.668,0.0176678445229682
2677.9,2325.378,9.203,13.63,50.24,95.45,2320.6780000000003,0.01936395759717316
2678.0,2325.388,9.095,13.14,49.9,95.5,2320.688,0.01696113074204946
2678.1,2325.398,8.802,13.04,50.08,95.49,2320.6980000000003,0.018233215547703168
2678.2,2325.408,8.749,12.99,49.64,95.51,2320.708,0.015123674911660782
2678.3,2325.418,8.666,13.07,49.52,95.54,2320.7180000000003,0.014275618374558326
2678.4,2325.429,8.528,13.15,49.84,95.37,2320.7290000000003,0.016537102473498256
2678.5,2325.439,8.013,13.25,49.99,95.26,2320.739,0.01759717314487634
2678.6,2325.449,7.727,13.45,50.15,95.2,2320.7490000000003,0.01872791519434628
2678.7,2325.459,7.622,13.63,50.51,95.21,2320.759,0.021272084805653697
2678.8,2325.469,7.559,14.22,50.54,95.19,2320.7690000000002,0.021484098939929322
2678.9,2325.479,6.81,14.06,50.37,95.26,2320.779,0.020282685512367473
2679.0,2325.489,6.642,15.0,50.12,95.35,2320.789,0.018515901060070655
2679.1,2325.499,5.732,15.06,49.78,95.54,2320.799,0.016113074204947005
2679.2,2325.509,4.823,14.98,49.44,95.66,2320.809,0.013710247349823306
2679.3,2325.519,3.888,14.93,48.97,95.75,2320.819,0.010388692579505292
2679.4,2325.529,3.463,15.05,48.75,96.02,2320.829,0.0088339222614841
2679.5,2325.538,3.14,15.06,48.48,96.07,2320.838,0.0069257950530035115
2679.6,2325.548,2.817,15.04,48.42,96.16,2320.848,0.006501766784452309
2679.7,2325.558,2.654,15.05,48.44,96.26,2320.858,0.006643109540636027
2679.8,2325.568,2.561,15.26,49.26,96.35,2320.8680000000004,0.012438162544169597
2679.9,2325.578,2.639,15.04,49.54,96.3,2320.878,0.014416961130742043
2680.0,2325.588,2.693,14.43,50.72,96.47,2320.8880000000004,0.022756183745583032
2680.1,2325.597,2.753,14.01,50.81,96.36,2320.8970000000004,0.02339222614840991
2680.2,2325.607,2.864,13.82,51.23,96.3,2320.907,0.02636042402826853
2680.3,2325.617,3.097,13.99,51.61,96.27,2320.9170000000004,0.029045936395759715
2680.4,2325.627,3.115,13.64,51.65,96.06,2320.927,0.029328621908127198
2680.5,2325.636,3.125,13.52,51.16,95.98,2320.936,0.02586572438162542
2680.6,2325.646,3.161,13.72,51.02,95.93,2320.9460000000004,0.024876325088339243
2680.7,2325.656,3.208,13.89,50.92,95.99,2320.956,0.024169611307420506
2680.8,2325.665,3.308,13.83,50.77,95.94,2320.965,0.023109540636042425
2680.9,2325.675,3.189,13.97,50.61,96.07,2320.9750000000004,0.021978798586572434
2681.0,2325.684,3.14,14.23,50.29,96.19,2320.9840000000004,0.019717314487632503
2681.1,2325.694,2.981,14.27,50.7,96.38,2320.994,0.022614840989399313
2681.2,2325.704,2.93,14.53,50.91,96.46,2321.0040000000004,0.024098939929328596
2681.3,2325.713,2.805,15.07,50.61,96.64,2321.0130000000004,0.021978798586572434
2681.4,2325.723,2.716,15.6,50.62,96.77,2321.023,0.02204946996466429
2681.5,2325.732,2.683,15.98,51.44,96.7,2321.032,0.027844522968197862
2681.6,2325.742,2.658,16.3,51.38,96.54,2321.0420000000004,0.02742049469964666
2681.7,2325.751,2.652,16.74,51.13,96.35,2321.0510000000004,0.02565371024734984
2681.8,2325.761,2.669,17.23,50.69,96.2,2321.061,0.022544169611307403
2681.9,2325.77,2.712,16.94,50.76,95.99,2321.07,0.023038869257950515
2682.0,2325.779,2.812,16.7,50.65,95.93,2321.079,0.02226148409893992
2682.1,2325.789,3.012,16.46,50.35,95.96,2321.0890000000004,0.020141342756183754
2682.2,2325.798,3.1,16.42,50.19,96.01,2321.098,0.019010600706713766
2682.3,2325.807,3.259,16.09,50.66,96.11,2321.107,0.022332155477031778
2682.4,2325.817,3.456,16.13,50.42,96.21,2321.117,0.020636042402826866
2682.5,2325.826,3.513,16.36,50.22,96.4,2321.126,0.01922261484098939
2682.6,2325.835,3.495,16.45,50.11,96.52,2321.135,0.018445229681978793
2682.7,2325.845,3.608,16.56,50.05,96.64,2321.145,0.018021201413427543
2682.8,2325.854,3.694,16.64,50.39,96.72,2321.154,0.02042402826855124
2682.9,2325.863,3.658,16.68,50.46,96.65,2321.163,0.020918727915194352
2683.0,2325.872,3.623,16.44,50.62,96.66,2321.172,0.02204946996466429
2683.1,2325.882,3.636,16.41,50.93,96.7,2321.1820000000002,0.024240282685512364
2683.2,2325.891,3.515,16.45,51.17,96.73,2321.1910000000003,0.025936395759717328
2683.3,2325.9,3.309,16.53,51.49,96.61,2321.2000000000003,0.02819787985865726
2683.4,2325.909,3.158,16.41,51.12,96.69,2321.2090000000003,0.025583038869257932
2683.5,2325.918,3.096,16.15,50.94,96.69,2321.2180000000003,0.024310954063604225
2683.6,2325.927,2.989,16.4,50.79,96.69,2321.2270000000003,0.023250883392226144
2683.7,2325.936,2.904,16.45,49.75,96.51,2321.2360000000003,0.015901060070671377
2683.8,2325.945,2.897,16.52,49.49,96.49,2321.2450000000003,0.0140636042402827
2683.9,2325.954,2.91,16.51,49.05,96.44,2321.2540000000004,0.010954063604240262
2684.0,2325.963,2.943,16.67,48.83,96.39,2321.2630000000004,0.009399293286219069
2684.1,2325.973,2.984,17.31,48.52,96.27,2321.273,0.007208480565371047
2684.2,2325.981,3.089,17.54,48.43,96.23,2321.2810000000004,0.006572438162544167
2684.3,2325.99,3.106,17.79,48.05,96.19,2321.29,0.0038869257950529834
2684.4,2325.999,3.144,18.37,48.06,96.1,2321.299,0.003957597173144893
2684.5,2326.008,2.97,18.87,48.57,97.44,2321.308,0.007561837455830391
2684.6,2326.017,3.121,18.94,48.48,97.76,2321.317,0.0069257950530035115
2684.7,2326.026,3.078,19.06,49.21,99.24,2321.326,0.012084805653710253
2684.8,2326.035,3.068,19.19,48.9,99.43,2321.335,0.00989399293286218
2684.9,2326.044,3.163,19.24,49.1,100.09,2321.344,0.011307420494699657
2685.0,2326.053,3.157,19.31,48.79,99.86,2321.353,0.009116607773851584
2685.1,2326.061,3.325,19.32,48.22,99.76,2321.3610000000003,0.005088339222614833
2685.2,2326.07,3.255,19.48,48.3,99.11,2321.3700000000003,0.005653710247349803
2685.3,2326.079,3.229,19.68,48.21,98.72,2321.3790000000004,0.005017667844522974
2685.4,2326.088,3.085,19.42,49.04,98.23,2321.3880000000004,0.010883392226148404
2685.5,2326.097,3.138,19.55,48.59,96.2,2321.3970000000004,0.007703180212014158
2685.6,2326.105,2.838,19.44,49.6,96.16,2321.405,0.014840989399293297
2685.7,2326.114,2.737,19.09,50.08,96.1,2321.414,0.018233215547703168
2685.8,2326.123,2.73,19.08,51.32,96.06,2321.4230000000002,0.02699646643109541
2685.9,2326.131,2.716,18.79,51.48,96.2,2321.431,0.02812720848056535
2686.0,2326.14,2.846,18.76,52.36,96.39,2321.44,0.03434628975265017
2686.1,2326.149,2.984,18.73,52.11,96.58,2321.449,0.032579505300353355
2686.2,2326.157,3.324,18.54,52.04,96.63,2321.4570000000003,0.03208480565371024
2686.3,2326.166,3.578,18.49,51.15,96.63,2321.4660000000003,0.025795053003533557
2686.4,2326.174,3.888,18.44,50.63,96.82,2321.474,0.0221201413427562
2686.5,2326.183,4.052,18.23,50.41,96.79,2321.483,0.02056537102473496
2686.6,2326.191,4.341,18.11,49.53,96.58,2321.491,0.014346289752650185
2686.7,2326.2,4.395,18.08,49.0,96.48,2321.5,0.01060070671378092
2686.8,2326.208,4.439,18.05,48.74,96.42,2321.5080000000003,0.00876325088339224
2686.9,2326.217,4.469,17.44,48.24,96.29,2321.5170000000003,0.0052296819787986
2687.0,2326.225,4.559,17.86,47.91,96.37,2321.525,0.00289752650176676
2687.1,2326.234,4.548,18.17,47.59,96.36,2321.534,0.0006360424028268792
2687.2,2326.242,4.491,19.28,48.42,96.56,2321.5420000000004,0.006501766784452309
2687.3,2326.25,3.974,19.53,48.89,96.71,2321.55,0.009823321554770323
2687.4,2326.259,4.03,19.79,48.78,96.77,2321.559,0.009045936395759725
2687.5,2326.267,3.867,19.34,49.27,96.83,2321.567,0.012508833922261505
2687.6,2326.276,3.493,19.29,50.07,97.01,2321.576,0.01816254416961131
2687.7,2326.284,3.389,19.02,50.42,97.0,2321.5840000000003,0.020636042402826866
2687.8,2326.292,3.415,18.64,50.44,97.0,2321.592,0.020777385159010585
2687.9,2326.3,3.466,18.52,50.01,96.87,2321.6000000000004,0.017738515901060056
2688.0,2326.309,3.55,18.48,50.58,96.83,2321.6090000000004,0.02176678445229681
2688.1,2326.317,3.852,18.56,52.07,96.71,2321.617,0.03229681978798587
2688.2,2326.325,4.113,18.42,52.21,96.63,2321.625,0.03328621908127209
2688.3,2326.333,4.886,18.46,52.38,96.59,2321.6330000000003,0.03448763250883394
2688.4,2326.341,4.995,18.51,52.7,96.54,2321.641,0.03674911660777387
2688.5,2326.35,5.294,18.76,53.93,96.47,2321.65,0.0454416961130742
2688.6,2326.358,5.742,18.53,53.93,96.56,2321.6580000000004,0.0454416961130742
2688.7,2326.366,5.63,18.35,53.97,96.56,2321.666,0.045724381625441686
2688.8,2326.374,5.667,18.35,53.32,96.68,2321.674,0.04113074204946997
2688.9,2326.382,5.51,18.76,54.0,96.81,2321.6820000000002,0.045936395759717315
2689.0,2326.39,5.255,18.82,53.4,96.85,2321.69,0.041696113074204934
2689.1,2326.398,5.105,18.96,51.97,96.94,2321.6980000000003,0.03159010600706713
2689.2,2326.406,5.059,19.28,51.97,96.94,2321.706,0.03159010600706713
2689.3,2326.414,4.838,19.48,51.93,96.95,2321.7140000000004,0.031307420494699645
2689.4,2326.422,4.689,19.53,52.09,96.68,2321.722,0.03243816254416963
2689.5,2326.43,4.087,18.99,52.16,96.61,2321.73,0.0329328621908127
2689.6,2326.438,3.842,18.64,52.29,96.41,2321.7380000000003,0.03385159010600706
2689.7,2326.446,3.933,18.41,52.16,96.42,2321.746,0.0329328621908127
2689.8,2326.454,3.694,18.12,52.24,96.22,2321.7540000000004,0.033498233215547714
2689.9,2326.462,3.398,17.16,52.09,96.35,2321.762,0.03243816254416963
2690.0,2326.47,3.48,17.05,51.9,96.39,2321.77,0.03109540636042402
2690.1,2326.478,3.65,17.16,51.92,96.36,2321.7780000000002,0.031236749116607787
2690.2,2326.485,3.59,17.44,51.91,96.37,2321.7850000000003,0.031166077738515877
2690.3,2326.493,3.597,17.85,51.91,96.37,2321.793,0.031166077738515877
2690.4,2326.501,3.676,18.11,51.82,96.55,2321.8010000000004,0.030530035335689047
2690.5,2326.509,4.127,18.44,51.83,96.52,2321.809,0.030600706713780908
2690.6,2326.517,4.337,19.1,51.85,96.48,2321.817,0.030742049469964675
2690.7,2326.524,4.278,19.13,51.84,96.51,2321.824,0.030671378091872814
2690.8,2326.532,4.571,19.34,51.56,96.52,2321.8320000000003,0.02869257950530037
2690.9,2326.54,4.983,19.52,51.47,96.49,2321.84,0.02805653710247349
2691.0,2326.547,5.083,19.66,50.71,96.52,2321.847,0.02268551236749117
2691.1,2326.555,5.128,19.34,50.15,96.62,2321.855,0.01872791519434628
2691.2,2326.563,5.174,19.26,49.86,96.55,2321.8630000000003,0.016678445229681975
2691.3,2326.57,5.069,18.88,49.5,96.54,2321.8700000000003,0.014134275618374558
2691.4,2326.578,4.876,18.63,48.23,96.67,2321.878,0.005159010600706691
2691.5,2326.585,4.753,18.31,47.2,96.68,2321.885,0.0
2691.6,2326.593,4.594,17.93,48.41,96.78,2321.893,0.0064310954063604
2691.7,2326.601,4.547,17.47,48.88,96.93,2321.9010000000003,0.009752650176678463
2691.8,2326.608,4.44,17.3,48.9,97.02,2321.9080000000004,0.00989399293286218
2691.9,2326.616,4.427,17.04,49.08,97.02,2321.916,0.011166077738515889
2692.0,2326.623,4.464,16.77,49.45,97.02,2321.9230000000002,0.013780918727915214
2692.1,2326.63,4.328,16.89,49.38,96.99,2321.9300000000003,0.013286219081272102
2692.2,2326.638,4.085,16.93,49.31,97.0,2321.938,0.012791519434628992
2692.3,2326.645,4.046,17.03,49.2,97.0,2321.945,0.012014134275618395
2692.4,2326.653,4.02,16.95,49.4,96.95,2321.953,0.013427561837455821
2692.5,2326.66,4.061,17.24,49.26,96.95,2321.96,0.012438162544169597
2692.6,2326.668,4.1,17.26,49.19,96.97,2321.9680000000003,0.011943462897526486
2692.7,2326.675,4.259,17.33,49.73,96.9,2321.9750000000004,0.01575971731448761
2692.8,2326.682,4.507,17.07,50.62,96.66,2321.982,0.02204946996466429
2692.9,2326.69,4.819,17.38,51.01,96.64,2321.9900000000002,0.024805653710247337
2693.0,2326.697,5.142,17.55,51.58,96.56,2321.9970000000003,0.028833922261484086
2693.1,2326.704,5.628,17.47,52.5,96.47,2322.0040000000004,0.0353356890459364
2693.2,2326.711,6.473,17.59,51.76,96.56,2322.011,0.030106007067137796
2693.3,2326.719,6.613,17.74,51.67,96.54,2322.0190000000002,0.029469964664310965
2693.4,2326.726,6.825,17.95,50.97,96.68,2322.0260000000003,0.02452296819787985
2693.5,2326.733,6.994,17.8,50.81,96.84,2322.0330000000004,0.02339222614840991
2693.6,2326.74,7.344,17.69,49.98,97.01,2322.04,0.01752650176678443
2693.7,2326.747,7.629,17.68,49.83,97.09,2322.047,0.01646643109540635
2693.8,2326.754,7.775,17.84,49.75,97.23,2322.054,0.015901060070671377
2693.9,2326.762,8.041,17.64,49.7,97.25,2322.0620000000004,0.015547703180212034
2694.0,2326.769,8.284,17.7,49.4,97.24,2322.069,0.013427561837455821
2694.1,2326.776,8.378,17.87,49.75,97.18,2322.076,0.015901060070671377
2694.2,2326.783,8.407,17.88,50.08,97.1,2322.083,0.018233215547703168
2694.3,2326.79,8.457,17.98,50.15,97.06,2322.09,0.01872791519434628
2694.4,2326.797,8.448,17.98,50.29,96.94,2322.097,0.019717314487632503
2694.5,2326.804,8.494,17.99,50.31,96.87,2322.1040000000003,0.01985865724381627
2694.6,2326.811,8.544,17.5,50.7,96.81,2322.1110000000003,0.022614840989399313
2694.7,2326.818,8.479,17.4,50.6,96.83,2322.1180000000004,0.021908127208480576
2694.8,2326.825,8.516,17.18,50.37,96.84,2322.125,0.020282685512367473
2694.9,2326.832,8.428,17.04,50.52,96.86,2322.132,0.021342756183745606
2695.0,2326.839,8.123,17.0,51.26,96.87,2322.139,0.026572438162544156
2695.1,2326.845,8.053,16.92,51.2,96.84,2322.145,0.026148409893992954
2695.2,2326.852,8.055,17.34,51.38,96.83,2322.152,0.02742049469964666
2695.3,2326.859,7.544,17.78,51.56,96.81,2322.159,0.02869257950530037
2695.4,2326.866,7.603,18.16,52.23,96.77,2322.166,0.03342756183745581
2695.5,2326.873,7.733,18.15,52.31,96.72,2322.1730000000002,0.03399293286219083
2695.6,2326.88,8.095,18.84,52.26,96.71,2322.1800000000003,0.033639575971731436
2695.7,2326.886,8.189,18.7,52.35,96.72,2322.186,0.034275618374558316
2695.8,2326.893,8.414,18.68,52.34,96.75,2322.193,0.03420494699646646
2695.9,2326.9,8.973,18.72,51.84,96.72,2322.2000000000003,0.030671378091872814
2696.0,2326.907,9.426,18.6,51.53,96.76,2322.2070000000003,0.02848056537102474
2696.1,2326.913,9.351,18.59,50.87,96.72,2322.213,0.023816254416961113
2696.2,2326.92,9.247,18.54,50.57,96.61,2322.2200000000003,0.02169611307420495
2696.3,2326.927,9.601,18.56,50.35,96.58,2322.2270000000003,0.020141342756183754
2696.4,2326.933,9.235,18.43,50.24,96.51,2322.233,0.01936395759717316
2696.5,2326.94,9.143,18.46,49.98,96.44,2322.2400000000002,0.01752650176678443
2696.6,2326.946,6.65,18.43,50.11,96.38,2322.246,0.018445229681978793
2696.7,2326.953,6.173,18.33,50.31,96.41,2322.253,0.01985865724381627
2696.8,2326.96,5.879,18.34,50.82,96.48,2322.26,0.02346289752650177
2696.9,2326.966,4.438,18.19,51.28,96.53,2322.266,0.026713780918727923
2697.0,2326.973,3.982,17.86,51.41,96.48,2322.273,0.027632508833922237
2697.1,2326.979,4.662,17.88,51.87,96.5,2322.279,0.03088339222614839
2697.2,2326.986,4.876,17.8,51.97,96.57,2322.286,0.03159010600706713
2697.3,2326.992,4.776,17.79,51.87,96.54,2322.2920000000004,0.03088339222614839
2697.4,2326.999,5.272,18.02,51.94,96.49,2322.299,0.0313780918727915
2697.5,2327.005,6.1,18.06,51.86,96.46,2322.3050000000003,0.030812720848056533
2697.6,2327.011,8.607,18.31,51.77,96.55,2322.311,0.030176678445229706
2697.7,2327.018,6.523,18.72,51.75,96.54,2322.318,0.030035335689045935
2697.8,2327.024,5.955,18.87,51.54,96.6,2322.324,0.028551236749116603
2697.9,2327.03,6.767,19.12,51.54,96.6,2322.3300000000004,0.028551236749116603
2698.0,2327.037,5.793,19.64,51.56,96.72,2322.337,0.02869257950530037
2698.1,2327.043,4.24,19.44,51.38,96.85,2322.3430000000003,0.02742049469964666
2698.2,2327.049,4.176,19.54,51.34,96.84,2322.349,0.027137809187279177
2698.3,2327.056,5.039,19.43,51.3,96.89,2322.356,0.026855123674911642
2698.4,2327.062,5.803,19.13,51.24,96.93,2322.362,0.026431095406360437
2698.5,2327.068,6.532,19.06,51.03,97.02,2322.3680000000004,0.024946996466431105
2698.6,2327.074,7.3,18.6,50.96,97.05,2322.3740000000003,0.024452296819787993
2698.7,2327.081,11.814,18.37,51.01,97.03,2322.3810000000003,0.024805653710247337
2698.8,2327.087,11.957,18.15,50.83,97.05,2322.387,0.023533568904593627
2698.9,2327.093,12.339,17.71,50.76,97.04,2322.393,0.023038869257950515
2699.0,2327.099,12.461,17.42,50.87,96.98,2322.3990000000003,0.023816254416961113
2699.1,2327.105,12.342,17.35,51.06,96.89,2322.405,0.02515901060070673
2699.2,2327.111,11.711,17.19,50.9,96.95,2322.411,0.02402826855123674
2699.3,2327.117,11.372,17.16,50.76,97.03,2322.4170000000004,0.023038869257950515
2699.4,2327.123,11.28,17.1,50.82,97.06,2322.4230000000002,0.02346289752650177
2699.5,2327.129,11.072,17.04,50.94,97.05,2322.429,0.024310954063604225
2699.6,2327.135,10.808,17.33,50.91,97.09,2322.4350000000004,0.024098939929328596
2699.7,2327.141,10.938,17.09,50.71,97.26,2322.4410000000003,0.02268551236749117
2699.8,2327.147,11.248,17.02,50.88,97.21,2322.447,0.023886925795053023
2699.9,2327.153,11.597,16.91,51.02,97.17,2322.453,0.024876325088339243
2700.0,2327.159,12.268,16.88,51.04,97.15,2322.4590000000003,0.025017667844522962
2700.1,2327.165,12.602,16.57,50.96,97.18,2322.465,0.024452296819787993
2700.2,2327.171,13.15,16.17,51.08,97.14,2322.471,0.02530035335689045
2700.3,2327.177,13.204,16.02,51.19,97.11,2322.4770000000003,0.026077738515901044
2700.4,2327.183,13.143,16.03,50.81,97.0,2322.483,0.02339222614840991
2700.5,2327.189,13.308,16.1,50.51,97.02,2322.489,0.021272084805653697
2700.6,2327.194,13.175,15.99,50.35,96.99,2322.494,0.020141342756183754
2700.7,2327.2,13.013,16.43,50.29,96.89,2322.5,0.019717314487632503
2700.8,2327.206,13.109,16.54,50.2,96.83,2322.5060000000003,0.019081272084805673
2700.9,2327.212,13.296,16.7,50.1,96.82,2322.512,0.018374558303886936
2701.0,2327.217,12.985,16.66,50.46,96.86,2322.5170000000003,0.020918727915194352
2701.1,2327.223,13.105,16.64,51.06,96.81,2322.523,0.02515901060070673
2701.2,2327.229,13.006,16.92,51.31,96.82,2322.529,0.02692579505300355
2701.3,2327.234,12.923,16.87,51.48,96.85,2322.534,0.02812720848056535
2701.4,2327.24,12.529,17.47,52.04,96.97,2322.54,0.03208480565371024
2701.5,2327.245,12.152,17.66,52.27,96.81,2322.545,0.03371024734982334
2701.6,2327.251,12.054,17.85,52.16,96.8,2322.5510000000004,0.0329328621908127
2701.7,2327.256,12.021,17.97,51.8,96.75,2322.556,0.03038869257950528
2701.8,2327.262,12.018,18.1,51.37,96.7,2322.5620000000004,0.027349823321554754
2701.9,2327.267,12.09,18.14,51.21,96.57,2322.567,0.02621908127208481
2702.0,2327.273,12.37,17.86,50.65,96.47,2322.5730000000003,0.02226148409893992
2702.1,2327.278,12.723,17.64,50.3,96.5,2322.578,0.01978798586572436
2702.2,2327.283,13.302,17.6,50.19,96.49,2322.583,0.019010600706713766
2702.3,2327.289,13.683,17.55,50.22,96.47,2322.5890000000004,0.01922261484098939
2702.4,2327.294,14.278,16.78,50.12,96.56,2322.594,0.018515901060070655
2702.5,2327.299,14.454,16.57,50.26,96.68,2322.599,0.019505300353356875
2702.6,2327.304,14.707,16.82,50.4,96.78,2322.6040000000003,0.0204946996466431
2702.7,2327.31,14.95,16.68,50.57,96.84,2322.61,0.02169611307420495
2702.8,2327.315,14.921,16.58,50.71,96.87,2322.6150000000002,0.02268551236749117
2702.9,2327.32,15.023,16.39,50.8,96.96,2322.6200000000003,0.023321554770318
2703.0,2327.325,15.151,16.51,50.74,97.02,2322.625,0.0228975265017668
2703.1,2327.33,15.501,16.7,50.83,96.95,2322.63,0.023533568904593627
2703.2,2327.335,15.356,16.31,50.83,96.92,2322.635,0.023533568904593627
2703.3,2327.34,15.404,16.63,50.59,96.89,2322.6400000000003,0.021837455830388718
2703.4,2327.345,15.296,17.26,50.71,96.84,2322.645,0.02268551236749117
2703.5,2327.35,15.335,17.57,50.36,96.83,2322.65,0.020212014134275615
2703.6,2327.355,14.364,17.4,50.39,96.8,2322.655,0.02042402826855124
2703.7,2327.36,13.58,17.4,50.46,96.82,2322.6600000000003,0.020918727915194352
2703.8,2327.365,13.11,17.47,50.49,96.87,2322.665,0.021130742049469978
2703.9,2327.37,13.056,17.51,49.95,96.84,2322.67,0.017314487632508854
2704.0,2327.375,12.629,17.26,50.06,96.85,2322.675,0.01809187279151945
2704.1,2327.38,12.463,17.24,50.13,96.85,2322.6800000000003,0.01858657243816256
2704.2,2327.384,12.874,17.63,49.87,96.85,2322.684,0.016749116607773833
2704.3,2327.389,13.343,17.57,49.54,96.9,2322.6890000000003,0.014416961130742043
2704.4,2327.394,13.529,17.34,49.2,96.9,2322.694,0.012014134275618395
2704.5,2327.399,13.848,17.46,49.39,96.93,2322.699,0.013356890459363962
2704.6,2327.403,14.625,17.95,49.39,96.94,2322.703,0.013356890459363962
2704.7,2327.408,14.793,18.11,49.13,96.98,2322.708,0.011519434628975284
2704.8,2327.413,14.687,17.89,49.25,96.97,2322.713,0.012367491166077738
2704.9,2327.417,7.56,18.0,49.76,96.98,2322.717,0.015971731448763238
2705.0,2327.422,7.118,18.23,50.26,96.94,2322.722,0.019505300353356875
2705.1,2327.427,6.163,18.13,50.63,96.92,2322.7270000000003,0.0221201413427562
2705.2,2327.431,5.834,18.11,51.21,96.9,2322.731,0.02621908127208481
2705.3,2327.436,5.258,18.24,51.72,96.82,2322.7360000000003,0.02982332155477031
2705.4,2327.44,6.088,18.63,52.2,96.83,2322.7400000000002,0.033215547703180234
2705.5,2327.445,7.026,18.76,52.25,96.83,2322.7450000000003,0.03356890459363958
2705.6,2327.449,7.976,18.79,52.13,96.9,2322.7490000000003,0.03272084805653712
2705.7,2327.453,8.869,18.81,52.12,96.92,2322.753,0.03265017667844521
2705.8,2327.458,9.909,18.79,51.73,96.92,2322.7580000000003,0.029893992932862167
2705.9,2327.462,17.723,18.84,51.63,96.94,2322.762,0.029187279151943482
2706.0,2327.466,16.278,19.1,50.91,96.94,2322.766,0.024098939929328596
2706.1,2327.471,15.326,19.19,50.6,96.84,2322.771,0.021908127208480576
2706.2,2327.475,14.265,18.97,49.88,96.79,2322.775,0.016819787985865742
2706.3,2327.479,14.227,19.13,49.45,96.78,2322.779,0.013780918727915214
2706.4,2327.483,12.101,18.8,49.27,96.75,2322.7830000000004,0.012508833922261505
2706.5,2327.488,11.126,18.37,49.14,96.72,2322.788,0.011590106007067141
2706.6,2327.492,10.567,17.32,49.37,96.63,2322.7920000000004,0.013215547703180194
2706.7,2327.496,10.011,16.9,49.18,96.71,2322.7960000000003,0.011872791519434626
2706.8,2327.5,8.029,16.45,49.69,96.74,2322.8,0.015477031802120126
2706.9,2327.504,6.414,15.83,49.58,96.68,2322.804,0.01469964664310953
2707.0,2327.508,5.62,15.03,49.65,96.65,2322.808,0.01519434628975264
2707.1,2327.512,5.014,16.01,49.59,96.66,2322.8120000000004,0.014770318021201437
2707.2,2327.516,4.772,16.23,49.4,96.64,2322.8160000000003,0.013427561837455821
2707.3,2327.52,4.199,17.02,49.47,96.58,2322.82,0.013922261484098931
2707.4,2327.524,4.449,17.46,49.2,96.49,2322.824,0.012014134275618395
2707.5,2327.528,5.053,17.83,49.31,96.42,2322.828,0.012791519434628992
2707.6,2327.532,5.076,18.57,49.06,96.39,2322.8320000000003,0.011024734982332172
2707.7,2327.536,5.439,19.16,49.47,96.34,2322.8360000000002,0.013922261484098931
2707.8,2327.539,5.887,19.77,49.42,96.29,2322.8390000000004,0.013568904593639589
2707.9,2327.543,6.216,20.14,49.9,96.22,2322.8430000000003,0.01696113074204946
2708.0,2327.547,6.246,20.32,50.06,96.18,2322.847,0.01809187279151945
2708.1,2327.551,6.336,20.58,50.28,96.14,2322.851,0.019646643109540646
2708.2,2327.554,6.556,21.02,50.62,96.09,2322.8540000000003,0.02204946996466429
2708.3,2327.558,6.812,20.72,50.59,96.0,2322.858,0.021837455830388718
2708.4,2327.562,7.255,20.39,50.86,96.07,2322.862,0.023745583038869252
2708.5,2327.565,7.597,20.2,50.99,96.14,2322.8650000000002,0.024664310954063618
2708.6,2327.569,8.477,19.78,50.75,96.24,2322.869,0.022968197879858657
2708.7,2327.573,8.554,19.4,50.72,96.25,2322.873,0.022756183745583032
2708.8,2327.576,8.762,18.93,50.85,96.27,2322.876,0.023674911660777394
2708.9,2327.58,8.437,18.83,50.54,96.37,2322.88,0.021484098939929322
2709.0,2327.583,8.254,18.61,50.7,96.39,2322.8830000000003,0.022614840989399313
2709.1,2327.587,8.102,18.28,50.54,96.36,2322.887,0.021484098939929322
2709.2,2327.59,7.709,17.93,50.77,96.37,2322.8900000000003,0.023109540636042425
2709.3,2327.594,7.366,17.52,50.33,96.39,2322.8940000000002,0.019999999999999987
2709.4,2327.597,7.163,17.58,50.22,96.42,2322.8970000000004,0.01922261484098939
2709.5,2327.6,6.916,17.35,50.46,96.48,2322.9,0.020918727915194352
2709.6,2327.604,6.735,17.1,50.95,96.56,2322.904,0.02438162544169613
2709.7,2327.607,6.468,16.87,50.53,96.58,2322.907,0.021413427561837464
2709.8,2327.61,6.484,16.84,50.87,96.57,2322.9100000000003,0.023816254416961113
2709.9,2327.614,6.902,16.7,50.87,96.57,2322.914,0.023816254416961113
2710.0,2327.617,6.843,16.49,50.74,96.42,2322.9170000000004,0.0228975265017668
2710.1,2327.62,6.719,16.4,50.44,96.36,2322.92,0.020777385159010585
2710.2,2327.623,6.924,16.4,49.84,96.15,2322.9230000000002,0.016537102473498256
2710.3,2327.626,7.315,16.33,50.05,96.01,2322.9260000000004,0.018021201413427543
2710.4,2327.629,7.35,16.05,49.53,95.82,2322.929,0.014346289752650185
2710.5,2327.633,7.145,15.84,48.87,95.52,2322.933,0.009681978798586554
2710.6,2327.636,7.052,15.65,48.62,95.4,2322.936,0.007915194346289735
2710.7,2327.639,7.082,15.44,48.4,95.32,2322.9390000000003,0.006360424028268541
2710.8,2327.642,6.898,14.99,47.8,95.22,2322.942,0.0021201413427561636
2710.9,2327.645,6.355,14.59,47.49,95.15,2322.945,0.0
2711.0,2327.648,6.463,14.36,46.76,95.17,2322.9480000000003,0.0
2711.1,2327.651,6.455,14.27,47.23,95.36,2322.951,0.0
2711.2,2327.653,6.528,13.85,47.36,95.56,2322.953,0.0
2711.3,2327.656,6.467,13.92,47.4,95.49,2322.956,0.0
2711.4,2327.659,6.535,13.9,47.86,95.49,2322.9590000000003,0.0025441696113074164
2711.5,2327.662,6.603,13.92,48.26,95.48,2322.962,0.005371024734982318
2711.6,2327.665,6.517,14.05,48.95,95.4,2322.965,0.010247349823321575
2711.7,2327.668,6.55,14.06,49.29,95.19,2322.9680000000003,0.012650176678445224
2711.8,2327.67,6.533,14.31,48.96,95.2,2322.9700000000003,0.010318021201413433
2711.9,2327.673,6.597,14.44,49.05,95.13,2322.973,0.010954063604240262
2712.0,2327.676,6.649,14.62,49.32,95.13,2322.976,0.01286219081272085
2712.1,2327.678,6.838,14.68,48.88,95.12,2322.978,0.009752650176678463
2712.2,2327.681,6.92,15.17,48.24,95.3,2322.981,0.0052296819787986
2712.3,2327.684,6.902,15.43,47.71,95.57,2322.9840000000004,0.0014840989399293346
2712.4,2327.686,7.137,15.55,47.93,95.33,2322.9860000000003,0.003038869257950528
2712.5,2327.689,7.288,15.51,48.15,95.42,2322.989,0.004593639575971722
2712.6,2327.691,7.364,15.63,47.73,95.07,2322.991,0.001625441696113052
2712.7,2327.694,7.31,15.98,47.74,94.8,2322.994,0.0016961130742049611
2712.8,2327.696,7.475,15.82,48.28,94.39,2322.996,0.005512367491166086
2712.9,2327.699,7.242,15.65,48.39,94.31,2322.9990000000003,0.0062897526501766825
2713.0,2327.701,6.745,15.98,48.75,94.42,2323.001,0.0088339222614841
2713.1,2327.704,6.423,16.11,48.39,94.58,2323.0040000000004,0.0062897526501766825
2713.2,2327.706,6.288,15.97,48.89,94.83,2323.0060000000003,0.009823321554770323
2713.3,2327.708,6.163,15.6,48.74,94.94,2323.0080000000003,0.00876325088339224
2713.4,2327.711,6.016,15.57,48.7,95.19,2323.011,0.008480565371024755
2713.5,2327.713,5.97,15.56,48.87,95.33,2323.0130000000004,0.009681978798586554
2713.6,2327.715,6.136,15.25,48.8,95.52,2323.0150000000003,0.009187279151943444
2713.7,2327.717,6.37,14.55,48.84,95.48,2323.0170000000003,0.009469964664310979
2713.8,2327.72,6.504,14.48,48.67,95.38,2323.02,0.008268551236749128
2713.9,2327.722,6.852,14.66,48.74,95.35,2323.0220000000004,0.00876325088339224
2714.0,2327.724,7.186,14.56,50.12,95.39,2323.0240000000003,0.018515901060070655
2714.1,2327.726,7.388,14.39,50.87,95.33,2323.0260000000003,0.023816254416961113
2714.2,2327.728,7.388,14.05,50.91,95.13,2323.0280000000002,0.024098939929328596
2714.3,2327.73,7.483,14.1,52.62,95.31,2323.03,0.03618374558303885
2714.4,2327.732,7.349,14.06,53.15,95.37,2323.032,0.039929328621908115
2714.5,2327.734,7.381,13.85,52.65,95.33,2323.034,0.03639575971731448
2714.6,2327.736,7.463,13.9,51.75,95.3,2323.036,0.030035335689045935
2714.7,2327.738,7.447,13.98,51.16,95.42,2323.038,0.02586572438162542
2714.8,2327.74,7.505,14.03,50.45,95.57,2323.04,0.020848056537102495
2714.9,2327.742,7.417,14.32,49.7,95.72,2323.0420000000004,0.015547703180212034
2715.0,2327.744,6.796,14.35,48.01,95.63,2323.0440000000003,0.003604240282685498
2715.1,2327.746,6.564,14.29,47.66,95.57,2323.0460000000003,0.0011307420494699406
2715.2,2327.747,5.925,14.38,47.38,95.7,2323.047,0.0
2715.3,2327.749,5.413,13.8,47.29,95.42,2323.049,0.0
2715.4,2327.751,5.092,13.55,46.9,95.24,2323.0510000000004,0.0
2715.5,2327.753,4.867,13.59,47.3,95.03,2323.0530000000003,0.0
2715.6,2327.755,4.679,13.73,47.15,94.83,2323.0550000000003,0.0
2715.7,2327.756,4.871,13.85,47.51,94.72,2323.056,7.067137809185873e-05
2715.8,2327.758,4.928,14.17,47.7,94.59,2323.058,0.001413427561837476
2715.9,2327.759,5.107,14.42,47.77,94.54,2323.059,0.0019081272084805875
2716.0,2327.761,5.562,14.98,47.72,94.51,2323.061,0.0015547703180211934
2716.1,2327.763,5.838,15.4,47.79,94.43,2323.063,0.002049469964664305
2716.2,2327.764,6.451,15.59,47.98,94.45,2323.0640000000003,0.003392226148409872
2716.3,2327.766,6.483,16.1,48.01,94.4,2323.0660000000003,0.003604240282685498
2716.4,2327.767,6.466,16.4,48.48,94.33,2323.067,0.0069257950530035115
2716.5,2327.769,6.587,16.7,48.55,94.19,2323.069,0.007420494699646623
2716.6,2327.77,6.655,16.67,49.29,94.12,2323.07,0.012650176678445224
2716.7,2327.772,6.418,16.75,49.69,94.1,2323.072,0.015477031802120126
2716.8,2327.773,6.391,16.76,49.86,94.21,2323.0730000000003,0.016678445229681975
2716.9,2327.774,6.344,16.62,50.18,94.29,2323.074,0.018939929328621905
2717.0,2327.776,6.424,16.26,50.5,94.47,2323.076,0.02120141342756184
2717.1,2327.777,6.288,16.1,50.89,94.82,2323.077,0.02395759717314488
2717.2,2327.778,6.298,16.06,50.86,95.01,2323.078,0.023745583038869252
2717.3,2327.779,6.44,15.91,51.0,95.26,2323.079,0.024734982332155476
2717.4,2327.781,6.217,15.65,51.38,95.54,2323.081,0.02742049469964666
2717.5,2327.782,5.783,15.43,51.52,95.79,2323.0820000000003,0.028409893992932884
2717.6,2327.783,5.597,15.7,51.78,96.04,2323.083,0.030247349823321563
2717.7,2327.784,5.344,15.54,51.83,96.07,2323.0840000000003,0.030600706713780908
2717.8,2327.785,5.232,15.41,51.81,95.93,2323.085,0.03045936395759719
2717.9,2327.786,5.259,15.24,51.48,95.91,2323.0860000000002,0.02812720848056535
2718.0,2327.787,5.244,15.39,50.97,95.63,2323.087,0.02452296819787985
2718.1,2327.788,5.48,15.21,50.49,95.43,2323.088,0.021130742049469978
2718.2,2327.79,5.612,14.98,50.15,95.28,2323.09,0.01872791519434628
2718.3,2327.79,5.735,14.88,49.93,94.98,2323.09,0.017173144876325087
2718.4,2327.791,6.085,15.13,49.45,94.5,2323.0910000000003,0.013780918727915214
2718.5,2327.792,6.448,15.34,49.94,94.07,2323.092,0.017243816254416944
2718.6,2327.793,6.523,14.94,50.06,93.77,2323.0930000000003,0.01809187279151945
2718.7,2327.794,6.577,15.08,50.38,93.61,2323.094,0.020353356890459383
2718.8,2327.795,6.601,15.0,51.01,93.34,2323.0950000000003,0.024805653710247337
2718.9,2327.796,6.529,14.71,51.17,93.31,2323.096,0.025936395759717328
2719.0,2327.797,6.697,14.28,51.17,93.38,2323.097,0.025936395759717328
2719.1,2327.797,6.556,14.04,50.51,93.56,2323.097,0.021272084805653697
2719.2,2327.798,6.599,13.69,50.17,93.73,2323.098,0.018869257950530047
2719.3,2327.799,6.689,13.38,49.99,93.86,2323.099,0.01759717314487634
2719.4,2327.799,6.621,13.05,49.44,94.01,2323.099,0.013710247349823306
2719.5,2327.8,6.577,12.95,49.14,94.22,2323.1000000000004,0.011590106007067141
2719.6,2327.801,6.476,12.68,49.35,94.57,2323.101,0.013074204946996477
2719.7,2327.801,6.461,12.53,49.45,94.74,2323.101,0.013780918727915214
2719.8,2327.802,5.997,12.86,49.8,94.97,2323.1020000000003,0.01625441696113072
2719.9,2327.802,5.753,13.08,49.8,95.14,2323.1020000000003,0.01625441696113072
2720.0,2327.803,5.524,13.25,50.38,95.45,2323.103,0.020353356890459383
2720.1,2327.803,5.418,13.35,50.26,95.67,2323.103,0.019505300353356875
2720.2,2327.804,5.302,13.66,50.47,95.62,2323.1040000000003,0.02098939929328621
2720.3,2327.804,5.301,14.0,50.14,95.75,2323.1040000000003,0.018657243816254422
2720.4,2327.805,4.902,14.38,50.09,95.69,2323.105,0.018303886925795078
2720.5,2327.805,4.5,14.41,49.59,95.65,2323.105,0.014770318021201437
2720.6,2327.806,4.367,14.72,49.01,95.53,2323.106,0.010671378091872777
2720.7,2327.806,4.178,14.88,48.95,95.48,2323.106,0.010247349823321575
2720.8,2327.806,4.082,14.56,48.54,95.51,2323.106,0.007349823321554765
2720.9,2327.806,3.887,14.38,48.13,95.62,2323.106,0.004452296819788004
2721.0,2327.807,3.978,14.14,47.67,95.68,2323.107,0.0012014134275618496
2721.1,2327.807,4.159,14.12,48.28,95.86,2323.107,0.005512367491166086
2721.2,2327.807,4.399,14.12,48.61,96.03,2323.107,0.007844522968197876
2721.3,2327.807,4.562,14.37,48.63,96.22,2323.107,0.007985865724381643
2721.4,2327.807,5.15,14.93,48.89,96.44,2323.107,0.009823321554770323
2721.5,2327.807,5.824,15.74,49.34,96.71,2323.107,0.013003533568904617
2721.6,2327.808,6.199,16.69,49.24,97.09,2323.108,0.01229681978798588
2721.7,2327.808,6.342,17.15,49.19,97.43,2323.108,0.011943462897526486
2721.8,2327.808,6.397,17.7,49.33,98.77,2323.108,0.01293286219081271
2721.9,2327.808,6.544,17.98,49.59,99.58,2323.108,0.014770318021201437
2722.0,2327.808,6.652,17.86,49.63,100.05,2323.108,0.015053003533568922
2722.1,2327.808,6.797,17.7,49.76,100.81,2323.108,0.015971731448763238
2722.2,2327.807,6.644,17.57,49.75,101.59,2323.107,0.015901060070671377
2722.3,2327.807,6.653,17.41,50.25,102.12,2323.107,0.019434628975265017
2722.4,2327.807,6.522,17.25,50.33,101.97,2323.107,0.019999999999999987
2722.5,2327.807,6.373,17.25,50.33,101.7,2323.107,0.019999999999999987
2722.6,2327.807,6.166,17.46,50.78,101.83,2323.107,0.023180212014134283
2722.7,2327.807,6.238,17.82,50.83,101.75,2323.107,0.023533568904593627
2722.8,2327.806,6.239,18.13,50.98,100.77,2323.106,0.02459363957597171
2722.9,2327.806,6.26,18.2,51.1,100.48,2323.106,0.025441696113074216
2723.0,2327.806,6.44,18.35,51.19,100.72,2323.106,0.026077738515901044
2723.1,2327.806,6.544,18.58,51.37,101.36,2323.106,0.027349823321554754
2723.2,2327.805,7.026,18.66,51.87,102.07,2323.105,0.03088339222614839
2723.3,2327.805,7.026,18.73,51.92,102.43,2323.105,0.031236749116607787
2723.4,2327.804,7.302,19.13,51.99,103.23,2323.1040000000003,0.031731448763250895
2723.5,2327.804,7.294,19.73,52.05,104.05,2323.1040000000003,0.0321554770318021
2723.6,2327.804,7.331,20.09,52.04,104.37,2323.1040000000003,0.03208480565371024
2723.7,2327.803,7.059,21.02,52.04,104.54,2323.103,0.03208480565371024
2723.8,2327.803,7.01,21.5,52.16,104.42,2323.103,0.0329328621908127
2723.9,2327.802,7.16,22.17,52.22,104.62,2323.1020000000003,0.03335689045936395
2724.0,2327.801,7.302,22.38,52.29,104.49,2323.101,0.03385159010600706
2724.1,2327.801,7.583,22.28,52.33,104.22,2323.101,0.034134275618374545
2724.2,2327.8,7.685,22.33,52.22,103.28,2323.1000000000004,0.03335689045936395
2724.3,2327.8,8.08,22.08,52.03,102.65,2323.1000000000004,0.03201413427561838
2724.4,2327.799,8.118,21.99,51.47,102.31,2323.099,0.02805653710247349
2724.5,2327.798,8.292,21.8,51.28,101.21,2323.098,0.026713780918727923
2724.6,2327.797,8.198,21.86,50.89,100.29,2323.097,0.02395759717314488
2724.7,2327.797,8.387,21.6,50.6,99.94,2323.097,0.021908127208480576
2724.8,2327.796,8.344,22.01,50.32,99.68,2323.096,0.01992932862190813
2724.9,2327.795,8.322,22.28,50.29,98.96,2323.0950000000003,0.019717314487632503
2725.0,2327.794,8.556,21.93,50.26,98.41,2323.094,0.019505300353356875
2725.1,2327.793,8.839,22.43,50.34,98.34,2323.0930000000003,0.020070671378091896
2725.2,2327.792,9.175,22.14,50.52,98.78,2323.092,0.021342756183745606
2725.3,2327.792,9.432,21.66,50.75,99.44,2323.092,0.022968197879858657
2725.4,2327.791,10.301,20.9,51.49,98.88,2323.0910000000003,0.02819787985865726
2725.5,2327.79,11.112,20.07,51.68,100.86,2323.09,0.029540636042402826
2725.6,2327.789,11.56,20.23,51.71,101.78,2323.0890000000004,0.02975265017667845
2725.7,2327.788,12.007,20.9,51.81,102.3,2323.088,0.03045936395759719
2725.8,2327.787,12.485,21.34,51.74,103.31,2323.087,0.029964664310954077
2725.9,2327.785,12.253,22.79,52.25,105.0,2323.085,0.03356890459363958
2726.0,2327.784,11.722,25.39,52.41,106.02,2323.0840000000003,0.03469964664310952
2726.1,2327.783,11.549,25.81,52.53,106.54,2323.083,0.03554770318021202
2726.2,2327.782,10.96,25.8,53.04,107.76,2323.0820000000003,0.03915194346289752
2726.3,2327.781,10.255,26.65,53.48,107.52,2323.081,0.04226148409893991
2726.4,2327.78,9.508,26.73,53.34,108.61,2323.0800000000004,0.04127208480565373
2726.5,2327.778,9.164,25.96,53.05,107.26,2323.078,0.03922261484098938
2726.6,2327.777,8.726,25.5,53.3,106.42,2323.077,0.0409893992932862
2726.7,2327.776,8.127,25.12,53.68,105.07,2323.076,0.04367491166077738
2726.8,2327.774,8.044,24.75,54.04,104.42,2323.074,0.0462190812720848
2726.9,2327.773,8.108,23.05,54.89,102.51,2323.0730000000003,0.052226148409893994
2727.0,2327.772,8.049,21.49,55.57,102.05,2323.072,0.05703180212014135
2727.1,2327.77,8.088,21.28,57.49,101.76,2323.07,0.07060070671378094
2727.2,2327.769,8.213,20.46,59.12,101.62,2323.069,0.08212014134275616
2727.3,2327.768,8.638,22.87,61.44,101.37,2323.068,0.09851590106007066
2727.4,2327.766,8.745,23.93,63.01,101.29,2323.0660000000003,0.10961130742049469
2727.5,2327.765,8.963,25.49,63.03,102.19,2323.065,0.10975265017667846
2727.6,2327.763,9.177,26.41,63.34,102.39,2323.063,0.11194346289752653
2727.7,2327.762,9.367,26.62,63.0,103.15,2323.0620000000004,0.10954063604240283
2727.8,2327.761,9.143,26.61,62.57,102.87,2323.061,0.10650176678445229
2727.9,2327.759,8.864,27.5,62.12,102.9,2323.059,0.103321554770318
2728.0,2327.758,8.36,27.67,61.98,102.16,2323.058,0.10233215547703178
2728.1,2327.757,7.715,27.38,61.03,101.35,2323.0570000000002,0.0956183745583039
2728.2,2327.755,7.508,27.39,60.62,100.44,2323.0550000000003,0.09272084805653709
2728.3,2327.754,6.9,27.23,59.83,99.51,2323.054,0.08713780918727913
2728.4,2327.753,6.473,27.8,59.1,98.79,2323.0530000000003,0.08197879858657245
2728.5,2327.751,5.963,28.26,57.29,97.79,2323.0510000000004,0.06918727915194346
2728.6,2327.75,5.612,28.15,56.24,97.45,2323.05,0.06176678445229684
2728.7,2327.749,5.08,28.68,54.98,96.8,2323.049,0.052862190812720825
2728.8,2327.747,4.607,28.41,53.35,96.6,2323.047,0.041342756183745596
2728.9,2327.746,4.224,27.42,51.7,96.55,2323.0460000000003,0.029681978798586594
2729.0,2327.745,4.06,26.12,50.26,96.42,2323.045,0.019505300353356875
2729.1,2327.743,3.854,26.02,49.9,95.97,2323.043,0.01696113074204946
2729.2,2327.742,3.702,25.64,49.53,95.91,2323.0420000000004,0.014346289752650185
2729.3,2327.741,3.706,25.24,49.13,95.71,2323.041,0.011519434628975284
2729.4,2327.739,3.697,24.91,49.0,95.58,2323.039,0.01060070671378092
2729.5,2327.738,3.804,24.04,48.38,95.41,2323.038,0.006219081272084824
2729.6,2327.737,3.913,23.73,48.43,95.38,2323.0370000000003,0.006572438162544167
2729.7,2327.735,4.189,22.95,48.18,95.54,2323.0350000000003,0.004805653710247348
2729.8,2327.734,4.329,22.38,48.47,95.9,2323.034,0.006855123674911653
2729.9,2327.733,4.493,21.01,48.49,96.03,2323.0330000000004,0.0069964664310954204
2730.0,2327.732,4.628,20.22,48.96,96.24,2323.032,0.010318021201413433
2730.1,2327.73,4.774,19.89,48.94,97.02,2323.03,0.010176678445229665
2730.2,2327.729,4.808,19.68,49.09,97.03,2323.029,0.011236749116607799
2730.3,2327.728,4.797,19.64,50.01,96.92,2323.0280000000002,0.017738515901060056
2730.4,2327.727,4.857,19.58,50.4,96.84,2323.027,0.0204946996466431
2730.5,2327.725,4.893,19.5,51.34,96.77,2323.025,0.027137809187279177
2730.6,2327.724,4.896,19.56,51.55,96.76,2323.0240000000003,0.02862190812720846
2730.7,2327.723,4.84,19.51,51.56,96.77,2323.023,0.02869257950530037
2730.8,2327.722,4.821,19.19,51.17,96.67,2323.0220000000004,0.025936395759717328
2730.9,2327.72,5.156,19.06,50.51,96.55,2323.02,0.021272084805653697
2731.0,2327.719,5.13,18.83,49.44,96.6,2323.0190000000002,0.013710247349823306
2731.1,2327.718,5.062,18.96,48.87,96.58,2323.018,0.009681978798586554
2731.2,2327.717,5.299,18.6,49.48,96.34,2323.0170000000003,0.01399293286219079
2731.3,2327.715,5.536,18.25,48.28,96.16,2323.0150000000003,0.005512367491166086
2731.4,2327.714,5.823,18.13,48.81,96.08,2323.014,0.009257950530035352
2731.5,2327.713,5.934,17.71,49.33,96.03,2323.0130000000004,0.01293286219081271
2731.6,2327.712,6.241,17.56,51.4,95.71,2323.012,0.02756183745583038
2731.7,2327.71,6.641,17.42,51.4,95.7,2323.01,0.02756183745583038
2731.8,2327.709,7.119,17.01,49.66,95.92,2323.009,0.015265017667844499
2731.9,2327.708,7.259,16.89,49.16,96.05,2323.0080000000003,0.011731448763250859
2732.0,2327.707,7.945,16.87,48.63,96.14,2323.007,0.007985865724381643
2732.1,2327.706,8.387,16.99,49.01,96.08,2323.0060000000003,0.010671378091872777
2732.2,2327.704,8.398,16.66,48.09,96.24,2323.0040000000004,0.004169611307420519
2732.3,2327.703,8.349,16.46,48.25,96.21,2323.003,0.00530035335689046
2732.4,2327.702,8.419,16.38,49.29,96.03,2323.0020000000004,0.012650176678445224
2732.5,2327.701,8.265,15.9,49.77,95.94,2323.001,0.016042402826855144
2732.6,2327.7,8.244,15.79,49.96,95.91,2323.0,0.017385159010600712
2732.7,2327.699,8.207,15.81,50.15,95.88,2322.9990000000003,0.01872791519434628
2732.8,2327.697,8.278,15.68,51.62,95.19,2322.9970000000003,0.029116607773851572
2732.9,2327.696,8.32,15.95,51.66,95.12,2322.996,0.02939929328621906
2733.0,2327.695,8.283,16.05,51.74,94.94,2322.9950000000003,0.029964664310954077
2733.1,2327.694,8.308,16.27,51.93,94.53,2322.994,0.031307420494699645
2733.2,2327.693,8.077,17.1,52.02,94.33,2322.9930000000004,0.031943462897526524
2733.3,2327.692,7.94,17.24,50.61,94.52,2322.992,0.021978798586572434
2733.4,2327.69,7.336,17.2,49.77,94.33,2322.9900000000002,0.016042402826855144
2733.5,2327.689,7.092,17.4,49.14,94.53,2322.989,0.011590106007067141
2733.6,2327.688,6.849,17.44,49.15,94.9,2322.9880000000003,0.011660777385159
2733.7,2327.687,6.779,17.56,48.8,95.05,2322.987,0.009187279151943444
2733.8,2327.686,6.736,17.08,48.15,95.49,2322.9860000000003,0.004593639575971722
2733.9,2327.685,6.786,16.8,48.05,95.63,2322.985,0.0038869257950529834
2734.0,2327.684,6.637,16.58,48.34,95.65,2322.9840000000004,0.005936395759717338
2734.1,2327.683,6.638,16.61,48.47,95.68,2322.983,0.006855123674911653
2734.2,2327.681,6.866,16.01,48.72,95.94,2322.981,0.008621908127208472
2734.3,2327.68,6.506,16.49,48.93,96.11,2322.98,0.010106007067137808
2734.4,2327.679,5.973,16.75,49.1,96.19,2322.9790000000003,0.011307420494699657
2734.5,2327.678,5.101,16.97,49.42,96.29,2322.978,0.013568904593639589
2734.6,2327.677,4.829,17.5,49.39,96.61,2322.9770000000003,0.013356890459363962
2734.7,2327.676,4.538,17.82,49.74,96.67,2322.976,0.01583038869257952
2734.8,2327.675,4.268,18.33,49.74,96.67,2322.9750000000004,0.01583038869257952
2734.9,2327.674,4.093,18.44,49.3,96.35,2322.974,0.012720848056537082
2735.0,2327.673,4.054,19.03,48.75,96.21,2322.973,0.0088339222614841
2735.1,2327.672,4.08,18.96,47.64,95.9,2322.972,0.0009893992932862232
2735.2,2327.671,4.051,18.23,46.04,95.47,2322.971,0.0
2735.3,2327.669,3.859,17.7,47.08,95.5,2322.969,0.0
2735.4,2327.668,4.05,17.52,47.26,95.51,2322.9680000000003,0.0
2735.5,2327.667,4.372,17.37,47.46,95.52,2322.967,0.0
2735.6,2327.666,4.468,16.93,47.46,95.31,2322.9660000000003,0.0
2735.7,2327.665,4.679,16.96,47.8,95.27,2322.965,0.0021201413427561636
2735.8,2327.664,5.091,17.05,48.1,95.23,2322.9640000000004,0.0042402826855123775
2735.9,2327.663,5.348,17.77,48.19,95.06,2322.963,0.0048763250883392065
2736.0,2327.662,5.971,18.0,47.88,94.92,2322.962,0.0026855123674911843
2736.1,2327.661,6.235,17.94,48.67,94.83,2322.9610000000002,0.008268551236749128
2736.2,2327.66,6.818,18.53,48.91,94.9,2322.96,0.00996466431095404
2736.3,2327.659,6.913,18.88,48.56,94.77,2322.9590000000003,0.007491166077738532
2736.4,2327.658,6.97,18.03,49.67,95.1,2322.958,0.015335689045936407
2736.5,2327.657,5.746,17.25,50.09,95.22,2322.9570000000003,0.018303886925795078
2736.6,2327.656,5.638,16.91,50.24,95.27,2322.956,0.01936395759717316
2736.7,2327.655,5.593,16.44,50.04,95.22,2322.9550000000004,0.01795053003533568
2736.8,2327.654,5.154,16.27,49.87,95.18,2322.954,0.016749116607773833
2736.9,2327.653,4.84,15.74,48.9,95.14,2322.953,0.00989399293286218
2737.0,2327.652,4.843,15.79,48.37,95.04,2322.952,0.006148409893992915
2737.1,2327.651,4.964,15.62,47.5,94.93,2322.951,0.0
2737.2,2327.65,4.879,15.68,47.31,95.0,2322.9500000000003,0.0
2737.3,2327.649,4.916,15.76,47.58,95.22,2322.949,0.0005653710247349703
2737.4,2327.648,4.894,16.02,47.09,95.22,2322.9480000000003,0.0
2737.5,2327.647,5.012,15.76,47.43,95.3,2322.947,0.0
2737.6,2327.646,4.758,15.89,49.0,95.56,2322.9460000000004,0.01060070671378092
2737.7,2327.645,4.388,16.21,49.38,95.57,2322.945,0.013286219081272102
2737.8,2327.644,4.214,16.67,49.95,95.57,2322.944,0.017314487632508854
2737.9,2327.643,4.009,16.69,50.82,95.5,2322.943,0.02346289752650177
2738.0,2327.642,3.934,16.94,50.92,95.43,2322.942,0.024169611307420506
2738.1,2327.641,4.064,17.28,51.1,95.65,2322.9410000000003,0.025441696113074216
2738.2,2327.64,4.246,17.68,51.15,95.72,2322.94,0.025795053003533557
2738.3,2327.639,4.453,17.71,51.37,95.78,2322.9390000000003,0.027349823321554754
2738.4,2327.638,4.855,17.99,51.4,95.93,2322.938,0.02756183745583038
2738.5,2327.637,5.542,17.78,50.55,96.01,2322.9370000000004,0.02155477031802118
2738.6,2327.636,5.867,17.46,50.03,96.19,2322.936,0.017879858657243824
2738.7,2327.635,6.166,17.74,49.57,96.12,2322.9350000000004,0.01462897526501767
2738.8,2327.634,6.263,17.13,47.82,95.41,2322.934,0.002261484098939931
2738.9,2327.634,6.386,17.04,48.55,94.81,2322.934,0.007420494699646623
2739.0,2327.633,6.321,18.27,48.19,94.03,2322.933,0.0048763250883392065
2739.1,2327.632,6.381,18.95,47.91,93.3,2322.9320000000002,0.00289752650176676
2739.2,2327.631,6.603,19.5,48.1,93.07,2322.931,0.0042402826855123775
2739.3,2327.63,6.885,20.31,48.54,92.84,2322.9300000000003,0.007349823321554765
2739.4,2327.629,7.329,20.55,49.13,93.41,2322.929,0.011519434628975284
2739.5,2327.628,7.618,21.51,49.43,93.11,2322.9280000000003,0.013639575971731446
2739.6,2327.627,7.38,21.25,49.78,93.58,2322.927,0.016113074204947005
2739.7,2327.626,7.751,20.75,50.21,94.15,2322.9260000000004,0.019151943462897534
2739.8,2327.625,7.839,20.23,51.42,95.05,2322.925,0.027703180212014147
2739.9,2327.624,7.55,20.12,51.01,95.81,2322.924,0.024805653710247337
2740.0,2327.624,7.187,19.52,52.58,97.57,2322.924,0.03590106007067136
2740.1,2327.623,7.306,19.23,52.37,97.35,2322.9230000000002,0.03441696113074203
2740.2,2327.622,7.319,19.06,52.55,96.97,2322.922,0.03568904593639574
2740.3,2327.621,7.221,18.67,52.45,96.81,2322.9210000000003,0.03498233215547705
2740.4,2327.62,7.135,18.68,52.31,96.37,2322.92,0.03399293286219083
2740.5,2327.619,7.212,18.14,52.83,95.61,2322.9190000000003,0.03766784452296819
2740.6,2327.618,7.299,17.56,53.03,95.52,2322.918,0.03908127208480566
2740.7,2327.617,6.86,17.26,53.16,95.32,2322.9170000000004,0.03999999999999997
2740.8,2327.617,6.747,18.03,52.89,95.09,2322.9170000000004,0.03809187279151944
2740.9,2327.616,6.458,18.9,53.13,94.62,2322.916,0.0397879858657244
2741.0,2327.615,6.077,19.1,52.94,94.69,2322.915,0.03844522968197878
2741.1,2327.614,5.921,20.26,52.48,94.95,2322.914,0.035194346289752626
2741.2,2327.613,5.926,21.18,52.01,94.84,2322.913,0.03187279151943462
2741.3,2327.612,5.873,22.45,51.92,94.96,2322.9120000000003,0.031236749116607787
2741.4,2327.612,5.857,22.93,51.75,95.13,2322.9120000000003,0.030035335689045935
2741.5,2327.611,6.261,23.12,51.34,95.58,2322.911,0.027137809187279177
2741.6,2327.61,6.706,24.24,51.34,95.58,2322.9100000000003,0.027137809187279177
2741.7,2327.609,6.876,24.36,50.34,94.84,2322.909,0.020070671378091896
2741.8,2327.608,7.028,24.68,49.95,94.55,2322.9080000000004,0.017314487632508854
2741.9,2327.607,7.321,24.71,49.75,94.4,2322.907,0.015901060070671377
2742.0,2327.607,7.437,25.34,48.72,94.05,2322.907,0.008621908127208472
2742.1,2327.606,7.202,25.96,47.68,93.25,2322.9060000000004,0.0012720848056537082
2742.2,2327.605,7.099,26.78,47.43,93.13,2322.905,0.0
2742.3,2327.604,7.165,27.34,47.25,93.13,2322.904,0.0
2742.4,2327.603,7.021,29.28,46.04,91.65,2322.9030000000002,0.0
2742.5,2327.603,7.035,30.47,46.04,91.65,2322.9030000000002,0.0
2742.6,2327.602,7.181,31.83,51.96,91.65,2322.902,0.031519434628975274
2742.7,2327.601,7.477,33.18,56.14,,2322.9010000000003,0.06106007067137809
2742.8,2327.6,7.478,34.05,57.04,,2322.9,0.06742049469964664
2742.9,2327.6,7.765,34.79,58.37,,2322.9,0.07681978798586571
2743.0,2327.599,8.089,35.54,62.8,,2322.8990000000003,0.10812720848056535
2743.1,2327.598,8.63,35.65,62.24,,2322.898,0.10416961130742051
2743.2,2327.597,8.919,35.72,59.61,,2322.8970000000004,0.08558303886925794
2743.3,2327.597,9.827,36.31,58.97,,2322.8970000000004,0.08106007067137809
2743.4,2327.596,10.758,37.05,59.68,,2322.896,0.08607773851590106
2743.5,2327.595,11.604,39.12,59.75,,2322.895,0.08657243816254417
2743.6,2327.594,12.614,39.7,58.98,,2322.8940000000002,0.08113074204946995
2743.7,2327.594,13.708,41.07,59.36,,2322.8940000000002,0.08381625441696113
2743.8,2327.593,15.481,41.57,61.02,,2322.893,0.09554770318021204
2743.9,2327.592,16.051,45.12,61.92,,2322.8920000000003,0.10190812720848058
2744.0,2327.591,16.94,45.67,62.03,,2322.891,0.10268551236749117
2744.1,2327.591,18.352,46.05,62.43,,2322.891,0.10551236749116608
2744.2,2327.59,19.417,47.01,64.54,,2322.8900000000003,0.12042402826855128
2744.3,2327.589,19.898,47.89,64.56,,2322.889,0.120565371024735
2744.4,2327.589,20.73,47.97,64.57,,2322.889,0.12063604240282681
2744.5,2327.588,21.814,49.81,64.57,,2322.8880000000004,0.12063604240282681
2744.6,2327.587,22.28,50.32,58.37,,2322.887,0.07681978798586571
2744.7,2327.586,22.339,51.08,56.92,,2322.886,0.06657243816254418
2744.8,2327.586,21.781,51.62,55.5,,2322.886,0.05653710247349823
2744.9,2327.585,22.138,52.61,51.14,,2322.885,0.0257243816254417
2745.0,2327.584,22.01,54.09,51.14,,2322.884,0.0257243816254417
2745.1,2327.584,20.885,53.97,51.34,,2322.884,0.027137809187279177
2745.2,2327.583,19.935,57.46,51.66,,2322.8830000000003,0.02939929328621906
2745.3,2327.582,19.515,58.23,51.72,,2322.882,0.02982332155477031
2745.4,2327.582,19.331,58.37,52.1,,2322.882,0.0325088339222615
2745.5,2327.581,19.381,59.45,52.05,,2322.8810000000003,0.0321554770318021
2745.6,2327.58,19.421,61.03,56.36,,2322.88,0.06261484098939929
2745.7,2327.58,20.384,61.72,56.68,,2322.88,0.06487632508833922
2745.8,2327.579,21.918,61.07,56.97,,2322.8790000000004,0.06692579505300353
2745.9,2327.578,22.759,61.46,58.04,,2322.878,0.07448763250883392
2746.0,2327.578,23.323,62.8,59.56,,2322.878,0.0852296819787986
2746.1,2327.577,24.677,62.97,60.22,,2322.8770000000004,0.08989399293286218
2746.2,2327.576,25.498,62.32,58.2,,2322.876,0.0756183745583039
2746.3,2327.576,24.817,62.63,58.17,,2322.876,0.07540636042402828
2746.4,2327.575,23.991,64.12,58.27,,2322.875,0.07611307420494702
2746.5,2327.574,23.448,64.09,57.56,,2322.8740000000003,0.07109540636042404
2746.6,2327.574,22.94,63.66,53.85,,2322.8740000000003,0.04487632508833923
2746.7,2327.573,22.203,63.52,54.23,,2322.873,0.04756183745583037
2746.8,2327.573,21.528,63.4,54.95,,2322.873,0.05265017667844525
2746.9,2327.572,21.553,63.36,55.69,,2322.8720000000003,0.0578798586572438
2747.0,2327.571,21.411,63.51,55.69,,2322.871,0.0578798586572438
2747.1,2327.571,21.206,63.51,57.34,,2322.871,0.06954063604240285
2747.2,2327.57,21.406,63.44,58.59,,2322.8700000000003,0.07837455830388695
2747.3,2327.57,21.537,63.56,60.16,,2322.8700000000003,0.08946996466431092
2747.4,2327.569,21.519,63.71,60.87,,2322.869,0.09448763250883391
2747.5,2327.568,21.459,63.95,61.95,,2322.8680000000004,0.10212014134275621
2747.6,2327.568,21.887,64.61,62.66,,2322.8680000000004,0.10713780918727912
2747.7,2327.567,21.944,65.01,65.01,,2322.867,0.12374558303886929
2747.8,2327.567,21.863,65.0,64.58,,2322.867,0.12070671378091871
2747.9,2327.566,21.804,64.91,65.63,,2322.866,0.12812720848056533
2748.0,2327.565,22.146,60.91,65.89,,2322.8650000000002,0.12996466431095408
2748.1,2327.565,21.782,60.56,65.05,,2322.8650000000002,0.12402826855123673
2748.2,2327.564,20.622,58.18,64.8,,2322.864,0.12226148409893992
2748.3,2327.564,19.761,56.97,64.26,,2322.864,0.11844522968197883
2748.4,2327.563,19.365,55.42,64.53,,2322.8630000000003,0.12035335689045937
2748.5,2327.563,18.655,55.0,64.85,,2322.8630000000003,0.12261484098939926
2748.6,2327.562,17.584,53.52,64.8,,2322.862,0.12226148409893992
2748.7,2327.562,17.532,54.06,64.73,,2322.862,0.12176678445229684
2748.8,2327.561,17.614,53.7,66.15,,2322.8610000000003,0.1318021201413428
2748.9,2327.561,17.629,53.95,66.43,,2322.8610000000003,0.13378091872791525
2749.0,2327.56,17.654,54.09,66.29,,2322.86,0.13279151943462902
2749.1,2327.559,17.483,53.55,68.4,,2322.8590000000004,0.14770318021201417
2749.2,2327.559,17.712,53.08,68.58,,2322.8590000000004,0.14897526501766784
2749.3,2327.558,17.468,52.91,68.73,,2322.858,0.15003533568904595
2749.4,2327.558,17.318,53.73,69.12,,2322.858,0.15279151943462901
2749.5,2327.557,17.21,56.23,69.56,,2322.857,0.1559010600706714
2749.6,2327.557,17.155,57.71,69.65,,2322.857,0.15653710247349828
2749.7,2327.556,17.118,58.67,69.78,,2322.856,0.1574558303886926
2749.8,2327.556,16.803,60.85,71.41,,2322.856,0.16897526501766783
2749.9,2327.555,17.0,60.76,71.79,,2322.855,0.17166077738515906
2750.0,2327.555,17.031,61.8,72.32,,2322.855,0.1754063604240282
2750.1,2327.554,16.862,61.35,72.97,,2322.8540000000003,0.18
2750.2,2327.554,16.579,60.93,73.28,,2322.8540000000003,0.18219081272084806
2750.3,2327.553,16.71,59.3,72.37,,2322.853,0.17575971731448767
2750.4,2327.553,16.545,58.46,71.93,,2322.853,0.1726501766784453
2750.5,2327.553,16.201,56.21,71.2,,2322.853,0.16749116607773853
2750.6,2327.552,16.147,53.61,70.02,,2322.8520000000003,0.1591519434628975
2750.7,2327.552,16.393,53.23,69.5,,2322.8520000000003,0.15547703180212014
2750.8,2327.551,16.539,52.93,67.85,,2322.851,0.14381625441696108
2750.9,2327.551,16.093,51.54,67.77,,2322.851,0.1432508833922261
2751.0,2327.55,16.23,51.36,67.69,,2322.8500000000004,0.14268551236749116
2751.1,2327.55,16.3,51.27,67.09,,2322.8500000000004,0.1384452296819788
2751.2,2327.549,16.469,50.76,68.13,,2322.849,0.14579505300353354
2751.3,2327.549,15.867,50.26,69.01,,2322.849,0.1520141342756184
2751.4,2327.548,15.912,50.29,69.4,,2322.848,0.15477031802120145
2751.5,2327.548,15.746,50.17,65.65,,2322.848,0.12826855123674916
2751.6,2327.548,15.503,49.94,65.11,,2322.848,0.12445229681978798
2751.7,2327.547,15.192,49.97,64.76,,2322.847,0.12197879858657247
2751.8,2327.547,15.297,49.52,64.6,,2322.847,0.12084805653710243
2751.9,2327.546,15.422,49.23,63.59,,2322.846,0.11371024734982335
2752.0,2327.546,14.989,48.97,63.37,,2322.846,0.1121554770318021
2752.1,2327.546,14.282,49.87,64.53,,2322.846,0.12035335689045937
2752.2,2327.545,13.859,50.0,64.32,,2322.8450000000003,0.11886925795053
2752.3,2327.545,13.244,50.38,65.53,,2322.8450000000003,0.12742049469964664
2752.4,2327.544,12.687,50.55,67.3,,2322.844,0.1399293286219081
2752.5,2327.544,12.036,51.01,69.13,,2322.844,0.15286219081272082
2752.6,2327.544,11.816,51.08,69.55,,2322.844,0.15583038869257948
2752.7,2327.543,12.115,50.95,69.85,,2322.8430000000003,0.15795053003533566
2752.8,2327.543,12.159,51.21,70.12,,2322.8430000000003,0.1598586572438163
2752.9,2327.542,12.157,51.24,70.27,,2322.842,0.16091872791519432
2753.0,2327.542,13.219,51.32,70.35,,2322.842,0.1614840989399293
2753.1,2327.542,14.169,51.73,70.87,,2322.842,0.16515901060070676
2753.2,2327.541,15.559,52.42,70.1,,2322.8410000000003,0.15971731448763246
2753.3,2327.541,16.819,52.84,69.87,,2322.8410000000003,0.15809187279151946
2753.4,2327.541,17.72,53.27,69.15,,2322.8410000000003,0.15300353356890464
2753.5,2327.54,19.065,53.93,67.21,,2322.84,0.13929328621908124
2753.6,2327.54,19.818,53.03,65.65,,2322.84,0.12826855123674916
2753.7,2327.54,20.179,52.59,65.07,,2322.84,0.12416961130742045
2753.8,2327.539,20.022,50.75,64.47,,2322.8390000000004,0.11992932862190812
2753.9,2327.539,20.129,49.88,62.07,,2322.8390000000004,0.10296819787985866
2754.0,2327.538,20.065,49.33,61.46,,2322.838,0.09865724381625442
2754.1,2327.538,20.048,48.26,61.34,,2322.838,0.09780918727915197
2754.2,2327.538,19.402,47.1,60.29,,2322.838,0.0903886925795053
2754.3,2327.537,18.57,47.41,60.88,,2322.837,0.0945583038869258
2754.4,2327.537,18.269,47.58,60.94,,2322.837,0.09498233215547701
2754.5,2327.537,17.751,47.54,61.24,,2322.837,0.09710247349823323
2754.6,2327.536,17.215,47.11,62.09,,2322.8360000000002,0.10310954063604243
2754.7,2327.536,16.849,46.92,62.38,,2322.8360000000002,0.10515901060070673
2754.8,2327.536,17.397,46.68,62.63,,2322.8360000000002,0.10692579505300355
2754.9,2327.535,17.588,46.27,63.12,,2322.835,0.11038869257950529
2755.0,2327.535,17.958,45.03,63.89,,2322.835,0.11583038869257951
2755.1,2327.535,18.584,43.76,64.01,,2322.835,0.11667844522968202
2755.2,2327.534,19.154,43.37,64.06,,2322.8340000000003,0.11703180212014136
2755.3,2327.534,18.88,42.58,64.44,,2322.8340000000003,0.1197173144876325
2755.4,2327.533,17.998,41.38,64.44,,2322.833,0.1197173144876325
2755.5,2327.533,17.165,40.27,64.81,,2322.833,0.12233215547703181
2755.6,2327.533,16.257,39.23,65.1,,2322.833,0.12438162544169608
2755.7,2327.532,15.83,37.87,65.24,,2322.8320000000003,0.1253710247349823
2755.8,2327.532,14.937,36.83,64.66,,2322.8320000000003,0.12127208480565368
2755.9,2327.532,14.882,35.93,64.73,,2322.8320000000003,0.12176678445229684
2756.0,2327.531,15.093,35.09,64.49,,2322.831,0.12007067137809184
2756.1,2327.531,15.127,34.44,63.33,,2322.831,0.11187279151943462
2756.2,2327.53,15.274,34.24,62.95,,2322.8300000000004,0.10918727915194348
2756.3,2327.53,15.295,33.86,62.63,,2322.8300000000004,0.10692579505300355
2756.4,2327.529,13.395,33.62,62.35,,2322.829,0.1049469964664311
2756.5,2327.529,12.97,33.26,61.48,,2322.829,0.09879858657243815
2756.6,2327.529,12.386,33.51,61.41,,2322.829,0.09830388692579503
2756.7,2327.528,11.373,33.87,61.51,,2322.828,0.09901060070671376
2756.8,2327.528,11.025,33.5,61.45,,2322.828,0.09858657243816256
2756.9,2327.527,11.076,32.91,61.64,,2322.827,0.09992932862190813
2757.0,2327.527,11.647,33.05,61.37,,2322.827,0.09802120141342754
2757.1,2327.526,12.164,32.73,61.54,,2322.826,0.09922261484098939
2757.2,2327.526,13.136,32.22,61.35,,2322.826,0.09787985865724383
2757.3,2327.526,14.099,31.96,61.98,,2322.826,0.10233215547703178
2757.4,2327.525,16.886,31.87,61.94,,2322.8250000000003,0.1020494699646643
2757.5,2327.525,17.419,31.58,61.91,,2322.8250000000003,0.10183745583038867
2757.6,2327.524,18.077,30.97,61.9,,2322.824,0.10176678445229681
2757.7,2327.524,19.585,30.96,62.15,,2322.824,0.10353356890459363
2757.8,2327.523,19.815,31.0,62.33,,2322.8230000000003,0.10480565371024733
2757.9,2327.523,20.473,32.24,62.5,,2322.8230000000003,0.10600706713780919
2758.0,2327.522,21.08,33.44,62.73,,2322.822,0.10763250883392224
2758.1,2327.522,21.887,34.29,62.58,,2322.822,0.10657243816254416
2758.2,2327.521,21.819,35.08,62.82,,2322.8210000000004,0.10826855123674912
2758.3,2327.521,21.484,35.92,62.73,,2322.8210000000004,0.10763250883392224
2758.4,2327.52,19.239,36.07,62.36,,2322.82,0.10501766784452296
2758.5,2327.52,18.504,36.62,62.13,,2322.82,0.10339222614840991
2758.6,2327.519,17.06,36.32,62.31,,2322.819,0.10466431095406362
2758.7,2327.519,14.544,35.73,62.56,,2322.819,0.10643109540636043
2758.8,2327.518,13.224,35.41,62.72,,2322.818,0.10756183745583038
2758.9,2327.518,11.569,34.67,62.51,,2322.818,0.10607773851590105
2759.0,2327.517,10.536,34.59,62.46,,2322.817,0.1057243816254417
2759.1,2327.517,10.375,35.35,62.73,,2322.817,0.10763250883392224
2759.2,2327.516,10.163,35.84,62.74,,2322.8160000000003,0.10770318021201415
2759.3,2327.516,9.704,36.01,62.71,,2322.8160000000003,0.10749116607773852
2759.4,2327.515,10.256,36.42,63.55,,2322.815,0.11342756183745581
2759.5,2327.515,10.361,40.31,63.46,,2322.815,0.11279151943462898
2759.6,2327.514,10.529,40.57,63.24,,2322.8140000000003,0.11123674911660779
2759.7,2327.514,10.872,40.98,62.5,,2322.8140000000003,0.10600706713780919
2759.8,2327.513,10.813,41.25,62.31,,2322.813,0.10466431095406362
2759.9,2327.512,11.07,41.51,61.39,,2322.8120000000004,0.09816254416961132
2760.0,2327.512,11.211,41.75,60.88,,2322.8120000000004,0.0945583038869258
2760.1,2327.511,11.41,41.96,60.27,,2322.811,0.09024734982332158
2760.2,2327.511,11.44,42.07,59.76,,2322.811,0.08664310954063603
2760.3,2327.51,11.489,42.53,59.54,,2322.8100000000004,0.08508833922261483
2760.4,2327.51,11.9,42.61,58.37,,2322.8100000000004,0.07681978798586571
2760.5,2327.509,12.101,44.27,59.85,,2322.809,0.0872791519434629
2760.6,2327.508,12.131,44.92,60.14,,2322.808,0.08932862190812721
2760.7,2327.508,12.39,44.92,60.83,,2322.808,0.09420494699646642
2760.8,2327.507,12.684,44.92,61.16,,2322.8070000000002,0.09653710247349821
2760.9,2327.507,12.744,44.92,62.36,,2322.8070000000002,0.10501766784452296
2761.0,2327.506,12.536,46.35,62.12,,2322.806,0.103321554770318
2761.1,2327.506,12.381,46.95,62.52,,2322.806,0.10614840989399295
2761.2,2327.505,12.524,47.21,62.33,,2322.8050000000003,0.10480565371024733
2761.3,2327.504,11.111,47.02,63.34,,2322.804,0.11194346289752653
2761.4,2327.504,10.38,47.09,63.57,,2322.804,0.11356890459363958
2761.5,2327.503,10.378,47.59,64.41,,2322.8030000000003,0.11950530035335687
2761.6,2327.502,10.058,47.21,65.69,,2322.802,0.1285512367491166
2761.7,2327.502,9.887,48.5,66.23,,2322.802,0.13236749116607777
2761.8,2327.501,10.365,49.16,67.0,,2322.8010000000004,0.13780918727915195
2761.9,2327.501,11.333,49.89,68.1,,2322.8010000000004,0.1455830388692579
2762.0,2327.5,13.077,50.64,68.3,,2322.8,0.14699646643109537
2762.1,2327.499,14.64,51.73,68.85,,2322.799,0.15088339222614838
2762.2,2327.499,15.488,52.54,70.76,,2322.799,0.16438162544169616
2762.3,2327.498,19.585,52.3,70.83,,2322.7980000000002,0.16487632508833922
2762.4,2327.497,19.517,52.58,70.89,,2322.797,0.16530035335689047
2762.5,2327.497,19.535,52.65,70.6,,2322.797,0.1632508833922261
2762.6,2327.496,19.526,52.1,71.03,,2322.7960000000003,0.16628975265017668
2762.7,2327.495,19.677,50.96,70.95,,2322.795,0.1657243816254417
2762.8,2327.495,19.474,51.7,70.93,,2322.795,0.165583038869258
2762.9,2327.494,19.227,53.41,70.82,,2322.7940000000003,0.1648056537102473
2763.0,2327.494,19.219,54.56,70.76,,2322.7940000000003,0.16438162544169616
2763.1,2327.493,19.06,55.08,70.63,,2322.793,0.16346289752650173
2763.2,2327.492,18.925,54.78,70.51,,2322.7920000000004,0.16261484098939932
2763.3,2327.491,18.875,56.17,70.49,,2322.791,0.16247349823321552
2763.4,2327.491,18.784,55.52,70.33,,2322.791,0.16134275618374558
2763.5,2327.49,18.506,54.71,70.31,,2322.79,0.16120141342756186
2763.6,2327.489,17.868,54.08,70.28,,2322.789,0.16098939929328623
2763.7,2327.489,16.908,51.96,70.23,,2322.789,0.1606360424028269
2763.8,2327.488,16.915,48.35,69.76,,2322.788,0.15731448763250888
2763.9,2327.487,16.486,46.94,69.47,,2322.7870000000003,0.1552650176678445
2764.0,2327.487,16.073,46.52,69.27,,2322.7870000000003,0.15385159010600705
2764.1,2327.486,15.992,46.19,69.11,,2322.786,0.1527208480565371
2764.2,2327.485,16.079,45.81,69.0,,2322.7850000000003,0.1519434628975265
2764.3,2327.484,16.59,45.89,69.29,,2322.784,0.15399293286219085
2764.4,2327.484,16.894,45.44,69.45,,2322.784,0.1551236749116608
2764.5,2327.483,17.811,45.5,69.9,,2322.7830000000004,0.15830388692579508
2764.6,2327.482,18.58,45.62,70.07,,2322.782,0.15950530035335683
2764.7,2327.482,19.594,45.61,70.23,,2322.782,0.1606360424028269
2764.8,2327.481,19.523,45.03,70.78,,2322.7810000000004,0.16452296819787987
2764.9,2327.48,19.831,45.45,70.65,,2322.78,0.16360424028268555
2765.0,2327.479,19.825,45.31,70.62,,2322.779,0.16339222614840992
2765.1,2327.479,19.925,45.15,70.59,,2322.779,0.1631802120141343
2765.2,2327.478,19.754,45.2,69.13,,2322.7780000000002,0.15286219081272082
2765.3,2327.477,19.73,44.77,68.81,,2322.777,0.15060070671378092
2765.4,2327.476,19.924,45.2,68.64,,2322.7760000000003,0.1493992932862191
2765.5,2327.476,19.441,45.49,68.34,,2322.7760000000003,0.14727915194346292
2765.6,2327.475,7.351,46.27,68.27,,2322.775,0.14678445229681977
2765.7,2327.474,6.515,47.04,68.26,,2322.7740000000003,0.14671378091872794
2765.8,2327.473,5.992,46.74,68.23,,2322.773,0.14650176678445231
2765.9,2327.473,4.874,46.88,68.1,,2322.773,0.1455830388692579
2766.0,2327.472,4.564,47.04,68.14,,2322.7720000000004,0.14586572438162546
2766.1,2327.471,4.636,47.07,68.13,,2322.771,0.14579505300353354
2766.2,2327.47,5.47,46.61,68.14,,2322.77,0.14586572438162546
2766.3,2327.469,6.516,46.17,68.17,,2322.7690000000002,0.14607773851590108
2766.4,2327.469,6.965,46.16,68.28,,2322.7690000000002,0.14685512367491166
2766.5,2327.468,8.094,46.06,68.38,,2322.768,0.14756183745583035
2766.6,2327.467,19.973,45.2,68.03,,2322.7670000000003,0.14508833922261485
2766.7,2327.466,20.085,45.94,67.97,,2322.766,0.1446643109540636
2766.8,2327.465,21.071,46.27,67.83,,2322.7650000000003,0.14367491166077737
2766.9,2327.465,21.231,46.38,68.17,,2322.7650000000003,0.14607773851590108
2767.0,2327.464,21.218,46.07,67.98,,2322.764,0.1447349823321555
2767.1,2327.463,21.255,46.14,68.19,,2322.7630000000004,0.1462190812720848
2767.2,2327.462,21.102,45.5,68.47,,2322.762,0.14819787985865723
2767.3,2327.461,21.196,45.14,69.34,,2322.761,0.1543462897526502
2767.4,2327.46,21.479,44.7,69.46,,2322.76,0.1551943462897526
2767.5,2327.46,21.172,45.5,69.59,,2322.76,0.15611307420494702
2767.6,2327.459,21.192,45.58,70.61,,2322.759,0.163321554770318
2767.7,2327.458,21.439,45.06,70.65,,2322.7580000000003,0.16360424028268555
2767.8,2327.457,21.597,46.9,70.69,,2322.757,0.16388692579505298
2767.9,2327.456,21.271,48.32,70.93,,2322.7560000000003,0.165583038869258
2768.0,2327.455,20.977,49.35,70.98,,2322.755,0.16593639575971733
2768.1,2327.455,21.086,50.02,71.66,,2322.755,0.17074204946996463
2768.2,2327.454,21.338,51.5,71.82,,2322.7540000000004,0.17187279151943458
2768.3,2327.453,21.029,51.49,72.21,,2322.753,0.1746289752650176
2768.4,2327.452,20.585,51.2,72.53,,2322.7520000000004,0.17689045936395761
2768.5,2327.451,20.741,51.04,72.38,,2322.751,0.17583038869257947
2768.6,2327.45,20.51,51.08,72.58,,2322.75,0.17724381625441696
2768.7,2327.449,20.062,51.14,72.28,,2322.7490000000003,0.17512367491166078
2768.8,2327.448,20.14,51.03,71.63,,2322.748,0.170530035335689
2768.9,2327.448,20.433,50.98,71.31,,2322.748,0.16826855123674914
2769.0,2327.447,20.545,51.13,71.66,,2322.7470000000003,0.17074204946996463
2769.1,2327.446,20.513,51.34,71.21,,2322.746,0.16756183745583034
2769.2,2327.445,20.961,51.63,71.42,,2322.7450000000003,0.16904593639575974
2769.3,2327.444,21.227,51.7,70.93,,2322.744,0.165583038869258
2769.4,2327.443,21.356,51.95,71.1,,2322.7430000000004,0.16678445229681974
2769.5,2327.442,21.805,52.0,70.94,,2322.742,0.16565371024734982
2769.6,2327.441,22.403,52.74,70.6,,2322.741,0.1632508833922261
2769.7,2327.44,22.344,52.87,70.3,,2322.7400000000002,0.16113074204946995
2769.8,2327.439,22.449,53.0,70.12,,2322.739,0.1598586572438163
2769.9,2327.438,22.405,53.19,70.14,,2322.7380000000003,0.16
2770.0,2327.438,21.901,53.43,69.79,,2322.7380000000003,0.1575265017667845
2770.1,2327.437,21.756,53.35,69.74,,2322.737,0.15717314487632505
2770.2,2327.436,21.284,53.4,69.68,,2322.7360000000003,0.1567491166077739
2770.3,2327.435,20.74,53.26,69.64,,2322.735,0.15646643109540637
2770.4,2327.434,20.424,53.73,69.53,,2322.7340000000004,0.15568904593639576
2770.5,2327.433,19.83,53.8,68.09,,2322.733,0.1455123674911661
2770.6,2327.432,19.897,53.53,67.96,,2322.732,0.14459363957597168
2770.7,2327.431,20.051,53.78,68.28,,2322.731,0.14685512367491166
2770.8,2327.43,19.918,54.18,68.17,,2322.73,0.14607773851590108
2770.9,2327.429,20.626,54.25,68.26,,2322.7290000000003,0.14671378091872794
2771.0,2327.428,20.931,54.81,68.7,,2322.728,0.14982332155477035
2771.1,2327.427,21.024,54.96,69.0,,2322.7270000000003,0.1519434628975265
2771.2,2327.426,20.943,55.26,69.27,,2322.726,0.15385159010600705
2771.3,2327.425,21.08,55.52,69.68,,2322.7250000000004,0.1567491166077739
2771.4,2327.424,20.697,55.61,70.6,,2322.724,0.1632508833922261
2771.5,2327.423,20.273,56.26,71.51,,2322.723,0.1696819787985866
2771.6,2327.422,19.435,56.3,71.86,,2322.722,0.17215547703180212
2771.7,2327.421,18.506,55.57,73.24,,2322.721,0.18190812720848054
2771.8,2327.42,18.331,55.16,73.6,,2322.7200000000003,0.18445229681978795
2771.9,2327.419,17.573,54.59,73.35,,2322.719,0.18268551236749112
2772.0,2327.418,17.192,53.79,73.82,,2322.7180000000003,0.18600706713780915
2772.1,2327.417,16.343,53.99,73.7,,2322.717,0.18515901060070675
2772.2,2327.416,15.651,53.67,73.45,,2322.7160000000003,0.18339222614840991
2772.3,2327.415,15.155,53.68,73.09,,2322.715,0.1808480565371025
2772.4,2327.414,14.91,53.62,72.51,,2322.7140000000004,0.1767491166077739
2772.5,2327.413,14.392,53.64,72.51,,2322.713,0.1767491166077739
2772.6,2327.412,14.488,53.63,72.51,,2322.712,0.1767491166077739
2772.7,2327.411,14.496,53.6,70.98,,2322.7110000000002,0.16593639575971733
2772.8,2327.41,14.622,53.58,73.18,,2322.71,0.18148409893992937
2772.9,2327.409,14.558,53.58,75.46,,2322.7090000000003,0.1975971731448763
2773.0,2327.408,14.104,53.87,75.46,,2322.708,0.1975971731448763
2773.1,2327.407,14.135,53.93,75.46,,2322.7070000000003,0.1975971731448763
2773.2,2327.406,13.984,55.2,75.46,,2322.706,0.1975971731448763
2773.3,2327.405,13.663,56.29,75.46,,2322.7050000000004,0.1975971731448763
2773.4,2327.404,13.297,57.68,75.46,,2322.704,0.1975971731448763
2773.5,2327.403,12.694,57.89,75.46,,2322.703,0.1975971731448763
2773.6,2327.402,12.445,58.05,75.46,,2322.702,0.1975971731448763
2773.7,2327.401,12.635,58.65,73.07,,2322.701,0.18070671378091868
2773.8,2327.4,10.906,58.66,70.42,,2322.7000000000003,0.16197879858657244
2773.9,2327.398,10.618,58.38,70.42,,2322.6980000000003,0.16197879858657244
2774.0,2327.397,10.637,58.32,70.42,,2322.697,0.16197879858657244
2774.1,2327.396,10.198,58.34,70.42,,2322.6960000000004,0.16197879858657244
2774.2,2327.395,9.95,57.88,70.43,,2322.695,0.16204946996466435
2774.3,2327.394,9.811,57.65,70.43,,2322.694,0.16204946996466435
2774.4,2327.393,10.098,57.9,70.43,,2322.693,0.16204946996466435
2774.5,2327.392,10.196,57.99,70.34,,2322.692,0.1614134275618375
2774.6,2327.391,9.634,57.73,70.32,,2322.6910000000003,0.16127208480565366
2774.7,2327.39,9.031,57.96,70.28,,2322.69,0.16098939929328623
2774.8,2327.389,9.358,59.06,70.22,,2322.6890000000003,0.16056537102473498
2774.9,2327.387,8.651,59.62,70.16,,2322.6870000000004,0.16014134275618372
2775.0,2327.386,8.223,59.54,71.14,,2322.686,0.16706713780918728
2775.1,2327.385,8.178,59.89,71.53,,2322.6850000000004,0.1698233215547703
2775.2,2327.384,8.111,56.25,73.14,,2322.684,0.18120141342756185
2775.3,2327.383,8.415,55.64,73.47,,2322.683,0.18353356890459363
2775.4,2327.382,8.909,54.77,73.74,,2322.6820000000002,0.18544169611307418
2775.5,2327.381,9.522,54.1,74.4,,2322.681,0.19010600706713784
2775.6,2327.38,10.125,53.69,73.8,,2322.6800000000003,0.1858657243816254
2775.7,2327.378,10.417,53.21,73.68,,2322.6780000000003,0.185017667844523
2775.8,2327.377,10.98,52.86,73.59,,2322.677,0.18438162544169615
2775.9,2327.376,11.587,52.64,73.47,,2322.6760000000004,0.18353356890459363
2776.0,2327.375,11.634,52.57,73.39,,2322.675,0.18296819787985866
2776.1,2327.374,12.209,52.61,73.61,,2322.674,0.18452296819787986
2776.2,2327.373,12.598,51.98,73.71,,2322.6730000000002,0.18522968197879855
2776.3,2327.372,13.474,51.83,74.21,,2322.672,0.1887632508833922
2776.4,2327.37,13.932,51.76,73.22,,2322.67,0.1817667844522968
2776.5,2327.369,14.291,51.43,73.06,,2322.6690000000003,0.18063604240282688
2776.6,2327.368,15.483,51.12,72.88,,2322.668,0.1793639575971731
2776.7,2327.367,16.274,51.23,70.99,,2322.6670000000004,0.16600706713780916
2776.8,2327.366,16.783,51.26,70.46,,2322.666,0.1622614840989399
2776.9,2327.364,18.058,51.9,70.06,,2322.664,0.15943462897526503
2777.0,2327.363,18.599,51.16,69.32,,2322.663,0.1542049469964664
2777.1,2327.362,18.293,51.54,69.67,,2322.6620000000003,0.156678445229682
2777.2,2327.361,17.692,51.96,70.51,,2322.661,0.16261484098939932
2777.3,2327.36,17.461,52.32,71.46,,2322.6600000000003,0.16932862190812717
2777.4,2327.358,16.929,52.4,72.69,,2322.6580000000004,0.17802120141342753
2777.5,2327.357,16.551,52.52,73.27,,2322.657,0.18212014134275614
2777.6,2327.356,16.04,53.19,73.45,,2322.6560000000004,0.18339222614840991
2777.7,2327.355,16.036,53.23,74.46,,2322.655,0.190530035335689
2777.8,2327.354,16.33,53.37,73.46,,2322.654,0.18346289752650172
2777.9,2327.352,16.528,54.02,72.52,,2322.652,0.1768197879858657
2778.0,2327.351,16.901,54.94,71.88,,2322.6510000000003,0.17229681978798583
2778.1,2327.35,17.455,54.52,71.62,,2322.65,0.1704593639575972
2778.2,2327.349,18.053,51.99,71.41,,2322.6490000000003,0.16897526501766783
2778.3,2327.347,18.245,51.37,71.26,,2322.6470000000004,0.1679151943462898
2778.4,2327.346,13.915,50.18,71.16,,2322.646,0.167208480565371
2778.5,2327.345,7.853,49.52,70.92,,2322.645,0.1655123674911661
2778.6,2327.344,7.016,48.54,70.95,,2322.6440000000002,0.1657243816254417
2778.7,2327.342,6.284,47.89,70.96,,2322.6420000000003,0.16579505300353353
2778.8,2327.341,5.723,48.02,70.97,,2322.641,0.16586572438162545
2778.9,2327.34,4.916,47.62,70.88,,2322.6400000000003,0.16522968197879856
2779.0,2327.339,5.757,47.75,70.83,,2322.639,0.16487632508833922
2779.1,2327.337,6.236,47.29,70.84,,2322.637,0.16494699646643113
2779.2,2327.336,6.998,48.05,70.77,,2322.636,0.16445229681978796
2779.3,2327.335,7.969,46.58,70.68,,2322.635,0.16381625441696118
2779.4,2327.334,10.151,45.84,70.74,,2322.634,0.16424028268551233
2779.5,2327.332,17.834,44.33,70.81,,2322.632,0.1647349823321555
2779.6,2327.331,17.983,44.65,70.78,,2322.6310000000003,0.16452296819787987
2779.7,2327.33,17.926,43.42,70.76,,2322.63,0.16438162544169616
2779.8,2327.328,17.829,45.16,70.76,,2322.628,0.16438162544169616
2779.9,2327.327,18.09,46.02,70.39,,2322.6270000000004,0.16176678445229684
2780.0,2327.326,18.025,47.41,70.38,,2322.626,0.16169611307420492
2780.1,2327.325,18.467,49.25,70.18,,2322.625,0.16028268551236755
2780.2,2327.323,18.393,49.98,70.07,,2322.623,0.15950530035335683
2780.3,2327.322,18.3,50.75,69.52,,2322.6220000000003,0.15561837455830385
2780.4,2327.321,18.213,49.82,69.53,,2322.621,0.15568904593639576
2780.5,2327.319,18.37,49.99,69.59,,2322.619,0.15611307420494702
2780.6,2327.318,17.977,49.78,69.23,,2322.6180000000004,0.15356890459363962
2780.7,2327.317,17.898,49.53,68.85,,2322.617,0.15088339222614838
2780.8,2327.315,18.018,49.09,69.1,,2322.6150000000002,0.1526501766784452
2780.9,2327.314,18.459,49.13,69.66,,2322.614,0.15660777385159008
2781.0,2327.313,18.583,49.45,69.7,,2322.6130000000003,0.15689045936395762
2781.1,2327.311,18.862,49.16,69.84,,2322.6110000000003,0.15787985865724383
2781.2,2327.31,19.29,48.48,70.04,,2322.61,0.15929328621908131
2781.3,2327.309,19.074,47.69,70.23,,2322.6090000000004,0.1606360424028269
2781.4,2327.307,19.033,47.17,70.24,,2322.607,0.1607067137809187
2781.5,2327.306,18.842,45.62,70.04,,2322.606,0.15929328621908131
2781.6,2327.304,18.925,46.09,70.07,,2322.6040000000003,0.15950530035335683
2781.7,2327.303,18.608,45.44,69.94,,2322.603,0.15858657243816252
2781.8,2327.302,18.323,45.84,69.44,,2322.6020000000003,0.15505300353356888
2781.9,2327.3,18.386,46.52,68.76,,2322.6000000000004,0.15024734982332158
2782.0,2327.299,18.653,47.07,67.74,,2322.599,0.1430388692579505
2782.1,2327.298,18.526,46.43,67.43,,2322.598,0.14084805653710253
2782.2,2327.296,18.577,46.44,67.24,,2322.596,0.13950530035335684
2782.3,2327.295,19.07,45.27,66.91,,2322.5950000000003,0.13717314487632506
2782.4,2327.294,18.503,44.53,66.84,,2322.594,0.136678445229682
2782.5,2327.292,18.404,43.08,66.69,,2322.592,0.13561837455830386
2782.6,2327.291,17.885,41.39,66.77,,2322.5910000000003,0.13618374558303883
2782.7,2327.29,10.546,41.35,66.69,,2322.59,0.13561837455830386
2782.8,2327.288,8.874,39.89,66.68,,2322.588,0.13554770318021206
2782.9,2327.287,8.257,40.01,66.47,,2322.587,0.13406360424028269
2783.0,2327.286,7.451,40.24,66.32,,2322.5860000000002,0.13300353356890454
2783.1,2327.284,6.927,40.33,66.09,,2322.5840000000003,0.13137809187279154
2783.2,2327.283,6.404,40.14,66.0,,2322.583,0.13074204946996468
2783.3,2327.282,7.329,40.1,65.76,,2322.5820000000003,0.12904593639575976
2783.4,2327.281,8.532,40.12,65.76,,2322.581,0.12904593639575976
2783.5,2327.279,9.096,40.62,66.36,,2322.579,0.13328621908127208
2783.6,2327.278,9.961,40.62,66.54,,2322.578,0.13455830388692583
2783.7,2327.277,16.172,40.13,67.13,,2322.577,0.13872791519434627
2783.8,2327.276,16.341,40.02,67.92,,2322.576,0.14431095406360425
2783.9,2327.274,15.043,40.43,68.65,,2322.574,0.149469964664311
2784.0,2327.273,15.153,39.92,69.63,,2322.5730000000003,0.15639575971731445
2784.1,2327.272,14.733,39.46,69.71,,2322.572,0.15696113074204943
2784.2,2327.271,14.81,39.16,70.31,,2322.5710000000004,0.16120141342756186
2784.3,2327.27,15.372,39.38,70.37,,2322.57,0.16162544169611312
2784.4,2327.268,16.682,39.53,70.4,,2322.568,0.16183745583038872
2784.5,2327.267,17.001,39.1,70.36,,2322.567,0.1615547703180212
2784.6,2327.266,17.568,39.5,69.9,,2322.5660000000003,0.15830388692579508
2784.7,2327.265,17.842,39.74,69.88,,2322.565,0.15816254416961129
2784.8,2327.264,18.361,40.08,69.52,,2322.5640000000003,0.15561837455830385
2784.9,2327.263,18.344,39.54,68.63,,2322.563,0.14932862190812718
2785.0,2327.262,18.14,40.12,67.84,,2322.5620000000004,0.14374558303886928
2785.1,2327.26,18.082,40.66,67.57,,2322.5600000000004,0.14183745583038865
2785.2,2327.259,18.044,40.59,66.67,,2322.559,0.13547703180212015
2785.3,2327.258,17.765,41.04,65.75,,2322.558,0.12897526501766785
2785.4,2327.257,17.45,41.5,66.51,,2322.5570000000002,0.1343462897526502
2785.5,2327.256,17.064,42.05,66.82,,2322.556,0.13653710247349818
2785.6,2327.255,16.968,42.54,67.18,,2322.5550000000003,0.1390812720848057
2785.7,2327.254,17.115,42.8,67.54,,2322.554,0.14162544169611313
2785.8,2327.253,16.479,43.56,67.88,,2322.5530000000003,0.1440282685512367
2785.9,2327.252,16.347,43.46,68.63,,2322.552,0.14932862190812718
2786.0,2327.251,16.03,43.84,68.49,,2322.5510000000004,0.14833922261484095
2786.1,2327.25,16.185,43.83,68.34,,2322.55,0.14727915194346292
2786.2,2327.249,16.388,44.31,68.53,,2322.549,0.1486219081272085
2786.3,2327.248,16.491,44.47,68.5,,2322.5480000000002,0.14840989399293286
2786.4,2327.247,16.607,44.69,68.59,,2322.547,0.14904593639575975
2786.5,2327.246,17.367,45.32,68.81,,2322.5460000000003,0.15060070671378092
2786.6,2327.245,17.594,45.51,68.91,,2322.545,0.1513074204946996
2786.7,2327.244,18.067,45.96,69.29,,2322.5440000000003,0.15399293286219085
2786.8,2327.243,18.668,47.82,69.7,,2322.543,0.15689045936395762
2786.9,2327.242,19.033,47.95,69.73,,2322.5420000000004,0.15710247349823325
2787.0,2327.241,18.835,48.81,69.81,,2322.541,0.15766784452296823
2787.1,2327.24,18.956,49.57,70.01,,2322.54,0.15908127208480569
2787.2,2327.239,18.812,49.63,70.41,,2322.539,0.16190812720848055
2787.3,2327.238,18.539,49.1,70.43,,2322.538,0.16204946996466435
2787.4,2327.237,18.273,48.5,70.48,,2322.5370000000003,0.1624028268551237
2787.5,2327.236,18.216,48.35,70.72,,2322.536,0.1640989399293286
2787.6,2327.235,18.72,48.26,70.68,,2322.5350000000003,0.16381625441696118
2787.7,2327.235,18.223,48.46,70.63,,2322.5350000000003,0.16346289752650173
2787.8,2327.234,18.27,48.23,70.55,,2322.534,0.16289752650176675
2787.9,2327.233,18.619,48.71,71.39,,2322.5330000000004,0.1688339222614841
2788.0,2327.232,18.789,49.06,71.57,,2322.532,0.17010600706713777
2788.1,2327.231,18.402,49.39,71.97,,2322.5310000000004,0.17293286219081272
2788.2,2327.23,18.176,49.89,72.4,,2322.53,0.1759717314487633
2788.3,2327.229,18.376,50.13,72.9,,2322.529,0.17950530035335693
2788.4,2327.229,18.156,51.24,73.74,,2322.529,0.18544169611307418
2788.5,2327.228,15.797,52.41,73.08,,2322.5280000000002,0.1807773851590106
2788.6,2327.227,14.067,51.29,72.87,,2322.527,0.1792932862190813
2788.7,2327.226,14.027,50.62,72.47,,2322.5260000000003,0.17646643109540636
2788.8,2327.225,13.468,50.27,72.06,,2322.525,0.1735689045936396
2788.9,2327.225,12.529,49.7,70.87,,2322.525,0.16515901060070676
2789.0,2327.224,12.312,48.35,70.85,,2322.5240000000003,0.16501766784452293
2789.1,2327.223,12.791,48.96,70.91,,2322.523,0.1654416961130742
2789.2,2327.222,14.005,49.34,70.93,,2322.5220000000004,0.165583038869258
2789.3,2327.222,14.095,48.84,70.98,,2322.5220000000004,0.16593639575971733
2789.4,2327.221,14.258,48.94,70.94,,2322.521,0.16565371024734982
2789.5,2327.22,16.125,49.23,70.95,,2322.52,0.1657243816254417
2789.6,2327.219,16.927,49.54,70.92,,2322.5190000000002,0.1655123674911661
2789.7,2327.219,16.2,49.17,70.95,,2322.5190000000002,0.1657243816254417
2789.8,2327.218,15.68,48.89,70.87,,2322.518,0.16515901060070676
2789.9,2327.217,15.284,49.06,70.76,,2322.5170000000003,0.16438162544169616
2790.0,2327.217,15.276,48.88,70.74,,2322.5170000000003,0.16424028268551233
2790.1,2327.216,15.063,48.34,70.5,,2322.516,0.1625441696113074
2790.2,2327.215,14.591,48.41,69.65,,2322.5150000000003,0.15653710247349828
2790.3,2327.215,14.836,48.74,69.57,,2322.5150000000003,0.1559717314487632
2790.4,2327.214,15.089,48.16,69.35,,2322.514,0.15441696113074202
2790.5,2327.213,15.629,47.77,69.13,,2322.5130000000004,0.15286219081272082
2790.6,2327.213,16.29,48.32,68.94,,2322.5130000000004,0.15151943462897524
2790.7,2327.212,16.512,48.22,69.01,,2322.512,0.1520141342756184
2790.8,2327.211,16.747,48.44,69.19,,2322.511,0.15328621908127207
2790.9,2327.211,17.082,48.74,69.4,,2322.511,0.15477031802120145
2791.0,2327.21,17.206,49.79,69.46,,2322.51,0.1551943462897526
2791.1,2327.21,17.121,50.06,69.53,,2322.51,0.15568904593639576
2791.2,2327.209,6.406,50.42,70.16,,2322.509,0.16014134275618372
2791.3,2327.208,5.379,51.33,70.28,,2322.5080000000003,0.16098939929328623
2791.4,2327.208,5.058,51.51,70.33,,2322.5080000000003,0.16134275618374558
2791.5,2327.207,4.165,51.49,70.3,,2322.507,0.16113074204946995
2791.6,2327.207,3.552,51.36,70.32,,2322.507,0.16127208480565366
2791.7,2327.206,3.98,51.2,70.42,,2322.5060000000003,0.16197879858657244
2791.8,2327.206,4.619,51.18,70.37,,2322.5060000000003,0.16162544169611312
2791.9,2327.205,5.54,50.95,70.26,,2322.505,0.16084805653710252
2792.0,2327.205,5.887,50.8,70.23,,2322.505,0.1606360424028269
2792.1,2327.204,6.599,50.63,70.52,,2322.5040000000004,0.16268551236749113
2792.2,2327.204,15.851,50.77,70.62,,2322.5040000000004,0.16339222614840992
2792.3,2327.203,15.909,50.21,70.87,,2322.503,0.16515901060070676
2792.4,2327.203,15.565,51.53,71.07,,2322.503,0.16657243816254413
2792.5,2327.202,15.644,51.98,71.48,,2322.5020000000004,0.169469964664311
2792.6,2327.202,15.667,52.08,70.63,,2322.5020000000004,0.16346289752650173
2792.7,2327.201,15.56,52.82,69.69,,2322.501,0.1568197879858657
2792.8,2327.201,15.594,52.58,69.48,,2322.501,0.15533568904593642
2792.9,2327.201,15.416,52.27,69.18,,2322.501,0.15321554770318027
2793.0,2327.2,14.927,51.35,69.04,,2322.5,0.15222614840989404
2793.1,2327.2,14.602,51.1,68.41,,2322.5,0.14777385159010598
2793.2,2327.199,14.083,51.12,67.64,,2322.4990000000003,0.14233215547703182
2793.3,2327.199,13.871,50.58,67.61,,2322.4990000000003,0.1421201413427562
2793.4,2327.199,13.68,50.54,67.38,,2322.4990000000003,0.14049469964664307
2793.5,2327.198,13.673,50.9,67.32,,2322.498,0.14007067137809182
2793.6,2327.198,13.595,51.24,67.29,,2322.498,0.1398586572438163
2793.7,2327.197,14.005,53.87,67.41,,2322.4970000000003,0.1407067137809187
2793.8,2327.197,14.319,56.0,67.52,,2322.4970000000003,0.1414840989399293
2793.9,2327.197,14.663,56.71,67.87,,2322.4970000000003,0.1439575971731449
2794.0,2327.196,14.911,58.49,67.88,,2322.496,0.1440282685512367
2794.1,2327.196,14.279,58.57,68.07,,2322.496,0.14537102473498228
2794.2,2327.196,7.931,59.59,69.81,,2322.496,0.15766784452296823
2794.3,2327.195,6.923,59.14,70.38,,2322.4950000000003,0.16169611307420492
2794.4,2327.195,6.456,58.54,70.48,,2322.4950000000003,0.1624028268551237
2794.5,2327.195,6.054,57.42,70.54,,2322.4950000000003,0.16282685512367495
2794.6,2327.195,5.406,56.51,70.34,,2322.4950000000003,0.1614134275618375
2794.7,2327.194,5.902,54.44,70.29,,2322.494,0.16106007067137815
2794.8,2327.194,6.571,49.35,70.19,,2322.494,0.16035335689045935
2794.9,2327.194,7.508,49.16,70.02,,2322.494,0.1591519434628975
2795.0,2327.193,8.098,48.55,69.8,,2322.4930000000004,0.1575971731448763
2795.1,2327.193,8.636,47.46,69.13,,2322.4930000000004,0.15286219081272082
2795.2,2327.193,13.785,47.08,68.56,,2322.4930000000004,0.14883392226148412
2795.3,2327.193,13.287,47.47,67.97,,2322.4930000000004,0.1446643109540636
2795.4,2327.193,12.144,47.53,67.07,,2322.4930000000004,0.138303886925795
2795.5,2327.192,11.805,46.56,66.92,,2322.492,0.13724381625441698
2795.6,2327.192,11.665,46.62,66.91,,2322.492,0.13717314487632506
2795.7,2327.192,11.541,47.73,66.97,,2322.492,0.13759717314487632
2795.8,2327.192,11.76,48.18,67.11,,2322.492,0.13858657243816255
2795.9,2327.192,11.912,48.05,67.27,,2322.492,0.13971731448763247
2796.0,2327.191,11.959,48.91,67.23,,2322.491,0.13943462897526504
2796.1,2327.191,12.196,50.3,67.33,,2322.491,0.14014134275618373
2796.2,2327.191,12.451,50.48,67.29,,2322.491,0.1398586572438163
2796.3,2327.191,12.446,49.42,67.31,,2322.491,0.14
2796.4,2327.191,12.601,49.26,67.54,,2322.491,0.14162544169611313
2796.5,2327.191,12.343,49.72,67.54,,2322.491,0.14162544169611313
2796.6,2327.191,12.346,48.68,67.68,,2322.491,0.14261484098939933
2796.7,2327.191,12.218,47.09,67.88,,2322.491,0.1440282685512367
2796.8,2327.19,12.158,46.93,68.17,,2322.4900000000002,0.14607773851590108
2796.9,2327.19,12.002,48.19,68.25,,2322.4900000000002,0.14664310954063603
2797.0,2327.19,11.654,47.87,69.96,,2322.4900000000002,0.15872791519434626
2797.1,2327.19,10.818,48.66,70.17,,2322.4900000000002,0.16021201413427563
2797.2,2327.19,7.762,49.34,70.68,,2322.4900000000002,0.16381625441696118
2797.3,2327.19,7.343,50.11,70.83,,2322.4900000000002,0.16487632508833922
2797.4,2327.19,6.816,49.91,71.05,,2322.4900000000002,0.1664310954063604
2797.5,2327.19,6.111,49.68,71.1,,2322.4900000000002,0.16678445229681974
2797.6,2327.19,5.692,49.5,70.97,,2322.4900000000002,0.16586572438162545
2797.7,2327.19,6.402,49.51,70.82,,2322.4900000000002,0.1648056537102473
2797.8,2327.19,6.812,49.7,70.7,,2322.4900000000002,0.1639575971731449
2797.9,2327.19,7.481,49.26,70.53,,2322.4900000000002,0.16275618374558304
2798.0,2327.19,8.246,49.23,69.36,,2322.4900000000002,0.1544876325088339
2798.1,2327.19,10.001,50.07,69.43,,2322.4900000000002,0.15498233215547708
2798.2,2327.19,14.505,50.41,68.92,,2322.4900000000002,0.15137809187279153
2798.3,2327.19,14.771,50.66,68.73,,2322.4900000000002,0.15003533568904595
2798.4,2327.19,15.46,49.95,68.38,,2322.4900000000002,0.14756183745583035
2798.5,2327.19,16.417,50.35,67.99,,2322.4900000000002,0.1448056537102473
2798.6,2327.19,17.078,50.06,67.63,,2322.4900000000002,0.1422614840989399
2798.7,2327.19,17.135,51.83,67.64,,2322.4900000000002,0.14233215547703182
2798.8,2327.19,17.109,52.82,68.46,,2322.4900000000002,0.14812720848056532
2798.9,2327.191,17.79,53.74,68.91,,2322.491,0.1513074204946996
2799.0,2327.191,17.972,54.74,69.3,,2322.491,0.15406360424028268
2799.1,2327.191,17.521,56.08,69.84,,2322.491,0.15787985865724383
2799.2,2327.191,17.955,56.24,71.08,,2322.491,0.16664310954063602
2799.3,2327.191,18.497,55.88,70.92,,2322.491,0.1655123674911661
2799.4,2327.191,18.256,56.39,70.65,,2322.491,0.16360424028268555
2799.5,2327.191,17.472,56.14,70.38,,2322.491,0.16169611307420492
2799.6,2327.191,16.717,55.11,70.47,,2322.491,0.16233215547703178
2799.7,2327.192,16.086,53.94,69.39,,2322.492,0.15469964664310953
2799.8,2327.192,15.471,53.02,68.0,,2322.492,0.14487632508833923
2799.9,2327.192,14.646,53.51,67.8,,2322.492,0.14346289752650174
2800.0,2327.192,14.46,53.26,67.58,,2322.492,0.14190812720848056
2800.1,2327.192,14.539,54.01,68.56,,2322.492,0.14883392226148412
2800.2,2327.193,14.483,54.88,69.05,,2322.4930000000004,0.15229681978798584
2800.3,2327.193,14.796,55.16,71.33,,2322.4930000000004,0.16840989399293285
2800.4,2327.193,15.592,55.45,72.12,,2322.4930000000004,0.17399293286219084
2800.5,2327.193,16.413,55.47,72.8,,2322.4930000000004,0.17879858657243813
2800.6,2327.193,16.655,55.22,74.46,,2322.4930000000004,0.190530035335689
2800.7,2327.194,16.994,54.89,76.33,,2322.494,0.20374558303886925
2800.8,2327.194,17.012,54.81,76.54,,2322.494,0.20522968197879862
2800.9,2327.194,17.257,54.25,77.76,,2322.494,0.2138515901060071
2801.0,2327.195,17.04,53.75,78.35,,2322.4950000000003,0.2180212014134275
2801.1,2327.195,16.78,53.31,79.4,,2322.4950000000003,0.22544169611307424
2801.2,2327.195,16.98,53.14,79.69,,2322.4950000000003,0.2274911660777385
2801.3,2327.195,17.204,53.27,80.68,,2322.4950000000003,0.23448763250883398
2801.4,2327.196,16.8,53.07,80.63,,2322.496,0.23413427561837452
2801.5,2327.196,16.782,54.03,80.51,,2322.496,0.23328621908127212
2801.6,2327.196,16.83,54.97,79.53,,2322.496,0.22636042402826856
2801.7,2327.197,17.229,55.36,79.33,,2322.4970000000003,0.22494699646643107
2801.8,2327.197,16.627,55.65,79.1,,2322.4970000000003,0.22332155477031798
2801.9,2327.197,16.15,55.34,78.29,,2322.4970000000003,0.21759717314487637
2802.0,2327.198,15.695,55.16,77.81,,2322.498,0.21420494699646644
2802.1,2327.198,15.598,53.8,77.58,,2322.498,0.21257950530035336
2802.2,2327.198,15.573,53.03,77.66,,2322.498,0.21314487632508833
2802.3,2327.199,13.963,52.36,77.18,,2322.4990000000003,0.2097526501766785
2802.4,2327.199,14.244,52.0,74.7,,2322.4990000000003,0.19222614840989402
2802.5,2327.2,13.907,50.96,75.59,,2322.5,0.1985159010600707
2802.6,2327.2,14.251,51.67,75.71,,2322.5,0.1993639575971731
2802.7,2327.201,14.009,52.1,76.1,,2322.501,0.20212014134275613
2802.8,2327.201,14.857,52.47,73.95,,2322.501,0.18692579505300355
2802.9,2327.201,16.083,53.84,74.11,,2322.501,0.1880565371024735
2803.0,2327.202,16.923,54.97,73.36,,2322.5020000000004,0.18275618374558303
2803.1,2327.202,17.225,55.89,73.07,,2322.5020000000004,0.18070671378091868
2803.2,2327.203,17.699,56.31,71.75,,2322.503,0.17137809187279152
2803.3,2327.203,19.798,56.9,70.92,,2322.503,0.1655123674911661
2803.4,2327.204,19.637,56.86,71.44,,2322.5040000000004,0.16918727915194345
2803.5,2327.204,19.828,56.82,70.83,,2322.5040000000004,0.16487632508833922
2803.6,2327.205,20.253,54.85,71.15,,2322.505,0.1671378091872792
2803.7,2327.205,20.612,52.79,72.49,,2322.505,0.17660777385159007
2803.8,2327.206,20.279,43.17,76.05,,2322.5060000000003,0.2017667844522968
2803.9,2327.206,19.171,41.8,80.37,,2322.5060000000003,0.2322968197879859
2804.0,2327.207,17.83,41.08,84.34,,2322.507,0.2603533568904594
2804.1,2327.207,16.814,40.53,85.63,,2322.507,0.26946996466431095
2804.2,2327.208,15.516,39.92,84.33,,2322.5080000000003,0.2602826855123675
2804.3,2327.208,14.744,39.54,84.9,,2322.5080000000003,0.2643109540636043
2804.4,2327.209,13.752,39.44,86.76,,2322.509,0.2774558303886926
2804.5,2327.21,13.061,39.36,84.92,,2322.51,0.264452296819788
2804.6,2327.21,12.841,39.36,82.84,,2322.51,0.24975265017667847
2804.7,2327.211,12.448,39.35,78.22,,2322.511,0.2171024734982332
2804.8,2327.211,12.138,39.12,77.52,,2322.511,0.2121554770318021
2804.9,2327.212,12.947,40.65,70.61,,2322.512,0.163321554770318
2805.0,2327.213,13.522,41.84,71.3,,2322.5130000000004,0.16819787985865722
2805.1,2327.213,14.094,43.17,71.36,,2322.5130000000004,0.16862190812720848
2805.2,2327.214,15.284,43.86,75.59,,2322.514,0.1985159010600707
2805.3,2327.215,16.77,45.16,76.55,,2322.5150000000003,0.20530035335689045
2805.4,2327.215,17.751,45.16,77.42,,2322.5150000000003,0.2114487632508834
2805.5,2327.216,19.124,45.12,79.04,,2322.516,0.22289752650176684
2805.6,2327.217,19.997,45.35,80.48,,2322.5170000000003,0.2330742049469965
2805.7,2327.217,20.096,45.25,82.3,,2322.5170000000003,0.2459363957597173
2805.8,2327.218,19.353,44.41,82.0,,2322.518,0.24381625441696114
2805.9,2327.219,17.609,43.85,74.77,,2322.5190000000002,0.19272084805653708
2806.0,2327.219,15.493,43.62,73.46,,2322.5190000000002,0.18346289752650172
2806.1,2327.22,14.226,45.11,71.96,,2322.52,0.1728621908127208
2806.2,2327.221,12.924,45.19,69.07,,2322.521,0.15243816254416956
2806.3,2327.222,11.706,45.68,68.53,,2322.5220000000004,0.1486219081272085
2806.4,2327.222,6.515,47.02,68.39,,2322.5220000000004,0.14763250883392226
2806.5,2327.223,5.682,48.2,67.43,,2322.523,0.14084805653710253
2806.6,2327.224,5.442,48.62,67.52,,2322.5240000000003,0.1414840989399293
2806.7,2327.225,5.022,47.72,67.54,,2322.525,0.14162544169611313
2806.8,2327.225,4.486,48.45,67.5,,2322.525,0.1413427561837456
2806.9,2327.226,4.864,47.73,67.3,,2322.5260000000003,0.1399293286219081
2807.0,2327.227,5.759,46.43,67.07,,2322.527,0.138303886925795
2807.1,2327.228,6.485,44.73,67.0,,2322.5280000000002,0.13780918727915195
2807.2,2327.229,7.463,44.49,66.47,,2322.529,0.13406360424028269
2807.3,2327.229,7.796,44.17,66.4,,2322.529,0.13356890459363963
2807.4,2327.23,15.81,45.12,66.94,,2322.53,0.1373851590106007
2807.5,2327.231,17.203,45.13,67.2,,2322.5310000000004,0.1392226148409894
2807.6,2327.232,17.145,46.05,67.53,,2322.532,0.14155477031802122
2807.7,2327.233,17.19,46.96,67.8,,2322.5330000000004,0.14346289752650174
2807.8,2327.234,18.037,47.72,68.11,,2322.534,0.14565371024734983
2807.9,2327.235,18.392,47.63,69.05,,2322.5350000000003,0.15229681978798584
2808.0,2327.235,17.911,48.71,69.05,,2322.5350000000003,0.15229681978798584
2808.1,2327.236,17.319,47.7,69.85,,2322.536,0.15795053003533566
2808.2,2327.237,16.665,47.64,71.34,,2322.5370000000003,0.16848056537102477
2808.3,2327.238,17.139,47.65,71.69,,2322.538,0.17095406360424026
2808.4,2327.239,16.741,46.85,70.87,,2322.539,0.16515901060070676
2808.5,2327.24,16.124,48.17,70.87,,2322.54,0.16515901060070676
2808.6,2327.241,16.002,48.61,70.87,,2322.541,0.16515901060070676
2808.7,2327.242,16.672,49.7,69.88,,2322.5420000000004,0.15816254416961129
2808.8,2327.243,16.914,50.26,69.23,,2322.543,0.15356890459363962
2808.9,2327.244,16.553,51.54,68.67,,2322.5440000000003,0.14961130742049472
2809.0,2327.245,16.089,52.17,68.36,,2322.545,0.14742049469964663
2809.1,2327.246,15.84,53.33,68.01,,2322.5460000000003,0.14494699646643114
2809.2,2327.247,15.507,58.19,70.43,,2322.547,0.16204946996466435
2809.3,2327.248,14.383,58.67,71.85,,2322.5480000000002,0.1720848056537102
2809.4,2327.249,13.725,60.87,74.38,,2322.549,0.18996466431095402
2809.5,2327.25,12.782,62.87,75.8,,2322.55,0.19999999999999998
2809.6,2327.251,12.458,58.47,76.23,,2322.5510000000004,0.20303886925795056
2809.7,2327.252,11.974,57.94,76.82,,2322.552,0.20720848056537097
2809.8,2327.253,11.573,57.73,76.34,,2322.5530000000003,0.20381625441696116
2809.9,2327.254,11.818,57.54,76.22,,2322.554,0.20296819787985865
2810.0,2327.255,12.341,56.78,76.29,,2322.5550000000003,0.20346289752650182
2810.1,2327.256,13.525,56.72,76.41,,2322.556,0.20431095406360422
2810.2,2327.257,11.038,56.49,76.29,,2322.5570000000002,0.20346289752650182
2810.3,2327.258,7.108,56.79,76.64,,2322.558,0.2059363957597173
2810.4,2327.259,6.455,56.47,77.75,,2322.559,0.2137809187279152
2810.5,2327.26,6.115,56.1,80.03,,2322.5600000000004,0.2298939929328622
2810.6,2327.261,5.225,55.94,80.04,,2322.561,0.2299646643109541
2810.7,2327.262,4.735,55.59,80.15,,2322.5620000000004,0.2307420494699647
2810.8,2327.263,5.515,54.67,80.18,,2322.563,0.23095406360424034
2810.9,2327.264,6.365,53.44,80.25,,2322.5640000000003,0.2314487632508834
2811.0,2327.265,7.486,50.46,80.31,,2322.565,0.23187279151943466
2811.1,2327.266,8.46,47.82,80.37,,2322.5660000000003,0.2322968197879859
2811.2,2327.267,11.094,47.31,80.67,,2322.567,0.23441696113074206
2811.3,2327.268,20.312,46.69,80.73,,2322.568,0.23484098939929332
2811.4,2327.269,20.895,46.51,81.02,,2322.569,0.23689045936395756
2811.5,2327.271,20.819,46.48,81.06,,2322.5710000000004,0.2371731448763251
2811.6,2327.272,20.954,46.47,81.09,,2322.572,0.23738515901060073
2811.7,2327.273,20.883,46.22,79.39,,2322.5730000000003,0.22537102473498233
2811.8,2327.274,20.88,46.31,79.07,,2322.574,0.22310954063604235
2811.9,2327.275,20.895,44.94,78.68,,2322.5750000000003,0.2203533568904594
2812.0,2327.276,20.315,45.23,77.02,,2322.576,0.20862190812720846
2812.1,2327.277,19.318,44.58,76.18,,2322.577,0.20268551236749122
2812.2,2327.278,18.82,44.38,74.87,,2322.578,0.19342756183745585
2812.3,2327.279,18.138,44.95,74.54,,2322.579,0.19109540636042407
2812.4,2327.28,17.89,44.76,72.54,,2322.5800000000004,0.17696113074204953
2812.5,2327.282,16.918,44.35,72.51,,2322.5820000000003,0.1767491166077739
2812.6,2327.283,16.483,43.98,76.87,,2322.583,0.20756183745583043
2812.7,2327.284,15.726,43.88,79.69,,2322.5840000000003,0.2274911660777385
2812.8,2327.285,15.696,44.15,81.26,,2322.585,0.2385865724381626
2812.9,2327.286,15.244,44.76,85.45,,2322.5860000000002,0.2681978798586573
2813.0,2327.287,15.594,44.38,89.97,,2322.587,0.30014134275618376
2813.1,2327.288,15.618,44.48,90.4,,2322.588,0.3031802120141343
2813.2,2327.29,16.561,45.53,91.3,,2322.59,0.3095406360424028
2813.3,2327.291,17.47,45.85,91.78,,2322.5910000000003,0.31293286219081273
2813.4,2327.292,18.201,46.18,92.11,,2322.592,0.31526501766784454
2813.5,2327.293,20.225,46.76,92.16,,2322.5930000000003,0.3156183745583039
2813.6,2327.294,20.889,47.7,89.5,,2322.594,0.2968197879858657
2813.7,2327.295,22.287,48.07,88.8,,2322.5950000000003,0.2918727915194346
2813.8,2327.297,22.098,48.23,87.44,,2322.597,0.2822614840989399
2813.9,2327.298,21.878,48.16,83.88,,2322.598,0.2571024734982332
2814.0,2327.299,20.116,48.51,82.35,,2322.599,0.24628975265017664
2814.1,2327.3,18.829,48.31,81.57,,2322.6000000000004,0.24077738515901057
2814.2,2327.301,17.486,47.12,78.33,,2322.601,0.2178798586572438
2814.3,2327.302,16.664,46.71,78.75,,2322.6020000000003,0.22084805653710246
2814.4,2327.304,16.197,46.49,79.17,,2322.6040000000003,0.22381625441696115
2814.5,2327.305,14.935,46.28,78.42,,2322.605,0.21851590106007068
2814.6,2327.306,14.73,46.47,78.73,,2322.606,0.22070671378091875
2814.7,2327.307,14.779,46.73,78.16,,2322.607,0.21667844522968197
2814.8,2327.308,14.689,47.3,76.53,,2322.608,0.2051590106007067
2814.9,2327.31,14.781,47.82,76.0,,2322.61,0.20141342756183744
2815.0,2327.311,15.408,48.22,75.67,,2322.6110000000003,0.19908127208480567
2815.1,2327.312,15.805,48.94,75.79,,2322.612,0.19992932862190818
2815.2,2327.313,16.606,49.86,77.04,,2322.6130000000003,0.20876325088339226
2815.3,2327.315,17.543,49.91,77.42,,2322.6150000000002,0.2114487632508834
2815.4,2327.316,18.151,49.85,77.95,,2322.616,0.21519434628975267
2815.5,2327.317,18.844,49.7,78.39,,2322.617,0.21830388692579505
2815.6,2327.318,17.763,49.3,78.46,,2322.6180000000004,0.21879858657243811
2815.7,2327.32,16.931,48.83,78.26,,2322.6200000000003,0.21738515901060074
2815.8,2327.321,16.2,48.46,77.84,,2322.621,0.21441696113074207
2815.9,2327.322,14.88,46.91,77.49,,2322.6220000000003,0.21194346289752647
2816.0,2327.323,11.031,46.61,77.12,,2322.623,0.20932862190812723
2816.1,2327.325,10.205,46.09,76.33,,2322.625,0.20374558303886925
2816.2,2327.326,8.986,45.4,75.71,,2322.626,0.1993639575971731
2816.3,2327.327,8.448,44.72,75.19,,2322.6270000000004,0.19568904593639574
2816.4,2327.329,7.89,44.56,74.92,,2322.6290000000004,0.1937809187279152
2816.5,2327.33,7.469,44.61,75.19,,2322.63,0.19568904593639574
2816.6,2327.331,8.495,44.59,76.08,,2322.6310000000003,0.20197879858657242
2816.7,2327.332,9.519,44.06,77.31,,2322.632,0.2106713780918728
2816.8,2327.334,11.164,43.95,77.55,,2322.634,0.21236749116607773
2816.9,2327.335,12.313,44.17,77.64,,2322.635,0.21300353356890459
2817.0,2327.336,18.464,43.66,77.73,,2322.636,0.21363957597173147
2817.1,2327.338,18.824,43.29,77.67,,2322.6380000000004,0.2132155477031802
2817.2,2327.339,18.805,43.44,77.58,,2322.639,0.21257950530035336
2817.3,2327.34,18.537,43.04,77.59,,2322.6400000000003,0.21265017667844524
2817.4,2327.342,18.54,42.88,77.62,,2322.6420000000003,0.21286219081272087
2817.5,2327.343,18.77,42.7,77.53,,2322.643,0.212226148409894
2817.6,2327.344,18.884,42.49,77.36,,2322.6440000000002,0.21102473498233215
2817.7,2327.346,19.095,43.8,76.2,,2322.646,0.20282685512367493
2817.8,2327.347,18.916,44.57,77.22,,2322.6470000000004,0.21003533568904592
2817.9,2327.348,19.028,45.6,77.76,,2322.648,0.2138515901060071
2818.0,2327.35,19.046,45.31,78.71,,2322.65,0.22056537102473495
2818.1,2327.351,18.673,46.06,78.91,,2322.6510000000003,0.2219787985865724
2818.2,2327.352,18.061,46.16,78.74,,2322.652,0.22077738515901058
2818.3,2327.354,17.067,45.78,78.71,,2322.654,0.22056537102473495
2818.4,2327.355,16.607,45.21,78.56,,2322.655,0.2195053003533569
2818.5,2327.356,16.645,45.1,78.33,,2322.6560000000004,0.2178798586572438
2818.6,2327.358,16.594,44.21,78.83,,2322.6580000000004,0.22141342756183743
2818.7,2327.359,16.304,43.23,79.73,,2322.659,0.22777385159010605
2818.8,2327.361,16.777,42.05,79.08,,2322.661,0.22318021201413427
2818.9,2327.362,17.682,41.76,79.32,,2322.6620000000003,0.22487632508833919
2819.0,2327.363,17.943,41.56,79.21,,2322.663,0.22409893992932858
2819.1,2327.365,10.179,41.94,79.19,,2322.665,0.22395759717314487
2819.2,2327.366,9.247,41.85,78.68,,2322.666,0.2203533568904594
2819.3,2327.368,8.568,41.89,77.33,,2322.668,0.21081272084805652
2819.4,2327.369,8.144,43.46,77.07,,2322.6690000000003,0.2089752650176678
2819.5,2327.37,6.897,44.78,76.85,,2322.67,0.2074204946996466
2819.6,2327.372,6.851,45.87,76.01,,2322.672,0.20148409893992936
2819.7,2327.373,8.289,46.42,75.56,,2322.6730000000002,0.19830388692579506
2819.8,2327.375,8.844,47.97,75.81,,2322.675,0.2000706713780919
2819.9,2327.376,9.726,48.46,76.63,,2322.6760000000004,0.2058657243816254
2820.0,2327.378,11.053,48.73,78.77,,2322.6780000000003,0.2209893992932862
2820.1,2327.379,20.114,49.2,79.32,,2322.679,0.22487632508833919
2820.2,2327.38,20.272,49.75,79.96,,2322.6800000000003,0.22939929328621902
2820.3,2327.382,19.585,50.18,82.08,,2322.6820000000002,0.2443816254416961
2820.4,2327.383,19.14,50.67,82.19,,2322.683,0.2451590106007067
2820.5,2327.385,19.123,51.29,81.95,,2322.6850000000004,0.2434628975265018
2820.6,2327.386,19.138,51.73,81.22,,2322.686,0.23830388692579504
2820.7,2327.388,18.876,52.27,81.28,,2322.688,0.2387279151943463
2820.8,2327.389,18.823,52.57,81.27,,2322.6890000000003,0.2386572438162544
2820.9,2327.391,18.71,53.5,78.95,,2322.6910000000003,0.22226148409893995
2821.0,2327.392,18.511,53.51,75.03,,2322.692,0.1945583038869258
2821.1,2327.394,18.614,54.04,73.83,,2322.694,0.18607773851590104
2821.2,2327.395,18.766,52.95,76.36,,2322.695,0.20395759717314488
2821.3,2327.397,18.529,52.83,76.23,,2322.697,0.20303886925795056
2821.4,2327.398,18.595,52.74,76.25,,2322.6980000000003,0.20318021201413428
2821.5,2327.4,18.988,52.51,76.84,,2322.7000000000003,0.2073498233215548
2821.6,2327.401,18.994,52.24,77.78,,2322.701,0.21399293286219082
2821.7,2327.403,18.175,52.15,76.34,,2322.703,0.20381625441696116
2821.8,2327.404,18.166,52.08,75.77,,2322.704,0.19978798586572435
2821.9,2327.406,18.77,51.88,76.36,,2322.706,0.20395759717314488
2822.0,2327.407,19.125,51.58,76.78,,2322.7070000000003,0.20692579505300354
2822.1,2327.409,19.054,51.17,76.47,,2322.7090000000003,0.20473498233215548
2822.2,2327.41,18.642,49.71,76.36,,2322.71,0.20395759717314488
2822.3,2327.412,19.543,47.9,77.23,,2322.712,0.21010600706713783
2822.4,2327.413,19.774,47.02,78.11,,2322.713,0.21632508833922262
2822.5,2327.415,19.441,46.19,79.31,,2322.715,0.22480565371024736
2822.6,2327.416,19.462,45.15,79.31,,2322.7160000000003,0.22480565371024736
2822.7,2327.418,6.139,44.13,81.1,,2322.7180000000003,0.23745583038869253
2822.8,2327.419,5.406,43.42,80.9,,2322.719,0.23604240282685515
2822.9,2327.421,4.653,43.76,81.86,,2322.721,0.2428268551236749
2823.0,2327.423,3.706,44.11,81.82,,2322.723,0.24254416961130737
2823.1,2327.424,3.493,43.76,82.39,,2322.724,0.24657243816254418
2823.2,2327.426,3.587,43.53,83.01,,2322.726,0.25095406360424033
2823.3,2327.427,4.001,43.97,83.62,,2322.7270000000003,0.25526501766784454
2823.4,2327.429,4.629,43.61,83.86,,2322.7290000000003,0.25696113074204946
2823.5,2327.43,5.533,42.48,84.19,,2322.73,0.25929328621908126
2823.6,2327.432,6.205,41.36,83.22,,2322.732,0.2524381625441696
2823.7,2327.434,19.995,41.5,83.21,,2322.7340000000004,0.2523674911660777
2823.8,2327.435,19.755,41.46,83.15,,2322.735,0.25194346289752656
2823.9,2327.437,19.823,41.25,81.7,,2322.737,0.24169611307420497
2824.0,2327.438,19.727,41.86,82.49,,2322.7380000000003,0.24727915194346287
2824.1,2327.44,19.429,42.32,82.7,,2322.7400000000002,0.24876325088339224
2824.2,2327.442,19.201,42.14,82.91,,2322.742,0.25024734982332153
2824.3,2327.443,19.457,41.81,83.0,,2322.7430000000004,0.2508833922261484
2824.4,2327.445,19.736,41.37,83.06,,2322.7450000000003,0.2513074204946997
2824.5,2327.446,19.262,40.55,83.15,,2322.746,0.25194346289752656
2824.6,2327.448,18.836,40.06,83.18,,2322.748,0.2521554770318022
2824.7,2327.45,18.678,40.03,82.96,,2322.75,0.2506007067137809
2824.8,2327.451,18.133,39.84,82.39,,2322.751,0.24657243816254418
2824.9,2327.453,18.234,39.67,82.4,,2322.753,0.2466431095406361
2825.0,2327.455,17.809,39.6,81.68,,2322.755,0.24155477031802125
2825.1,2327.456,17.593,39.79,81.37,,2322.7560000000003,0.2393639575971732
2825.2,2327.458,18.371,39.91,81.22,,2322.7580000000003,0.23830388692579504
2825.3,2327.46,19.063,39.71,81.16,,2322.76,0.2378798586572438
2825.4,2327.461,19.622,39.68,81.27,,2322.761,0.2386572438162544
2825.5,2327.463,20.931,40.07,80.9,,2322.7630000000004,0.23604240282685515
2825.6,2327.465,22.334,40.03,81.41,,2322.7650000000003,0.23964664310954062
2825.7,2327.466,22.32,39.77,80.48,,2322.766,0.2330742049469965
2825.8,2327.468,22.753,39.93,80.6,,2322.768,0.2339222614840989
2825.9,2327.47,22.632,40.07,80.16,,2322.77,0.2308127208480565
2826.0,2327.471,22.905,40.87,79.66,,2322.771,0.22727915194346288
2826.1,2327.473,22.677,41.42,79.49,,2322.773,0.22607773851590102
2826.2,2327.475,22.379,41.73,79.38,,2322.775,0.22530035335689041
2826.3,2327.476,22.536,42.27,79.28,,2322.7760000000003,0.22459363957597173
2826.4,2327.478,22.837,42.44,81.49,,2322.7780000000002,0.2402120141342756
2826.5,2327.48,22.474,43.52,82.13,,2322.78,0.24473498233215543
2826.6,2327.481,22.8,43.2,82.7,,2322.7810000000004,0.24876325088339224
2826.7,2327.483,23.355,42.43,84.66,,2322.7830000000004,0.26261484098939925
2826.8,2327.485,23.808,42.39,85.79,,2322.7850000000003,0.27060070671378095
2826.9,2327.487,23.567,42.67,84.43,,2322.7870000000003,0.2609893992932863
2827.0,2327.488,23.46,42.36,83.6,,2322.788,0.2551236749116607
2827.1,2327.49,23.775,41.36,82.89,,2322.79,0.2501060070671378
2827.2,2327.492,23.606,41.32,80.48,,2322.7920000000004,0.2330742049469965
2827.3,2327.494,23.375,41.29,79.19,,2322.7940000000003,0.22395759717314487
2827.4,2327.495,23.383,41.12,75.46,,2322.795,0.1975971731448763
2827.5,2327.497,23.312,40.97,75.85,,2322.797,0.20035335689045933
2827.6,2327.499,23.122,40.73,75.52,,2322.799,0.19802120141342752
2827.7,2327.501,22.817,40.57,73.7,,2322.8010000000004,0.18515901060070675
2827.8,2327.502,23.003,40.23,73.28,,2322.802,0.18219081272084806
2827.9,2327.504,23.137,39.59,73.37,,2322.804,0.18282685512367494
2828.0,2327.506,23.129,39.28,72.84,,2322.806,0.17908127208480568
2828.1,2327.508,22.954,36.69,71.95,,2322.808,0.172791519434629
2828.2,2327.509,23.145,36.13,71.9,,2322.809,0.17243816254416966
2828.3,2327.511,23.805,35.68,71.91,,2322.811,0.17250883392226146
2828.4,2327.513,17.689,35.27,71.86,,2322.813,0.17215547703180212
2828.5,2327.515,12.208,35.12,70.63,,2322.815,0.16346289752650173
2828.6,2327.517,11.076,34.96,70.63,,2322.817,0.16346289752650173
2828.7,2327.518,9.406,35.25,71.46,,2322.818,0.16932862190812717
2828.8,2327.52,7.398,35.2,72.05,,2322.82,0.1734982332155477
2828.9,2327.522,6.386,35.43,71.53,,2322.822,0.1698233215547703
2829.0,2327.524,2.485,35.65,73.07,,2322.824,0.18070671378091868
2829.1,2327.526,2.403,35.94,74.12,,2322.826,0.1881272084805654
2829.2,2327.527,2.336,36.18,74.62,,2322.827,0.19166077738515905
2829.3,2327.529,2.308,36.57,75.23,,2322.829,0.1959717314487633
2829.4,2327.531,2.345,36.63,77.22,,2322.831,0.21003533568904592
2829.5,2327.533,2.335,35.6,77.6,,2322.833,0.21272084805653707
2829.6,2327.535,2.526,35.08,78.19,,2322.835,0.2168904593639576
2829.7,2327.537,2.707,34.28,79.7,,2322.837,0.22756183745583042
2829.8,2327.538,2.848,33.78,79.73,,2322.838,0.22777385159010605
2829.9,2327.54,2.94,33.24,78.45,,2322.84,0.2187279151943463
2830.0,2327.542,8.611,32.65,79.4,,2322.842,0.22544169611307424
2830.1,2327.544,6.474,32.74,79.61,,2322.844,0.22692579505300353
2830.2,2327.546,6.037,33.09,79.59,,2322.846,0.22678445229681982
2830.3,2327.548,4.811,32.75,79.6,,2322.848,0.22685512367491162
2830.4,2327.55,4.406,32.96,79.95,,2322.8500000000004,0.22932862190812722
2830.5,2327.551,4.913,34.85,80.1,,2322.851,0.23038869257950526
2830.6,2327.553,5.182,35.56,80.32,,2322.853,0.23194346289752646
2830.7,2327.555,6.737,35.73,80.44,,2322.855,0.23279151943462895
2830.8,2327.557,8.473,35.34,80.62,,2322.857,0.23406360424028272
2830.9,2327.559,15.022,35.41,81.24,,2322.8590000000004,0.23844522968197876
2831.0,2327.561,15.125,35.17,81.43,,2322.8610000000003,0.23978798586572442
2831.1,2327.563,16.34,35.0,81.89,,2322.8630000000003,0.24303886925795054
2831.2,2327.565,17.618,34.66,82.24,,2322.8650000000002,0.24551236749116603
2831.3,2327.567,16.973,33.79,82.5,,2322.867,0.24734982332155478
2831.4,2327.568,15.752,34.36,82.5,,2322.8680000000004,0.24734982332155478
2831.5,2327.57,14.238,34.05,82.41,,2322.8700000000003,0.2467137809187279
2831.6,2327.572,12.929,34.12,84.0,,2322.8720000000003,0.2579505300353357
2831.7,2327.574,11.266,33.91,84.15,,2322.8740000000003,0.25901060070671383
2831.8,2327.576,9.827,34.51,83.87,,2322.876,0.2570318021201414
2831.9,2327.578,8.543,34.82,84.54,,2322.878,0.26176678445229684
2832.0,2327.58,7.358,34.04,86.48,,2322.88,0.2754770318021202
2832.1,2327.582,6.726,33.57,86.77,,2322.882,0.27752650176678445
2832.2,2327.584,6.22,33.43,86.7,,2322.884,0.2770318021201414
2832.3,2327.586,5.863,33.63,87.38,,2322.886,0.28183745583038866
2832.4,2327.588,5.69,32.73,88.32,,2322.8880000000004,0.2884805653710247
2832.5,2327.59,5.294,33.16,88.6,,2322.8900000000003,0.29045936395759714
2832.6,2327.592,5.182,34.19,88.05,,2322.8920000000003,0.28657243816254413
2832.7,2327.594,5.489,34.96,88.16,,2322.8940000000002,0.28734982332155473
2832.8,2327.596,5.592,35.48,88.71,,2322.896,0.29123674911660774
2832.9,2327.598,5.6,36.3,88.17,,2322.898,0.28742049469964664
2833.0,2327.6,5.689,37.18,86.73,,2322.9,0.27724381625441696
2833.1,2327.602,6.029,37.1,86.96,,2322.902,0.27886925795052997
2833.2,2327.604,6.147,37.04,86.15,,2322.904,0.2731448763250884
2833.3,2327.606,5.983,37.13,85.75,,2322.9060000000004,0.2703180212014134
2833.4,2327.608,5.292,36.71,85.34,,2322.9080000000004,0.2674204946996467
2833.5,2327.61,7.316,36.56,84.72,,2322.9100000000003,0.2630388692579505
2833.6,2327.612,12.523,35.77,84.27,,2322.9120000000003,0.25985865724381624
2833.7,2327.614,11.971,36.68,83.26,,2322.914,0.25272084805653716
2833.8,2327.616,11.971,36.97,83.03,,2322.916,0.25109540636042404
2833.9,2327.618,11.708,37.15,83.29,,2322.918,0.2529328621908128
2834.0,2327.62,12.049,38.07,83.24,,2322.92,0.25257950530035334
2834.1,2327.622,12.195,39.26,83.06,,2322.922,0.2513074204946997
2834.2,2327.624,12.628,39.51,83.3,,2322.924,0.2530035335689046
2834.3,2327.626,12.868,39.86,82.81,,2322.9260000000004,0.24954063604240284
2834.4,2327.628,13.33,40.81,82.05,,2322.9280000000003,0.2441696113074205
2834.5,2327.63,13.613,41.13,81.34,,2322.9300000000003,0.23915194346289756
2834.6,2327.632,14.693,41.56,84.91,,2322.9320000000002,0.2643816254416961
2834.7,2327.634,13.822,41.38,85.29,,2322.934,0.26706713780918734
2834.8,2327.636,13.003,41.98,86.85,,2322.936,0.27809187279151937
2834.9,2327.638,12.513,42.27,87.85,,2322.938,0.2851590106007067
2835.0,2327.64,11.559,42.96,88.75,,2322.94,0.2915194346289753
2835.1,2327.642,11.173,42.96,88.09,,2322.942,0.28685512367491167
2835.2,2327.644,10.918,43.95,87.44,,2322.944,0.2822614840989399
2835.3,2327.646,10.956,44.32,87.74,,2322.9460000000004,0.2843816254416961
2835.4,2327.648,11.052,45.45,87.26,,2322.9480000000003,0.28098939929328626
2835.5,2327.65,11.282,46.03,85.96,,2322.9500000000003,0.2718021201413427
2835.6,2327.653,11.703,46.83,83.73,,2322.953,0.25604240282685514
2835.7,2327.655,12.162,47.11,83.56,,2322.9550000000004,0.2548409893992933
2835.8,2327.657,12.506,47.16,82.31,,2322.9570000000003,0.2460070671378092
2835.9,2327.659,12.987,45.25,82.11,,2322.9590000000003,0.24459363957597172
2836.0,2327.661,13.703,44.43,81.91,,2322.9610000000002,0.24318021201413426
2836.1,2327.663,14.268,42.25,83.15,,2322.963,0.25194346289752656
2836.2,2327.665,14.933,39.81,83.28,,2322.965,0.2528621908127209
2836.3,2327.667,15.796,38.51,83.67,,2322.967,0.2556183745583039
2836.4,2327.669,16.985,36.13,84.71,,2322.969,0.2629681978798586
2836.5,2327.671,17.98,36.66,85.93,,2322.971,0.2715901060070672
2836.6,2327.674,18.494,36.06,85.98,,2322.974,0.2719434628975265
2836.7,2327.676,18.154,37.4,85.66,,2322.976,0.2696819787985866
2836.8,2327.678,17.539,38.16,86.48,,2322.978,0.2754770318021202
2836.9,2327.68,16.582,39.49,85.57,,2322.98,0.2690459363957597
2837.0,2327.682,15.49,40.2,85.2,,2322.982,0.26643109540636045
2837.1,2327.684,14.775,41.33,83.34,,2322.9840000000004,0.25328621908127213
2837.2,2327.686,14.167,41.42,82.71,,2322.9860000000003,0.24883392226148404
2837.3,2327.689,13.875,41.56,82.35,,2322.989,0.24628975265017664
2837.4,2327.691,13.164,41.62,81.65,,2322.991,0.24134275618374562
2837.5,2327.693,13.109,41.76,80.76,,2322.9930000000004,0.23505300353356895
2837.6,2327.695,13.502,40.28,80.47,,2322.9950000000003,0.23300353356890458
2837.7,2327.697,13.992,39.66,79.07,,2322.9970000000003,0.22310954063604235
2837.8,2327.699,14.245,39.27,79.93,,2322.9990000000003,0.2291872791519435
2837.9,2327.701,14.593,35.55,79.51,,2323.001,0.22621908127208484
2838.0,2327.703,15.156,33.37,80.74,,2323.003,0.23491166077738512
2838.1,2327.705,14.913,32.43,81.32,,2323.005,0.23901060070671373
2838.2,2327.707,14.269,31.73,82.56,,2323.007,0.24777385159010604
2838.3,2327.709,13.925,31.09,83.59,,2323.009,0.2550530035335689
2838.4,2327.712,13.955,30.64,83.77,,2323.012,0.2563250883392226
2838.5,2327.714,13.553,30.88,84.27,,2323.014,0.25985865724381624
2838.6,2327.716,12.979,30.68,83.97,,2323.016,0.25773851590106006
2838.7,2327.718,12.809,30.86,84.27,,2323.018,0.25985865724381624
2838.8,2327.72,12.561,31.01,83.43,,2323.02,0.25392226148409897
2838.9,2327.722,11.821,31.48,83.32,,2323.0220000000004,0.2531448763250883
2839.0,2327.724,11.475,31.4,82.65,,2323.0240000000003,0.2484098939929329
2839.1,2327.726,11.208,31.74,82.62,,2323.0260000000003,0.24819787985865727
2839.2,2327.728,10.961,31.77,82.39,,2323.0280000000002,0.24657243816254418
2839.3,2327.73,10.679,32.01,82.17,,2323.03,0.24501766784452297
2839.4,2327.732,10.517,32.25,81.98,,2323.032,0.24367491166077743
2839.5,2327.734,10.642,32.58,81.82,,2323.034,0.24254416961130737
2839.6,2327.736,10.869,33.09,81.8,,2323.036,0.24240282685512365
2839.7,2327.738,11.195,33.05,81.68,,2323.038,0.24155477031802125
2839.8,2327.739,11.644,33.89,83.75,,2323.039,0.25618374558303886
2839.9,2327.741,12.185,34.1,84.49,,2323.041,0.26141342756183744
2840.0,2327.743,12.311,34.62,86.29,,2323.043,0.2741342756183746
2840.1,2327.745,12.513,35.57,87.47,,2323.045,0.28247349823321555
2840.2,2327.747,4.559,37.37,91.13,,2323.047,0.308339222614841
2840.3,2327.749,3.801,37.69,93.83,,2323.049,0.3274204946996466
2840.4,2327.751,3.361,39.39,93.21,,2323.0510000000004,0.3230388692579505
2840.5,2327.753,2.874,40.88,92.97,,2323.0530000000003,0.3213427561837456
2840.6,2327.755,2.366,40.94,92.76,,2323.0550000000003,0.3198586572438163
2840.7,2327.757,2.688,41.38,92.62,,2323.0570000000002,0.31886925795053006
2840.8,2327.759,3.106,42.25,91.54,,2323.059,0.3112367491166078
2840.9,2327.76,3.626,43.47,91.42,,2323.0600000000004,0.3103886925795053
2841.0,2327.762,4.105,43.3,91.26,,2323.0620000000004,0.30925795053003535
2841.1,2327.764,4.62,44.38,91.08,,2323.0640000000003,0.30798586572438164
2841.2,2327.766,11.504,45.62,90.88,,2323.0660000000003,0.30657243816254415
2841.3,2327.768,11.391,46.25,90.97,,2323.068,0.30720848056537103
2841.4,2327.77,11.023,46.45,90.95,,2323.07,0.3070671378091873
2841.5,2327.772,11.404,47.55,89.16,,2323.072,0.294416961130742
2841.6,2327.773,12.136,49.34,89.06,,2323.0730000000003,0.2937102473498233
2841.7,2327.775,12.772,49.46,87.97,,2323.0750000000003,0.28600706713780916
2841.8,2327.777,13.521,49.5,86.76,,2323.077,0.2774558303886926
2841.9,2327.779,15.409,51.4,86.0,,2323.079,0.27208480565371024
2842.0,2327.781,17.272,52.42,85.96,,2323.081,0.2718021201413427
2842.1,2327.782,19.679,52.87,85.84,,2323.0820000000003,0.2709540636042403
2842.2,2327.784,21.304,53.83,84.84,,2323.0840000000003,0.263886925795053
2842.3,2327.786,22.741,53.84,85.2,,2323.0860000000002,0.26643109540636045
2842.4,2327.788,23.529,54.5,85.59,,2323.088,0.26918727915194346
2842.5,2327.789,24.029,54.15,86.51,,2323.0890000000004,0.2756890459363958
2842.6,2327.791,23.865,52.19,87.02,,2323.0910000000003,0.2792932862190812
2842.7,2327.793,24.801,51.87,88.08,,2323.0930000000003,0.28678445229681976
2842.8,2327.795,25.005,51.79,88.15,,2323.0950000000003,0.28727915194346293
2842.9,2327.796,24.658,51.47,87.23,,2323.096,0.28077738515901063
2843.0,2327.798,24.602,51.33,87.04,,2323.098,0.27943462897526505
2843.1,2327.8,22.282,51.39,86.76,,2323.1000000000004,0.2774558303886926
2843.2,2327.801,14.648,51.37,85.4,,2323.101,0.26784452296819794
2843.3,2327.803,10.685,51.24,84.96,,2323.103,0.2647349823321554
2843.4,2327.805,8.647,51.22,84.61,,2323.105,0.2622614840989399
2843.5,2327.807,7.289,51.27,84.77,,2323.107,0.26339222614840985
2843.6,2327.808,6.272,50.19,84.0,,2323.108,0.2579505300353357
2843.7,2327.81,4.281,49.75,84.24,,2323.11,0.2596466431095406
2843.8,2327.812,4.119,48.67,84.23,,2323.112,0.2595759717314488
2843.9,2327.813,4.127,48.48,84.5,,2323.1130000000003,0.26148409893992935
2844.0,2327.815,4.025,47.96,84.87,,2323.1150000000002,0.26409893992932865
2844.1,2327.817,4.062,45.35,84.78,,2323.117,0.26346289752650176
2844.2,2327.818,5.24,45.17,84.81,,2323.1180000000004,0.2636749116607774
2844.3,2327.82,6.609,45.11,84.94,,2323.1200000000003,0.2645936395759717
2844.4,2327.821,8.009,44.85,85.08,,2323.121,0.26558303886925794
2844.5,2327.823,9.223,44.18,85.59,,2323.123,0.26918727915194346
2844.6,2327.825,10.467,43.72,85.63,,2323.125,0.26946996466431095
2844.7,2327.826,18.882,44.01,85.97,,2323.126,0.2718727915194346
2844.8,2327.828,18.375,43.41,87.02,,2323.128,0.2792932862190812
2844.9,2327.829,17.844,43.06,87.52,,2323.1290000000004,0.2828268551236749
2845.0,2327.831,18.67,42.65,87.99,,2323.1310000000003,0.28614840989399287
2845.1,2327.833,18.472,42.82,87.97,,2323.1330000000003,0.28600706713780916
2845.2,2327.834,18.068,42.64,89.06,,2323.134,0.2937102473498233
2845.3,2327.836,18.168,42.28,88.82,,2323.136,0.29201413427561834
2845.4,2327.837,18.31,42.97,88.94,,2323.137,0.29286219081272086
2845.5,2327.839,18.586,43.61,88.53,,2323.139,0.2899646643109541
2845.6,2327.84,18.577,43.32,88.75,,2323.1400000000003,0.2915194346289753
2845.7,2327.842,18.891,43.39,88.97,,2323.1420000000003,0.2930742049469965
2845.8,2327.843,19.437,44.15,89.18,,2323.143,0.29455830388692583
2845.9,2327.845,18.855,44.03,87.86,,2323.145,0.28522968197879855
2846.0,2327.846,5.005,43.0,87.26,,2323.146,0.28098939929328626
2846.1,2327.848,4.398,41.88,86.56,,2323.148,0.27604240282685516
2846.2,2327.849,3.772,41.26,85.86,,2323.1490000000003,0.271095406360424
2846.3,2327.851,3.297,40.22,85.2,,2323.1510000000003,0.26643109540636045
2846.4,2327.852,2.798,38.93,82.3,,2323.152,0.2459363957597173
2846.5,2327.854,2.835,38.65,82.11,,2323.154,0.24459363957597172
2846.6,2327.855,3.315,39.45,81.89,,2323.155,0.24303886925795054
2846.7,2327.857,3.8,39.55,81.67,,2323.157,0.24148409893992934
2846.8,2327.858,4.345,39.72,83.22,,2323.1580000000004,0.2524381625441696
2846.9,2327.86,5.029,40.67,83.42,,2323.1600000000003,0.25385159010600705
2847.0,2327.861,15.947,41.91,85.12,,2323.161,0.2658657243816255
2847.1,2327.862,15.749,43.35,85.87,,2323.1620000000003,0.2711660777385159
2847.2,2327.864,15.933,43.95,86.53,,2323.164,0.27583038869257953
2847.3,2327.865,16.464,44.77,86.39,,2323.165,0.2748409893992933
2847.4,2327.867,17.428,45.0,87.57,,2323.1670000000004,0.28318021201413424
2847.5,2327.868,18.109,44.93,87.43,,2323.168,0.2821908127208481
2847.6,2327.869,19.044,44.7,87.04,,2323.1690000000003,0.27943462897526505
2847.7,2327.871,20.156,45.0,86.6,,2323.1710000000003,0.2763250883392226
2847.8,2327.872,20.8,45.23,85.75,,2323.172,0.2703180212014134
2847.9,2327.874,21.339,45.53,85.32,,2323.174,0.26727915194346286
2848.0,2327.875,21.246,46.17,84.06,,2323.175,0.25837455830388695
2848.1,2327.876,21.786,46.68,84.69,,2323.1760000000004,0.2628268551236749
2848.2,2327.878,20.865,47.05,84.77,,2323.1780000000003,0.26339222614840985
2848.3,2327.879,21.275,47.19,87.43,,2323.179,0.2821908127208481
2848.4,2327.88,20.869,47.56,87.91,,2323.1800000000003,0.2855830388692579
2848.5,2327.882,20.342,47.42,88.53,,2323.1820000000002,0.2899646643109541
2848.6,2327.883,19.583,42.66,88.3,,2323.183,0.28833922261484096
2848.7,2327.884,19.791,42.05,88.94,,2323.184,0.29286219081272086
2848.8,2327.886,19.706,41.7,89.26,,2323.186,0.2951236749116608
2848.9,2327.887,19.34,41.56,89.37,,2323.1870000000004,0.2959010600706714
2849.0,2327.888,19.831,41.34,88.11,,2323.188,0.2869964664310954
2849.1,2327.889,20.081,41.26,87.81,,2323.1890000000003,0.28487632508833927
2849.2,2327.891,21.022,41.19,86.78,,2323.1910000000003,0.2775971731448763
2849.3,2327.892,20.871,41.44,84.55,,2323.192,0.2618374558303887
2849.4,2327.893,21.46,41.4,84.79,,2323.193,0.2635335689045937
2849.5,2327.894,22.152,41.5,84.64,,2323.194,0.26247349823321553
2849.6,2327.896,21.437,42.31,84.65,,2323.1960000000004,0.26254416961130744
2849.7,2327.897,20.222,43.13,86.53,,2323.197,0.27583038869257953
2849.8,2327.898,20.363,42.66,87.05,,2323.1980000000003,0.27950530035335686
2849.9,2327.899,19.767,42.12,87.76,,2323.199,0.2845229681978799
2850.0,2327.901,18.876,42.23,89.09,,2323.201,0.29392226148409895
2850.1,2327.902,17.08,42.09,90.31,,2323.202,0.3025441696113074
2850.2,2327.903,16.674,42.18,92.61,,2323.203,0.31879858657243815
2850.3,2327.904,16.175,41.06,92.61,,2323.204,0.31879858657243815
2850.4,2327.905,14.793,41.7,90.34,,2323.2050000000004,0.30275618374558305
2850.5,2327.907,13.648,41.91,88.85,,2323.2070000000003,0.29222614840989397
2850.6,2327.908,13.311,41.79,83.39,,2323.208,0.2536395759717315
2850.7,2327.909,13.241,41.34,78.56,,2323.2090000000003,0.2195053003533569
2850.8,2327.91,12.592,41.24,79.23,,2323.21,0.22424028268551238
2850.9,2327.911,12.433,40.99,78.86,,2323.2110000000002,0.22162544169611306
2851.0,2327.912,12.665,40.35,79.06,,2323.212,0.22303886925795055
2851.1,2327.914,13.193,40.1,79.42,,2323.2140000000004,0.22558303886925796
2851.2,2327.915,13.265,39.75,80.06,,2323.215,0.23010600706713782
2851.3,2327.916,13.22,39.7,80.37,,2323.2160000000003,0.2322968197879859
2851.4,2327.917,13.796,39.64,81.84,,2323.217,0.2426855123674912
2851.5,2327.918,12.416,39.13,82.32,,2323.2180000000003,0.246077738515901
2851.6,2327.919,11.316,38.97,83.76,,2323.219,0.25625441696113077
2851.7,2327.92,10.222,38.77,84.02,,2323.2200000000003,0.2580918727915194
2851.8,2327.921,9.624,38.83,84.91,,2323.221,0.2643816254416961
2851.9,2327.922,9.252,38.5,83.88,,2323.222,0.2571024734982332
2852.0,2327.924,8.902,38.54,83.54,,2323.224,0.25469964664310957
2852.1,2327.925,9.193,41.56,80.76,,2323.2250000000004,0.23505300353356895
2852.2,2327.926,9.745,42.68,77.08,,2323.226,0.20904593639575972
2852.3,2327.927,10.808,44.99,75.54,,2323.2270000000003,0.19816254416961135
2852.4,2327.928,11.512,45.96,72.09,,2323.228,0.1737809187279152
2852.5,2327.929,13.068,46.8,71.01,,2323.2290000000003,0.16614840989399296
2852.6,2327.93,14.036,49.08,68.78,,2323.23,0.1503886925795053
2852.7,2327.931,15.002,50.21,70.04,,2323.231,0.15929328621908131
2852.8,2327.932,14.96,52.54,70.65,,2323.232,0.16360424028268555
2852.9,2327.933,14.695,53.9,72.31,,2323.233,0.1753356890459364
2853.0,2327.934,14.672,54.63,73.76,,2323.2340000000004,0.18558303886925798
2853.1,2327.935,15.413,59.64,75.79,,2323.235,0.19992932862190818
2853.2,2327.936,16.339,61.21,77.77,,2323.2360000000003,0.2139222614840989
2853.3,2327.937,17.456,64.12,77.76,,2323.237,0.2138515901060071
2853.4,2327.938,18.833,65.13,78.08,,2323.2380000000003,0.216113074204947
2853.5,2327.939,20.715,66.33,77.66,,2323.239,0.21314487632508833
2853.6,2327.94,22.318,70.73,76.39,,2323.2400000000002,0.2041696113074205
2853.7,2327.941,23.468,71.76,75.2,,2323.241,0.19575971731448766
2853.8,2327.942,23.77,72.66,74.05,,2323.242,0.18763250883392224
2853.9,2327.943,24.007,74.87,72.28,,2323.2430000000004,0.17512367491166078
2854.0,2327.943,24.434,75.33,71.18,,2323.2430000000004,0.16734982332155482
2854.1,2327.944,24.487,75.09,70.98,,2323.244,0.16593639575971733
2854.2,2327.945,24.253,75.68,70.46,,2323.2450000000003,0.1622614840989399
2854.3,2327.946,23.924,74.97,70.5,,2323.246,0.1625441696113074
2854.4,2327.947,23.722,72.6,70.57,,2323.2470000000003,0.16303886925795047
2854.5,2327.948,23.399,72.23,69.06,,2323.248,0.15236749116607776
2854.6,2327.949,22.465,69.91,68.65,,2323.2490000000003,0.149469964664311
2854.7,2327.95,21.912,69.36,67.95,,2323.25,0.14452296819787988
2854.8,2327.951,21.106,68.89,67.02,,2323.251,0.13795053003533567
2854.9,2327.952,20.666,67.9,66.01,,2323.2520000000004,0.13081272084805656
2855.0,2327.952,20.449,67.05,65.11,,2323.2520000000004,0.12445229681978798
2855.1,2327.953,20.398,66.0,65.24,,2323.253,0.1253710247349823
2855.2,2327.954,20.633,65.94,64.29,,2323.2540000000004,0.11865724381625446
2855.3,2327.955,20.824,65.51,63.39,,2323.255,0.11229681978798586
2855.4,2327.956,21.156,63.83,63.94,,2323.2560000000003,0.11618374558303886
2855.5,2327.957,21.99,63.73,65.01,,2323.257,0.12374558303886929
2855.6,2327.957,22.624,63.51,64.98,,2323.257,0.12353356890459367
2855.7,2327.958,22.92,63.2,64.8,,2323.2580000000003,0.12226148409893992
2855.8,2327.959,23.304,62.96,64.97,,2323.259,0.12346289752650176
2855.9,2327.96,23.437,63.27,65.17,,2323.26,0.12487632508833924
2856.0,2327.961,23.309,63.23,65.23,,2323.261,0.1253003533568905
2856.1,2327.961,23.474,63.41,65.16,,2323.261,0.12480565371024732
2856.2,2327.962,23.522,65.27,65.51,,2323.262,0.12727915194346293
2856.3,2327.963,23.885,66.71,65.41,,2323.2630000000004,0.12657243816254415
2856.4,2327.964,23.878,67.53,65.27,,2323.264,0.12558303886925792
2856.5,2327.964,23.212,67.01,65.51,,2323.264,0.12727915194346293
2856.6,2327.965,23.179,68.26,65.51,,2323.2650000000003,0.12727915194346293
2856.7,2327.966,22.609,67.77,65.62,,2323.266,0.12805653710247353
2856.8,2327.967,21.174,66.05,65.77,,2323.2670000000003,0.12911660777385156
2856.9,2327.967,19.799,64.96,66.6,,2323.2670000000003,0.134982332155477
2857.0,2327.968,18.64,64.79,66.87,,2323.268,0.13689045936395763
2857.1,2327.969,17.88,64.28,67.59,,2323.2690000000002,0.14197879858657247
2857.2,2327.97,16.605,62.73,68.35,,2323.27,0.14734982332155472
2857.3,2327.97,16.161,62.2,69.27,,2323.27,0.15385159010600705
2857.4,2327.971,12.206,62.2,69.06,,2323.271,0.15236749116607776
2857.5,2327.972,11.536,62.21,69.34,,2323.2720000000004,0.1543462897526502
2857.6,2327.972,11.178,61.07,69.33,,2323.2720000000004,0.1542756183745583
2857.7,2327.973,10.586,60.49,68.71,,2323.273,0.14989399293286215
2857.8,2327.974,9.9,59.6,68.41,,2323.2740000000003,0.14777385159010598
2857.9,2327.974,10.757,58.81,67.36,,2323.2740000000003,0.14035335689045936
2858.0,2327.975,12.23,57.98,67.11,,2323.275,0.13858657243816255
2858.1,2327.976,13.241,56.63,66.89,,2323.2760000000003,0.13703180212014135
2858.2,2327.976,14.874,56.14,66.34,,2323.2760000000003,0.13314487632508837
2858.3,2327.977,15.968,54.6,66.25,,2323.277,0.13250883392226148
2858.4,2327.977,22.518,55.04,66.09,,2323.277,0.13137809187279154
2858.5,2327.978,22.885,54.33,66.09,,2323.2780000000002,0.13137809187279154
2858.6,2327.979,22.735,54.39,66.13,,2323.279,0.13166077738515897
2858.7,2327.979,22.887,53.57,66.2,,2323.279,0.13215547703180214
2858.8,2327.98,23.286,54.75,66.2,,2323.28,0.13215547703180214
2858.9,2327.98,23.432,55.63,66.33,,2323.28,0.13307420494699645
2859.0,2327.981,23.674,56.25,66.38,,2323.2810000000004,0.1334275618374558
2859.1,2327.982,23.94,57.14,66.45,,2323.282,0.13392226148409897
2859.2,2327.982,23.869,58.07,66.96,,2323.282,0.1375265017667844
2859.3,2327.983,23.688,58.82,67.13,,2323.2830000000004,0.13872791519434627
2859.4,2327.983,23.702,60.59,67.32,,2323.2830000000004,0.14007067137809182
2859.5,2327.984,23.675,62.19,68.5,,2323.284,0.14840989399293286
2859.6,2327.984,23.996,63.69,68.68,,2323.284,0.1496819787985866
2859.7,2327.985,23.921,64.36,68.91,,2323.2850000000003,0.1513074204946996
2859.8,2327.985,23.138,65.57,68.96,,2323.2850000000003,0.15166077738515896
2859.9,2327.986,23.075,66.14,68.99,,2323.286,0.15187279151943459
2860.0,2327.986,22.851,65.98,68.33,,2323.286,0.147208480565371
2860.1,2327.987,22.81,66.88,68.06,,2323.2870000000003,0.14530035335689048
2860.2,2327.987,22.394,66.82,67.77,,2323.2870000000003,0.1432508833922261
2860.3,2327.988,22.131,66.85,67.6,,2323.288,0.14204946996466428
2860.4,2327.988,22.008,65.55,67.43,,2323.288,0.14084805653710253
2860.5,2327.989,21.972,65.53,67.63,,2323.289,0.1422614840989399
2860.6,2327.989,21.541,65.4,67.89,,2323.289,0.14409893992932862
2860.7,2327.99,21.721,64.71,68.61,,2323.29,0.14918727915194346
2860.8,2327.99,22.29,64.04,68.95,,2323.29,0.15159010600706715
2860.9,2327.99,22.32,61.89,70.07,,2323.29,0.15950530035335683
2861.0,2327.991,22.123,61.5,70.93,,2323.291,0.165583038869258
2861.1,2327.991,21.31,59.92,71.16,,2323.291,0.167208480565371
2861.2,2327.992,20.886,58.2,72.0,,2323.2920000000004,0.17314487632508835
2861.3,2327.992,20.473,58.23,72.08,,2323.2920000000004,0.17371024734982332
2861.4,2327.993,20.236,58.2,72.04,,2323.293,0.17342756183745586
2861.5,2327.993,4.706,58.23,71.8,,2323.293,0.17173144876325086
2861.6,2327.993,4.071,57.42,71.56,,2323.293,0.17003533568904594
2861.7,2327.994,3.412,56.96,71.46,,2323.2940000000003,0.16932862190812717
2861.8,2327.994,2.913,56.57,70.72,,2323.2940000000003,0.1640989399293286
2861.9,2327.994,2.48,56.18,69.85,,2323.2940000000003,0.15795053003533566
2862.0,2327.995,2.281,55.51,69.69,,2323.295,0.1568197879858657
2862.1,2327.995,2.734,53.7,69.5,,2323.295,0.15547703180212014
2862.2,2327.995,3.222,53.21,69.31,,2323.295,0.15413427561837456
2862.3,2327.996,3.728,51.44,69.11,,2323.2960000000003,0.1527208480565371
2862.4,2327.996,4.249,50.87,69.11,,2323.2960000000003,0.1527208480565371
2862.5,2327.996,17.499,51.98,68.91,,2323.2960000000003,0.1513074204946996
2862.6,2327.997,16.917,52.41,68.91,,2323.297,0.1513074204946996
2862.7,2327.997,17.133,52.99,69.22,,2323.297,0.1534982332155477
2862.8,2327.997,17.18,53.59,69.48,,2323.297,0.15533568904593642
2862.9,2327.998,17.325,54.54,69.49,,2323.2980000000002,0.15540636042402822
2863.0,2327.998,17.659,55.3,69.63,,2323.2980000000002,0.15639575971731445
2863.1,2327.998,17.913,56.2,69.73,,2323.2980000000002,0.15710247349823325
2863.2,2327.999,17.788,55.91,69.89,,2323.299,0.15823321554770317
2863.3,2327.999,17.311,55.89,69.86,,2323.299,0.15802120141342757
2863.4,2327.999,17.009,56.46,69.98,,2323.299,0.15886925795053006
2863.5,2327.999,16.99,55.21,70.03,,2323.299,0.1592226148409894
2863.6,2328.0,16.825,55.37,70.09,,2323.3,0.15964664310954066
2863.7,2328.0,16.392,54.67,69.22,,2323.3,0.1534982332155477
2863.8,2328.0,16.399,53.99,68.94,,2323.3,0.15151943462897524
2863.9,2328.0,16.791,52.56,68.43,,2323.3,0.1479151943462898
2864.0,2328.0,16.664,51.97,68.18,,2323.3,0.14614840989399297
2864.1,2328.001,16.304,51.09,67.91,,2323.3010000000004,0.14424028268551234
2864.2,2328.001,16.22,51.2,67.25,,2323.3010000000004,0.13957597173144876
2864.3,2328.001,15.627,50.3,67.77,,2323.3010000000004,0.1432508833922261
2864.4,2328.001,15.04,50.28,67.61,,2323.3010000000004,0.1421201413427562
2864.5,2328.002,14.289,51.18,67.69,,2323.302,0.14268551236749116
2864.6,2328.002,13.838,51.72,67.64,,2323.302,0.14233215547703182
2864.7,2328.002,13.671,52.3,67.79,,2323.302,0.14339222614840993
2864.8,2328.002,13.749,53.52,67.54,,2323.302,0.14162544169611313
2864.9,2328.002,13.725,55.16,67.31,,2323.302,0.14
2865.0,2328.003,13.673,55.22,66.93,,2323.3030000000003,0.1373144876325089
2865.1,2328.003,13.931,54.63,66.93,,2323.3030000000003,0.1373144876325089
2865.2,2328.003,13.739,54.61,66.72,,2323.3030000000003,0.1358303886925795
2865.3,2328.003,13.768,52.61,66.29,,2323.3030000000003,0.13279151943462902
2865.4,2328.003,13.236,51.78,66.51,,2323.3030000000003,0.1343462897526502
2865.5,2328.004,13.178,50.3,66.36,,2323.304,0.13328621908127208
2865.6,2328.004,12.999,49.76,66.27,,2323.304,0.1326501766784452
2865.7,2328.004,12.745,49.06,66.44,,2323.304,0.13385159010600706
2865.8,2328.004,12.471,49.25,66.49,,2323.304,0.1342049469964664
2865.9,2328.004,12.416,49.86,66.54,,2323.304,0.13455830388692583
2866.0,2328.005,12.368,50.25,66.7,,2323.3050000000003,0.13568904593639577
2866.1,2328.005,12.219,50.64,66.87,,2323.3050000000003,0.13689045936395763
2866.2,2328.005,12.12,51.07,67.18,,2323.3050000000003,0.1390812720848057
2866.3,2328.005,12.102,51.64,67.0,,2323.3050000000003,0.13780918727915195
2866.4,2328.005,12.213,51.24,66.96,,2323.3050000000003,0.1375265017667844
2866.5,2328.006,12.116,49.65,65.83,,2323.306,0.12954063604240282
2866.6,2328.006,12.339,48.93,65.44,,2323.306,0.12678445229681978
2866.7,2328.006,12.791,47.16,63.77,,2323.306,0.11498233215547705
2866.8,2328.006,13.379,43.17,63.31,,2323.306,0.1117314487632509
2866.9,2328.007,13.777,42.19,62.63,,2323.3070000000002,0.10692579505300355
2867.0,2328.007,14.62,40.28,61.4,,2323.3070000000002,0.09823321554770317
2867.1,2328.007,14.918,39.88,61.15,,2323.3070000000002,0.09646643109540635
2867.2,2328.007,15.276,39.32,62.91,,2323.3070000000002,0.10890459363957594
2867.3,2328.007,15.049,38.29,63.07,,2323.3070000000002,0.11003533568904594
2867.4,2328.008,15.149,38.3,64.06,,2323.308,0.11703180212014136
2867.5,2328.008,3.029,39.1,66.43,,2323.308,0.13378091872791525
2867.6,2328.008,2.654,39.26,67.09,,2323.308,0.1384452296819788
2867.7,2328.008,2.29,39.55,68.01,,2323.308,0.14494699646643114
2867.8,2328.008,1.914,39.68,67.62,,2323.308,0.14219081272084808
2867.9,2328.009,1.625,39.62,68.44,,2323.309,0.1479858657243816
2868.0,2328.009,1.345,39.16,68.58,,2323.309,0.14897526501766784
2868.1,2328.009,1.606,38.9,68.76,,2323.309,0.15024734982332158
2868.2,2328.009,1.892,38.65,69.18,,2323.309,0.15321554770318027
2868.3,2328.009,2.253,38.56,70.0,,2323.309,0.15901060070671377
2868.4,2328.01,2.598,37.56,69.96,,2323.3100000000004,0.15872791519434626
2868.5,2328.01,14.871,36.6,70.3,,2323.3100000000004,0.16113074204946995
2868.6,2328.01,14.074,36.54,69.31,,2323.3100000000004,0.15413427561837456
2868.7,2328.01,13.689,36.03,69.25,,2323.3100000000004,0.15371024734982333
2868.8,2328.011,13.447,35.44,68.63,,2323.311,0.14932862190812718
2868.9,2328.011,13.626,34.4,65.95,,2323.311,0.13038869257950533
2869.0,2328.011,13.986,35.11,65.81,,2323.311,0.1293992932862191
2869.1,2328.011,14.397,34.51,65.67,,2323.311,0.12840989399293287
2869.2,2328.011,14.778,36.4,66.9,,2323.311,0.13710247349823326
2869.3,2328.012,14.965,36.94,66.91,,2323.3120000000004,0.13717314487632506
2869.4,2328.012,14.945,40.18,67.58,,2323.3120000000004,0.14190812720848056
2869.5,2328.012,14.727,40.52,68.53,,2323.3120000000004,0.1486219081272085
2869.6,2328.012,14.809,42.16,70.23,,2323.3120000000004,0.1606360424028269
2869.7,2328.012,14.111,43.62,70.77,,2323.3120000000004,0.16445229681978796
2869.8,2328.013,13.718,44.41,69.3,,2323.313,0.15406360424028268
2869.9,2328.013,13.871,44.69,70.49,,2323.313,0.16247349823321552
2870.0,2328.013,14.182,45.34,69.56,,2323.313,0.1559010600706714
2870.1,2328.013,14.3,44.85,68.81,,2323.313,0.15060070671378092
2870.2,2328.013,14.456,44.56,66.72,,2323.313,0.1358303886925795
2870.3,2328.014,15.154,44.18,67.0,,2323.3140000000003,0.13780918727915195
2870.4,2328.014,16.219,43.54,67.85,,2323.3140000000003,0.14381625441696108
2870.5,2328.014,16.884,43.27,68.19,,2323.3140000000003,0.1462190812720848
2870.6,2328.014,17.257,43.57,68.43,,2323.3140000000003,0.1479151943462898
2870.7,2328.014,18.477,43.99,68.12,,2323.3140000000003,0.14572438162544174
2870.8,2328.015,19.459,44.43,68.54,,2323.315,0.1486925795053004
2870.9,2328.015,19.295,45.19,68.31,,2323.315,0.1470671378091873
2871.0,2328.015,19.71,46.47,68.01,,2323.315,0.14494699646643114
2871.1,2328.015,14.128,47.47,67.34,,2323.315,0.14021201413427564
2871.2,2328.016,13.448,47.0,67.81,,2323.3160000000003,0.14353356890459365
2871.3,2328.016,12.973,46.95,67.98,,2323.3160000000003,0.1447349823321555
2871.4,2328.016,11.998,46.92,72.33,,2323.3160000000003,0.17547703180212013
2871.5,2328.016,11.184,47.97,72.88,,2323.3160000000003,0.1793639575971731
2871.6,2328.016,11.51,47.81,73.19,,2323.3160000000003,0.1815547703180212
2871.7,2328.017,12.47,48.26,74.6,,2323.317,0.19151943462897522
2871.8,2328.017,13.503,50.1,75.01,,2323.317,0.19441696113074208
2871.9,2328.017,14.455,51.0,75.16,,2323.317,0.19547703180212012
2872.0,2328.017,15.038,52.09,74.79,,2323.317,0.19286219081272088
2872.1,2328.017,19.759,52.57,73.94,,2323.317,0.18685512367491164
2872.2,2328.018,19.394,54.63,74.03,,2323.318,0.18749116607773852
2872.3,2328.018,19.496,56.39,73.64,,2323.318,0.1847349823321555
2872.4,2328.018,19.825,57.82,71.29,,2323.318,0.16812720848056542
2872.5,2328.018,19.699,58.4,70.39,,2323.318,0.16176678445229684
2872.6,2328.018,19.475,57.7,69.35,,2323.318,0.15441696113074202
2872.7,2328.019,20.107,58.05,69.29,,2323.319,0.15399293286219085
2872.8,2328.019,20.088,58.5,70.58,,2323.319,0.16310954063604238
2872.9,2328.019,20.193,54.04,71.12,,2323.319,0.16692579505300356
2873.0,2328.019,20.016,52.22,73.12,,2323.319,0.18106007067137814
2873.1,2328.02,20.555,50.71,75.32,,2323.32,0.19660777385159006
2873.2,2328.02,20.724,48.53,76.41,,2323.32,0.20431095406360422
2873.3,2328.02,17.276,46.29,78.25,,2323.32,0.21731448763250882
2873.4,2328.02,16.156,44.42,78.87,,2323.32,0.22169611307420498
2873.5,2328.02,15.479,42.71,79.44,,2323.32,0.22572438162544167
2873.6,2328.021,14.599,42.34,81.63,,2323.3210000000004,0.2412014134275618
2873.7,2328.021,13.553,42.04,82.03,,2323.3210000000004,0.24402826855123674
2873.8,2328.021,12.96,41.94,82.68,,2323.3210000000004,0.24862190812720852
2873.9,2328.021,12.958,41.79,82.65,,2323.3210000000004,0.2484098939929329
2874.0,2328.021,13.181,41.6,81.01,,2323.3210000000004,0.23681978798586575
2874.1,2328.022,13.479,41.25,80.62,,2323.322,0.23406360424028272
2874.2,2328.022,13.741,41.19,80.17,,2323.322,0.23088339222614843
2874.3,2328.022,15.648,40.93,79.38,,2323.322,0.22530035335689041
2874.4,2328.022,16.16,40.81,78.92,,2323.322,0.22204946996466432
2874.5,2328.022,16.418,39.79,78.74,,2323.322,0.22077738515901058
2874.6,2328.023,16.992,39.99,79.67,,2323.3230000000003,0.2273498233215548
2874.7,2328.023,17.348,40.22,79.88,,2323.3230000000003,0.22883392226148408
2874.8,2328.023,17.957,40.38,80.24,,2323.3230000000003,0.23137809187279149
2874.9,2328.023,19.32,40.39,80.38,,2323.3230000000003,0.23236749116607772
2875.0,2328.024,19.78,39.99,82.09,,2323.324,0.244452296819788
2875.1,2328.024,19.907,39.76,82.03,,2323.324,0.24402826855123674
2875.2,2328.024,20.325,38.68,81.72,,2323.324,0.24183745583038868
2875.3,2328.024,20.258,37.9,81.11,,2323.324,0.23752650176678444
2875.4,2328.024,19.491,36.97,81.06,,2323.324,0.2371731448763251
2875.5,2328.025,18.791,36.35,82.15,,2323.3250000000003,0.24487632508833926
2875.6,2328.025,17.898,36.01,83.15,,2323.3250000000003,0.25194346289752656
2875.7,2328.025,17.439,36.11,84.31,,2323.3250000000003,0.2601413427561838
2875.8,2328.025,16.946,36.72,84.83,,2323.3250000000003,0.2638162544169611
2875.9,2328.025,16.872,37.28,85.53,,2323.3250000000003,0.26876325088339226
2876.0,2328.026,17.03,39.84,85.9,,2323.326,0.27137809187279155
2876.1,2328.026,17.489,40.62,86.34,,2323.326,0.27448763250883396
2876.2,2328.026,18.088,43.06,87.13,,2323.326,0.28007067137809183
2876.3,2328.026,18.795,43.13,87.09,,2323.326,0.2797879858657244
2876.4,2328.026,19.527,43.42,88.03,,2323.326,0.2864310954063604
2876.5,2328.027,20.124,43.91,88.58,,2323.327,0.2903180212014134
2876.6,2328.027,20.941,43.41,89.16,,2323.327,0.294416961130742
2876.7,2328.027,21.408,42.62,89.68,,2323.327,0.2980918727915195
2876.8,2328.027,21.545,42.33,90.42,,2323.327,0.303321554770318
2876.9,2328.027,21.556,42.19,91.39,,2323.327,0.31017667844522967
2877.0,2328.028,22.372,40.91,91.22,,2323.328,0.3089752650176678
2877.1,2328.028,22.782,40.64,90.19,,2323.328,0.3016961130742049
2877.2,2328.028,22.736,40.64,90.57,,2323.328,0.30438162544169606
2877.3,2328.028,22.434,40.62,89.3,,2323.328,0.29540636042402824
2877.4,2328.029,22.442,40.23,87.32,,2323.329,0.2814134275618374
2877.5,2328.029,22.319,39.98,86.96,,2323.329,0.27886925795052997
2877.6,2328.029,19.972,40.14,85.86,,2323.329,0.271095406360424
2877.7,2328.029,18.616,40.26,84.82,,2323.329,0.2637455830388692
2877.8,2328.029,18.341,40.03,84.64,,2323.329,0.26247349823321553
2877.9,2328.03,17.699,39.72,84.26,,2323.3300000000004,0.25978798586572444
2878.0,2328.03,16.283,39.17,83.94,,2323.3300000000004,0.25752650176678443
2878.1,2328.03,16.019,38.95,83.46,,2323.3300000000004,0.25413427561837454
2878.2,2328.03,16.576,38.07,83.16,,2323.3300000000004,0.25201413427561836
2878.3,2328.03,16.874,37.51,82.72,,2323.3300000000004,0.24890459363957596
2878.4,2328.031,16.89,37.38,82.63,,2323.331,0.2482685512367491
2878.5,2328.031,17.314,37.31,82.04,,2323.331,0.24409893992932866
2878.6,2328.031,18.926,37.13,81.95,,2323.331,0.2434628975265018
2878.7,2328.031,19.272,36.66,81.55,,2323.331,0.24063604240282682
2878.8,2328.031,18.747,36.46,81.41,,2323.331,0.23964664310954062
2878.9,2328.032,18.608,36.08,80.97,,2323.3320000000003,0.2365371024734982
2879.0,2328.032,18.438,35.95,81.0,,2323.3320000000003,0.23674911660777384
2879.1,2328.032,17.894,35.78,80.97,,2323.3320000000003,0.2365371024734982
2879.2,2328.032,17.442,35.39,81.21,,2323.3320000000003,0.23823321554770313
2879.3,2328.033,17.227,34.8,81.13,,2323.333,0.23766784452296816
2879.4,2328.033,17.092,36.32,81.18,,2323.333,0.2380212014134276
2879.5,2328.033,16.779,36.61,81.33,,2323.333,0.23908127208480565
2879.6,2328.033,16.631,37.09,81.26,,2323.333,0.2385865724381626
2879.7,2328.033,16.373,37.43,81.29,,2323.333,0.23879858657243822
2879.8,2328.034,15.966,38.06,81.49,,2323.3340000000003,0.2402120141342756
2879.9,2328.034,15.645,39.03,81.6,,2323.3340000000003,0.24098939929328617
2880.0,2328.034,15.534,38.72,81.55,,2323.3340000000003,0.24063604240282682
2880.1,2328.034,15.599,37.89,81.04,,2323.3340000000003,0.23703180212014138
2880.2,2328.034,15.659,37.39,80.73,,2323.3340000000003,0.23484098939929332
2880.3,2328.035,16.003,36.53,81.07,,2323.335,0.2372438162544169
2880.4,2328.035,16.46,34.31,81.06,,2323.335,0.2371731448763251
2880.5,2328.035,17.337,34.24,80.89,,2323.335,0.23597173144876327
2880.6,2328.035,18.12,35.38,81.67,,2323.335,0.24148409893992934
2880.7,2328.035,19.25,35.59,82.35,,2323.335,0.24628975265017664
2880.8,2328.036,19.7,36.04,82.81,,2323.3360000000002,0.24954063604240284
2880.9,2328.036,20.379,38.83,83.39,,2323.3360000000002,0.2536395759717315
2881.0,2328.036,20.712,40.14,84.49,,2323.3360000000002,0.26141342756183744
2881.1,2328.036,20.078,42.76,85.86,,2323.3360000000002,0.271095406360424
2881.2,2328.036,19.617,45.17,85.58,,2323.3360000000002,0.2691166077738516
2881.3,2328.037,19.667,45.85,85.43,,2323.337,0.26805653710247357
2881.4,2328.037,19.93,45.47,84.26,,2323.337,0.25978798586572444
2881.5,2328.037,19.633,44.72,83.66,,2323.337,0.25554770318021197
2881.6,2328.037,19.982,43.98,81.96,,2323.337,0.2435335689045936
2881.7,2328.038,20.354,43.46,81.91,,2323.338,0.24318021201413426
2881.8,2328.038,20.752,43.36,82.06,,2323.338,0.24424028268551237
2881.9,2328.038,20.541,42.89,82.1,,2323.338,0.24452296819787983
2882.0,2328.038,20.245,43.14,82.19,,2323.338,0.2451590106007067
2882.1,2328.038,20.649,42.66,82.39,,2323.338,0.24657243816254418
2882.2,2328.039,20.566,42.51,82.51,,2323.3390000000004,0.2474204946996467
2882.3,2328.039,20.936,42.64,82.61,,2323.3390000000004,0.24812720848056535
2882.4,2328.039,20.821,42.22,83.11,,2323.3390000000004,0.251660777385159
2882.5,2328.039,21.217,40.56,83.27,,2323.3390000000004,0.25279151943462896
2882.6,2328.039,21.709,40.19,83.49,,2323.3390000000004,0.25434628975265017
2882.7,2328.04,21.974,39.56,83.59,,2323.34,0.2550530035335689
2882.8,2328.04,22.155,38.56,83.77,,2323.34,0.2563250883392226
2882.9,2328.04,22.526,38.38,83.78,,2323.34,0.2563957597173145
2883.0,2328.04,22.129,38.39,83.79,,2323.34,0.2564664310954064
2883.1,2328.04,22.41,39.22,83.99,,2323.34,0.2578798586572438
2883.2,2328.041,22.279,40.11,83.99,,2323.3410000000003,0.2578798586572438
2883.3,2328.041,21.682,40.53,85.6,,2323.3410000000003,0.2692579505300353
2883.4,2328.041,22.251,40.78,86.68,,2323.3410000000003,0.2768904593639576
2883.5,2328.041,22.84,42.12,89.23,,2323.3410000000003,0.2949116607773852
2883.6,2328.042,23.013,42.89,88.94,,2323.342,0.29286219081272086
2883.7,2328.042,23.537,43.11,88.94,,2323.342,0.29286219081272086
2883.8,2328.042,23.541,45.36,88.9,,2323.342,0.29257950530035337
2883.9,2328.042,23.716,48.0,88.71,,2323.342,0.29123674911660774
2884.0,2328.042,24.369,51.07,88.63,,2323.342,0.29067137809187277
2884.1,2328.043,23.537,54.66,89.06,,2323.3430000000003,0.2937102473498233
2884.2,2328.043,23.611,55.73,89.16,,2323.3430000000003,0.294416961130742
2884.3,2328.043,23.236,56.0,89.25,,2323.3430000000003,0.2950530035335689
2884.4,2328.043,22.533,56.6,89.52,,2323.3430000000003,0.29696113074204944
2884.5,2328.043,21.954,56.53,87.71,,2323.3430000000003,0.28416961130742047
2884.6,2328.044,21.013,56.62,87.22,,2323.344,0.2807067137809187
2884.7,2328.044,16.78,56.14,86.13,,2323.344,0.27300353356890456
2884.8,2328.044,15.558,55.19,82.14,,2323.344,0.24480565371024735
2884.9,2328.044,14.896,54.59,79.24,,2323.344,0.2243109540636042
2885.0,2328.044,14.073,53.41,76.51,,2323.344,0.205017667844523
2885.1,2328.045,13.11,42.57,72.43,,2323.3450000000003,0.17618374558303893
2885.2,2328.045,12.486,42.52,70.82,,2323.3450000000003,0.1648056537102473
2885.3,2328.045,13.499,42.41,70.3,,2323.3450000000003,0.16113074204946995
2885.4,2328.045,14.761,41.12,69.91,,2323.3450000000003,0.15837455830388691
2885.5,2328.045,15.531,40.73,68.72,,2323.3450000000003,0.14996466431095407
2885.6,2328.046,16.555,40.28,69.43,,2323.346,0.15498233215547708
2885.7,2328.046,20.331,38.39,69.76,,2323.346,0.15731448763250888
2885.8,2328.046,20.073,36.87,70.19,,2323.346,0.16035335689045935
2885.9,2328.046,19.563,35.99,70.72,,2323.346,0.1640989399293286
2886.0,2328.047,19.52,35.09,71.84,,2323.347,0.1720141342756184
2886.1,2328.047,19.576,34.01,72.21,,2323.347,0.1746289752650176
2886.2,2328.047,18.969,33.44,74.6,,2323.347,0.19151943462897522
2886.3,2328.047,18.824,33.15,76.1,,2323.347,0.20212014134275613
2886.4,2328.047,19.051,32.62,76.2,,2323.347,0.20282685512367493
2886.5,2328.048,19.008,33.28,75.97,,2323.348,0.20120141342756184
2886.6,2328.048,19.227,34.4,76.09,,2323.348,0.20204946996466433
2886.7,2328.048,19.21,34.89,75.62,,2323.348,0.19872791519434632
2886.8,2328.048,19.555,35.74,75.45,,2323.348,0.19752650176678446
2886.9,2328.048,19.71,37.08,74.1,,2323.348,0.18798586572438158
2887.0,2328.049,19.589,37.68,73.8,,2323.349,0.1858657243816254
2887.1,2328.049,19.665,37.85,74.43,,2323.349,0.19031802120141347
2887.2,2328.049,19.831,38.01,73.98,,2323.349,0.18713780918727918
2887.3,2328.049,20.189,37.56,74.62,,2323.349,0.19166077738515905
2887.4,2328.049,20.223,37.18,75.68,,2323.349,0.19915194346289758
2887.5,2328.05,20.992,36.88,76.72,,2323.3500000000004,0.20650176678445228
2887.6,2328.05,21.43,37.25,77.72,,2323.3500000000004,0.21356890459363956
2887.7,2328.05,22.114,37.6,78.45,,2323.3500000000004,0.2187279151943463
2887.8,2328.05,22.515,37.91,78.69,,2323.3500000000004,0.22042402826855123
2887.9,2328.051,22.845,38.68,80.03,,2323.351,0.2298939929328622
2888.0,2328.051,22.828,40.0,80.02,,2323.351,0.22982332155477028
2888.1,2328.051,22.158,40.67,80.03,,2323.351,0.2298939929328622
2888.2,2328.051,22.041,40.86,80.12,,2323.351,0.23053003533568908
2888.3,2328.051,22.041,40.97,80.41,,2323.351,0.23257950530035335
2888.4,2328.052,21.718,41.3,80.75,,2323.3520000000003,0.23498233215547704
2888.5,2328.052,21.233,41.38,81.19,,2323.3520000000003,0.23809187279151942
2888.6,2328.052,21.111,40.98,81.51,,2323.3520000000003,0.2403533568904594
2888.7,2328.052,20.136,40.88,81.54,,2323.3520000000003,0.24056537102473502
2888.8,2328.052,18.613,41.49,81.58,,2323.3520000000003,0.24084805653710245
2888.9,2328.053,16.235,41.64,81.7,,2323.353,0.24169611307420497
2889.0,2328.053,14.598,41.67,81.51,,2323.353,0.2403533568904594
2889.1,2328.053,13.571,42.16,81.45,,2323.353,0.23992932862190816
2889.2,2328.053,12.678,42.65,81.6,,2323.353,0.24098939929328617
2889.3,2328.053,12.087,43.35,81.66,,2323.353,0.24141342756183742
2889.4,2328.054,12.168,43.57,81.36,,2323.3540000000003,0.23929328621908127
2889.5,2328.054,12.642,43.51,81.22,,2323.3540000000003,0.23830388692579504
2889.6,2328.054,13.606,44.07,81.33,,2323.3540000000003,0.23908127208480565
2889.7,2328.054,15.075,44.16,81.37,,2323.3540000000003,0.2393639575971732
2889.8,2328.055,16.921,43.71,81.22,,2323.355,0.23830388692579504
2889.9,2328.055,19.63,43.41,80.79,,2323.355,0.23526501766784458
2890.0,2328.055,21.108,42.55,80.78,,2323.355,0.23519434628975266
2890.1,2328.055,21.348,42.75,80.62,,2323.355,0.23406360424028272
2890.2,2328.055,20.464,42.67,80.07,,2323.355,0.23017667844522963
2890.3,2328.056,19.458,42.83,79.96,,2323.356,0.22939929328621902
2890.4,2328.056,18.533,42.34,79.95,,2323.356,0.22932862190812722
2890.5,2328.056,17.46,42.67,79.6,,2323.356,0.22685512367491162
2890.6,2328.056,16.365,43.41,79.37,,2323.356,0.2252296819787986
2890.7,2328.056,16.409,43.47,79.3,,2323.356,0.22473498233215547
2890.8,2328.057,16.231,43.58,79.21,,2323.357,0.22409893992932858
2890.9,2328.057,16.154,44.0,78.66,,2323.357,0.2202120141342756
2891.0,2328.057,16.575,44.65,79.26,,2323.357,0.224452296819788
2891.1,2328.057,17.292,44.35,79.26,,2323.357,0.224452296819788
2891.2,2328.057,17.806,44.29,79.43,,2323.357,0.22565371024734987
2891.3,2328.058,17.99,44.01,78.41,,2323.358,0.21844522968197877
2891.4,2328.058,18.097,45.66,78.38,,2323.358,0.21823321554770314
2891.5,2328.058,18.378,45.98,76.79,,2323.358,0.20699646643109545
2891.6,2328.058,18.234,45.99,75.61,,2323.358,0.1986572438162544
2891.7,2328.058,17.384,48.78,74.93,,2323.358,0.1938515901060071
2891.8,2328.059,16.079,49.27,75.66,,2323.3590000000004,0.19901060070671375
2891.9,2328.059,15.263,49.56,75.39,,2323.3590000000004,0.19710247349823323
2892.0,2328.059,14.515,50.37,74.57,,2323.3590000000004,0.1913074204946996
2892.1,2328.059,14.099,50.31,77.06,,2323.3590000000004,0.20890459363957598
2892.2,2328.06,13.761,48.86,77.63,,2323.36,0.2129328621908127
2892.3,2328.06,13.631,48.48,78.69,,2323.36,0.22042402826855123
2892.4,2328.06,4.184,47.79,78.86,,2323.36,0.22162544169611306
2892.5,2328.06,3.757,47.66,78.51,,2323.36,0.21915194346289757
2892.6,2328.06,3.242,47.35,77.49,,2323.36,0.21194346289752647
2892.7,2328.061,2.775,47.19,76.36,,2323.3610000000003,0.20395759717314488
2892.8,2328.061,2.45,47.32,75.15,,2323.3610000000003,0.1954063604240283
2892.9,2328.061,2.433,48.26,74.55,,2323.3610000000003,0.19116607773851588
2893.0,2328.061,2.875,49.82,74.78,,2323.3610000000003,0.192791519434629
2893.1,2328.061,3.398,50.37,75.28,,2323.3610000000003,0.19632508833922263
2893.2,2328.062,3.881,52.27,77.78,,2323.362,0.21399293286219082
2893.3,2328.062,4.364,53.19,78.54,,2323.362,0.2193639575971732
2893.4,2328.062,14.236,53.35,78.55,,2323.362,0.219434628975265
2893.5,2328.062,13.004,54.3,80.18,,2323.362,0.23095406360424034
2893.6,2328.062,12.073,54.1,80.11,,2323.362,0.23045936395759717
2893.7,2328.063,11.488,52.69,79.75,,2323.3630000000003,0.22791519434628976
2893.8,2328.063,11.154,52.4,78.37,,2323.3630000000003,0.21816254416961134
2893.9,2328.063,11.534,51.03,77.83,,2323.3630000000003,0.21434628975265016
2894.0,2328.063,12.208,48.55,77.09,,2323.3630000000003,0.2091166077738516
2894.1,2328.064,12.897,48.0,76.09,,2323.364,0.20204946996466433
2894.2,2328.064,14.154,45.04,75.92,,2323.364,0.2008480565371025
2894.3,2328.064,16.015,45.2,76.17,,2323.364,0.2026148409893993
2894.4,2328.064,17.811,45.16,75.85,,2323.364,0.20035335689045933
2894.5,2328.064,19.028,45.64,76.12,,2323.364,0.20226148409893996
2894.6,2328.065,20.606,46.34,76.4,,2323.3650000000002,0.20424028268551242
2894.7,2328.065,21.067,46.79,75.85,,2323.3650000000002,0.20035335689045933
2894.8,2328.065,21.372,47.16,73.5,,2323.3650000000002,0.18374558303886926
2894.9,2328.065,20.871,47.57,72.53,,2323.3650000000002,0.17689045936395761
2895.0,2328.065,20.13,47.96,70.74,,2323.3650000000002,0.16424028268551233
2895.1,2328.066,19.353,48.55,69.94,,2323.366,0.15858657243816252
2895.2,2328.066,18.902,49.1,67.33,,2323.366,0.14014134275618373
2895.3,2328.066,18.07,49.84,67.99,,2323.366,0.1448056537102473
2895.4,2328.066,17.316,50.39,67.84,,2323.366,0.14374558303886928
2895.5,2328.066,16.329,50.86,68.5,,2323.366,0.14840989399293286
2895.6,2328.067,16.006,50.71,68.89,,2323.367,0.1511660777385159
2895.7,2328.067,15.936,51.09,69.27,,2323.367,0.15385159010600705
2895.8,2328.067,15.861,53.65,70.0,,2323.367,0.15901060070671377
2895.9,2328.067,16.055,53.77,69.56,,2323.367,0.1559010600706714
2896.0,2328.067,16.258,54.3,69.29,,2323.367,0.15399293286219085
2896.1,2328.068,17.422,55.88,69.0,,2323.3680000000004,0.1519434628975265
2896.2,2328.068,17.423,56.65,68.48,,2323.3680000000004,0.14826855123674915
2896.3,2328.068,18.081,56.64,68.0,,2323.3680000000004,0.14487632508833923
2896.4,2328.068,18.402,56.5,67.93,,2323.3680000000004,0.14438162544169617
2896.5,2328.069,19.601,57.14,67.45,,2323.369,0.14098939929328624
2896.6,2328.069,19.638,56.84,67.19,,2323.369,0.1391519434628975
2896.7,2328.069,19.804,56.6,67.09,,2323.369,0.1384452296819788
2896.8,2328.069,19.889,56.26,66.99,,2323.369,0.13773851590106004
2896.9,2328.069,19.944,56.44,66.7,,2323.369,0.13568904593639577
2897.0,2328.07,20.346,56.61,66.06,,2323.3700000000003,0.1311660777385159
2897.1,2328.07,20.301,56.85,66.02,,2323.3700000000003,0.1308833922261484
2897.2,2328.07,20.975,56.32,66.74,,2323.3700000000003,0.1359717314487632
2897.3,2328.07,20.694,56.55,66.91,,2323.3700000000003,0.13717314487632506
2897.4,2328.07,20.843,56.11,67.08,,2323.3700000000003,0.13837455830388692
2897.5,2328.071,20.782,56.13,67.44,,2323.371,0.14091872791519433
2897.6,2328.071,20.915,55.81,68.15,,2323.371,0.14593639575971734
2897.7,2328.071,20.756,55.89,68.38,,2323.371,0.14756183745583035
2897.8,2328.071,20.899,55.72,68.29,,2323.371,0.14692579505300357
2897.9,2328.071,20.978,54.23,68.69,,2323.371,0.14975265017667844
2898.0,2328.072,20.733,52.66,68.45,,2323.3720000000003,0.14805653710247352
2898.1,2328.072,20.502,51.71,68.28,,2323.3720000000003,0.14685512367491166
2898.2,2328.072,20.313,49.83,67.66,,2323.3720000000003,0.14247349823321553
2898.3,2328.072,20.903,49.03,67.69,,2323.3720000000003,0.14268551236749116
2898.4,2328.073,17.165,48.58,68.2,,2323.373,0.14628975265017669
2898.5,2328.073,16.685,46.6,68.27,,2323.373,0.14678445229681977
2898.6,2328.073,16.346,46.53,68.49,,2323.373,0.14833922261484095
2898.7,2328.073,15.662,45.75,68.62,,2323.373,0.14925795053003538
2898.8,2328.073,14.816,45.42,68.73,,2323.373,0.15003533568904595
2898.9,2328.074,15.412,44.84,68.66,,2323.3740000000003,0.1495406360424028
2899.0,2328.074,16.598,44.12,68.73,,2323.3740000000003,0.15003533568904595
2899.1,2328.074,17.613,44.79,68.82,,2323.3740000000003,0.15067137809187275
2899.2,2328.074,18.554,44.4,68.82,,2323.3740000000003,0.15067137809187275
2899.3,2328.074,19.174,45.37,68.45,,2323.3740000000003,0.14805653710247352
2899.4,2328.075,23.522,47.28,68.28,,2323.375,0.14685512367491166
2899.5,2328.075,23.649,48.44,68.13,,2323.375,0.14579505300353354
2899.6,2328.075,23.321,48.98,67.84,,2323.375,0.14374558303886928
2899.7,2328.075,23.218,51.3,67.57,,2323.375,0.14183745583038865
2899.8,2328.075,22.557,51.67,67.53,,2323.375,0.14155477031802122
2899.9,2328.076,21.805,52.16,67.4,,2323.376,0.1406360424028269
2900.0,2328.076,20.619,52.44,66.95,,2323.376,0.1374558303886926
2900.1,2328.076,19.201,52.18,66.13,,2323.376,0.13166077738515897
2900.2,2328.076,17.543,51.96,65.91,,2323.376,0.1301060070671378
2900.3,2328.076,16.056,52.06,64.55,,2323.376,0.12049469964664308
2900.4,2328.077,15.067,49.79,63.23,,2323.3770000000004,0.11116607773851588
2900.5,2328.077,13.976,48.47,62.93,,2323.3770000000004,0.10904593639575971
2900.6,2328.077,13.405,47.83,62.69,,2323.3770000000004,0.10734982332155475
2900.7,2328.077,12.815,41.29,62.13,,2323.3770000000004,0.10339222614840991
2900.8,2328.078,12.913,40.5,61.87,,2323.378,0.10155477031802118
2900.9,2328.078,12.825,40.32,61.93,,2323.378,0.10197879858657244
2901.0,2328.078,13.108,40.03,62.03,,2323.378,0.10268551236749117
2901.1,2328.078,13.647,39.46,62.26,,2323.378,0.10431095406360423
2901.2,2328.078,14.613,39.37,61.76,,2323.378,0.1007773851590106
2901.3,2328.079,15.169,39.29,60.95,,2323.3790000000004,0.09505300353356892
2901.4,2328.079,15.861,38.66,61.14,,2323.3790000000004,0.0963957597173145
2901.5,2328.079,16.493,38.07,60.65,,2323.3790000000004,0.0929328621908127
2901.6,2328.079,16.615,37.98,60.16,,2323.3790000000004,0.08946996466431092
2901.7,2328.079,16.538,36.38,58.67,,2323.3790000000004,0.07893992932862191
2901.8,2328.08,16.171,36.3,58.53,,2323.38,0.0779505300353357
2901.9,2328.08,16.089,37.04,58.72,,2323.38,0.07929328621908126
2902.0,2328.08,15.632,37.16,58.62,,2323.38,0.07858657243816253
2902.1,2328.08,14.929,37.81,58.97,,2323.38,0.08106007067137809
2902.2,2328.08,14.733,38.24,59.17,,2323.38,0.08247349823321556
2902.3,2328.081,14.991,38.3,60.3,,2323.3810000000003,0.09045936395759716
2902.4,2328.081,14.664,38.72,62.51,,2323.3810000000003,0.10607773851590105
2902.5,2328.081,14.627,38.82,63.04,,2323.3810000000003,0.10982332155477031
2902.6,2328.081,14.567,38.71,63.57,,2323.3810000000003,0.11356890459363958
2902.7,2328.082,14.393,38.37,66.53,,2323.382,0.13448763250883394
2902.8,2328.082,13.705,38.2,66.53,,2323.382,0.13448763250883394
2902.9,2328.082,13.303,38.07,66.73,,2323.382,0.1359010600706714
2903.0,2328.082,13.13,38.18,67.04,,2323.382,0.13809187279151947
2903.1,2328.082,4.203,38.51,67.25,,2323.382,0.13957597173144876
2903.2,2328.083,3.685,38.27,67.4,,2323.3830000000003,0.1406360424028269
2903.3,2328.083,3.222,39.13,67.38,,2323.3830000000003,0.14049469964664307
2903.4,2328.083,2.817,39.64,70.36,,2323.3830000000003,0.1615547703180212
2903.5,2328.083,2.411,40.34,70.76,,2323.3830000000003,0.16438162544169616
2903.6,2328.083,2.599,40.64,71.79,,2323.3830000000003,0.17166077738515906
2903.7,2328.084,3.107,41.25,74.15,,2323.384,0.18833922261484104
2903.8,2328.084,3.593,41.18,74.26,,2323.384,0.1891166077738516
2903.9,2328.084,4.085,41.15,74.35,,2323.384,0.18975265017667842
2904.0,2328.084,4.714,41.09,75.68,,2323.384,0.19915194346289758
2904.1,2328.084,21.294,41.09,74.72,,2323.384,0.19236749116607774
2904.2,2328.085,21.104,41.14,74.0,,2323.385,0.1872791519434629
2904.3,2328.085,21.054,41.33,73.64,,2323.385,0.1847349823321555
2904.4,2328.085,21.179,41.48,72.85,,2323.385,0.17915194346289748
2904.5,2328.085,21.584,41.76,73.31,,2323.385,0.18240282685512368
2904.6,2328.086,21.757,41.96,72.42,,2323.386,0.176113074204947
2904.7,2328.086,21.906,41.92,72.29,,2323.386,0.1751943462897527
2904.8,2328.086,21.687,41.66,72.55,,2323.386,0.17703180212014133
2904.9,2328.086,20.075,41.39,71.79,,2323.386,0.17166077738515906
2905.0,2328.086,19.092,41.15,70.92,,2323.386,0.1655123674911661
2905.1,2328.087,18.459,40.89,68.98,,2323.387,0.15180212014134278
2905.2,2328.087,17.567,40.63,68.98,,2323.387,0.15180212014134278
2905.3,2328.087,16.493,40.24,66.17,,2323.387,0.1319434628975265
2905.4,2328.087,15.801,40.46,66.29,,2323.387,0.13279151943462902
2905.5,2328.087,15.846,40.58,66.53,,2323.387,0.13448763250883394
2905.6,2328.088,15.844,40.73,66.95,,2323.3880000000004,0.1374558303886926
2905.7,2328.088,15.795,40.97,66.95,,2323.3880000000004,0.1374558303886926
2905.8,2328.088,15.88,40.35,66.95,,2323.3880000000004,0.1374558303886926
2905.9,2328.088,15.92,39.7,66.96,,2323.3880000000004,0.1375265017667844
2906.0,2328.088,15.448,39.55,66.92,,2323.3880000000004,0.13724381625441698
2906.1,2328.089,15.269,38.97,66.93,,2323.389,0.1373144876325089
2906.2,2328.089,15.082,38.44,66.9,,2323.389,0.13710247349823326
2906.3,2328.089,14.605,38.44,66.85,,2323.389,0.1367491166077738
2906.4,2328.089,14.148,38.15,66.64,,2323.389,0.13526501766784452
2906.5,2328.089,14.105,38.25,66.64,,2323.389,0.13526501766784452
2906.6,2328.09,14.418,37.52,66.49,,2323.3900000000003,0.1342049469964664
2906.7,2328.09,14.167,37.59,66.49,,2323.3900000000003,0.1342049469964664
2906.8,2328.09,13.945,37.73,66.48,,2323.3900000000003,0.1341342756183746
2906.9,2328.09,14.363,37.81,66.63,,2323.3900000000003,0.13519434628975263
2907.0,2328.091,8.449,38.84,66.74,,2323.391,0.1359717314487632
2907.1,2328.091,7.576,39.22,66.78,,2323.391,0.13625441696113075
2907.2,2328.091,6.888,39.91,66.06,,2323.391,0.1311660777385159
2907.3,2328.091,6.338,41.7,65.29,,2323.391,0.12572438162544175
2907.4,2328.091,5.645,42.97,64.95,,2323.391,0.12332155477031805
2907.5,2328.092,5.818,43.28,65.08,,2323.3920000000003,0.12424028268551235
2907.6,2328.092,6.842,45.22,64.86,,2323.3920000000003,0.12268551236749116
2907.7,2328.092,7.821,45.49,64.89,,2323.3920000000003,0.12289752650176679
2907.8,2328.092,8.912,44.79,65.59,,2323.3920000000003,0.1278445229681979
2907.9,2328.092,9.869,43.92,66.1,,2323.3920000000003,0.13144876325088337
2908.0,2328.093,18.918,43.17,66.89,,2323.393,0.13703180212014135
2908.1,2328.093,18.283,43.32,68.16,,2323.393,0.14600706713780917
2908.2,2328.093,18.32,44.27,69.24,,2323.393,0.15363957597173142
2908.3,2328.093,18.457,43.9,70.19,,2323.393,0.16035335689045935
2908.4,2328.093,18.656,45.74,70.38,,2323.393,0.16169611307420492
2908.5,2328.094,18.53,46.46,70.64,,2323.3940000000002,0.16353356890459364
2908.6,2328.094,18.125,47.39,70.65,,2323.3940000000002,0.16360424028268555
2908.7,2328.094,18.682,49.2,69.93,,2323.3940000000002,0.1585159010600707
2908.8,2328.094,18.582,50.52,69.87,,2323.3940000000002,0.15809187279151946
2908.9,2328.095,18.372,51.82,69.63,,2323.395,0.15639575971731445
2909.0,2328.095,17.119,52.46,68.52,,2323.395,0.14855123674911658
2909.1,2328.095,16.497,53.16,66.79,,2323.395,0.13632508833922266
2909.2,2328.095,14.309,54.01,66.64,,2323.395,0.13526501766784452
2909.3,2328.095,13.036,53.8,66.51,,2323.395,0.1343462897526502
2909.4,2328.096,12.206,53.95,66.43,,2323.396,0.13378091872791525
2909.5,2328.096,11.611,54.73,66.37,,2323.396,0.133356890459364
2909.6,2328.096,11.353,54.68,66.55,,2323.396,0.13462897526501766
2909.7,2328.096,11.53,55.17,66.72,,2323.396,0.1358303886925795
2909.8,2328.096,12.497,55.21,66.75,,2323.396,0.13604240282685512
2909.9,2328.097,13.374,55.57,66.67,,2323.3970000000004,0.13547703180212015
2910.0,2328.097,15.05,56.11,66.81,,2323.3970000000004,0.13646643109540638
2910.1,2328.097,17.059,56.75,66.86,,2323.3970000000004,0.13681978798586572
2910.2,2328.097,20.477,56.85,66.79,,2323.3970000000004,0.13632508833922266
2910.3,2328.097,22.711,57.41,66.91,,2323.3970000000004,0.13717314487632506
2910.4,2328.098,24.579,57.87,66.92,,2323.398,0.13724381625441698
2910.5,2328.098,25.676,58.74,67.42,,2323.398,0.14077738515901062
2910.6,2328.098,26.165,59.11,67.65,,2323.398,0.1424028268551237
2910.7,2328.098,26.046,59.45,68.01,,2323.398,0.14494699646643114
2910.8,2328.098,25.39,61.26,68.29,,2323.398,0.14692579505300357
2910.9,2328.099,25.693,61.3,68.68,,2323.3990000000003,0.1496819787985866
2911.0,2328.099,24.713,61.33,68.79,,2323.3990000000003,0.1504593639575972
2911.1,2328.099,23.869,61.49,69.18,,2323.3990000000003,0.15321554770318027
2911.2,2328.099,23.298,62.33,69.26,,2323.3990000000003,0.15378091872791522
2911.3,2328.1,22.999,62.68,69.44,,2323.4,0.15505300353356888
2911.4,2328.1,22.534,63.21,69.7,,2323.4,0.15689045936395762
2911.5,2328.1,22.24,63.27,70.05,,2323.4,0.15936395759717312
2911.6,2328.1,22.277,61.95,70.45,,2323.4,0.16219081272084807
2911.7,2328.1,21.852,61.77,70.49,,2323.4,0.16247349823321552
2911.8,2328.101,21.536,61.49,70.19,,2323.4010000000003,0.16035335689045935
2911.9,2328.101,21.275,61.26,70.17,,2323.4010000000003,0.16021201413427563
2912.0,2328.101,20.851,61.03,70.22,,2323.4010000000003,0.16056537102473498
2912.1,2328.101,17.268,60.83,70.06,,2323.4010000000003,0.15943462897526503
2912.2,2328.101,16.683,60.52,69.49,,2323.4010000000003,0.15540636042402822
2912.3,2328.102,16.089,60.4,68.51,,2323.402,0.14848056537102478
2912.4,2328.102,15.525,60.18,68.15,,2323.402,0.14593639575971734
2912.5,2328.102,14.913,60.39,67.45,,2323.402,0.14098939929328624
2912.6,2328.102,15.34,60.13,66.9,,2323.402,0.13710247349823326
2912.7,2328.102,16.76,60.48,66.59,,2323.402,0.13491166077738517
2912.8,2328.103,17.88,60.82,66.2,,2323.4030000000002,0.13215547703180214
2912.9,2328.103,19.159,61.68,66.14,,2323.4030000000002,0.13173144876325088
2913.0,2328.103,20.437,62.03,65.62,,2323.4030000000002,0.12805653710247353
2913.1,2328.103,27.263,61.48,65.64,,2323.4030000000002,0.12819787985865724
2913.2,2328.104,24.227,61.78,65.6,,2323.404,0.1279151943462897
2913.3,2328.104,19.193,60.74,65.77,,2323.404,0.12911660777385156
2913.4,2328.104,15.798,60.1,65.77,,2323.404,0.12911660777385156
2913.5,2328.104,14.051,57.54,66.76,,2323.404,0.13611307420494703
2913.6,2328.104,11.748,55.41,67.53,,2323.404,0.14155477031802122
2913.7,2328.105,10.741,53.35,67.85,,2323.405,0.14381625441696108
2913.8,2328.105,10.482,51.47,70.99,,2323.405,0.16600706713780916
2913.9,2328.105,10.499,49.0,70.99,,2323.405,0.16600706713780916
2914.0,2328.105,10.698,48.72,71.34,,2323.405,0.16848056537102477
2914.1,2328.105,11.239,47.58,71.39,,2323.405,0.1688339222614841
2914.2,2328.106,12.55,47.87,71.71,,2323.4060000000004,0.17109540636042397
2914.3,2328.106,14.714,48.13,71.45,,2323.4060000000004,0.16925795053003537
2914.4,2328.106,17.258,49.15,71.16,,2323.4060000000004,0.167208480565371
2914.5,2328.106,19.099,51.03,71.12,,2323.4060000000004,0.16692579505300356
2914.6,2328.106,22.216,53.05,69.14,,2323.4060000000004,0.15293286219081273
2914.7,2328.107,23.422,54.43,68.6,,2323.407,0.14911660777385155
2914.8,2328.107,24.189,56.36,66.99,,2323.407,0.13773851590106004
2914.9,2328.107,25.561,57.62,66.5,,2323.407,0.13427561837455831
2915.0,2328.107,26.004,59.26,65.85,,2323.407,0.12968197879858653
2915.1,2328.107,25.451,59.38,65.28,,2323.407,0.12565371024734984
2915.2,2328.108,25.402,60.08,65.6,,2323.4080000000004,0.1279151943462897
2915.3,2328.108,25.162,60.35,65.75,,2323.4080000000004,0.12897526501766785
2915.4,2328.108,24.67,60.88,65.95,,2323.4080000000004,0.13038869257950533
2915.5,2328.108,24.153,61.65,66.08,,2323.4080000000004,0.13130742049469962
2915.6,2328.109,24.198,62.08,67.11,,2323.409,0.13858657243816255
2915.7,2328.109,24.154,62.84,66.89,,2323.409,0.13703180212014135
2915.8,2328.109,24.257,64.06,66.83,,2323.409,0.1366077738515901
2915.9,2328.109,23.611,66.49,66.26,,2323.409,0.1325795053003534
2916.0,2328.109,24.137,68.3,66.07,,2323.409,0.13123674911660774
2916.1,2328.11,24.245,68.59,66.5,,2323.4100000000003,0.13427561837455831
2916.2,2328.11,23.364,69.72,66.51,,2323.4100000000003,0.1343462897526502
2916.3,2328.11,23.427,69.95,66.75,,2323.4100000000003,0.13604240282685512
2916.4,2328.11,23.845,70.24,67.02,,2323.4100000000003,0.13795053003533567
2916.5,2328.11,23.567,69.63,67.38,,2323.4100000000003,0.14049469964664307
2916.6,2328.111,23.274,69.4,67.94,,2323.411,0.14445229681978797
2916.7,2328.111,23.211,69.15,68.74,,2323.411,0.15010600706713778
2916.8,2328.111,22.904,65.95,69.53,,2323.411,0.15568904593639576
2916.9,2328.111,22.84,63.13,70.31,,2323.411,0.16120141342756186
2917.0,2328.111,21.647,62.5,70.11,,2323.411,0.15978798586572437
2917.1,2328.112,20.566,59.74,70.33,,2323.4120000000003,0.16134275618374558
2917.2,2328.112,20.303,58.57,70.44,,2323.4120000000003,0.16212014134275618
2917.3,2328.112,19.809,56.61,70.2,,2323.4120000000003,0.16042402826855126
2917.4,2328.112,19.525,55.31,69.39,,2323.4120000000003,0.15469964664310953
2917.5,2328.113,19.597,54.24,68.89,,2323.413,0.1511660777385159
2917.6,2328.113,19.228,54.33,68.42,,2323.413,0.1478445229681979
2917.7,2328.113,19.683,56.49,67.81,,2323.413,0.14353356890459365
2917.8,2328.113,20.434,58.23,66.56,,2323.413,0.13469964664310954
2917.9,2328.113,20.839,59.62,66.57,,2323.413,0.13477031802120137
2918.0,2328.114,21.279,60.6,66.58,,2323.414,0.1348409893992933
2918.1,2328.114,22.86,62.52,69.31,,2323.414,0.15413427561837456
2918.2,2328.114,22.529,61.78,70.17,,2323.414,0.16021201413427563
2918.3,2328.114,21.902,61.31,72.29,,2323.414,0.1751943462897527
2918.4,2328.114,21.705,61.54,74.23,,2323.414,0.188904593639576
2918.5,2328.115,20.7,60.54,73.53,,2323.415,0.1839575971731449
2918.6,2328.115,19.8,57.26,73.24,,2323.415,0.18190812720848054
2918.7,2328.115,17.364,54.06,72.43,,2323.415,0.17618374558303893
2918.8,2328.115,16.86,50.98,72.01,,2323.415,0.17321554770318026
2918.9,2328.116,16.722,50.08,73.87,,2323.416,0.18636042402826858
2919.0,2328.116,16.281,47.71,74.13,,2323.416,0.1881978798586572
2919.1,2328.116,15.58,50.74,75.9,,2323.416,0.20070671378091876
2919.2,2328.116,16.471,51.59,78.04,,2323.416,0.21583038869257956
2919.3,2328.117,17.446,54.4,80.72,,2323.4170000000004,0.2347703180212014
2919.4,2328.117,17.097,56.06,82.09,,2323.4170000000004,0.244452296819788
2919.5,2328.117,17.278,55.83,83.98,,2323.4170000000004,0.257809187279152
2919.6,2328.117,4.096,58.28,84.32,,2323.4170000000004,0.2602120141342756
2919.7,2328.118,3.623,57.73,86.24,,2323.418,0.27378091872791516
2919.8,2328.118,3.036,56.8,85.81,,2323.418,0.27074204946996466
2919.9,2328.118,2.586,55.05,83.03,,2323.418,0.25109540636042404
2920.0,2328.118,2.175,53.5,82.36,,2323.418,0.24636042402826855
2920.1,2328.119,2.282,51.07,81.75,,2323.4190000000003,0.2420494699646643
2920.2,2328.119,2.89,51.25,79.72,,2323.4190000000003,0.22770318021201413
2920.3,2328.119,3.409,50.22,78.37,,2323.4190000000003,0.21816254416961134
2920.4,2328.12,4.026,50.48,78.66,,2323.42,0.2202120141342756
2920.5,2328.12,4.789,51.52,77.92,,2323.42,0.21498233215547705
2920.6,2328.12,16.848,51.47,77.63,,2323.42,0.2129328621908127
2920.7,2328.12,15.789,51.59,76.85,,2323.42,0.2074204946996466
2920.8,2328.121,14.473,51.48,76.5,,2323.4210000000003,0.2049469964664311
2920.9,2328.121,13.882,51.54,74.97,,2323.4210000000003,0.19413427561837454
2921.0,2328.121,13.959,51.63,73.31,,2323.4210000000003,0.18240282685512368
2921.1,2328.122,13.797,50.92,69.77,,2323.422,0.15738515901060068
2921.2,2328.122,13.426,50.68,69.1,,2323.422,0.1526501766784452
2921.3,2328.122,13.46,49.6,67.92,,2323.422,0.14431095406360425
2921.4,2328.123,13.509,48.49,67.54,,2323.4230000000002,0.14162544169611313
2921.5,2328.123,13.041,46.59,66.48,,2323.4230000000002,0.1341342756183746
2921.6,2328.123,12.981,46.07,66.39,,2323.4230000000002,0.1334982332155477
2921.7,2328.123,12.891,44.01,66.71,,2323.4230000000002,0.13575971731448758
2921.8,2328.124,13.156,44.46,66.85,,2323.424,0.1367491166077738
2921.9,2328.124,13.423,44.4,67.97,,2323.424,0.1446643109540636
2922.0,2328.124,13.74,44.34,68.7,,2323.424,0.14982332155477035
2922.1,2328.125,14.754,44.18,73.94,,2323.425,0.18685512367491164
2922.2,2328.125,15.32,44.31,74.99,,2323.425,0.19427561837455826
2922.3,2328.125,15.858,44.35,78.0,,2323.425,0.21554770318021202
2922.4,2328.126,15.857,44.09,79.34,,2323.4260000000004,0.22501766784452298
2922.5,2328.126,15.53,43.25,81.41,,2323.4260000000004,0.23964664310954062
2922.6,2328.127,14.255,42.96,83.53,,2323.427,0.25462897526501765
2922.7,2328.127,13.169,42.62,88.33,,2323.427,0.2885512367491166
2922.8,2328.127,12.111,42.64,88.67,,2323.427,0.2909540636042403
2922.9,2328.128,11.423,42.58,93.31,,2323.4280000000003,0.3237455830388693
2923.0,2328.128,10.8,43.09,90.02,,2323.4280000000003,0.3004946996466431
2923.1,2328.128,10.414,45.08,83.75,,2323.4280000000003,0.25618374558303886
2923.2,2328.129,10.255,45.95,82.59,,2323.429,0.24798586572438164
2923.3,2328.129,10.18,46.5,80.73,,2323.429,0.23484098939929332
2923.4,2328.129,10.461,46.79,79.6,,2323.429,0.22685512367491162
2923.5,2328.13,10.844,48.82,78.36,,2323.4300000000003,0.21809187279151943
2923.6,2328.13,11.403,47.11,77.19,,2323.4300000000003,0.2098233215547703
2923.7,2328.131,11.534,46.51,75.45,,2323.431,0.19752650176678446
2923.8,2328.131,12.045,43.49,77.27,,2323.431,0.21038869257950527
2923.9,2328.131,12.998,43.15,77.87,,2323.431,0.2146289752650177
2924.0,2328.132,13.374,42.6,78.02,,2323.4320000000002,0.21568904593639573
2924.1,2328.132,13.514,42.07,82.93,,2323.4320000000002,0.25038869257950536
2924.2,2328.133,14.075,42.13,81.44,,2323.433,0.23985865724381625
2924.3,2328.133,14.954,41.42,82.01,,2323.433,0.24388692579505303
2924.4,2328.133,15.464,41.01,78.36,,2323.433,0.21809187279151943
2924.5,2328.134,15.309,40.55,77.17,,2323.434,0.20968197879858658
2924.6,2328.134,15.371,39.92,76.13,,2323.434,0.20233215547703176
2924.7,2328.135,15.222,38.18,74.11,,2323.4350000000004,0.1880565371024735
2924.8,2328.135,14.566,32.04,71.01,,2323.4350000000004,0.16614840989399296
2924.9,2328.135,13.609,31.86,70.64,,2323.4350000000004,0.16353356890459364
2925.0,2328.136,13.222,30.46,70.37,,2323.436,0.16162544169611312
2925.1,2328.136,12.689,30.58,70.69,,2323.436,0.16388692579505298
2925.2,2328.137,12.74,31.65,70.01,,2323.4370000000004,0.15908127208480569
2925.3,2328.137,13.022,32.44,70.43,,2323.4370000000004,0.16204946996466435
2925.4,2328.138,13.63,32.74,73.76,,2323.438,0.18558303886925798
2925.5,2328.138,12.785,33.08,74.45,,2323.438,0.1904593639575972
2925.6,2328.138,13.256,34.4,74.85,,2323.438,0.19328621908127205
2925.7,2328.139,14.238,35.74,76.58,,2323.4390000000003,0.20551236749116605
2925.8,2328.139,14.97,36.92,77.01,,2323.4390000000003,0.20855123674911663
2925.9,2328.14,14.422,37.31,77.12,,2323.44,0.20932862190812723
2926.0,2328.14,14.178,44.15,77.11,,2323.44,0.20925795053003532
2926.1,2328.141,15.466,45.25,77.34,,2323.4410000000003,0.21088339222614844
2926.2,2328.141,16.047,50.26,77.53,,2323.4410000000003,0.212226148409894
2926.3,2328.142,16.703,52.79,78.82,,2323.442,0.22134275618374555
2926.4,2328.142,17.208,57.15,78.83,,2323.442,0.22141342756183743
2926.5,2328.143,20.898,58.27,79.35,,2323.443,0.2250883392226148
2926.6,2328.143,20.795,65.34,81.38,,2323.443,0.239434628975265
2926.7,2328.144,20.648,65.48,81.57,,2323.444,0.24077738515901057
2926.8,2328.144,20.616,66.39,81.54,,2323.444,0.24056537102473502
2926.9,2328.145,21.421,66.6,81.44,,2323.445,0.23985865724381625
2927.0,2328.145,21.19,67.46,82.09,,2323.445,0.244452296819788
2927.1,2328.146,21.431,67.84,81.94,,2323.4460000000004,0.24339222614840988
2927.2,2328.146,21.928,70.43,82.01,,2323.4460000000004,0.24388692579505303
2927.3,2328.147,22.552,71.18,81.37,,2323.447,0.2393639575971732
2927.4,2328.147,22.399,73.55,81.46,,2323.447,0.23999999999999996
2927.5,2328.148,22.439,74.71,81.33,,2323.4480000000003,0.23908127208480565
2927.6,2328.148,21.514,73.74,81.09,,2323.4480000000003,0.23738515901060073
2927.7,2328.149,20.102,72.89,80.85,,2323.449,0.23568904593639572
2927.8,2328.149,18.59,71.48,80.54,,2323.449,0.23349823321554775
2927.9,2328.15,17.586,69.15,80.54,,2323.4500000000003,0.23349823321554775
2928.0,2328.15,16.866,67.69,79.92,,2323.4500000000003,0.2291166077738516
2928.1,2328.151,16.159,66.8,80.04,,2323.451,0.2299646643109541
2928.2,2328.151,16.173,63.78,80.17,,2323.451,0.23088339222614843
2928.3,2328.152,15.962,64.95,80.74,,2323.452,0.23491166077738512
2928.4,2328.152,16.317,64.85,80.48,,2323.452,0.2330742049469965
2928.5,2328.153,16.472,64.91,80.47,,2323.453,0.23300353356890458
2928.6,2328.153,17.05,62.34,80.4,,2323.453,0.23250883392226152
2928.7,2328.154,16.916,61.06,79.0,,2323.454,0.2226148409893993
2928.8,2328.154,17.069,59.95,78.77,,2323.454,0.2209893992932862
2928.9,2328.155,16.758,56.07,78.33,,2323.4550000000004,0.2178798586572438
2929.0,2328.155,16.299,52.01,77.05,,2323.4550000000004,0.2088339222614841
2929.1,2328.156,15.794,50.92,76.05,,2323.456,0.2017667844522968
2929.2,2328.157,15.39,49.73,75.78,,2323.4570000000003,0.19985865724381627
2929.3,2328.157,15.77,47.06,75.63,,2323.4570000000003,0.19879858657243812
2929.4,2328.158,15.923,43.08,74.44,,2323.458,0.19038869257950528
2929.5,2328.158,15.357,42.76,74.45,,2323.458,0.1904593639575972
2929.6,2328.159,15.158,43.57,76.01,135.87,2323.4590000000003,0.20148409893992936
2929.7,2328.159,15.47,46.21,77.07,135.87,2323.4590000000003,0.2089752650176678
2929.8,2328.16,14.624,47.82,75.75,135.82,2323.46,0.19964664310954064
2929.9,2328.161,13.82,49.07,75.92,135.82,2323.4610000000002,0.2008480565371025
2930.0,2328.161,13.241,50.91,76.06,135.82,2323.4610000000002,0.2018374558303887
2930.1,2328.162,12.85,51.96,75.51,135.81,2323.462,0.19795053003533572
2930.2,2328.162,12.49,53.02,73.62,133.65,2323.462,0.18459363957597177
2930.3,2328.163,11.983,54.69,72.81,133.29,2323.463,0.17886925795053005
2930.4,2328.164,11.793,57.32,72.57,132.46,2323.4640000000004,0.17717314487632504
2930.5,2328.164,11.7,57.79,72.3,131.51,2323.4640000000004,0.1752650176678445
2930.6,2328.165,4.17,60.69,70.2,129.34,2323.465,0.16042402826855126
2930.7,2328.165,3.627,62.87,68.89,127.44,2323.465,0.1511660777385159
2930.8,2328.166,3.202,63.79,68.1,124.41,2323.4660000000003,0.1455830388692579
2930.9,2328.167,2.726,63.88,67.49,124.12,2323.467,0.14127208480565367
2931.0,2328.167,2.336,64.31,66.86,123.83,2323.467,0.13681978798586572
2931.1,2328.168,2.681,64.16,66.36,121.33,2323.4680000000003,0.13328621908127208
2931.2,2328.168,3.192,64.19,65.06,119.64,2323.4680000000003,0.12409893992932863
2931.3,2328.169,3.81,63.92,65.28,118.78,2323.469,0.12565371024734984
2931.4,2328.17,4.376,63.46,65.51,117.87,2323.4700000000003,0.12727915194346293
2931.5,2328.17,5.188,63.4,66.04,116.07,2323.4700000000003,0.1310247349823322
2931.6,2328.171,16.756,64.49,66.22,115.37,2323.471,0.13229681978798585
2931.7,2328.172,16.39,64.49,66.79,113.32,2323.472,0.13632508833922266
2931.8,2328.172,15.749,64.6,66.83,113.29,2323.472,0.1366077738515901
2931.9,2328.173,15.563,65.05,66.62,114.83,2323.473,0.1351236749116608
2932.0,2328.173,15.167,65.8,66.58,115.19,2323.473,0.1348409893992933
2932.1,2328.174,14.368,66.77,66.44,116.45,2323.474,0.13385159010600706
2932.2,2328.175,13.63,66.92,66.31,117.19,2323.4750000000004,0.13293286219081274
2932.3,2328.175,12.958,67.38,66.18,117.9,2323.4750000000004,0.13201413427561842
2932.4,2328.176,12.485,66.34,66.12,118.26,2323.476,0.13159010600706716
2932.5,2328.177,11.893,66.17,65.73,120.52,2323.4770000000003,0.12883392226148413
2932.6,2328.177,11.973,65.4,65.73,120.52,2323.4770000000003,0.12883392226148413
2932.7,2328.178,11.917,63.36,66.28,119.26,2323.478,0.1327208480565371
2932.8,2328.179,12.38,62.74,66.4,118.98,2323.4790000000003,0.13356890459363963
2932.9,2328.179,12.996,62.03,66.97,117.66,2323.4790000000003,0.13759717314487632
2933.0,2328.18,13.83,61.15,66.97,117.66,2323.48,0.13759717314487632
2933.1,2328.181,14.627,58.69,66.26,117.64,2323.481,0.1325795053003534
2933.2,2328.181,15.053,57.5,66.19,117.64,2323.481,0.13208480565371022
2933.3,2328.182,15.639,56.11,65.97,117.64,2323.482,0.13053003533568905
2933.4,2328.183,15.936,54.58,65.73,117.63,2323.483,0.12883392226148413
2933.5,2328.183,15.517,55.39,65.29,116.77,2323.483,0.12572438162544175
2933.6,2328.184,15.235,55.7,65.11,116.66,2323.4840000000004,0.12445229681978798
2933.7,2328.185,15.416,56.63,64.59,116.04,2323.485,0.12077738515901063
2933.8,2328.186,15.39,56.63,64.59,115.68,2323.4860000000003,0.12077738515901063
2933.9,2328.186,15.199,56.2,65.48,115.42,2323.4860000000003,0.1270671378091873
2934.0,2328.187,15.186,55.83,65.68,115.31,2323.487,0.12848056537102479
2934.1,2328.188,15.144,55.49,66.41,114.76,2323.4880000000003,0.13363957597173143
2934.2,2328.188,15.195,54.31,66.81,114.94,2323.4880000000003,0.13646643109540638
2934.3,2328.189,14.604,54.14,67.2,115.12,2323.489,0.1392226148409894
2934.4,2328.19,14.295,53.82,67.39,115.2,2323.4900000000002,0.140565371024735
2934.5,2328.191,14.288,53.47,69.47,117.21,2323.491,0.1552650176678445
2934.6,2328.191,14.082,53.21,69.7,117.61,2323.491,0.15689045936395762
2934.7,2328.192,14.234,52.91,69.93,118.02,2323.492,0.1585159010600707
2934.8,2328.193,14.003,52.97,69.49,119.89,2323.4930000000004,0.15540636042402822
2934.9,2328.193,13.85,52.93,69.81,121.42,2323.4930000000004,0.15766784452296823
2935.0,2328.194,14.382,52.89,69.65,121.63,2323.494,0.15653710247349828
2935.1,2328.195,14.866,52.68,68.97,121.62,2323.4950000000003,0.15173144876325087
2935.2,2328.196,15.17,53.2,68.16,122.34,2323.496,0.14600706713780917
2935.3,2328.196,15.667,53.16,67.89,122.57,2323.496,0.14409893992932862
2935.4,2328.197,15.968,51.48,67.27,122.77,2323.4970000000003,0.13971731448763247
2935.5,2328.198,16.565,50.41,66.52,122.71,2323.498,0.13441696113074203
2935.6,2328.199,16.471,49.63,66.56,122.46,2323.4990000000003,0.13469964664310954
2935.7,2328.199,16.073,48.73,66.42,122.51,2323.4990000000003,0.13371024734982334
2935.8,2328.2,16.453,46.67,66.23,122.19,2323.5,0.13236749116607777
2935.9,2328.201,17.115,47.65,66.23,121.81,2323.501,0.13236749116607777
2936.0,2328.202,16.497,46.94,66.36,121.52,2323.5020000000004,0.13328621908127208
2936.1,2328.203,16.356,49.67,66.34,121.47,2323.503,0.13314487632508837
2936.2,2328.203,16.436,50.59,66.39,120.93,2323.503,0.1334982332155477
2936.3,2328.204,16.748,50.95,66.35,120.82,2323.5040000000004,0.13321554770318017
2936.4,2328.205,16.254,52.6,66.7,120.06,2323.505,0.13568904593639577
2936.5,2328.206,16.017,52.58,66.66,119.39,2323.5060000000003,0.13540636042402823
2936.6,2328.206,15.909,52.17,66.0,118.9,2323.5060000000003,0.13074204946996468
2936.7,2328.207,15.657,51.22,65.99,118.64,2323.507,0.13067137809187276
2936.8,2328.208,15.213,50.83,65.99,118.4,2323.5080000000003,0.13067137809187276
2936.9,2328.209,15.055,50.29,65.57,118.35,2323.509,0.12770318021201407
2937.0,2328.21,15.583,50.09,65.53,118.45,2323.51,0.12742049469964664
2937.1,2328.21,15.951,51.12,65.41,118.7,2323.51,0.12657243816254415
2937.2,2328.211,16.593,51.51,65.62,120.28,2323.511,0.12805653710247353
2937.3,2328.212,17.517,53.22,65.57,120.62,2323.512,0.12770318021201407
2937.4,2328.213,18.825,54.19,65.66,121.02,2323.5130000000004,0.12833922261484096
2937.5,2328.214,19.702,55.46,65.76,122.41,2323.514,0.12904593639575976
2937.6,2328.214,20.096,55.72,66.29,123.54,2323.514,0.13279151943462902
2937.7,2328.215,20.999,58.85,66.42,123.81,2323.5150000000003,0.13371024734982334
2937.8,2328.216,20.773,59.57,66.55,124.08,2323.516,0.13462897526501766
2937.9,2328.217,21.081,59.66,67.16,125.4,2323.5170000000003,0.1389399293286219
2938.0,2328.218,20.984,59.96,67.24,125.55,2323.518,0.13950530035335684
2938.1,2328.219,21.268,59.81,67.25,125.57,2323.5190000000002,0.13957597173144876
2938.2,2328.219,21.087,59.88,67.51,126.05,2323.5190000000002,0.1414134275618375
2938.3,2328.22,20.898,59.58,70.52,125.29,2323.52,0.16268551236749113
2938.4,2328.221,20.962,60.41,71.22,125.11,2323.521,0.16763250883392225
2938.5,2328.222,20.726,60.72,71.92,124.93,2323.5220000000004,0.17257950530035338
2938.6,2328.223,20.455,61.25,74.65,124.24,2323.523,0.19187279151943468
2938.7,2328.224,19.765,62.46,73.0,124.28,2323.5240000000003,0.18021201413427562
2938.8,2328.225,20.164,63.52,72.73,124.29,2323.525,0.17830388692579507
2938.9,2328.225,19.746,63.87,72.2,124.3,2323.525,0.1745583038869258
2939.0,2328.226,20.189,63.95,70.68,124.33,2323.5260000000003,0.16381625441696118
2939.1,2328.227,20.216,65.61,70.15,124.34,2323.527,0.16007067137809192
2939.2,2328.228,17.509,65.92,69.74,124.35,2323.5280000000002,0.15717314487632505
2939.3,2328.229,17.414,65.95,68.29,124.38,2323.529,0.14692579505300357
2939.4,2328.23,16.696,65.58,68.16,124.9,2323.53,0.14600706713780917
2939.5,2328.231,16.15,65.7,68.07,124.99,2323.5310000000004,0.14537102473498228
2939.6,2328.232,15.149,66.79,68.09,125.19,2323.532,0.1455123674911661
2939.7,2328.232,14.586,67.62,67.88,125.65,2323.532,0.1440282685512367
2939.8,2328.233,15.794,67.91,68.58,124.62,2323.5330000000004,0.14897526501766784
2939.9,2328.234,17.444,67.25,68.79,124.2,2323.534,0.1504593639575972
2940.0,2328.235,18.538,67.35,69.49,123.48,2323.5350000000003,0.15540636042402822
2940.1,2328.236,20.006,67.32,69.76,122.81,2323.536,0.15731448763250888
2940.2,2328.237,26.999,67.61,70.01,122.16,2323.5370000000003,0.15908127208480569
2940.3,2328.238,27.471,67.24,70.14,121.82,2323.538,0.16
2940.4,2328.239,27.577,75.49,72.39,125.16,2323.539,0.17590106007067138
2940.5,2328.24,27.833,77.18,72.79,126.6,2323.54,0.17872791519434633
2940.6,2328.241,28.092,78.0,71.68,129.87,2323.541,0.17088339222614846
2940.7,2328.241,28.02,79.28,71.77,131.13,2323.541,0.17151943462897523
2940.8,2328.242,27.663,80.58,72.07,134.97,2323.5420000000004,0.1736395759717314
2940.9,2328.243,27.198,82.02,70.92,133.34,2323.543,0.1655123674911661
2941.0,2328.244,27.368,78.89,70.19,133.08,2323.5440000000003,0.16035335689045935
2941.1,2328.245,27.617,77.58,69.6,132.78,2323.545,0.15618374558303882
2941.2,2328.246,27.616,75.21,69.42,132.06,2323.5460000000003,0.15491166077738516
2941.3,2328.247,27.117,73.49,68.73,131.24,2323.547,0.15003533568904595
2941.4,2328.248,27.158,63.46,67.38,129.62,2323.5480000000002,0.14049469964664307
2941.5,2328.249,26.52,62.14,67.26,129.62,2323.549,0.13964664310954067
2941.6,2328.25,25.817,61.13,67.12,126.55,2323.55,0.13865724381625444
2941.7,2328.251,25.346,60.74,66.95,126.55,2323.5510000000004,0.1374558303886926
2941.8,2328.252,25.023,60.22,66.81,126.55,2323.552,0.13646643109540638
2941.9,2328.253,24.785,61.63,67.63,,2323.5530000000003,0.1422614840989399
2942.0,2328.254,24.867,62.04,68.02,,2323.554,0.14501766784452294
2942.1,2328.255,24.998,62.96,68.42,,2323.5550000000003,0.1478445229681979
2942.2,2328.256,25.482,64.05,68.82,,2323.556,0.15067137809187275
2942.3,2328.256,26.248,64.91,69.4,,2323.556,0.15477031802120145
2942.4,2328.257,26.956,64.26,69.27,,2323.5570000000002,0.15385159010600705
2942.5,2328.258,27.432,64.87,69.0,,2323.558,0.1519434628975265
2942.6,2328.259,28.063,65.1,69.08,,2323.559,0.15250883392226147
2942.7,2328.26,28.019,65.06,68.93,,2323.5600000000004,0.15144876325088344
2942.8,2328.261,10.668,64.97,69.07,,2323.561,0.15243816254416956
2942.9,2328.262,9.145,64.76,68.99,,2323.5620000000004,0.15187279151943459
2943.0,2328.263,7.963,64.87,69.56,,2323.563,0.1559010600706714
2943.1,2328.264,6.638,65.31,69.71,,2323.5640000000003,0.15696113074204943
2943.2,2328.265,5.562,65.05,69.82,,2323.565,0.15773851590106003
2943.3,2328.266,6.133,64.81,70.5,,2323.5660000000003,0.1625441696113074
2943.4,2328.267,6.861,64.79,70.54,,2323.567,0.16282685512367495
2943.5,2328.268,7.9,64.87,70.55,,2323.568,0.16289752650176675
2943.6,2328.269,8.917,64.28,70.71,,2323.569,0.1640282685512367
2943.7,2328.27,10.116,64.42,70.72,,2323.57,0.1640989399293286
2943.8,2328.271,24.205,64.3,70.73,,2323.5710000000004,0.16416961130742053
2943.9,2328.272,24.236,64.38,70.74,,2323.572,0.16424028268551233
2944.0,2328.273,23.974,63.34,69.7,,2323.5730000000003,0.15689045936395762
2944.1,2328.274,24.271,62.78,69.66,,2323.574,0.15660777385159008
2944.2,2328.275,24.456,63.53,69.05,,2323.5750000000003,0.15229681978798584
2944.3,2328.276,25.082,63.72,68.76,,2323.576,0.15024734982332158
2944.4,2328.277,26.031,63.68,68.5,,2323.577,0.14840989399293286
2944.5,2328.279,26.493,64.42,68.38,,2323.579,0.14756183745583035
2944.6,2328.28,27.327,65.37,68.35,,2323.5800000000004,0.14734982332155472
2944.7,2328.281,27.743,65.59,68.49,,2323.581,0.14833922261484095
2944.8,2328.282,28.512,65.81,68.71,,2323.5820000000003,0.14989399293286215
2944.9,2328.283,28.707,65.81,68.97,,2323.583,0.15173144876325087
2945.0,2328.284,29.124,66.29,69.63,,2323.5840000000003,0.15639575971731445
2945.1,2328.285,29.136,65.22,69.38,,2323.585,0.15462897526501765
2945.2,2328.286,29.503,64.14,69.64,,2323.5860000000002,0.15646643109540637
2945.3,2328.287,29.795,63.66,69.42,,2323.587,0.15491166077738516
2945.4,2328.288,30.057,63.18,69.21,,2323.588,0.1534275618374558
2945.5,2328.289,29.99,62.37,68.44,,2323.5890000000004,0.1479858657243816
2945.6,2328.29,29.888,61.75,67.75,,2323.59,0.1431095406360424
2945.7,2328.291,29.702,61.55,67.6,,2323.5910000000003,0.14204946996466428
2945.8,2328.292,28.079,60.95,67.44,,2323.592,0.14091872791519433
2945.9,2328.293,27.367,61.51,67.3,,2323.5930000000003,0.1399293286219081
2946.0,2328.294,26.541,61.65,68.12,,2323.594,0.14572438162544174
2946.1,2328.295,26.282,62.08,68.42,,2323.5950000000003,0.1478445229681979
2946.2,2328.297,26.066,62.43,68.61,,2323.597,0.14918727915194346
2946.3,2328.298,26.217,62.66,68.86,,2323.598,0.15095406360424027
2946.4,2328.299,26.667,62.73,69.07,,2323.599,0.15243816254416956
2946.5,2328.3,27.609,62.61,69.12,,2323.6000000000004,0.15279151943462901
2946.6,2328.301,27.922,62.32,68.8,,2323.601,0.15053003533568904
2946.7,2328.302,28.417,61.87,68.57,,2323.6020000000003,0.14890459363957592
2946.8,2328.303,29.386,61.45,68.37,,2323.603,0.14749116607773854
2946.9,2328.304,29.218,59.61,68.16,,2323.6040000000003,0.14600706713780917
2947.0,2328.305,29.28,58.62,67.32,,2323.605,0.14007067137809182
2947.1,2328.306,28.905,58.19,66.91,,2323.606,0.13717314487632506
2947.2,2328.307,28.596,57.69,66.43,,2323.607,0.13378091872791525
2947.3,2328.308,28.279,57.26,66.32,,2323.608,0.13300353356890454
2947.4,2328.308,28.452,56.98,66.23,,2323.608,0.13236749116607777
2947.5,2328.309,28.055,56.88,65.99,,2323.6090000000004,0.13067137809187276
2947.6,2328.31,27.841,58.79,66.03,,2323.61,0.13095406360424028
2947.7,2328.311,27.163,59.77,66.71,,2323.6110000000003,0.13575971731448758
2947.8,2328.312,26.574,60.44,66.83,,2323.612,0.1366077738515901
2947.9,2328.313,26.334,61.62,66.99,,2323.6130000000003,0.13773851590106004
2948.0,2328.314,25.024,62.61,67.82,,2323.614,0.14360424028268545
2948.1,2328.315,23.993,62.33,68.51,,2323.6150000000002,0.14848056537102478
2948.2,2328.316,23.179,61.8,68.74,,2323.616,0.15010600706713778
2948.3,2328.316,21.191,61.27,69.08,,2323.616,0.15250883392226147
2948.4,2328.317,18.489,60.8,69.14,,2323.617,0.15293286219081273
2948.5,2328.318,16.372,58.21,69.0,,2323.6180000000004,0.1519434628975265
2948.6,2328.319,13.633,55.2,68.66,,2323.619,0.1495406360424028
2948.7,2328.32,12.042,51.44,68.43,,2323.6200000000003,0.1479151943462898
2948.8,2328.32,10.438,50.14,67.91,,2323.6200000000003,0.14424028268551234
2948.9,2328.321,9.469,46.35,67.61,,2323.621,0.1421201413427562
2949.0,2328.322,9.39,42.38,67.22,,2323.6220000000003,0.13936395759717313
2949.1,2328.323,9.417,38.98,67.12,,2323.623,0.13865724381625444
2949.2,2328.323,9.465,39.55,67.12,,2323.623,0.13865724381625444
2949.3,2328.324,10.157,39.87,66.66,,2323.6240000000003,0.13540636042402823
2949.4,2328.325,11.883,40.94,67.68,,2323.625,0.14261484098939933
2949.5,2328.325,13.916,48.24,67.95,,2323.625,0.14452296819787988
2949.6,2328.326,17.415,50.47,68.56,,2323.626,0.14883392226148412
2949.7,2328.327,20.295,54.37,68.88,,2323.6270000000004,0.15109540636042398
2949.8,2328.327,24.307,56.1,69.94,,2323.6270000000004,0.15858657243816252
2949.9,2328.328,26.175,61.81,70.04,,2323.628,0.15929328621908131
2950.0,2328.329,26.333,62.38,70.09,,2323.6290000000004,0.15964664310954066
2950.1,2328.329,25.577,61.91,70.17,,2323.6290000000004,0.16021201413427563
2950.2,2328.33,25.309,62.56,71.4,,2323.63,0.16890459363957602
2950.3,2328.331,25.158,62.19,71.66,,2323.6310000000003,0.17074204946996463
2950.4,2328.331,24.568,61.65,71.96,,2323.6310000000003,0.1728621908127208
2950.5,2328.332,24.427,60.89,72.73,,2323.632,0.17830388692579507
2950.6,2328.332,24.987,61.06,73.94,,2323.632,0.18685512367491164
2950.7,2328.333,25.98,61.01,73.98,,2323.6330000000003,0.18713780918727918
2950.8,2328.333,26.472,60.41,74.33,,2323.6330000000003,0.1896113074204947
2950.9,2328.334,26.794,60.16,75.13,,2323.634,0.1952650176678445
2951.0,2328.335,27.235,60.38,75.53,,2323.635,0.19809187279151944
2951.1,2328.335,27.79,60.49,75.81,,2323.635,0.2000706713780919
2951.2,2328.336,27.645,59.88,76.07,,2323.636,0.2019081272084805
2951.3,2328.336,27.495,59.71,76.2,,2323.636,0.20282685512367493
2951.4,2328.337,27.115,60.19,76.85,,2323.637,0.2074204946996466
2951.5,2328.337,26.872,61.31,76.42,,2323.637,0.20438162544169614
2951.6,2328.337,26.166,61.42,75.92,,2323.637,0.2008480565371025
2951.7,2328.338,26.492,62.06,75.79,,2323.6380000000004,0.19992932862190818
2951.8,2328.338,26.817,63.72,76.17,,2323.6380000000004,0.2026148409893993
2951.9,2328.339,27.581,63.09,75.81,,2323.639,0.2000706713780919
2952.0,2328.339,27.205,62.87,76.7,,2323.639,0.20636042402826857
2952.1,2328.34,27.269,62.0,77.5,,2323.6400000000003,0.21201413427561838
2952.2,2328.34,26.823,61.58,78.07,,2323.6400000000003,0.21604240282685508
2952.3,2328.34,25.89,60.1,78.16,,2323.6400000000003,0.21667844522968197
2952.4,2328.341,25.226,58.49,78.24,,2323.641,0.21724381625441694
2952.5,2328.341,24.653,57.52,78.58,,2323.641,0.21964664310954063
2952.6,2328.342,24.918,57.63,78.28,,2323.6420000000003,0.21752650176678445
2952.7,2328.342,24.003,56.91,77.58,,2323.6420000000003,0.21257950530035336
2952.8,2328.342,23.582,57.54,77.28,,2323.6420000000003,0.21045936395759718
2952.9,2328.342,23.81,57.7,77.24,,2323.6420000000003,0.21017667844522964
2953.0,2328.343,20.15,58.86,76.49,,2323.643,0.2048763250883392
2953.1,2328.343,18.821,59.66,76.47,,2323.643,0.20473498233215548
2953.2,2328.343,18.381,60.37,75.67,,2323.643,0.19908127208480567
2953.3,2328.344,17.575,60.98,75.78,,2323.6440000000002,0.19985865724381627
2953.4,2328.344,16.619,62.52,74.88,,2323.6440000000002,0.19349823321554768
2953.5,2328.344,16.31,62.15,74.43,,2323.6440000000002,0.19031802120141347
2953.6,2328.344,16.863,60.68,73.36,,2323.6440000000002,0.18275618374558303
2953.7,2328.345,17.526,59.05,72.71,,2323.645,0.17816254416961128
2953.8,2328.345,17.939,57.51,71.41,,2323.645,0.16897526501766783
2953.9,2328.345,17.715,56.54,71.18,,2323.645,0.16734982332155482
2954.0,2328.345,20.62,56.13,70.36,,2323.645,0.1615547703180212
2954.1,2328.345,20.636,58.38,71.41,,2323.645,0.16897526501766783
2954.2,2328.346,20.765,58.4,71.86,,2323.646,0.17215547703180212
2954.3,2328.346,21.686,59.16,72.39,,2323.646,0.17590106007067138
2954.4,2328.346,22.583,59.78,73.89,,2323.646,0.1865017667844523
2954.5,2328.346,23.747,60.6,74.38,,2323.646,0.18996466431095402
2954.6,2328.346,25.846,60.82,75.71,,2323.646,0.1993639575971731
2954.7,2328.346,27.622,61.58,75.66,,2323.646,0.19901060070671375
2954.8,2328.346,28.829,61.51,75.61,,2323.646,0.1986572438162544
2954.9,2328.347,29.912,61.94,75.57,,2323.6470000000004,0.19837455830388687
2955.0,2328.347,29.504,62.14,75.58,,2323.6470000000004,0.19844522968197878
2955.1,2328.347,28.767,62.52,75.58,,2323.6470000000004,0.19844522968197878
2955.2,2328.347,27.877,63.06,75.61,,2323.6470000000004,0.1986572438162544
2955.3,2328.347,26.838,63.58,75.63,,2323.6470000000004,0.19879858657243812
2955.4,2328.347,26.272,66.02,75.73,,2323.6470000000004,0.19950530035335692
2955.5,2328.347,25.662,66.15,75.43,,2323.6470000000004,0.19738515901060075
2955.6,2328.347,25.657,65.83,75.35,,2323.6470000000004,0.1968197879858657
2955.7,2328.347,25.797,64.84,75.82,,2323.6470000000004,0.2001413427561837
2955.8,2328.347,25.754,64.28,75.82,,2323.6470000000004,0.2001413427561837
2955.9,2328.347,26.472,64.51,75.82,,2323.6470000000004,0.2001413427561837
2956.0,2328.347,27.707,65.39,76.12,,2323.6470000000004,0.20226148409893996
2956.1,2328.347,28.321,64.76,76.48,,2323.6470000000004,0.20480565371024737
2956.2,2328.347,28.859,64.73,77.12,,2323.6470000000004,0.20932862190812723
2956.3,2328.347,29.081,65.31,77.31,,2323.6470000000004,0.2106713780918728
2956.4,2328.347,28.734,65.41,77.54,,2323.6470000000004,0.2122968197879859
2956.5,2328.347,28.047,65.7,79.33,,2323.6470000000004,0.22494699646643107
2956.6,2328.346,27.905,65.59,78.72,,2323.646,0.22063604240282686
2956.7,2328.346,27.132,64.5,78.6,,2323.646,0.21978798586572434
2956.8,2328.346,26.304,64.81,78.42,,2323.646,0.21851590106007068
2956.9,2328.346,25.69,63.46,76.97,,2323.646,0.20826855123674912
2957.0,2328.346,25.38,61.12,76.45,,2323.646,0.20459363957597176
2957.1,2328.346,24.908,60.38,75.83,,2323.646,0.2002120141342756
2957.2,2328.346,23.935,59.31,74.58,,2323.646,0.1913780918727915
2957.3,2328.345,23.501,59.08,74.14,,2323.645,0.18826855123674913
2957.4,2328.345,23.595,59.77,73.89,,2323.645,0.1865017667844523
2957.5,2328.345,23.807,61.69,73.38,,2323.645,0.18289752650176674
2957.6,2328.345,23.436,63.55,73.39,,2323.645,0.18296819787985866
2957.7,2328.345,23.266,66.09,74.78,,2323.645,0.192791519434629
2957.8,2328.344,23.927,66.8,75.13,,2323.6440000000002,0.1952650176678445
2957.9,2328.344,24.605,68.62,76.13,,2323.6440000000002,0.20233215547703176
2958.0,2328.344,25.033,67.97,76.23,,2323.6440000000002,0.20303886925795056
2958.1,2328.344,25.441,67.93,76.5,,2323.6440000000002,0.2049469964664311
2958.2,2328.343,25.965,67.13,75.32,,2323.643,0.19660777385159006
2958.3,2328.343,26.109,66.67,74.79,,2323.643,0.19286219081272088
2958.4,2328.343,25.981,65.15,74.9,,2323.643,0.19363957597173148
2958.5,2328.342,25.675,63.82,74.37,,2323.6420000000003,0.18989399293286222
2958.6,2328.342,24.887,63.78,74.74,,2323.6420000000003,0.19250883392226145
2958.7,2328.342,24.424,63.46,73.91,,2323.6420000000003,0.186643109540636
2958.8,2328.341,24.374,62.91,75.03,,2323.641,0.1945583038869258
2958.9,2328.341,24.302,62.15,75.86,,2323.641,0.20042402826855124
2959.0,2328.341,24.132,62.07,76.28,,2323.641,0.2033922261484099
2959.1,2328.34,24.289,61.42,76.53,,2323.6400000000003,0.2051590106007067
2959.2,2328.34,24.158,60.07,76.23,,2323.6400000000003,0.20303886925795056
2959.3,2328.34,13.064,59.12,75.51,,2323.6400000000003,0.19795053003533572
2959.4,2328.339,11.876,57.99,73.34,,2323.639,0.1826148409893993
2959.5,2328.339,10.533,57.98,72.79,,2323.639,0.17872791519434633
2959.6,2328.338,9.394,57.46,71.04,,2323.6380000000004,0.1663604240282686
2959.7,2328.338,8.392,57.63,71.77,,2323.6380000000004,0.17151943462897523
2959.8,2328.337,7.974,58.26,72.17,,2323.637,0.17434628975265018
2959.9,2328.337,9.007,59.35,73.47,,2323.637,0.18353356890459363
2960.0,2328.337,10.265,59.67,74.03,,2323.637,0.18749116607773852
2960.1,2328.336,11.389,59.92,75.38,,2323.636,0.19703180212014132
2960.2,2328.336,12.816,61.06,76.61,,2323.636,0.20572438162544168
2960.3,2328.335,25.35,61.42,77.38,,2323.635,0.21116607773851587
2960.4,2328.335,26.47,61.76,78.48,,2323.635,0.21893992932862194
2960.5,2328.334,27.037,61.51,79.36,,2323.634,0.2251590106007067
2960.6,2328.333,26.708,61.75,79.36,,2323.6330000000003,0.2251590106007067
2960.7,2328.333,26.391,61.73,79.23,,2323.6330000000003,0.22424028268551238
2960.8,2328.332,26.29,61.53,79.48,,2323.632,0.22600706713780921
2960.9,2328.332,26.267,61.85,78.14,,2323.632,0.21653710247349825
2961.0,2328.331,25.283,62.17,77.57,,2323.6310000000003,0.21250883392226144
2961.1,2328.331,24.254,62.44,76.02,,2323.6310000000003,0.2015547703180212
2961.2,2328.33,23.228,63.37,75.9,,2323.63,0.20070671378091876
2961.3,2328.329,22.01,63.89,75.2,,2323.6290000000004,0.19575971731448766
2961.4,2328.329,20.435,64.12,75.2,,2323.6290000000004,0.19575971731448766
2961.5,2328.328,18.134,64.71,75.2,,2323.628,0.19575971731448766
2961.6,2328.327,16.306,65.15,75.68,,2323.6270000000004,0.19915194346289758
2961.7,2328.327,15.268,64.95,75.83,,2323.6270000000004,0.2002120141342756
2961.8,2328.326,14.299,64.91,76.56,,2323.626,0.20537102473498234
2961.9,2328.325,13.697,65.05,76.97,,2323.625,0.20826855123674912
2962.0,2328.325,13.448,65.11,77.05,,2323.625,0.2088339222614841
2962.1,2328.324,13.487,64.87,77.32,,2323.6240000000003,0.2107420494699646
2962.2,2328.323,14.089,64.23,77.27,,2323.623,0.21038869257950527
2962.3,2328.323,14.811,65.0,77.08,,2323.623,0.20904593639575972
2962.4,2328.322,15.12,64.65,76.75,,2323.6220000000003,0.2067137809187279
2962.5,2328.321,15.572,64.51,76.85,,2323.621,0.2074204946996466
2962.6,2328.32,16.374,65.14,76.6,,2323.6200000000003,0.2056537102473498
2962.7,2328.32,16.62,65.44,77.0,,2323.6200000000003,0.20848056537102475
2962.8,2328.319,16.969,65.46,76.96,,2323.619,0.2081978798586572
2962.9,2328.318,16.729,65.78,77.9,,2323.6180000000004,0.21484098939929333
2963.0,2328.317,16.604,66.55,78.67,,2323.617,0.22028268551236752
2963.1,2328.316,16.846,66.75,78.86,,2323.616,0.22162544169611306
2963.2,2328.315,16.897,65.2,79.0,,2323.6150000000002,0.2226148409893993
2963.3,2328.315,16.499,64.56,79.74,,2323.6150000000002,0.22784452296819785
2963.4,2328.314,16.253,63.95,79.69,,2323.614,0.2274911660777385
2963.5,2328.313,16.175,62.13,79.66,,2323.6130000000003,0.22727915194346288
2963.6,2328.312,15.432,60.52,79.6,,2323.612,0.22685512367491162
2963.7,2328.311,14.879,60.09,79.54,,2323.6110000000003,0.22643109540636047
2963.8,2328.31,14.008,58.88,78.8,,2323.61,0.2212014134275618
2963.9,2328.309,13.463,58.64,78.47,,2323.6090000000004,0.21886925795053003
2964.0,2328.308,13.128,60.59,77.81,,2323.608,0.21420494699646644
2964.1,2328.307,12.898,60.97,77.57,,2323.607,0.21250883392226144
2964.2,2328.307,13.105,62.76,77.45,,2323.607,0.21166077738515904
2964.3,2328.306,13.154,63.84,77.26,,2323.606,0.21031802120141346
2964.4,2328.305,13.326,65.21,77.16,,2323.605,0.20961130742049466
2964.5,2328.304,13.602,66.15,77.11,,2323.6040000000003,0.20925795053003532
2964.6,2328.303,14.13,65.95,77.12,,2323.603,0.20932862190812723
2964.7,2328.302,14.126,65.72,77.3,,2323.6020000000003,0.2106007067137809
2964.8,2328.301,14.371,65.54,77.27,,2323.601,0.21038869257950527
2964.9,2328.3,14.101,65.2,77.08,,2323.6000000000004,0.20904593639575972
2965.0,2328.299,13.801,64.37,77.04,,2323.599,0.20876325088339226
2965.1,2328.298,13.705,64.2,76.88,,2323.598,0.20763250883392223
2965.2,2328.296,13.625,63.45,75.39,,2323.596,0.19710247349823323
2965.3,2328.295,14.026,63.16,75.07,,2323.5950000000003,0.19484098939929323
2965.4,2328.294,14.408,62.29,74.27,,2323.594,0.18918727915194344
2965.5,2328.293,13.969,62.68,73.68,,2323.5930000000003,0.185017667844523
2965.6,2328.292,14.32,62.72,73.74,,2323.592,0.18544169611307418
2965.7,2328.291,14.838,62.83,73.93,,2323.5910000000003,0.18678445229681984
2965.8,2328.29,14.378,62.93,74.27,,2323.59,0.18918727915194344
2965.9,2328.289,13.958,63.25,74.49,,2323.5890000000004,0.19074204946996462
2966.0,2328.288,13.102,63.25,74.61,,2323.588,0.19159010600706713
2966.1,2328.286,13.023,63.01,75.28,,2323.5860000000002,0.19632508833922263
2966.2,2328.285,12.845,63.26,76.03,,2323.585,0.20162544169611307
2966.3,2328.284,12.21,62.92,76.65,,2323.5840000000003,0.20600706713780922
2966.4,2328.283,11.987,62.86,76.86,,2323.583,0.20749116607773851
2966.5,2328.282,12.549,62.1,76.88,,2323.5820000000003,0.20763250883392223
2966.6,2328.281,10.503,61.22,77.1,,2323.581,0.20918727915194343
2966.7,2328.279,10.332,61.14,77.01,,2323.579,0.20855123674911663
2966.8,2328.278,9.941,61.38,76.86,,2323.578,0.20749116607773851
2966.9,2328.277,9.795,61.82,76.62,,2323.577,0.2057950530035336
2967.0,2328.276,9.735,61.78,76.64,,2323.576,0.2059363957597173
2967.1,2328.274,10.133,62.07,76.2,,2323.574,0.20282685512367493
2967.2,2328.273,11.301,62.55,76.24,,2323.5730000000003,0.20310954063604236
2967.3,2328.272,12.38,62.66,76.03,,2323.572,0.20162544169611307
2967.4,2328.27,13.845,62.52,76.59,,2323.57,0.20558303886925797
2967.5,2328.269,15.633,62.36,76.89,,2323.569,0.20770318021201414
2967.6,2328.268,22.268,62.65,76.94,,2323.568,0.2080565371024735
2967.7,2328.266,22.866,62.55,77.16,,2323.5660000000003,0.20961130742049466
2967.8,2328.265,23.653,62.95,77.43,,2323.565,0.21151943462897532
2967.9,2328.264,24.219,62.83,77.92,,2323.5640000000003,0.21498233215547705
2968.0,2328.262,25.053,62.96,78.16,,2323.5620000000004,0.21667844522968197
2968.1,2328.261,25.179,63.65,79.85,,2323.561,0.22862190812720845
2968.2,2328.26,25.406,63.64,79.55,,2323.5600000000004,0.22650176678445227
2968.3,2328.258,24.623,64.09,79.48,,2323.558,0.22600706713780921
2968.4,2328.257,24.342,63.17,78.24,,2323.5570000000002,0.21724381625441694
2968.5,2328.255,24.438,62.53,78.02,,2323.5550000000003,0.21568904593639573
2968.6,2328.254,23.701,61.89,77.82,,2323.554,0.21427561837455825
2968.7,2328.253,22.426,61.01,77.15,,2323.5530000000003,0.20954063604240286
2968.8,2328.251,20.677,59.48,76.74,,2323.5510000000004,0.206643109540636
2968.9,2328.25,19.539,60.1,76.1,,2323.55,0.20212014134275613
2969.0,2328.248,18.64,60.95,76.04,,2323.5480000000002,0.20169611307420499
2969.1,2328.247,17.894,61.41,75.74,,2323.547,0.19957597173144873
2969.2,2328.245,16.957,62.31,75.11,,2323.545,0.19512367491166077
2969.3,2328.244,16.884,62.67,75.1,,2323.5440000000003,0.19505300353356886
2969.4,2328.242,17.022,63.62,75.14,,2323.5420000000004,0.1953356890459364
2969.5,2328.241,16.852,63.47,75.05,,2323.541,0.19469964664310951
2969.6,2328.239,17.36,63.43,75.05,,2323.539,0.19469964664310951
2969.7,2328.237,17.473,63.37,74.98,,2323.5370000000003,0.19420494699646645
2969.8,2328.236,18.02,62.89,75.07,,2323.536,0.19484098939929323
2969.9,2328.234,18.262,62.51,75.07,,2323.534,0.19484098939929323
2970.0,2328.233,18.162,62.64,75.07,,2323.5330000000004,0.19484098939929323
2970.1,2328.231,17.906,62.3,75.16,,2323.5310000000004,0.19547703180212012
2970.2,2328.23,17.46,62.85,75.19,,2323.53,0.19568904593639574
2970.3,2328.228,17.897,63.81,75.16,,2323.5280000000002,0.19547703180212012
2970.4,2328.226,18.268,64.05,75.15,,2323.5260000000003,0.1954063604240283
2970.5,2328.225,18.444,64.58,75.2,,2323.525,0.19575971731448766
2970.6,2328.223,18.444,65.26,75.21,,2323.523,0.19583038869257946
2970.7,2328.221,18.733,65.24,75.19,,2323.521,0.19568904593639574
2970.8,2328.22,18.709,65.64,75.19,,2323.52,0.19568904593639574
2970.9,2328.218,18.521,65.63,75.22,,2323.518,0.19590106007067137
2971.0,2328.216,17.97,65.78,75.24,,2323.516,0.1960424028268551
2971.1,2328.215,17.078,65.62,75.12,,2323.5150000000003,0.19519434628975268
2971.2,2328.213,16.41,64.54,75.09,,2323.5130000000004,0.19498233215547706
2971.3,2328.211,15.722,63.28,75.05,,2323.511,0.19469964664310951
2971.4,2328.209,15.057,63.02,75.58,,2323.509,0.19844522968197878
2971.5,2328.208,14.478,62.6,75.64,,2323.5080000000003,0.19886925795053004
2971.6,2328.206,13.93,61.47,75.92,,2323.5060000000003,0.2008480565371025
2971.7,2328.204,13.975,61.16,76.14,,2323.5040000000004,0.20240282685512367
2971.8,2328.202,13.985,61.39,76.59,,2323.5020000000004,0.20558303886925797
2971.9,2328.2,13.872,60.48,76.52,,2323.5,0.20508833922261482
2972.0,2328.199,14.129,60.54,76.35,,2323.4990000000003,0.20388692579505296
2972.1,2328.197,14.755,60.62,76.17,,2323.4970000000003,0.2026148409893993
2972.2,2328.195,15.133,60.68,76.0,,2323.4950000000003,0.20141342756183744
2972.3,2328.193,15.309,60.88,75.85,,2323.4930000000004,0.20035335689045933
2972.4,2328.191,15.818,61.03,74.46,,2323.491,0.190530035335689
2972.5,2328.189,16.333,60.98,74.22,,2323.489,0.1888339222614841
2972.6,2328.187,16.427,60.99,73.57,,2323.487,0.18424028268551232
2972.7,2328.186,15.773,60.74,73.12,,2323.4860000000003,0.18106007067137814
2972.8,2328.184,15.323,60.67,72.8,,2323.4840000000004,0.17879858657243813
2972.9,2328.182,14.493,61.17,72.59,,2323.482,0.17731448763250887
2973.0,2328.18,12.095,60.99,72.75,,2323.48,0.1784452296819788
2973.1,2328.178,10.867,61.13,72.72,,2323.478,0.17823321554770316
2973.2,2328.176,10.265,61.14,73.32,,2323.476,0.1824734982332155
2973.3,2328.174,9.597,61.51,73.55,,2323.474,0.1840989399293286
2973.4,2328.172,8.881,61.71,74.4,,2323.472,0.19010600706713784
2973.5,2328.17,8.893,61.62,74.59,,2323.4700000000003,0.19144876325088342
2973.6,2328.168,9.535,61.67,75.17,,2323.4680000000003,0.19554770318021203
2973.7,2328.166,10.255,61.98,75.23,,2323.4660000000003,0.1959717314487633
2973.8,2328.164,11.024,61.97,75.23,,2323.4640000000004,0.1959717314487633
2973.9,2328.162,12.295,61.42,75.27,,2323.462,0.19625441696113072
2974.0,2328.16,14.506,61.5,75.26,,2323.46,0.19618374558303892
2974.1,2328.158,15.276,61.52,75.22,,2323.458,0.19590106007067137
2974.2,2328.156,15.633,61.14,75.18,,2323.456,0.19561837455830394
2974.3,2328.154,15.645,60.52,75.14,,2323.454,0.1953356890459364
2974.4,2328.152,15.481,59.56,75.06,,2323.452,0.19477031802120143
2974.5,2328.15,15.28,59.06,75.07,,2323.4500000000003,0.19484098939929323
2974.6,2328.148,14.98,58.34,75.04,,2323.4480000000003,0.1946289752650177
2974.7,2328.146,14.826,57.99,75.1,,2323.4460000000004,0.19505300353356886
2974.8,2328.144,14.396,57.29,75.13,,2323.444,0.1952650176678445
2974.9,2328.142,13.982,57.68,75.15,,2323.442,0.1954063604240283
2975.0,2328.14,13.807,57.74,75.17,,2323.44,0.19554770318021203
2975.1,2328.138,13.529,57.86,75.29,,2323.438,0.19639575971731454
2975.2,2328.136,12.836,58.32,75.31,,2323.436,0.19653710247349826
2975.3,2328.134,12.553,59.34,75.38,,2323.434,0.19703180212014132
2975.4,2328.132,12.273,59.76,75.46,,2323.4320000000002,0.1975971731448763
2975.5,2328.13,12.035,59.89,75.53,,2323.4300000000003,0.19809187279151944
2975.6,2328.128,12.037,59.84,75.37,,2323.4280000000003,0.1969611307420495
2975.7,2328.126,12.052,60.04,75.34,,2323.4260000000004,0.1967491166077739
2975.8,2328.124,12.632,59.79,75.32,,2323.424,0.19660777385159006
2975.9,2328.122,13.206,59.69,75.26,,2323.422,0.19618374558303892
2976.0,2328.12,13.81,60.49,75.18,,2323.42,0.19561837455830394
2976.1,2328.118,14.756,60.92,75.11,,2323.418,0.19512367491166077
2976.2,2328.116,15.737,61.5,75.79,,2323.416,0.19992932862190818
2976.3,2328.114,16.598,61.52,75.99,,2323.414,0.20134275618374556
2976.4,2328.112,17.033,62.09,77.0,,2323.4120000000003,0.20848056537102475
2976.5,2328.11,17.463,62.48,77.84,,2323.4100000000003,0.21441696113074207
2976.6,2328.108,17.48,62.07,78.72,,2323.4080000000004,0.22063604240282686
2976.7,2328.106,17.898,61.32,79.01,,2323.4060000000004,0.2226855123674912
2976.8,2328.104,18.213,61.2,79.61,,2323.404,0.22692579505300353
2976.9,2328.102,18.118,60.94,79.66,,2323.402,0.22727915194346288
2977.0,2328.1,18.327,58.83,79.7,,2323.4,0.22756183745583042
2977.1,2328.098,18.069,58.03,79.02,,2323.398,0.222756183745583
2977.2,2328.096,17.571,57.09,78.78,,2323.396,0.2210600706713781
2977.3,2328.094,16.25,57.35,78.59,,2323.3940000000002,0.21971731448763254
2977.4,2328.092,15.626,57.12,78.13,,2323.3920000000003,0.21646643109540634
2977.5,2328.09,14.657,56.82,77.07,,2323.3900000000003,0.2089752650176678
2977.6,2328.088,14.037,56.91,77.07,,2323.3880000000004,0.2089752650176678
2977.7,2328.086,13.455,57.42,76.52,,2323.386,0.20508833922261482
2977.8,2328.084,13.242,57.4,76.54,,2323.384,0.20522968197879862
2977.9,2328.082,13.279,56.79,76.29,,2323.382,0.20346289752650182
2978.0,2328.081,13.286,58.08,75.94,,2323.3810000000003,0.20098939929328621
2978.1,2328.079,13.687,58.33,75.75,,2323.3790000000004,0.19964664310954064
2978.2,2328.077,14.399,59.44,75.54,,2323.3770000000004,0.19816254416961135
2978.3,2328.075,15.091,59.46,74.97,,2323.375,0.19413427561837454
2978.4,2328.073,15.332,60.18,74.96,,2323.373,0.19406360424028263
2978.5,2328.071,15.796,60.99,74.92,,2323.371,0.1937809187279152
2978.6,2328.069,15.995,61.92,74.92,,2323.369,0.1937809187279152
2978.7,2328.067,15.875,62.16,74.97,,2323.367,0.19413427561837454
2978.8,2328.065,15.367,61.46,74.98,,2323.3650000000002,0.19420494699646645
2978.9,2328.063,15.438,62.03,75.03,,2323.3630000000003,0.1945583038869258
2979.0,2328.061,15.322,61.28,75.07,,2323.3610000000003,0.19484098939929323
2979.1,2328.059,15.158,60.6,75.16,,2323.3590000000004,0.19547703180212012
2979.2,2328.058,14.615,59.48,75.23,,2323.358,0.1959717314487633
2979.3,2328.056,14.728,58.81,75.28,,2323.356,0.19632508833922263
2979.4,2328.054,14.424,58.32,75.21,,2323.3540000000003,0.19583038869257946
2979.5,2328.052,13.99,58.44,75.23,,2323.3520000000003,0.1959717314487633
2979.6,2328.05,13.305,58.31,75.15,,2323.3500000000004,0.1954063604240283
2979.7,2328.048,12.833,58.35,75.04,,2323.348,0.1946289752650177
2979.8,2328.046,12.697,58.7,75.03,,2323.346,0.1945583038869258
2979.9,2328.044,12.513,59.15,74.96,,2323.344,0.19406360424028263
2980.0,2328.042,12.53,59.49,75.04,,2323.342,0.1946289752650177
2980.1,2328.041,12.431,60.33,75.04,,2323.3410000000003,0.1946289752650177
2980.2,2328.039,12.717,61.51,75.12,,2323.3390000000004,0.19519434628975268
2980.3,2328.037,11.128,62.45,75.16,,2323.337,0.19547703180212012
2980.4,2328.035,11.316,63.46,75.21,,2323.335,0.19583038869257946
2980.5,2328.033,11.229,63.75,75.21,,2323.333,0.19583038869257946
2980.6,2328.031,11.098,63.99,75.94,,2323.331,0.20098939929328621
2980.7,2328.029,10.868,64.2,76.53,,2323.329,0.2051590106007067
2980.8,2328.028,11.803,63.28,76.93,,2323.328,0.20798586572438169
2980.9,2328.026,12.682,62.83,77.33,,2323.326,0.21081272084805652
2981.0,2328.024,13.872,62.52,78.11,,2323.324,0.21632508833922262
2981.1,2328.022,15.181,61.38,78.65,,2323.322,0.22014134275618377
2981.2,2328.02,16.115,59.63,78.8,,2323.32,0.2212014134275618
2981.3,2328.018,19.78,59.67,78.3,,2323.318,0.21766784452296817
2981.4,2328.016,19.747,61.4,78.07,,2323.3160000000003,0.21604240282685508
2981.5,2328.015,19.656,61.61,77.81,,2323.315,0.21420494699646644
2981.6,2328.013,19.719,62.05,77.15,,2323.313,0.20954063604240286
2981.7,2328.011,19.764,62.55,76.55,,2323.311,0.20530035335689045
2981.8,2328.009,19.464,63.24,76.34,,2323.309,0.20381625441696116
2981.9,2328.007,20.016,63.28,76.19,,2323.3070000000002,0.20275618374558302
2982.0,2328.006,19.818,62.77,76.11,,2323.306,0.20219081272084805
2982.1,2328.004,19.855,62.87,75.76,,2323.304,0.19971731448763255
2982.2,2328.002,20.021,61.52,75.66,,2323.302,0.19901060070671375
2982.3,2328.0,20.073,61.07,75.54,,2323.3,0.19816254416961135
2982.4,2327.998,20.261,59.22,75.42,,2323.2980000000002,0.19731448763250883
2982.5,2327.996,20.114,58.45,75.33,,2323.2960000000003,0.19667844522968198
2982.6,2327.995,19.825,58.18,74.9,,2323.295,0.19363957597173148
2982.7,2327.993,19.749,58.16,74.87,,2323.293,0.19342756183745585
2982.8,2327.991,19.635,57.87,74.84,,2323.291,0.19321554770318022
2982.9,2327.989,19.387,58.04,74.83,,2323.289,0.19314487632508834
2983.0,2327.987,19.477,58.89,74.82,,2323.2870000000003,0.19307420494699642
2983.1,2327.986,19.456,60.23,74.88,,2323.286,0.19349823321554768
2983.2,2327.984,19.696,61.06,74.89,,2323.284,0.19356890459363957
2983.3,2327.982,20.105,61.44,74.91,,2323.282,0.1937102473498233
2983.4,2327.98,19.929,62.83,75.48,,2323.28,0.1977385159010601
2983.5,2327.979,20.647,63.95,75.52,,2323.279,0.19802120141342752
2983.6,2327.977,20.647,64.39,75.72,,2323.277,0.199434628975265
2983.7,2327.975,20.604,65.32,76.0,,2323.275,0.20141342756183744
2983.8,2327.973,20.784,66.78,76.39,,2323.273,0.2041696113074205
2983.9,2327.971,20.43,67.43,76.06,,2323.271,0.2018374558303887
2984.0,2327.97,20.125,68.4,75.86,,2323.27,0.20042402826855124
2984.1,2327.968,19.768,68.86,75.73,,2323.268,0.19950530035335692
2984.2,2327.966,19.426,69.01,75.71,,2323.266,0.1993639575971731
2984.3,2327.964,19.155,68.69,75.38,,2323.264,0.19703180212014132
2984.4,2327.963,19.085,67.83,74.8,,2323.2630000000004,0.1929328621908127
2984.5,2327.961,18.521,67.37,74.82,,2323.261,0.19307420494699642
2984.6,2327.959,18.479,66.88,74.78,,2323.259,0.192791519434629
2984.7,2327.957,18.379,65.58,74.75,,2323.257,0.19257950530035337
2984.8,2327.956,18.028,65.11,74.76,,2323.2560000000003,0.19265017667844528
2984.9,2327.954,17.888,63.72,73.92,,2323.2540000000004,0.18671378091872792
2985.0,2327.952,17.854,63.58,72.82,,2323.2520000000004,0.17893992932862185
2985.1,2327.95,17.854,63.26,71.86,,2323.25,0.17215547703180212
2985.2,2327.949,17.864,63.13,71.48,,2323.2490000000003,0.169469964664311
2985.3,2327.947,17.473,60.47,70.58,,2323.2470000000003,0.16310954063604238
2985.4,2327.945,17.706,59.57,69.86,,2323.2450000000003,0.15802120141342757
2985.5,2327.944,16.307,59.21,69.61,,2323.244,0.15625441696113074
2985.6,2327.942,15.837,58.29,69.44,,2323.242,0.15505300353356888
2985.7,2327.94,15.377,53.14,69.01,,2323.2400000000002,0.1520141342756184
2985.8,2327.938,14.178,50.17,68.79,,2323.2380000000003,0.1504593639575972
2985.9,2327.937,13.283,48.59,68.51,,2323.237,0.14848056537102478
2986.0,2327.935,12.826,47.47,68.19,,2323.235,0.1462190812720848
2986.1,2327.933,12.618,44.75,67.92,,2323.233,0.14431095406360425
2986.2,2327.932,12.392,46.1,68.09,,2323.232,0.1455123674911661
2986.3,2327.93,12.092,45.99,68.72,,2323.23,0.14996466431095407
2986.4,2327.928,12.208,46.84,69.22,,2323.228,0.1534982332155477
2986.5,2327.926,13.172,49.13,69.93,,2323.226,0.1585159010600707
2986.6,2327.925,12.981,50.4,69.51,,2323.2250000000004,0.15554770318021205
2986.7,2327.923,12.503,51.28,69.96,,2323.223,0.15872791519434626
2986.8,2327.921,12.49,53.06,69.85,,2323.221,0.15795053003533566
2986.9,2327.92,12.323,53.98,69.49,,2323.2200000000003,0.15540636042402822
2987.0,2327.918,11.625,53.19,68.28,,2323.2180000000003,0.14685512367491166
2987.1,2327.916,11.331,51.64,67.97,,2323.2160000000003,0.1446643109540636
2987.2,2327.915,11.303,50.05,67.84,,2323.215,0.14374558303886928
2987.3,2327.913,11.644,49.92,66.8,,2323.213,0.13639575971731446
2987.4,2327.911,11.986,52.66,67.63,,2323.2110000000002,0.1422614840989399
2987.5,2327.91,12.608,52.49,67.86,,2323.21,0.143886925795053
2987.6,2327.908,13.714,54.72,68.56,,2323.208,0.14883392226148412
2987.7,2327.906,14.701,57.87,68.94,,2323.206,0.15151943462897524
2987.8,2327.905,15.827,59.1,70.72,,2323.2050000000004,0.1640989399293286
2987.9,2327.903,16.618,59.38,71.13,,2323.203,0.16699646643109536
2988.0,2327.901,17.318,60.45,74.12,,2323.201,0.1881272084805654
2988.1,2327.9,17.898,62.59,74.68,,2323.2000000000003,0.1920848056537103
2988.2,2327.898,18.455,64.39,75.17,,2323.1980000000003,0.19554770318021203
2988.3,2327.896,19.078,64.93,76.41,,2323.1960000000004,0.20431095406360422
2988.4,2327.895,20.025,65.6,78.13,,2323.195,0.21646643109540634
2988.5,2327.893,19.959,66.35,78.5,,2323.193,0.21908127208480566
2988.6,2327.891,20.048,68.69,78.7,,2323.1910000000003,0.22049469964664312
2988.7,2327.89,20.052,71.79,78.93,,2323.19,0.22212014134275623
2988.8,2327.888,19.82,72.25,79.97,,2323.188,0.22946996466431094
2988.9,2327.887,19.342,72.66,79.97,,2323.1870000000004,0.22946996466431094
2989.0,2327.885,18.63,73.62,78.12,,2323.1850000000004,0.2163957597173145
2989.1,2327.883,18.362,74.12,77.59,,2323.183,0.21265017667844524
2989.2,2327.882,17.925,73.95,77.07,,2323.1820000000002,0.2089752650176678
2989.3,2327.88,17.626,73.47,73.18,,2323.1800000000003,0.18148409893992937
2989.4,2327.878,17.069,72.91,73.18,,2323.1780000000003,0.18148409893992937
2989.5,2327.877,16.539,71.1,71.83,,2323.177,0.1719434628975265
2989.6,2327.875,15.992,70.27,71.31,,2323.175,0.16826855123674914
2989.7,2327.874,15.859,65.72,70.84,,2323.174,0.16494699646643113
2989.8,2327.872,15.609,64.98,69.89,,2323.172,0.15823321554770317
2989.9,2327.87,15.071,64.39,69.49,,2323.17,0.15540636042402822
2990.0,2327.869,15.045,62.69,68.3,,2323.1690000000003,0.14699646643109537
2990.1,2327.867,15.06,63.89,68.09,,2323.1670000000004,0.1455123674911661
2990.2,2327.866,15.237,64.25,67.86,,2323.166,0.143886925795053
2990.3,2327.864,15.422,64.68,67.93,,2323.164,0.14438162544169617
2990.4,2327.862,15.678,65.14,68.18,,2323.1620000000003,0.14614840989399297
2990.5,2327.861,16.513,67.55,68.51,,2323.161,0.14848056537102478
2990.6,2327.859,16.787,67.96,68.55,124.38,2323.159,0.1487632508833922
2990.7,2327.858,16.805,67.65,68.78,124.38,2323.1580000000004,0.1503886925795053
2990.8,2327.856,16.223,68.22,69.29,124.38,2323.1560000000004,0.15399293286219085
2990.9,2327.855,15.64,68.21,68.03,121.18,2323.155,0.14508833922261485
2991.0,2327.853,14.531,65.97,67.66,121.18,2323.1530000000002,0.14247349823321553
2991.1,2327.851,13.89,64.93,67.34,120.94,2323.1510000000003,0.14021201413427564
2991.2,2327.85,12.911,64.01,65.83,118.39,2323.15,0.12954063604240282
2991.3,2327.848,12.087,61.54,64.45,117.47,2323.148,0.11978798586572441
2991.4,2327.847,11.208,60.12,64.04,116.8,2323.1470000000004,0.11689045936395764
2991.5,2327.845,10.703,57.88,63.55,116.18,2323.145,0.11342756183745581
2991.6,2327.844,10.214,54.85,61.97,113.4,2323.1440000000002,0.10226148409893993
2991.7,2327.842,9.865,52.73,60.33,110.56,2323.1420000000003,0.09067137809187278
2991.8,2327.841,9.815,52.73,59.85,109.64,2323.141,0.0872791519434629
2991.9,2327.839,9.983,53.4,57.81,106.62,2323.139,0.07286219081272087
2992.0,2327.837,10.251,53.66,57.33,105.54,2323.137,0.06946996466431095
2992.1,2327.836,10.411,54.04,56.45,103.32,2323.136,0.06325088339222616
2992.2,2327.834,10.869,54.35,55.27,100.56,2323.134,0.05491166077738518
2992.3,2327.833,11.291,54.96,55.27,100.45,2323.1330000000003,0.05491166077738518
2992.4,2327.831,11.854,54.37,55.27,100.37,2323.1310000000003,0.05491166077738518
2992.5,2327.83,12.265,54.17,55.26,100.3,2323.13,0.05484098939929327
2992.6,2327.828,12.923,53.53,55.15,100.38,2323.128,0.05406360424028268
2992.7,2327.827,13.42,53.52,55.11,100.31,2323.1270000000004,0.05378091872791519
2992.8,2327.825,13.856,53.2,55.08,100.36,2323.125,0.05356890459363956
2992.9,2327.824,14.079,52.19,55.02,100.4,2323.1240000000003,0.05314487632508836
2993.0,2327.822,14.456,51.82,54.95,100.45,2323.1220000000003,0.05265017667844525
2993.1,2327.821,14.525,51.91,54.84,100.61,2323.121,0.051872791519434656
2993.2,2327.819,14.008,52.07,54.78,100.63,2323.119,0.0514487632508834
2993.3,2327.818,13.573,51.86,54.58,100.71,2323.1180000000004,0.050035335689045925
2993.4,2327.816,12.904,51.78,54.58,100.71,2323.116,0.050035335689045925
2993.5,2327.815,12.416,51.91,57.55,100.69,2323.1150000000002,0.07102473498233214
2993.6,2327.813,11.982,52.19,58.7,100.69,2323.1130000000003,0.07915194346289754
2993.7,2327.812,11.912,52.79,59.06,100.69,2323.112,0.08169611307420496
2993.8,2327.81,11.784,53.21,60.24,100.68,2323.11,0.09003533568904595
2993.9,2327.809,11.922,54.51,61.44,100.67,2323.1090000000004,0.09851590106007066
2994.0,2327.807,12.174,57.85,62.57,100.67,2323.107,0.10650176678445229
2994.1,2327.806,12.584,59.36,62.57,100.67,2323.106,0.10650176678445229
2994.2,2327.804,12.498,59.98,66.69,100.65,2323.1040000000003,0.13561837455830386
2994.3,2327.803,11.804,62.43,66.69,100.65,2323.103,0.13561837455830386
2994.4,2327.801,11.258,60.71,66.69,100.65,2323.101,0.13561837455830386
2994.5,2327.8,10.471,60.57,54.58,100.73,2323.1000000000004,0.050035335689045925
2994.6,2327.798,9.731,58.8,54.9,100.57,2323.098,0.05229681978798586
2994.7,2327.797,9.049,57.35,54.9,100.57,2323.097,0.05229681978798586
2994.8,2327.795,8.119,56.43,54.9,100.57,2323.0950000000003,0.05229681978798586
2994.9,2327.794,7.249,55.79,54.9,100.57,2323.094,0.05229681978798586
2995.0,2327.792,6.926,51.49,55.95,101.3,2323.092,0.05971731448763253
2995.1,2327.791,6.621,51.04,56.25,101.5,2323.0910000000003,0.061837455830388695
2995.2,2327.79,6.32,50.12,56.69,101.83,2323.09,0.06494699646643108
2995.3,2327.788,6.134,50.04,57.19,102.22,2323.088,0.06848056537102472
2995.4,2327.787,6.085,48.74,58.04,102.27,2323.087,0.07448763250883392
2995.5,2327.785,6.5,49.34,59.12,102.8,2323.085,0.08212014134275616
2995.6,2327.784,6.685,52.24,60.01,103.06,2323.0840000000003,0.08840989399293285
2995.7,2327.782,7.05,53.6,58.79,103.19,2323.0820000000003,0.07978798586572437
2995.8,2327.781,7.982,54.75,58.55,102.96,2323.081,0.07809187279151941
2995.9,2327.779,9.025,55.93,58.22,103.06,2323.079,0.07575971731448762
2996.0,2327.778,9.38,61.46,57.13,104.24,2323.078,0.06805653710247352
2996.1,2327.777,9.853,62.31,56.75,104.73,2323.077,0.06537102473498234
2996.2,2327.775,10.22,63.75,56.68,105.18,2323.0750000000003,0.06487632508833922
2996.3,2327.774,10.121,65.22,56.68,105.69,2323.074,0.06487632508833922
2996.4,2327.772,10.285,65.31,55.25,107.43,2323.072,0.054770318021201414
2996.5,2327.771,10.167,62.94,55.25,107.6,2323.0710000000004,0.054770318021201414
2996.6,2327.769,10.358,62.78,58.11,106.91,2323.069,0.07498233215547703
2996.7,2327.768,10.582,62.7,60.56,107.17,2323.068,0.09229681978798589
2996.8,2327.767,10.756,62.56,60.56,106.79,2323.067,0.09229681978798589
2996.9,2327.765,11.554,62.47,62.19,106.16,2323.065,0.10381625441696112
2997.0,2327.764,12.136,62.41,62.19,105.23,2323.0640000000003,0.10381625441696112
2997.1,2327.762,12.659,62.45,62.6,105.25,2323.0620000000004,0.10671378091872792
2997.2,2327.761,13.314,62.31,64.07,105.28,2323.061,0.11710247349823316
2997.3,2327.76,13.789,62.37,64.54,105.3,2323.0600000000004,0.12042402826855128
2997.4,2327.758,14.215,62.66,64.89,105.31,2323.058,0.12289752650176679
2997.5,2327.757,14.336,64.18,65.92,104.35,2323.0570000000002,0.1301766784452297
2997.6,2327.755,14.619,64.41,67.16,104.03,2323.0550000000003,0.1389399293286219
2997.7,2327.754,14.8,64.93,67.35,103.62,2323.054,0.14028268551236744
2997.8,2327.753,14.671,63.8,67.58,103.14,2323.0530000000003,0.14190812720848056
2997.9,2327.751,14.538,63.97,68.43,102.68,2323.0510000000004,0.1479151943462898
2998.0,2327.75,14.58,63.24,68.48,102.83,2323.05,0.14826855123674915
2998.1,2327.749,13.692,61.76,68.52,103.12,2323.049,0.14855123674911658
2998.2,2327.747,12.463,60.45,67.43,103.38,2323.047,0.14084805653710253
2998.3,2327.746,11.504,60.12,67.23,103.8,2323.0460000000003,0.13943462897526504
2998.4,2327.744,10.046,57.9,66.77,104.23,2323.0440000000003,0.13618374558303883
2998.5,2327.743,9.272,58.37,65.86,104.95,2323.043,0.12975265017667845
2998.6,2327.742,8.483,58.85,65.43,105.02,2323.0420000000004,0.12671378091872795
2998.7,2327.74,8.056,59.18,65.19,105.0,2323.04,0.12501766784452295
2998.8,2327.739,7.858,59.88,65.25,105.01,2323.039,0.1254416961130742
2998.9,2327.738,7.887,59.88,65.32,105.0,2323.038,0.12593639575971727
2999.0,2327.736,8.311,60.08,65.56,105.07,2323.036,0.12763250883392227
2999.1,2327.735,9.077,60.13,65.81,105.06,2323.0350000000003,0.1293992932862191
2999.2,2327.734,9.996,60.18,66.77,105.12,2323.034,0.13618374558303883
2999.3,2327.732,11.137,60.8,66.75,104.97,2323.032,0.13604240282685512
2999.4,2327.731,12.899,61.31,67.06,104.97,2323.0310000000004,0.1382332155477032
2999.5,2327.73,14.002,61.55,66.85,104.92,2323.03,0.1367491166077738
2999.6,2327.728,15.303,62.18,67.03,104.68,2323.0280000000002,0.13802120141342758
2999.7,2327.727,16.76,62.81,66.81,104.64,2323.027,0.13646643109540638
2999.8,2327.726,18.346,62.91,66.89,104.64,2323.0260000000003,0.13703180212014135
2999.9,2327.724,19.657,63.47,66.43,104.5,2323.0240000000003,0.13378091872791525
3000.0,2327.723,20.883,64.0,66.58,104.5,2323.023,0.1348409893992933
3000.1,2327.722,21.618,64.24,66.5,104.5,2323.0220000000004,0.13427561837455831
3000.2,2327.72,22.981,64.48,66.42,104.5,2323.02,0.13371024734982334
3000.3,2327.719,23.03,64.7,66.53,,2323.0190000000002,0.13448763250883394
3000.4,2327.718,22.916,64.78,66.38,,2323.018,0.1334275618374558
3000.5,2327.716,22.901,64.72,66.45,,2323.016,0.13392226148409897
3000.6,2327.715,22.935,65.01,66.18,,2323.0150000000003,0.13201413427561842
3000.7,2327.714,22.406,65.18,66.26,,2323.014,0.1325795053003534
3000.8,2327.713,22.096,65.17,66.34,,2323.0130000000004,0.13314487632508837
3000.9,2327.711,22.23,65.08,67.6,,2323.011,0.14204946996466428
3001.0,2327.71,22.723,65.86,67.69,,2323.01,0.14268551236749116
3001.1,2327.709,23.187,66.38,67.97,,2323.009,0.1446643109540636
3001.2,2327.707,23.144,66.59,67.71,,2323.007,0.14282685512367488
3001.3,2327.706,23.456,66.39,67.84,,2323.0060000000003,0.14374558303886928
3001.4,2327.705,23.664,66.39,67.75,,2323.005,0.1431095406360424
3001.5,2327.704,23.602,66.47,68.18,,2323.0040000000004,0.14614840989399297
3001.6,2327.702,23.409,66.2,67.97,,2323.0020000000004,0.1446643109540636
3001.7,2327.701,23.046,66.29,68.07,,2323.001,0.14537102473498228
3001.8,2327.7,23.152,66.36,68.34,,2323.0,0.14727915194346292
3001.9,2327.698,22.963,67.89,68.4,,2322.998,0.14770318021201417
3002.0,2327.697,23.046,68.35,68.77,,2322.9970000000003,0.1503180212014134
3002.1,2327.696,23.21,68.89,68.77,,2322.996,0.1503180212014134
3002.2,2327.695,23.484,70.64,65.44,,2322.9950000000003,0.12678445229681978
3002.3,2327.693,24.038,72.84,64.18,,2322.9930000000004,0.11787985865724386
3002.4,2327.692,24.13,73.61,62.87,,2322.992,0.10862190812720847
3002.5,2327.691,23.581,72.06,57.05,,2322.991,0.0674911660777385
3002.6,2327.69,23.0,71.91,57.05,,2322.9900000000002,0.0674911660777385
3002.7,2327.688,22.941,70.85,57.05,,2322.9880000000003,0.0674911660777385
3002.8,2327.687,22.458,70.03,57.05,,2322.987,0.0674911660777385
3002.9,2327.686,22.212,68.89,57.05,,2322.9860000000003,0.0674911660777385
3003.0,2327.685,22.096,69.0,56.23,,2322.985,0.061696113074204924
3003.1,2327.684,22.277,68.61,55.95,,2322.9840000000004,0.05971731448763253
3003.2,2327.682,22.734,67.38,55.19,,2322.982,0.05434628975265016
3003.3,2327.681,23.042,68.25,59.75,,2322.981,0.08657243816254417
3003.4,2327.68,23.072,68.94,60.08,,2322.98,0.08890459363957597
3003.5,2327.679,23.45,69.6,60.93,,2322.9790000000003,0.09491166077738515
3003.6,2327.677,23.563,68.66,67.53,,2322.9770000000003,0.14155477031802122
3003.7,2327.676,23.319,69.82,69.83,,2322.976,0.15780918727915194
3003.8,2327.675,22.92,69.24,71.75,,2322.9750000000004,0.17137809187279152
3003.9,2327.674,22.952,68.14,72.75,,2322.974,0.1784452296819788
3004.0,2327.673,22.909,66.35,78.86,,2322.973,0.22162544169611306
3004.1,2327.671,23.395,65.76,79.1,,2322.971,0.22332155477031798
3004.2,2327.67,23.503,65.74,79.2,,2322.9700000000003,0.22402826855123678
3004.3,2327.669,23.628,64.99,80.0,,2322.969,0.22968197879858657
3004.4,2327.668,23.911,64.49,80.0,,2322.9680000000003,0.22968197879858657
3004.5,2327.667,24.017,65.03,80.0,,2322.967,0.22968197879858657
3004.6,2327.666,24.148,66.22,78.67,,2322.9660000000003,0.22028268551236752
3004.7,2327.664,23.922,66.36,78.33,,2322.9640000000004,0.2178798586572438
3004.8,2327.663,23.545,66.89,78.0,,2322.963,0.21554770318021202
3004.9,2327.662,23.223,67.3,77.16,,2322.962,0.20961130742049466
3005.0,2327.661,23.312,67.35,76.29,,2322.9610000000002,0.20346289752650182
3005.1,2327.66,22.823,67.54,77.15,,2322.96,0.20954063604240286
3005.2,2327.659,22.629,68.47,77.24,,2322.9590000000003,0.21017667844522964
3005.3,2327.657,22.523,68.7,77.32,,2322.9570000000003,0.2107420494699646
3005.4,2327.656,22.872,68.82,77.28,,2322.956,0.21045936395759718
3005.5,2327.655,23.01,68.73,77.57,,2322.9550000000004,0.21250883392226144
3005.6,2327.654,22.976,68.76,77.91,,2322.954,0.21491166077738513
3005.7,2327.653,23.069,68.66,77.61,,2322.953,0.21279151943462898
3005.8,2327.652,23.157,67.08,77.27,,2322.952,0.21038869257950527
3005.9,2327.65,23.247,66.42,77.08,,2322.9500000000003,0.20904593639575972
3006.0,2327.649,23.125,65.82,77.04,,2322.949,0.20876325088339226
3006.1,2327.648,23.112,65.3,75.94,,2322.9480000000003,0.20098939929328621
3006.2,2327.647,23.247,63.86,74.94,,2322.947,0.1939222614840989
3006.3,2327.646,23.357,64.55,74.89,,2322.9460000000004,0.19356890459363957
3006.4,2327.645,23.267,64.84,74.53,,2322.945,0.19102473498233216
3006.5,2327.644,23.288,65.24,73.48,,2322.944,0.18360424028268554
3006.6,2327.643,23.594,67.28,72.98,,2322.943,0.1800706713780919
3006.7,2327.641,23.436,68.35,72.56,,2322.9410000000003,0.17710247349823324
3006.8,2327.64,23.478,69.65,72.09,,2322.94,0.1737809187279152
3006.9,2327.639,23.367,70.19,71.11,,2322.9390000000003,0.16685512367491165
3007.0,2327.638,23.07,70.46,71.08,,2322.938,0.16664310954063602
3007.1,2327.637,22.984,70.94,70.98,,2322.9370000000004,0.16593639575971733
3007.2,2327.636,22.778,70.0,70.81,,2322.936,0.1647349823321555
3007.3,2327.635,22.674,69.71,70.68,,2322.9350000000004,0.16381625441696118
3007.4,2327.634,22.532,69.35,70.68,,2322.934,0.16381625441696118
3007.5,2327.633,22.642,68.33,69.24,,2322.933,0.15363957597173142
3007.6,2327.632,22.271,66.76,68.99,,2322.9320000000002,0.15187279151943459
3007.7,2327.631,17.714,65.28,68.73,,2322.931,0.15003533568904595
3007.8,2327.629,16.548,63.88,66.99,,2322.929,0.13773851590106004
3007.9,2327.628,15.808,61.04,66.99,,2322.9280000000003,0.13773851590106004
3008.0,2327.627,15.021,60.42,66.92,,2322.927,0.13724381625441698
3008.1,2327.626,14.04,59.58,67.45,,2322.9260000000004,0.14098939929328624
3008.2,2327.625,14.507,58.83,67.95,,2322.925,0.14452296819787988
3008.3,2327.624,15.781,58.41,68.38,,2322.924,0.14756183745583035
3008.4,2327.623,17.135,58.32,68.74,,2322.9230000000002,0.15010600706713778
3008.5,2327.622,18.152,56.61,69.23,,2322.922,0.15356890459363962
3008.6,2327.621,19.241,56.84,69.52,,2322.9210000000003,0.15561837455830385
3008.7,2327.62,23.946,56.32,69.63,,2322.92,0.15639575971731445
3008.8,2327.619,24.195,55.78,70.14,,2322.9190000000003,0.16
3008.9,2327.618,23.983,56.82,70.19,,2322.918,0.16035335689045935
3009.0,2327.617,23.812,58.19,70.21,,2322.9170000000004,0.16049469964664306
3009.1,2327.616,23.376,58.68,70.28,,2322.916,0.16098939929328623
3009.2,2327.615,23.534,60.2,70.28,,2322.915,0.16098939929328623
3009.3,2327.614,23.298,61.38,72.74,,2322.914,0.17837455830388688
3009.4,2327.613,23.033,62.39,73.41,,2322.913,0.18310954063604237
3009.5,2327.612,22.463,64.72,74.42,,2322.9120000000003,0.19024734982332156
3009.6,2327.611,22.662,65.21,76.07,,2322.911,0.2019081272084805
3009.7,2327.61,22.964,67.15,76.69,,2322.9100000000003,0.20628975265017666
3009.8,2327.609,22.931,65.85,77.26,,2322.909,0.21031802120141346
3009.9,2327.608,23.067,65.77,78.26,,2322.9080000000004,0.21738515901060074
3010.0,2327.607,23.423,64.72,78.12,,2322.907,0.2163957597173145
3010.1,2327.606,23.568,63.82,76.86,,2322.9060000000004,0.20749116607773851
3010.2,2327.605,23.443,61.48,76.84,,2322.905,0.2073498233215548
3010.3,2327.604,23.569,60.89,75.62,,2322.904,0.19872791519434632
3010.4,2327.603,23.705,60.63,74.13,,2322.9030000000002,0.1881978798586572
3010.5,2327.602,23.572,59.34,72.99,,2322.902,0.1801413427561837
3010.6,2327.601,23.208,59.21,72.64,,2322.9010000000003,0.17766784452296822
3010.7,2327.6,23.25,58.0,71.48,,2322.9,0.169469964664311
3010.8,2327.599,23.332,56.46,69.91,,2322.8990000000003,0.15837455830388691
3010.9,2327.598,23.183,55.76,69.95,,2322.898,0.15865724381625443
3011.0,2327.597,22.99,53.7,69.85,,2322.8970000000004,0.15795053003533566
3011.1,2327.596,23.173,52.89,69.94,,2322.896,0.15858657243816252
3011.2,2327.595,23.133,50.89,70.15,,2322.895,0.16007067137809192
3011.3,2327.594,23.076,49.61,70.35,,2322.8940000000002,0.1614840989399293
3011.4,2327.593,22.143,48.65,70.31,,2322.893,0.16120141342756186
3011.5,2327.592,21.079,48.18,69.76,,2322.8920000000003,0.15731448763250888
3011.6,2327.591,20.109,47.81,69.61,,2322.891,0.15625441696113074
3011.7,2327.59,18.777,47.58,69.25,,2322.8900000000003,0.15371024734982333
3011.8,2327.589,16.643,47.5,68.34,,2322.889,0.14727915194346292
3011.9,2327.588,15.676,47.59,68.45,,2322.8880000000004,0.14805653710247352
3012.0,2327.587,15.109,47.34,68.47,,2322.887,0.14819787985865723
3012.1,2327.586,14.653,47.53,68.21,,2322.886,0.14636042402826852
3012.2,2327.585,14.607,49.22,68.72,,2322.885,0.14996466431095407
3012.3,2327.584,14.838,50.41,69.02,,2322.884,0.15208480565371021
3012.4,2327.583,15.815,51.02,69.22,,2322.8830000000003,0.1534982332155477
3012.5,2327.582,17.107,53.31,70.57,,2322.882,0.16303886925795047
3012.6,2327.581,18.276,54.59,70.83,,2322.8810000000003,0.16487632508833922
3012.7,2327.581,20.157,56.12,71.76,,2322.8810000000003,0.17144876325088343
3012.8,2327.58,22.969,60.49,73.47,,2322.88,0.18353356890459363
3012.9,2327.579,24.257,61.28,74.74,,2322.8790000000004,0.19250883392226145
3013.0,2327.578,25.144,64.31,75.76,,2322.878,0.19971731448763255
3013.1,2327.577,26.386,69.38,76.3,,2322.8770000000004,0.20353356890459362
3013.2,2327.576,26.322,71.54,77.83,,2322.876,0.21434628975265016
3013.3,2327.575,26.543,72.75,77.67,,2322.875,0.2132155477031802
3013.4,2327.574,26.496,73.08,77.65,,2322.8740000000003,0.2130742049469965
3013.5,2327.573,26.078,74.16,78.03,,2322.873,0.21575971731448765
3013.6,2327.572,25.661,73.8,77.74,,2322.8720000000003,0.21371024734982327
3013.7,2327.571,25.971,73.71,77.43,,2322.871,0.21151943462897532
3013.8,2327.571,25.781,73.56,77.49,,2322.871,0.21194346289752647
3013.9,2327.57,25.616,73.39,77.77,,2322.8700000000003,0.2139222614840989
3014.0,2327.569,26.022,73.07,77.92,,2322.869,0.21498233215547705
3014.1,2327.568,26.562,72.77,78.84,,2322.8680000000004,0.22148409893992935
3014.2,2327.567,27.083,73.03,79.2,,2322.867,0.22402826855123678
3014.3,2327.566,26.798,72.75,80.04,,2322.866,0.2299646643109541
3014.4,2327.565,26.982,73.12,80.0,,2322.8650000000002,0.22968197879858657
3014.5,2327.564,27.633,72.63,79.27,,2322.864,0.22452296819787984
3014.6,2327.564,27.771,72.73,79.04,,2322.864,0.22289752650176684
3014.7,2327.563,27.148,72.18,78.79,,2322.8630000000003,0.22113074204947
3014.8,2327.562,27.498,71.83,78.27,,2322.862,0.21745583038869254
3014.9,2327.561,27.667,70.81,77.87,,2322.8610000000003,0.2146289752650177
3015.0,2327.56,27.52,70.04,77.5,,2322.86,0.21201413427561838
3015.1,2327.559,27.562,69.41,76.34,,2322.8590000000004,0.20381625441696116
3015.2,2327.558,27.449,67.55,76.16,,2322.858,0.2025441696113074
3015.3,2327.558,27.472,66.28,74.97,,2322.858,0.19413427561837454
3015.4,2327.557,4.749,65.61,74.9,,2322.857,0.19363957597173148
3015.5,2327.556,4.007,65.06,74.83,,2322.856,0.19314487632508834
3015.6,2327.555,3.223,64.57,74.86,,2322.855,0.19335689045936397
3015.7,2327.554,2.603,63.84,74.9,,2322.8540000000003,0.19363957597173148
3015.8,2327.554,2.171,63.7,75.0,,2322.8540000000003,0.19434628975265017
3015.9,2327.553,2.08,63.84,75.04,,2322.853,0.1946289752650177
3016.0,2327.552,2.445,63.65,75.05,,2322.8520000000003,0.19469964664310951
3016.1,2327.551,2.851,63.52,75.12,,2322.851,0.19519434628975268
3016.2,2327.55,3.331,63.41,75.15,,2322.8500000000004,0.1954063604240283
3016.3,2327.549,4.054,63.5,75.17,,2322.849,0.19554770318021203
3016.4,2327.549,23.562,63.43,75.17,,2322.849,0.19554770318021203
3016.5,2327.548,23.851,63.47,75.2,,2322.848,0.19575971731448766
3016.6,2327.547,23.774,63.58,75.2,,2322.847,0.19575971731448766
3016.7,2327.546,23.98,63.61,75.19,,2322.846,0.19568904593639574
3016.8,2327.545,23.746,63.86,75.12,,2322.8450000000003,0.19519434628975268
3016.9,2327.545,23.379,64.07,75.1,,2322.8450000000003,0.19505300353356886
3017.0,2327.544,23.618,65.49,75.09,,2322.844,0.19498233215547706
3017.1,2327.543,23.85,66.02,75.04,,2322.8430000000003,0.1946289752650177
3017.2,2327.542,23.665,70.24,75.02,,2322.842,0.19448763250883389
3017.3,2327.542,23.465,70.49,75.03,,2322.842,0.1945583038869258
3017.4,2327.541,23.373,71.57,74.59,,2322.8410000000003,0.19144876325088342
3017.5,2327.54,23.573,72.57,74.41,,2322.84,0.19017667844522965
3017.6,2327.539,23.787,72.29,73.66,,2322.8390000000004,0.1848763250883392
3017.7,2327.538,23.603,70.6,73.43,,2322.838,0.1832508833922262
3017.8,2327.538,23.728,71.16,72.94,,2322.838,0.17978798586572436
3017.9,2327.537,23.624,67.29,72.49,,2322.837,0.17660777385159007
3018.0,2327.536,23.318,63.45,72.17,,2322.8360000000002,0.17434628975265018
3018.1,2327.535,23.128,62.63,71.15,,2322.835,0.1671378091872792
3018.2,2327.535,23.308,61.02,71.08,,2322.835,0.16664310954063602
3018.3,2327.534,23.105,58.11,70.15,,2322.8340000000003,0.16007067137809192
3018.4,2327.533,22.771,58.95,71.07,,2322.833,0.16657243816254413
3018.5,2327.532,22.651,60.16,71.26,,2322.8320000000003,0.1679151943462898
3018.6,2327.532,22.834,60.68,72.83,,2322.8320000000003,0.17901060070671376
3018.7,2327.531,23.043,60.84,73.27,,2322.831,0.18212014134275614
3018.8,2327.53,23.133,62.57,73.88,,2322.8300000000004,0.18643109540636038
3018.9,2327.53,23.533,64.42,74.1,,2322.8300000000004,0.18798586572438158
3019.0,2327.529,23.547,64.72,74.39,,2322.829,0.19003533568904593
3019.1,2327.528,23.404,64.5,74.48,,2322.828,0.19067137809187282
3019.2,2327.527,23.571,65.6,74.51,,2322.827,0.19088339222614845
3019.3,2327.527,23.823,65.32,74.43,,2322.827,0.19031802120141347
3019.4,2327.526,24.048,63.8,73.81,,2322.826,0.18593639575971732
3019.5,2327.525,23.719,62.95,73.55,,2322.8250000000003,0.1840989399293286
3019.6,2327.525,23.791,62.36,73.24,,2322.8250000000003,0.18190812720848054
3019.7,2327.524,23.569,62.14,73.38,,2322.824,0.18289752650176674
3019.8,2327.523,23.784,61.39,73.0,,2322.8230000000003,0.18021201413427562
3019.9,2327.522,23.703,63.29,72.98,,2322.822,0.1800706713780919
3020.0,2327.522,23.822,64.0,73.8,,2322.822,0.1858657243816254
3020.1,2327.521,23.967,65.48,74.73,,2322.8210000000004,0.19243816254416965
3020.2,2327.52,23.817,65.46,75.12,,2322.82,0.19519434628975268
3020.3,2327.52,23.702,66.01,75.51,,2322.82,0.19795053003533572
3020.4,2327.519,23.476,66.99,76.95,,2322.819,0.2081272084805654
3020.5,2327.518,23.728,66.76,77.13,,2322.818,0.20939929328621906
3020.6,2327.518,23.022,66.4,76.41,,2322.818,0.20431095406360422
3020.7,2327.517,22.56,66.46,76.21,,2322.817,0.20289752650176673
3020.8,2327.516,22.238,66.79,75.96,,2322.8160000000003,0.20113074204946993
3020.9,2327.516,21.814,65.26,75.75,,2322.8160000000003,0.19964664310954064
3021.0,2327.515,21.077,63.63,73.91,,2322.815,0.186643109540636
3021.1,2327.514,21.099,63.02,73.04,,2322.8140000000003,0.18049469964664316
3021.2,2327.514,21.116,62.62,72.48,,2322.8140000000003,0.17653710247349827
3021.3,2327.513,21.126,61.33,71.67,,2322.813,0.17081272084805654
3021.4,2327.512,14.019,60.6,71.48,,2322.8120000000004,0.169469964664311
3021.5,2327.512,12.892,60.38,71.18,,2322.8120000000004,0.16734982332155482
3021.6,2327.511,12.338,60.95,70.71,,2322.811,0.1640282685512367
3021.7,2327.51,11.354,62.25,70.73,,2322.8100000000004,0.16416961130742053
3021.8,2327.51,9.893,62.29,70.68,,2322.8100000000004,0.16381625441696118
3021.9,2327.509,10.28,63.5,70.65,,2322.809,0.16360424028268555
3022.0,2327.509,11.753,64.61,70.55,,2322.809,0.16289752650176675
3022.1,2327.508,12.755,64.65,71.67,,2322.808,0.17081272084805654
3022.2,2327.507,13.704,62.99,72.04,,2322.8070000000002,0.17342756183745586
3022.3,2327.507,14.517,62.02,72.65,,2322.8070000000002,0.1777385159010601
3022.4,2327.506,20.94,61.51,73.5,,2322.806,0.18374558303886926
3022.5,2327.505,20.317,60.42,74.81,,2322.8050000000003,0.19300353356890462
3022.6,2327.505,19.391,61.43,75.86,,2322.8050000000003,0.20042402826855124
3022.7,2327.504,18.779,61.32,76.67,,2322.804,0.20614840989399294
3022.8,2327.504,18.603,63.36,76.46,,2322.804,0.20466431095406357
3022.9,2327.503,18.702,64.33,76.97,,2322.8030000000003,0.20826855123674912
3023.0,2327.502,19.119,66.21,76.75,,2322.802,0.2067137809187279
3023.1,2327.502,19.639,66.36,75.08,,2322.802,0.19491166077738514
3023.2,2327.501,20.076,68.88,75.04,,2322.8010000000004,0.1946289752650177
3023.3,2327.501,20.284,68.86,75.0,,2322.8010000000004,0.19434628975265017
3023.4,2327.5,20.076,69.27,74.93,,2322.8,0.1938515901060071
3023.5,2327.5,19.66,69.11,75.0,,2322.8,0.19434628975265017
3023.6,2327.499,18.893,68.56,75.02,,2322.799,0.19448763250883389
3023.7,2327.498,18.003,68.77,75.04,,2322.7980000000002,0.1946289752650177
3023.8,2327.498,16.931,66.91,74.28,,2322.7980000000002,0.18925795053003536
3023.9,2327.497,16.209,66.2,74.03,,2322.797,0.18749116607773852
3024.0,2327.497,16.015,65.95,73.76,,2322.797,0.18558303886925798
3024.1,2327.496,15.663,65.59,73.35,,2322.7960000000003,0.18268551236749112
3024.2,2327.496,15.85,63.72,72.39,,2322.7960000000003,0.17590106007067138
3024.3,2327.495,16.254,62.89,72.12,,2322.795,0.17399293286219084
3024.4,2327.494,16.827,63.67,72.92,,2322.7940000000003,0.17964664310954065
3024.5,2327.494,17.037,64.29,72.6,,2322.7940000000003,0.17738515901060067
3024.6,2327.493,17.509,64.47,73.05,,2322.793,0.18056537102473497
3024.7,2327.493,17.665,64.37,72.7,,2322.793,0.17809187279151945
3024.8,2327.492,17.766,64.25,73.45,,2322.7920000000004,0.18339222614840991
3024.9,2327.492,17.801,63.98,73.04,,2322.7920000000004,0.18049469964664316
3025.0,2327.491,17.283,62.66,72.2,,2322.791,0.1745583038869258
3025.1,2327.491,17.274,62.02,71.81,,2322.791,0.17180212014134277
3025.2,2327.49,17.145,63.57,71.6,,2322.79,0.1703180212014134
3025.3,2327.49,17.156,63.98,71.49,,2322.79,0.1695406360424028
3025.4,2327.489,17.533,67.31,70.87,,2322.789,0.16515901060070676
3025.5,2327.489,17.232,68.84,70.92,,2322.789,0.1655123674911661
3025.6,2327.488,16.897,70.89,70.99,,2322.788,0.16600706713780916
3025.7,2327.488,16.903,70.73,71.21,,2322.788,0.16756183745583034
3025.8,2327.487,16.763,71.9,71.16,,2322.7870000000003,0.167208480565371
3025.9,2327.487,16.525,71.67,71.14,,2322.7870000000003,0.16706713780918728
3026.0,2327.486,16.235,71.23,71.08,,2322.786,0.16664310954063602
3026.1,2327.486,16.466,70.89,71.08,,2322.786,0.16664310954063602
3026.2,2327.485,16.846,70.52,71.05,,2322.7850000000003,0.1664310954063604
3026.3,2327.485,17.468,70.45,71.57,,2322.7850000000003,0.17010600706713777
3026.4,2327.484,17.839,69.88,71.65,,2322.784,0.17067137809187283
3026.5,2327.484,19.225,70.13,71.79,,2322.784,0.17166077738515906
3026.6,2327.483,20.189,70.15,72.01,,2322.7830000000004,0.17321554770318026
3026.7,2327.483,20.853,70.96,72.32,,2322.7830000000004,0.1754063604240282
3026.8,2327.482,21.145,71.22,73.3,,2322.782,0.18233215547703177
3026.9,2327.482,21.123,71.7,73.46,,2322.782,0.18346289752650172
3027.0,2327.481,21.459,71.8,74.2,,2322.7810000000004,0.18869257950530038
3027.1,2327.481,21.497,71.28,75.09,,2322.7810000000004,0.19498233215547706
3027.2,2327.48,21.481,71.34,75.12,,2322.78,0.19519434628975268
3027.3,2327.48,21.451,71.09,75.11,,2322.78,0.19512367491166077
3027.4,2327.479,21.37,71.3,75.03,,2322.779,0.1945583038869258
3027.5,2327.479,21.276,70.73,74.95,,2322.779,0.19399293286219083
3027.6,2327.478,21.252,69.78,74.19,,2322.7780000000002,0.18862190812720847
3027.7,2327.478,20.337,69.45,74.02,,2322.7780000000002,0.1874204946996466
3027.8,2327.478,19.684,69.41,73.58,,2322.7780000000002,0.18431095406360423
3027.9,2327.477,19.024,68.93,73.21,,2322.777,0.1816961130742049
3028.0,2327.477,18.682,67.05,72.42,,2322.777,0.176113074204947
3028.1,2327.476,18.311,66.2,71.76,,2322.7760000000003,0.17144876325088343
3028.2,2327.476,18.138,66.02,72.23,,2322.7760000000003,0.17477031802120144
3028.3,2327.475,18.48,65.83,71.72,,2322.775,0.1711660777385159
3028.4,2327.475,19.038,63.19,71.77,,2322.775,0.17151943462897523
3028.5,2327.474,19.815,63.31,71.96,,2322.7740000000003,0.1728621908127208
3028.6,2327.474,20.707,63.52,72.48,,2322.7740000000003,0.17653710247349827
3028.7,2327.474,21.885,63.01,73.6,,2322.7740000000003,0.18445229681978795
3028.8,2327.473,20.999,62.36,73.71,,2322.773,0.18522968197879855
3028.9,2327.473,20.236,61.93,74.14,,2322.773,0.18826855123674913
3029.0,2327.472,19.513,63.52,75.41,,2322.7720000000004,0.19724381625441695
3029.1,2327.472,18.689,63.3,76.05,,2322.7720000000004,0.2017667844522968
3029.2,2327.471,17.971,64.11,77.15,,2322.771,0.20954063604240286
3029.3,2327.471,17.675,64.85,77.4,,2322.771,0.2113074204946997
3029.4,2327.47,18.227,69.65,79.38,,2322.77,0.22530035335689041
3029.5,2327.47,18.825,71.27,79.4,,2322.77,0.22544169611307424
3029.6,2327.469,19.547,71.8,79.35,,2322.7690000000002,0.2250883392226148
3029.7,2327.469,18.865,73.56,79.36,,2322.7690000000002,0.2251590106007067
3029.8,2327.468,18.368,73.85,79.34,,2322.768,0.22501766784452298
3029.9,2327.468,17.55,73.92,79.22,,2322.768,0.2241696113074205
3030.0,2327.467,16.314,74.11,79.17,,2322.7670000000003,0.22381625441696115
3030.1,2327.467,14.803,74.0,79.11,,2322.7670000000003,0.2233922261484099
3030.2,2327.466,13.557,74.05,79.01,,2322.766,0.2226855123674912
3030.3,2327.466,12.984,74.1,78.96,,2322.766,0.22233215547703175
3030.4,2327.465,12.871,73.98,78.02,,2322.7650000000003,0.21568904593639573
3030.5,2327.465,12.764,73.33,77.75,,2322.7650000000003,0.2137809187279152
3030.6,2327.464,12.527,73.47,76.97,,2322.764,0.20826855123674912
3030.7,2327.464,12.966,73.26,75.34,,2322.764,0.1967491166077739
3030.8,2327.463,13.347,72.19,74.97,,2322.7630000000004,0.19413427561837454
3030.9,2327.463,13.862,70.6,73.68,,2322.7630000000004,0.185017667844523
3031.0,2327.462,13.998,68.93,72.77,,2322.762,0.1785865724381625
3031.1,2327.462,14.404,68.52,72.39,,2322.762,0.17590106007067138
3031.2,2327.461,15.326,67.58,72.09,,2322.761,0.1737809187279152
3031.3,2327.461,16.477,66.41,71.58,,2322.761,0.17017667844522966
3031.4,2327.46,17.452,67.82,70.72,,2322.76,0.1640989399293286
3031.5,2327.46,18.659,67.95,70.55,,2322.76,0.16289752650176675
3031.6,2327.459,20.103,69.03,70.46,,2322.759,0.1622614840989399
3031.7,2327.459,20.861,69.99,70.29,,2322.759,0.16106007067137815
3031.8,2327.458,20.942,72.52,70.26,,2322.7580000000003,0.16084805653710252
3031.9,2327.458,19.778,72.16,70.25,,2322.7580000000003,0.1607773851590106
3032.0,2327.457,17.854,71.27,70.25,,2322.757,0.1607773851590106
3032.1,2327.456,16.024,70.9,70.29,,2322.7560000000003,0.16106007067137815
3032.2,2327.456,14.396,69.38,70.34,,2322.7560000000003,0.1614134275618375
3032.3,2327.455,12.883,65.31,70.47,,2322.755,0.16233215547703178
3032.4,2327.455,11.708,62.6,70.54,,2322.755,0.16282685512367495
3032.5,2327.454,10.907,61.65,70.77,,2322.7540000000004,0.16445229681978796
3032.6,2327.454,10.537,59.56,70.52,,2322.7540000000004,0.16268551236749113
3032.7,2327.453,10.456,58.82,70.47,,2322.753,0.16233215547703178
3032.8,2327.453,10.834,57.39,70.34,,2322.753,0.1614134275618375
3032.9,2327.452,11.288,57.87,70.22,,2322.7520000000004,0.16056537102473498
3033.0,2327.451,12.319,58.63,71.3,,2322.751,0.16819787985865722
3033.1,2327.451,13.576,58.87,71.37,,2322.751,0.1686925795053004
3033.2,2327.45,14.894,58.84,71.44,,2322.75,0.16918727915194345
3033.3,2327.45,16.528,60.31,71.73,,2322.75,0.1712367491166078
3033.4,2327.449,18.062,59.89,71.98,,2322.7490000000003,0.17300353356890463
3033.5,2327.448,19.421,58.5,72.45,,2322.748,0.17632508833922264
3033.6,2327.448,20.593,58.16,72.84,,2322.748,0.17908127208480568
3033.7,2327.447,21.357,58.07,72.77,,2322.7470000000003,0.1785865724381625
3033.8,2327.447,21.74,58.72,73.12,,2322.7470000000003,0.18106007067137814
3033.9,2327.446,21.483,58.82,73.5,,2322.746,0.18374558303886926
3034.0,2327.446,21.464,59.42,72.89,,2322.746,0.17943462897526502
3034.1,2327.445,21.063,58.6,72.6,,2322.7450000000003,0.17738515901060067
3034.2,2327.444,20.033,58.28,72.88,,2322.744,0.1793639575971731
3034.3,2327.444,17.713,57.84,71.99,,2322.744,0.17307420494699643
3034.4,2327.443,15.433,57.19,71.55,,2322.7430000000004,0.16996466431095406
3034.5,2327.442,13.417,56.28,70.28,,2322.742,0.16098939929328623
3034.6,2327.442,11.969,55.43,69.73,,2322.742,0.15710247349823325
3034.7,2327.441,10.548,55.25,69.71,,2322.741,0.15696113074204943
3034.8,2327.441,9.288,54.5,69.66,,2322.741,0.15660777385159008
3034.9,2327.44,8.703,54.47,69.39,,2322.7400000000002,0.15469964664310953
3035.0,2327.439,8.398,53.9,69.03,,2322.739,0.15215547703180213
3035.1,2327.439,6.475,54.68,68.96,,2322.739,0.15166077738515896
3035.2,2327.438,6.274,55.36,69.02,,2322.7380000000003,0.15208480565371021
3035.3,2327.437,6.284,55.6,68.64,,2322.737,0.1493992932862191
3035.4,2327.437,6.222,55.91,68.72,,2322.737,0.14996466431095407
3035.5,2327.436,6.119,56.24,68.91,,2322.7360000000003,0.1513074204946996
3035.6,2327.436,6.037,57.53,69.4,,2322.7360000000003,0.15477031802120145
3035.7,2327.435,7.331,57.62,69.4,,2322.735,0.15477031802120145
3035.8,2327.434,8.787,58.63,69.4,,2322.7340000000004,0.15477031802120145
3035.9,2327.434,10.32,58.99,69.49,,2322.7340000000004,0.15540636042402822
3036.0,2327.433,11.904,60.35,69.5,,2322.733,0.15547703180212014
3036.1,2327.432,23.383,60.95,69.74,,2322.732,0.15717314487632505
3036.2,2327.432,23.594,60.93,69.83,,2322.732,0.15780918727915194
3036.3,2327.431,23.881,60.47,70.05,,2322.731,0.15936395759717312
3036.4,2327.43,23.985,60.51,70.23,,2322.73,0.1606360424028269
3036.5,2327.43,24.51,60.28,70.46,,2322.73,0.1622614840989399
3036.6,2327.429,24.655,59.68,70.32,,2322.7290000000003,0.16127208480565366
3036.7,2327.428,24.52,59.45,70.28,,2322.728,0.16098939929328623
3036.8,2327.428,24.32,59.14,70.31,,2322.728,0.16120141342756186
3036.9,2327.427,24.126,59.58,70.23,,2322.7270000000003,0.1606360424028269
3037.0,2327.426,23.388,59.6,70.12,,2322.726,0.1598586572438163
3037.1,2327.425,23.181,60.46,69.94,,2322.7250000000004,0.15858657243816252
3037.2,2327.425,22.666,61.11,70.09,,2322.7250000000004,0.15964664310954066
3037.3,2327.424,22.224,62.57,70.05,,2322.724,0.15936395759717312
3037.4,2327.423,22.33,63.24,69.66,,2322.723,0.15660777385159008
3037.5,2327.423,22.031,63.86,69.57,,2322.723,0.1559717314487632
3037.6,2327.422,22.051,64.37,69.77,,2322.722,0.15738515901060068
3037.7,2327.421,22.233,63.89,69.59,,2322.721,0.15611307420494702
3037.8,2327.421,22.527,64.27,69.46,,2322.721,0.1551943462897526
3037.9,2327.42,22.77,64.12,69.48,,2322.7200000000003,0.15533568904593642
3038.0,2327.419,23.347,64.58,69.53,,2322.719,0.15568904593639576
3038.1,2327.418,23.847,64.33,69.55,,2322.7180000000003,0.15583038869257948
3038.2,2327.418,24.488,64.44,69.31,,2322.7180000000003,0.15413427561837456
3038.3,2327.417,24.571,64.36,69.2,,2322.717,0.153356890459364
3038.4,2327.416,24.549,62.64,69.15,,2322.7160000000003,0.15300353356890464
3038.5,2327.416,24.577,61.55,68.91,,2322.7160000000003,0.1513074204946996
3038.6,2327.415,24.281,59.69,68.56,,2322.715,0.14883392226148412
3038.7,2327.414,24.043,59.39,68.66,,2322.7140000000004,0.1495406360424028
3038.8,2327.413,24.151,58.66,68.62,,2322.713,0.14925795053003538
3038.9,2327.413,23.803,57.72,68.75,,2322.713,0.1501766784452297
3039.0,2327.412,23.151,57.55,68.89,,2322.712,0.1511660777385159
3039.1,2327.411,22.115,57.38,68.82,,2322.7110000000002,0.15067137809187275
3039.2,2327.41,20.106,57.37,69.08,,2322.71,0.15250883392226147
3039.3,2327.41,19.008,56.3,69.01,,2322.71,0.1520141342756184
3039.4,2327.409,17.751,55.79,68.32,,2322.7090000000003,0.14713780918727912
3039.5,2327.408,17.039,56.32,68.1,,2322.708,0.1455830388692579
3039.6,2327.407,16.288,56.78,68.13,,2322.7070000000003,0.14579505300353354
3039.7,2327.407,15.984,55.02,68.04,,2322.7070000000003,0.14515901060070677
3039.8,2327.406,15.798,54.22,67.81,,2322.706,0.14353356890459365
3039.9,2327.405,16.008,54.28,68.0,,2322.7050000000004,0.14487632508833923
3040.0,2327.404,16.459,54.03,68.43,,2322.704,0.1479151943462898
3040.1,2327.404,17.126,54.05,68.6,,2322.704,0.14911660777385155
3040.2,2327.403,18.27,54.01,68.61,,2322.703,0.14918727915194346
3040.3,2327.402,18.586,54.39,68.98,,2322.702,0.15180212014134278
3040.4,2327.401,19.409,53.72,69.69,,2322.701,0.1568197879858657
3040.5,2327.4,19.676,53.56,69.79,,2322.7000000000003,0.1575265017667845
3040.6,2327.4,19.736,53.5,69.52,,2322.7000000000003,0.15561837455830385
3040.7,2327.399,19.559,53.5,69.81,,2322.699,0.15766784452296823
3040.8,2327.398,19.752,53.41,69.73,,2322.6980000000003,0.15710247349823325
3040.9,2327.397,20.042,53.24,69.58,,2322.697,0.1560424028268551
3041.0,2327.396,19.563,53.22,69.0,,2322.6960000000004,0.1519434628975265
3041.1,2327.396,19.27,52.95,68.74,,2322.6960000000004,0.15010600706713778
3041.2,2327.395,19.129,52.75,68.17,,2322.695,0.14607773851590108
3041.3,2327.394,18.805,52.11,67.6,,2322.694,0.14204946996466428
3041.4,2327.393,17.947,51.5,66.72,,2322.693,0.1358303886925795
3041.5,2327.392,17.31,50.29,66.57,,2322.692,0.13477031802120137
3041.6,2327.392,16.943,50.14,66.18,,2322.692,0.13201413427561842
3041.7,2327.391,16.737,49.61,66.09,,2322.6910000000003,0.13137809187279154
3041.8,2327.39,16.403,49.3,65.85,,2322.69,0.12968197879858653
3041.9,2327.389,16.409,49.73,65.96,,2322.6890000000003,0.13045936395759714
3042.0,2327.388,16.954,49.95,65.81,,2322.688,0.1293992932862191
3042.1,2327.388,17.448,49.79,65.82,,2322.688,0.1294699646643109
3042.2,2327.387,18.092,49.7,65.92,,2322.6870000000004,0.1301766784452297
3042.3,2327.386,18.793,50.12,66.05,,2322.686,0.13109540636042402
3042.4,2327.385,19.515,50.6,66.14,,2322.6850000000004,0.13173144876325088
3042.5,2327.384,20.008,50.52,66.25,,2322.684,0.13250883392226148
3042.6,2327.383,20.306,50.53,66.38,,2322.683,0.1334275618374558
3042.7,2327.383,19.745,51.15,66.48,,2322.683,0.1341342756183746
3042.8,2327.382,19.644,52.41,66.71,,2322.6820000000002,0.13575971731448758
3042.9,2327.381,19.035,53.26,66.66,,2322.681,0.13540636042402823
3043.0,2327.38,18.516,53.86,66.72,,2322.6800000000003,0.1358303886925795
3043.1,2327.379,17.954,55.39,66.65,,2322.679,0.13533568904593643
3043.2,2327.378,17.705,55.14,66.4,,2322.6780000000003,0.13356890459363963
3043.3,2327.377,17.838,54.77,66.13,,2322.677,0.13166077738515897
3043.4,2327.377,17.957,54.74,66.27,,2322.677,0.1326501766784452
3043.5,2327.376,18.142,54.49,66.22,,2322.6760000000004,0.13229681978798585
3043.6,2327.375,18.348,56.0,66.27,,2322.675,0.1326501766784452
3043.7,2327.374,19.454,56.47,66.85,,2322.674,0.1367491166077738
3043.8,2327.373,19.8,57.2,67.09,,2322.6730000000002,0.1384452296819788
3043.9,2327.372,20.296,58.41,68.58,,2322.672,0.14897526501766784
3044.0,2327.371,20.789,59.11,70.52,,2322.6710000000003,0.16268551236749113
3044.1,2327.37,21.535,59.55,71.63,,2322.67,0.170530035335689
3044.2,2327.37,22.132,57.34,72.98,,2322.67,0.1800706713780919
3044.3,2327.369,22.502,56.87,73.16,,2322.6690000000003,0.18134275618374557
3044.4,2327.368,22.546,55.38,73.8,,2322.668,0.1858657243816254
3044.5,2327.367,22.627,53.44,73.74,,2322.6670000000004,0.18544169611307418
3044.6,2327.366,9.25,46.41,73.52,,2322.666,0.18388692579505297
3044.7,2327.365,7.992,45.77,73.53,,2322.665,0.1839575971731449
3044.8,2327.364,7.089,44.76,73.31,,2322.664,0.18240282685512368
3044.9,2327.363,6.143,41.5,73.3,,2322.663,0.18233215547703177
3045.0,2327.362,5.335,41.39,72.8,,2322.6620000000003,0.17879858657243813
3045.1,2327.361,5.288,41.31,73.48,,2322.661,0.18360424028268554
3045.2,2327.361,6.039,41.01,73.37,,2322.661,0.18282685512367494
3045.3,2327.36,6.901,40.71,74.96,,2322.6600000000003,0.19406360424028263
3045.4,2327.359,7.959,40.62,75.24,,2322.659,0.1960424028268551
3045.5,2327.358,9.044,40.48,75.45,,2322.6580000000004,0.19752650176678446
3045.6,2327.357,23.111,39.04,75.69,,2322.657,0.19922261484098938
3045.7,2327.356,23.877,38.66,76.41,,2322.6560000000004,0.20431095406360422
3045.8,2327.355,23.686,37.69,76.54,,2322.655,0.20522968197879862
3045.9,2327.354,23.677,36.13,76.87,,2322.654,0.20756183745583043
3046.0,2327.353,23.127,37.32,76.59,,2322.6530000000002,0.20558303886925797
3046.1,2327.352,23.216,37.2,74.78,,2322.652,0.192791519434629
3046.2,2327.351,23.04,37.88,74.09,,2322.6510000000003,0.18791519434628978
3046.3,2327.35,23.092,38.55,73.55,,2322.65,0.1840989399293286
3046.4,2327.349,22.969,40.25,73.12,,2322.6490000000003,0.18106007067137814
3046.5,2327.348,22.942,39.98,72.83,,2322.648,0.17901060070671376
3046.6,2327.347,22.789,41.46,72.38,,2322.6470000000004,0.17583038869257947
3046.7,2327.347,22.534,41.24,72.06,,2322.6470000000004,0.1735689045936396
3046.8,2327.346,22.857,41.05,71.96,,2322.646,0.1728621908127208
3046.9,2327.345,23.188,41.36,71.85,,2322.645,0.1720848056537102
3047.0,2327.344,23.65,40.85,71.87,,2322.6440000000002,0.17222614840989403
3047.1,2327.343,23.506,41.28,71.96,,2322.643,0.1728621908127208
3047.2,2327.342,23.467,41.78,72.94,,2322.6420000000003,0.17978798586572436
3047.3,2327.341,23.177,43.18,74.92,,2322.641,0.1937809187279152
3047.4,2327.34,23.256,43.62,77.0,,2322.6400000000003,0.20848056537102475
3047.5,2327.339,23.21,45.88,77.34,,2322.639,0.21088339222614844
3047.6,2327.338,23.141,44.86,78.79,,2322.6380000000004,0.22113074204947
3047.7,2327.337,23.193,44.86,79.44,,2322.637,0.22572438162544167
3047.8,2327.336,22.915,44.42,80.12,,2322.636,0.23053003533568908
3047.9,2327.335,23.092,43.71,80.27,,2322.635,0.23159010600706711
3048.0,2327.334,23.226,41.77,80.9,,2322.634,0.23604240282685515
3048.1,2327.333,23.101,41.24,81.25,,2322.6330000000003,0.23851590106007067
3048.2,2327.332,23.481,41.42,83.08,,2322.632,0.2514487632508834
3048.3,2327.331,23.173,40.46,84.18,,2322.6310000000003,0.25922261484098946
3048.4,2327.33,22.611,40.41,87.19,,2322.63,0.2804946996466431
3048.5,2327.329,22.311,40.83,88.08,,2322.6290000000004,0.28678445229681976
3048.6,2327.328,22.57,40.95,90.45,,2322.628,0.30353356890459365
3048.7,2327.327,22.249,41.2,92.71,,2322.6270000000004,0.31950530035335684
3048.8,2327.326,14.379,41.01,93.16,,2322.626,0.32268551236749116
3048.9,2327.325,13.266,40.79,93.36,,2322.625,0.32409893992932864
3049.0,2327.324,12.412,41.43,94.84,,2322.6240000000003,0.3345583038869258
3049.1,2327.323,11.406,41.64,94.55,,2322.623,0.33250883392226144
3049.2,2327.322,10.191,41.0,94.24,,2322.6220000000003,0.3303180212014134
3049.3,2327.321,10.462,40.34,89.71,,2322.621,0.298303886925795
3049.4,2327.32,11.949,40.48,87.53,,2322.6200000000003,0.2828975265017668
3049.5,2327.319,12.31,40.08,86.92,,2322.619,0.27858657243816254
3049.6,2327.318,12.729,40.4,86.43,,2322.6180000000004,0.27512367491166084
3049.7,2327.317,13.184,40.06,85.13,,2322.617,0.2659363957597173
3049.8,2327.316,17.756,40.33,85.37,,2322.616,0.2676325088339223
3049.9,2327.314,16.527,41.43,85.7,,2322.614,0.26996466431095406
3050.0,2327.313,15.257,41.69,85.69,,2322.6130000000003,0.26989399293286215
3050.1,2327.312,15.058,42.18,86.88,,2322.612,0.278303886925795
3050.2,2327.311,15.009,42.24,87.16,,2322.6110000000003,0.28028268551236746
3050.3,2327.31,14.905,43.3,89.25,,2322.61,0.2950530035335689
3050.4,2327.309,14.844,43.32,89.96,,2322.6090000000004,0.30007067137809185
3050.5,2327.308,15.899,42.38,90.82,,2322.608,0.3061484098939929
3050.6,2327.307,15.874,41.82,91.45,,2322.607,0.3106007067137809
3050.7,2327.306,15.486,41.48,91.45,,2322.606,0.3106007067137809
3050.8,2327.305,14.435,40.78,95.62,,2322.605,0.3400706713780919
3050.9,2327.304,13.657,39.65,95.95,,2322.6040000000003,0.3424028268551237
3051.0,2327.303,13.161,39.53,96.28,,2322.603,0.3447349823321555
3051.1,2327.302,12.609,40.4,97.69,,2322.6020000000003,0.35469964664310955
3051.2,2327.301,11.979,40.83,97.73,,2322.601,0.3549823321554771
3051.3,2327.3,11.91,41.25,97.74,,2322.6000000000004,0.3550530035335689
3051.4,2327.298,11.887,41.66,97.75,,2322.598,0.3551236749116608
3051.5,2327.297,12.255,42.41,97.07,,2322.597,0.35031802120141337
3051.6,2327.296,12.527,42.06,96.99,,2322.596,0.3497526501766784
3051.7,2327.295,13.104,41.92,96.8,,2322.5950000000003,0.3484098939929328
3051.8,2327.294,14.04,41.95,96.25,,2322.594,0.34452296819787986
3051.9,2327.293,14.581,42.09,93.49,,2322.5930000000003,0.3250176678445229
3052.0,2327.292,15.172,41.93,92.78,,2322.592,0.32
3052.1,2327.291,15.566,41.5,91.83,,2322.5910000000003,0.3132862190812721
3052.2,2327.29,15.611,40.51,89.12,,2322.59,0.2941342756183746
3052.3,2327.289,15.8,40.61,88.19,,2322.5890000000004,0.28756183745583036
3052.4,2327.287,16.482,40.78,87.38,,2322.587,0.28183745583038866
3052.5,2327.286,16.552,40.11,85.04,,2322.5860000000002,0.2653003533568905
3052.6,2327.285,16.886,39.76,85.08,,2322.585,0.26558303886925794
3052.7,2327.284,17.041,40.47,85.12,,2322.5840000000003,0.2658657243816255
3052.8,2327.283,17.339,40.94,84.22,,2322.583,0.2595053003533569
3052.9,2327.282,16.423,40.75,83.95,,2322.5820000000003,0.25759717314487635
3053.0,2327.281,15.465,41.37,83.58,,2322.581,0.254982332155477
3053.1,2327.28,14.786,41.9,84.34,,2322.5800000000004,0.2603533568904594
3053.2,2327.278,14.208,43.53,84.21,,2322.578,0.259434628975265
3053.3,2327.277,13.579,41.75,84.36,,2322.577,0.2604946996466431
3053.4,2327.276,12.896,41.15,84.79,,2322.576,0.2635335689045937
3053.5,2327.275,13.032,40.54,87.68,,2322.5750000000003,0.28395759717314495
3053.6,2327.274,12.978,39.17,88.43,,2322.574,0.2892579505300354
3053.7,2327.273,13.342,36.73,89.23,,2322.5730000000003,0.2949116607773852
3053.8,2327.272,13.698,36.25,92.2,,2322.572,0.3159010600706714
3053.9,2327.27,14.54,36.15,92.85,,2322.57,0.32049469964664307
3054.0,2327.269,14.937,38.73,92.94,,2322.569,0.32113074204946995
3054.1,2327.268,15.174,38.96,94.13,,2322.568,0.3295406360424028
3054.2,2327.267,15.627,39.11,93.84,,2322.567,0.32749116607773854
3054.3,2327.266,15.526,39.36,93.54,,2322.5660000000003,0.32537102473498236
3054.4,2327.265,15.605,39.41,93.25,,2322.565,0.32332155477031804
3054.5,2327.263,15.786,39.49,91.5,,2322.563,0.31095406360424027
3054.6,2327.262,16.142,39.54,91.45,,2322.5620000000004,0.3106007067137809
3054.7,2327.261,16.049,39.51,91.24,,2322.561,0.3091166077738516
3054.8,2327.26,15.958,39.5,90.84,,2322.5600000000004,0.3062897526501767
3054.9,2327.259,15.61,39.62,90.65,,2322.559,0.30494699646643114
3055.0,2327.258,14.716,38.75,90.55,,2322.558,0.30424028268551234
3055.1,2327.256,12.275,38.25,90.11,,2322.556,0.30113074204946993
3055.2,2327.255,10.118,37.93,88.25,,2322.5550000000003,0.2879858657243816
3055.3,2327.254,8.952,37.51,87.8,,2322.554,0.28480565371024735
3055.4,2327.253,7.936,36.93,87.07,,2322.5530000000003,0.27964664310954057
3055.5,2327.252,7.212,37.1,85.38,,2322.552,0.2677031802120141
3055.6,2327.25,6.747,37.18,84.59,,2322.55,0.2621201413427562
3055.7,2327.249,6.81,37.02,84.57,,2322.549,0.2619787985865724
3055.8,2327.248,7.057,36.91,87.21,,2322.5480000000002,0.2806360424028268
3055.9,2327.247,7.445,36.99,88.63,,2322.547,0.29067137809187277
3056.0,2327.246,8.164,37.88,90.1,,2322.5460000000003,0.3010600706713781
3056.1,2327.244,9.503,37.55,92.29,,2322.5440000000003,0.31653710247349826
3056.2,2327.243,11.168,37.44,95.79,,2322.543,0.34127208480565374
3056.3,2327.242,12.102,37.51,93.66,,2322.5420000000004,0.32621908127208477
3056.4,2327.241,12.894,38.0,93.09,,2322.541,0.3221908127208481
3056.5,2327.24,13.023,37.37,92.58,,2322.54,0.3185865724381625
3056.6,2327.239,13.298,36.86,91.91,,2322.539,0.31385159010600705
3056.7,2327.237,13.635,36.78,91.15,,2322.5370000000003,0.30848056537102475
3056.8,2327.236,13.782,36.9,89.6,,2322.536,0.2975265017667844
3056.9,2327.235,13.857,37.34,89.84,,2322.5350000000003,0.29922261484098944
3057.0,2327.234,13.973,36.43,90.11,,2322.534,0.30113074204946993
3057.1,2327.233,13.864,36.76,89.38,,2322.5330000000004,0.2959717314487632
3057.2,2327.231,12.491,36.91,90.3,,2322.5310000000004,0.3024734982332155
3057.3,2327.23,10.684,37.06,92.26,,2322.53,0.3163250883392226
3057.4,2327.229,9.369,36.9,92.4,,2322.529,0.31731448763250886
3057.5,2327.228,8.491,36.57,90.74,,2322.5280000000002,0.3055830388692579
3057.6,2327.227,7.782,36.78,90.41,,2322.527,0.3032508833922261
3057.7,2327.225,7.157,37.12,90.1,,2322.525,0.3010600706713781
3057.8,2327.224,7.099,37.22,88.31,,2322.5240000000003,0.2884098939929329
3057.9,2327.223,7.366,36.86,87.6,,2322.523,0.28339222614840986
3058.0,2327.222,7.898,38.08,87.13,,2322.5220000000004,0.28007067137809183
3058.1,2327.221,8.733,38.45,86.6,,2322.521,0.2763250883392226
3058.2,2327.219,9.973,38.05,85.12,,2322.5190000000002,0.2658657243816255
3058.3,2327.218,11.789,37.97,85.14,,2322.518,0.2660070671378092
3058.4,2327.217,13.139,38.03,85.2,,2322.5170000000003,0.26643109540636045
3058.5,2327.216,14.212,37.33,85.19,,2322.516,0.26636042402826854
3058.6,2327.215,14.609,36.94,82.77,,2322.5150000000003,0.2492579505300353
3058.7,2327.213,15.07,36.19,81.91,,2322.5130000000004,0.24318021201413426
3058.8,2327.212,15.38,34.45,79.93,,2322.512,0.2291872791519435
3058.9,2327.211,15.636,34.21,79.37,,2322.511,0.2252296819787986
3059.0,2327.21,15.68,34.02,78.63,,2322.51,0.21999999999999997
3059.1,2327.209,14.221,34.06,76.69,,2322.509,0.20628975265017666
3059.2,2327.207,12.791,34.0,81.03,,2322.507,0.23696113074204947
3059.3,2327.206,6.172,34.0,82.14,,2322.5060000000003,0.24480565371024735
3059.4,2327.205,4.864,34.12,83.17,,2322.505,0.2520848056537103
3059.5,2327.204,3.94,34.21,84.55,,2322.5040000000004,0.2618374558303887
3059.6,2327.203,3.319,34.32,87.63,,2322.503,0.2836042402826855
3059.7,2327.201,2.83,34.39,87.6,,2322.501,0.28339222614840986
3059.8,2327.2,2.62,35.65,85.01,,2322.5,0.2650883392226149
3059.9,2327.199,2.856,35.81,84.77,,2322.4990000000003,0.26339222614840985
3060.0,2327.198,3.114,35.65,83.76,,2322.498,0.25625441696113077
3060.1,2327.197,3.599,35.13,82.06,,2322.4970000000003,0.24424028268551237
3060.2,2327.195,4.254,34.62,79.05,,2322.4950000000003,0.22296819787985864
3060.3,2327.194,7.705,34.72,79.03,,2322.494,0.22282685512367492
3060.4,2327.193,9.815,34.33,79.12,,2322.4930000000004,0.2234628975265018
3060.5,2327.192,11.187,34.43,78.82,,2322.492,0.22134275618374555
3060.6,2327.19,11.597,34.53,79.07,,2322.4900000000002,0.22310954063604235
3060.7,2327.189,12.018,34.73,79.29,,2322.489,0.22466431095406364
3060.8,2327.188,11.651,35.03,78.77,,2322.4880000000003,0.2209893992932862
3060.9,2327.187,11.507,35.6,78.64,,2322.487,0.2200706713780919
3061.0,2327.186,11.954,35.84,78.49,,2322.4860000000003,0.21901060070671374
3061.1,2327.184,12.025,35.92,77.53,,2322.4840000000004,0.212226148409894
3061.2,2327.183,11.991,36.57,76.63,,2322.483,0.2058657243816254
3061.3,2327.182,12.125,36.63,75.8,,2322.482,0.19999999999999998
3061.4,2327.181,12.405,36.8,74.64,,2322.481,0.19180212014134276
3061.5,2327.18,12.691,36.86,72.3,,2322.48,0.1752650176678445
3061.6,2327.178,13.096,37.59,71.81,,2322.478,0.17180212014134277
3061.7,2327.177,13.493,37.68,71.89,,2322.4770000000003,0.17236749116607775
3061.8,2327.176,14.435,38.17,71.96,,2322.476,0.1728621908127208
3061.9,2327.175,15.368,38.62,71.71,,2322.4750000000004,0.17109540636042397
3062.0,2327.174,16.352,39.25,71.44,,2322.474,0.16918727915194345
3062.1,2327.172,17.681,40.01,71.21,,2322.472,0.16756183745583034
3062.2,2327.171,18.921,40.27,71.26,,2322.471,0.1679151943462898
3062.3,2327.17,20.273,40.36,71.3,,2322.4700000000003,0.16819787985865722
3062.4,2327.169,21.626,40.8,70.99,,2322.469,0.16600706713780916
3062.5,2327.167,15.877,40.31,70.2,,2322.467,0.16042402826855126
3062.6,2327.166,14.84,39.71,69.98,,2322.4660000000003,0.15886925795053006
3062.7,2327.165,13.866,39.8,69.51,,2322.465,0.15554770318021205
3062.8,2327.164,12.772,39.99,68.53,,2322.4640000000004,0.1486219081272085
3062.9,2327.163,11.452,40.04,68.19,,2322.463,0.1462190812720848
3063.0,2327.161,10.744,40.1,67.74,,2322.4610000000002,0.1430388692579505
3063.1,2327.16,11.703,40.01,67.95,,2322.46,0.14452296819787988
3063.2,2327.159,13.077,40.38,68.14,,2322.4590000000003,0.14586572438162546
3063.3,2327.158,13.862,40.65,68.23,,2322.458,0.14650176678445231
3063.4,2327.157,14.934,40.64,68.3,,2322.4570000000003,0.14699646643109537
3063.5,2327.155,23.04,41.06,68.71,,2322.4550000000004,0.14989399293286215
3063.6,2327.154,23.068,41.16,68.42,,2322.454,0.1478445229681979
3063.7,2327.153,23.286,42.04,68.33,,2322.453,0.147208480565371
3063.8,2327.152,23.998,42.15,68.08,,2322.452,0.1454416961130742
3063.9,2327.15,25.018,42.3,68.11,,2322.4500000000003,0.14565371024734983
3064.0,2327.149,25.74,42.39,67.93,,2322.449,0.14438162544169617
3064.1,2327.148,27.48,43.35,69.04,,2322.4480000000003,0.15222614840989404
3064.2,2327.147,28.074,43.28,69.28,,2322.447,0.15392226148409896
3064.3,2327.146,28.682,42.96,69.49,,2322.4460000000004,0.15540636042402822
3064.4,2327.144,28.746,42.65,68.75,,2322.444,0.1501766784452297
3064.5,2327.143,28.672,42.53,68.87,,2322.443,0.15102473498233218
3064.6,2327.142,28.358,42.19,68.47,,2322.442,0.14819787985865723
3064.7,2327.141,28.362,41.85,67.9,,2322.4410000000003,0.14416961130742054
3064.8,2327.139,28.173,41.48,67.34,,2322.4390000000003,0.14021201413427564
3064.9,2327.138,28.113,41.35,67.25,,2322.438,0.13957597173144876
3065.0,2327.137,27.7,41.74,67.59,,2322.4370000000004,0.14197879858657247
3065.1,2327.136,27.73,41.67,66.88,,2322.436,0.13696113074204944
3065.2,2327.134,27.936,41.86,67.42,,2322.434,0.14077738515901062
3065.3,2327.133,27.833,42.01,67.67,,2322.433,0.14254416961130742
3065.4,2327.132,27.586,42.45,68.6,,2322.4320000000002,0.14911660777385155
3065.5,2327.131,27.891,42.49,68.75,,2322.431,0.1501766784452297
3065.6,2327.13,27.889,42.65,68.93,,2322.4300000000003,0.15144876325088344
3065.7,2327.128,27.64,42.72,68.97,,2322.4280000000003,0.15173144876325087
3065.8,2327.127,27.163,42.51,68.93,,2322.427,0.15144876325088344
3065.9,2327.126,26.96,42.56,68.95,,2322.4260000000004,0.15159010600706715
3066.0,2327.125,26.809,41.01,68.97,,2322.425,0.15173144876325087
3066.1,2327.123,26.946,40.89,68.92,,2322.4230000000002,0.15137809187279153
3066.2,2327.122,26.562,40.55,68.55,,2322.422,0.1487632508833922
3066.3,2327.121,26.679,40.05,68.45,,2322.4210000000003,0.14805653710247352
3066.4,2327.12,26.983,39.93,68.33,,2322.42,0.147208480565371
3066.5,2327.119,26.697,40.09,68.33,,2322.4190000000003,0.147208480565371
3066.6,2327.117,26.6,39.84,68.29,,2322.4170000000004,0.14692579505300357
3066.7,2327.116,26.464,39.17,68.69,,2322.416,0.14975265017667844
3066.8,2327.115,26.384,39.13,69.16,,2322.415,0.15307420494699644
3066.9,2327.114,25.901,39.4,69.36,,2322.414,0.1544876325088339
3067.0,2327.112,25.518,39.47,69.52,,2322.4120000000003,0.15561837455830385
3067.1,2327.111,24.993,38.89,69.65,,2322.411,0.15653710247349828
3067.2,2327.11,25.097,39.49,70.05,,2322.4100000000003,0.15936395759717312
3067.3,2327.109,24.982,40.0,70.07,,2322.409,0.15950530035335683
3067.4,2327.107,24.454,38.85,69.88,,2322.407,0.15816254416961129
3067.5,2327.106,24.755,38.6,69.84,,2322.4060000000004,0.15787985865724383
3067.6,2327.105,25.064,37.97,69.73,,2322.405,0.15710247349823325
3067.7,2327.104,25.177,37.98,69.2,,2322.404,0.153356890459364
3067.8,2327.102,25.089,37.34,74.65,,2322.402,0.19187279151943468
3067.9,2327.101,25.789,36.44,75.04,,2322.4010000000003,0.1946289752650177
3068.0,2327.1,25.943,36.36,76.12,,2322.4,0.20226148409893996
3068.1,2327.099,25.949,36.93,77.01,,2322.3990000000003,0.20855123674911663
3068.2,2327.098,25.926,36.69,78.63,,2322.398,0.21999999999999997
3068.3,2327.096,26.243,37.75,80.35,,2322.396,0.2321554770318021
3068.4,2327.095,26.37,39.1,83.01,,2322.395,0.25095406360424033
3068.5,2327.094,26.528,39.56,82.68,,2322.3940000000002,0.24862190812720852
3068.6,2327.093,26.544,40.42,82.83,,2322.393,0.24968197879858656
3068.7,2327.091,26.685,40.18,82.23,,2322.391,0.24544169611307423
3068.8,2327.09,26.818,37.58,79.34,,2322.3900000000003,0.22501766784452298
3068.9,2327.089,26.575,37.38,79.26,,2322.389,0.224452296819788
3069.0,2327.088,26.565,37.24,77.45,,2322.3880000000004,0.21166077738515904
3069.1,2327.086,25.507,37.0,72.32,,2322.386,0.1754063604240282
3069.2,2327.085,25.168,36.93,71.21,,2322.385,0.16756183745583034
3069.3,2327.084,24.864,36.73,69.96,,2322.384,0.15872791519434626
3069.4,2327.083,24.057,36.69,62.19,,2322.3830000000003,0.10381625441696112
3069.5,2327.081,22.989,36.59,61.77,,2322.3810000000003,0.10084805653710249
3069.6,2327.08,22.412,36.8,61.53,,2322.38,0.09915194346289753
3069.7,2327.079,21.983,36.96,58.33,,2322.3790000000004,0.07653710247349822
3069.8,2327.078,21.396,38.06,58.01,,2322.378,0.07427561837455829
3069.9,2327.076,21.008,38.53,57.46,,2322.376,0.07038869257950531
3070.0,2327.075,20.876,39.08,63.69,,2322.375,0.11441696113074204
3070.1,2327.074,21.622,39.66,64.89,,2322.3740000000003,0.12289752650176679
3070.2,2327.073,21.539,39.36,67.93,,2322.373,0.14438162544169617
3070.3,2327.071,21.512,39.64,71.79,,2322.371,0.17166077738515906
3070.4,2327.07,22.081,38.48,79.33,,2322.3700000000003,0.22494699646643107
3070.5,2327.069,22.194,38.14,80.58,,2322.369,0.23378091872791518
3070.6,2327.068,21.879,36.84,85.84,,2322.3680000000004,0.2709540636042403
3070.7,2327.066,21.897,37.35,97.5,,2322.366,0.35335689045936397
3070.8,2327.065,22.135,37.15,97.76,,2322.3650000000002,0.35519434628975266
3070.9,2327.064,22.091,37.0,90.22,,2322.364,0.30190812720848054
3071.0,2327.063,22.16,37.61,88.27,,2322.3630000000003,0.28812720848056533
3071.1,2327.061,22.341,38.18,85.66,,2322.3610000000003,0.2696819787985866
3071.2,2327.06,22.817,38.56,85.91,,2322.36,0.27144876325088335
3071.3,2327.059,23.226,38.04,84.13,,2322.3590000000004,0.25886925795053
3071.4,2327.058,23.441,38.73,84.17,,2322.358,0.25915194346289755
3071.5,2327.056,24.178,38.29,85.22,,2322.356,0.26657243816254417
3071.6,2327.055,25.036,37.99,84.75,,2322.355,0.26325088339222613
3071.7,2327.054,25.024,36.25,84.6,,2322.3540000000003,0.26219081272084804
3071.8,2327.053,25.065,36.15,84.24,,2322.353,0.2596466431095406
3071.9,2327.051,24.983,37.16,87.61,,2322.351,0.2834628975265018
3072.0,2327.05,24.262,37.51,83.61,,2322.3500000000004,0.2551943462897526
3072.1,2327.049,24.204,37.81,82.53,,2322.349,0.2475618374558304
3072.2,2327.048,23.751,38.29,77.54,,2322.348,0.2122968197879859
3072.3,2327.046,23.412,39.24,78.89,,2322.346,0.2218374558303887
3072.4,2327.045,23.426,39.28,78.57,,2322.3450000000003,0.21957597173144872
3072.5,2327.044,23.414,38.88,79.09,,2322.344,0.22325088339222618
3072.6,2327.043,23.27,38.78,80.05,,2322.3430000000003,0.2300353356890459
3072.7,2327.041,23.119,38.6,80.89,,2322.3410000000003,0.23597173144876327
3072.8,2327.04,23.318,38.34,81.1,,2322.34,0.23745583038869253
3072.9,2327.039,22.8,37.64,81.1,,2322.3390000000004,0.23745583038869253
3073.0,2327.038,3.915,37.55,82.29,,2322.338,0.2458657243816255
3073.1,2327.036,3.287,37.76,82.25,,2322.3360000000002,0.24558303886925795
3073.2,2327.035,2.817,37.58,80.73,,2322.335,0.23484098939929332
3073.3,2327.034,2.354,37.62,79.49,,2322.3340000000003,0.22607773851590102
3073.4,2327.033,1.927,37.95,78.16,,2322.333,0.21667844522968197
3073.5,2327.031,2.153,38.19,76.84,,2322.331,0.2073498233215548
3073.6,2327.03,2.577,38.2,76.2,,2322.3300000000004,0.20282685512367493
3073.7,2327.029,3.082,38.41,76.51,,2322.329,0.205017667844523
3073.8,2327.028,3.552,38.51,75.74,,2322.328,0.19957597173144873
3073.9,2327.026,4.226,38.55,76.93,,2322.326,0.20798586572438169
3074.0,2327.025,20.127,38.67,77.52,,2322.3250000000003,0.2121554770318021
3074.1,2327.024,20.128,38.69,78.11,,2322.324,0.21632508833922262
3074.2,2327.023,20.248,38.73,79.27,,2322.3230000000003,0.22452296819787984
3074.3,2327.021,20.684,39.4,78.38,,2322.3210000000004,0.21823321554770314
3074.4,2327.02,21.36,39.54,78.72,,2322.32,0.22063604240282686
3074.5,2327.019,21.843,39.61,76.46,,2322.319,0.20466431095406357
3074.6,2327.017,22.759,39.78,75.44,,2322.317,0.19745583038869258
3074.7,2327.016,22.894,40.34,72.87,,2322.3160000000003,0.1792932862190813
3074.8,2327.015,22.62,40.49,72.2,,2322.315,0.1745583038869258
3074.9,2327.014,20.914,40.55,70.2,,2322.3140000000003,0.16042402826855126
3075.0,2327.012,19.835,40.55,70.06,,2322.3120000000004,0.15943462897526503
3075.1,2327.011,18.857,40.48,69.91,,2322.311,0.15837455830388691
3075.2,2327.01,18.11,39.83,69.99,,2322.3100000000004,0.15893992932862186
3075.3,2327.009,17.576,39.31,69.84,,2322.309,0.15787985865724383
3075.4,2327.007,17.185,39.07,69.91,,2322.3070000000002,0.15837455830388691
3075.5,2327.006,17.612,38.85,69.8,,2322.306,0.1575971731448763
3075.6,2327.005,18.306,38.68,69.89,,2322.3050000000003,0.15823321554770317
3075.7,2327.004,19.205,37.67,70.0,,2322.304,0.15901060070671377
3075.8,2327.002,20.142,37.63,70.02,,2322.302,0.1591519434628975
3075.9,2327.001,21.658,37.79,69.97,,2322.3010000000004,0.15879858657243814
3076.0,2327.0,18.975,37.64,69.69,,2322.3,0.1568197879858657
3076.1,2326.998,18.741,36.99,69.71,,2322.2980000000002,0.15696113074204943
3076.2,2326.997,18.0,36.81,69.52,,2322.297,0.15561837455830385
3076.3,2326.996,17.135,36.81,69.15,,2322.2960000000003,0.15300353356890464
3076.4,2326.995,16.329,36.37,68.94,,2322.295,0.15151943462897524
3076.5,2326.993,16.879,36.07,68.79,,2322.293,0.1504593639575972
3076.6,2326.992,18.138,35.84,68.85,,2322.2920000000004,0.15088339222614838
3076.7,2326.991,18.903,36.0,68.79,,2322.291,0.1504593639575972
3076.8,2326.99,19.721,35.97,68.46,,2322.29,0.14812720848056532
3076.9,2326.988,20.531,36.29,68.32,,2322.288,0.14713780918727912
3077.0,2326.987,24.02,36.75,68.45,,2322.2870000000003,0.14805653710247352
3077.1,2326.986,23.03,37.32,68.43,,2322.286,0.1479151943462898
3077.2,2326.985,22.421,36.98,67.79,,2322.2850000000003,0.14339222614840993
3077.3,2326.983,21.667,36.99,67.48,,2322.2830000000004,0.14120141342756187
3077.4,2326.982,21.229,37.16,67.26,,2322.282,0.13964664310954067
3077.5,2326.981,20.798,36.89,67.04,,2322.2810000000004,0.13809187279151947
3077.6,2326.979,20.278,36.32,66.1,,2322.279,0.13144876325088337
3077.7,2326.978,19.974,35.7,65.99,,2322.2780000000002,0.13067137809187276
3077.8,2326.977,4.454,35.67,72.17,,2322.277,0.17434628975265018
3077.9,2326.976,3.803,35.24,76.01,,2322.2760000000003,0.20148409893992936
3078.0,2326.974,3.234,33.79,78.3,,2322.2740000000003,0.21766784452296817
3078.1,2326.973,2.842,33.36,81.67,,2322.273,0.24148409893992934
3078.2,2326.972,2.378,33.07,87.33,,2322.2720000000004,0.2814840989399293
3078.3,2326.97,2.626,32.76,82.27,,2322.27,0.24572438162544166
3078.4,2326.969,3.108,32.57,81.23,,2322.2690000000002,0.23837455830388696
3078.5,2326.968,3.635,32.28,80.31,,2322.268,0.23187279151943466
3078.6,2326.967,4.277,32.45,77.06,,2322.2670000000003,0.20890459363957598
3078.7,2326.965,4.933,32.79,75.07,,2322.2650000000003,0.19484098939929323
3078.8,2326.964,20.958,32.96,71.8,,2322.264,0.17173144876325086
3078.9,2326.963,20.671,34.11,71.29,,2322.2630000000004,0.16812720848056542
3079.0,2326.962,20.526,35.12,70.72,,2322.262,0.1640989399293286
3079.1,2326.96,20.482,37.04,66.94,,2322.26,0.1373851590106007
3079.2,2326.959,20.785,37.54,67.07,,2322.259,0.138303886925795
3079.3,2326.958,21.315,38.07,67.55,,2322.2580000000003,0.14169611307420493
3079.4,2326.956,21.562,39.19,67.54,,2322.2560000000003,0.14162544169611313
3079.5,2326.955,22.24,39.28,67.52,,2322.255,0.1414840989399293
3079.6,2326.954,22.614,39.25,70.32,,2322.2540000000004,0.16127208480565366
3079.7,2326.953,22.795,39.75,70.55,,2322.253,0.16289752650176675
3079.8,2326.951,22.82,39.84,71.41,,2322.251,0.16897526501766783
3079.9,2326.95,21.161,39.33,71.19,,2322.25,0.16742049469964662
3080.0,2326.949,19.432,39.18,71.69,,2322.2490000000003,0.17095406360424026
3080.1,2326.947,18.435,38.79,71.77,,2322.2470000000003,0.17151943462897523
3080.2,2326.946,17.569,38.12,70.91,,2322.246,0.1654416961130742
3080.3,2326.945,16.557,37.51,70.05,,2322.2450000000003,0.15936395759717312
3080.4,2326.944,15.963,36.89,69.52,,2322.244,0.15561837455830385
3080.5,2326.942,15.999,36.55,69.15,,2322.242,0.15300353356890464
3080.6,2326.941,16.573,36.27,66.95,,2322.241,0.1374558303886926
3080.7,2326.94,17.037,35.82,66.9,,2322.2400000000002,0.13710247349823326
3080.8,2326.938,17.447,35.81,68.89,,2322.2380000000003,0.1511660777385159
3080.9,2326.937,18.5,35.64,70.16,,2322.237,0.16014134275618372
3081.0,2326.936,18.699,35.7,70.96,,2322.2360000000003,0.16579505300353353
3081.1,2326.935,18.484,35.18,71.59,,2322.235,0.17024734982332157
3081.2,2326.933,17.796,35.66,73.45,,2322.233,0.18339222614840991
3081.3,2326.932,17.404,35.59,73.33,,2322.232,0.1825441696113074
3081.4,2326.931,17.2,36.62,72.1,,2322.231,0.17385159010600704
3081.5,2326.929,17.535,36.94,71.23,,2322.2290000000003,0.16770318021201416
3081.6,2326.928,8.576,37.54,70.91,,2322.228,0.1654416961130742
3081.7,2326.927,7.618,38.28,70.59,,2322.2270000000003,0.1631802120141343
3081.8,2326.926,6.905,39.69,69.64,,2322.226,0.15646643109540637
3081.9,2326.924,6.156,40.57,69.54,,2322.224,0.15575971731448768
3082.0,2326.923,5.391,40.89,72.33,,2322.223,0.17547703180212013
3082.1,2326.922,4.663,41.4,73.83,,2322.222,0.18607773851590104
3082.2,2326.92,5.626,41.61,77.76,,2322.2200000000003,0.2138515901060071
3082.3,2326.919,6.547,41.33,79.48,,2322.219,0.22600706713780921
3082.4,2326.918,7.487,39.52,80.13,,2322.2180000000003,0.23060070671378088
3082.5,2326.917,8.506,38.87,84.09,,2322.217,0.2585865724381626
3082.6,2326.915,22.076,38.03,83.93,,2322.215,0.25745583038869263
3082.7,2326.914,22.642,38.31,83.53,,2322.2140000000004,0.25462897526501765
3082.8,2326.913,22.627,37.36,84.42,,2322.213,0.2609187279151944
3082.9,2326.911,22.812,37.42,85.58,,2322.2110000000002,0.2691166077738516
3083.0,2326.91,23.342,37.69,86.93,,2322.21,0.27865724381625445
3083.1,2326.909,23.86,38.42,88.79,,2322.2090000000003,0.2918021201413428
3083.2,2326.908,24.269,38.04,90.07,,2322.208,0.30084805653710245
3083.3,2326.907,24.966,37.88,90.62,,2322.2070000000003,0.3047349823321555
3083.4,2326.905,24.943,38.16,93.95,,2322.2050000000004,0.32826855123674914
3083.5,2326.904,24.851,38.51,92.15,,2322.204,0.3155477031802121
3083.6,2326.903,24.903,38.04,91.51,,2322.203,0.3110247349823322
3083.7,2326.902,24.65,37.69,90.86,,2322.202,0.30643109540636043
3083.8,2326.9,24.531,37.74,89.44,,2322.2000000000003,0.29639575971731447
3083.9,2326.899,24.32,37.83,88.84,,2322.199,0.29215547703180217
3084.0,2326.898,24.266,37.57,89.71,,2322.1980000000003,0.298303886925795
3084.1,2326.897,24.362,37.42,89.47,,2322.197,0.2966077738515901
3084.2,2326.896,23.877,37.62,90.2,,2322.1960000000004,0.3017667844522968
3084.3,2326.894,23.394,37.62,87.65,,2322.194,0.2837455830388693
3084.4,2326.893,23.473,37.6,87.9,,2322.193,0.2855123674911661
3084.5,2326.892,23.654,37.3,84.64,,2322.192,0.26247349823321553
3084.6,2326.891,23.578,37.82,82.79,,2322.1910000000003,0.24939929328621913
3084.7,2326.89,23.524,37.91,81.87,,2322.19,0.24289752650176683
3084.8,2326.888,23.739,38.0,81.18,,2322.188,0.2380212014134276
3084.9,2326.887,24.249,38.05,80.79,,2322.1870000000004,0.23526501766784458
3085.0,2326.886,24.177,37.47,79.5,,2322.186,0.22614840989399293
3085.1,2326.885,24.103,37.44,80.4,,2322.1850000000004,0.23250883392226152
3085.2,2326.884,24.119,36.07,80.86,,2322.184,0.23575971731448764
3085.3,2326.883,23.823,35.56,81.98,,2322.183,0.24367491166077743
3085.4,2326.881,23.56,35.73,82.13,,2322.181,0.24473498233215543
3085.5,2326.88,22.84,36.63,82.83,,2322.1800000000003,0.24968197879858656
3085.6,2326.879,22.268,37.42,82.62,,2322.179,0.24819787985865727
3085.7,2326.878,21.977,37.71,81.61,,2322.1780000000003,0.24106007067137808
3085.8,2326.877,21.768,38.0,81.4,,2322.177,0.23957597173144882
3085.9,2326.876,21.701,38.21,81.11,,2322.1760000000004,0.23752650176678444
3086.0,2326.875,21.629,38.39,80.71,,2322.175,0.2346996466431095
3086.1,2326.874,22.343,38.19,80.71,,2322.174,0.2346996466431095
3086.2,2326.872,22.432,38.26,80.7,,2322.172,0.2346289752650177
3086.3,2326.871,22.343,38.19,79.16,,2322.1710000000003,0.22374558303886924
3086.4,2326.87,21.247,37.98,78.99,,2322.17,0.22254416961130738
3086.5,2326.869,20.251,37.62,81.37,,2322.1690000000003,0.2393639575971732
3086.6,2326.868,19.315,37.38,81.49,,2322.168,0.2402120141342756
3086.7,2326.867,18.262,37.48,81.89,,2322.1670000000004,0.24303886925795054
3086.8,2326.866,17.625,37.71,83.34,,2322.166,0.25328621908127213
3086.9,2326.865,17.168,38.81,85.01,,2322.165,0.2650883392226149
3087.0,2326.864,17.393,38.56,85.69,,2322.164,0.26989399293286215
3087.1,2326.863,17.126,37.66,86.41,,2322.163,0.274982332155477
3087.2,2326.862,17.385,34.96,84.35,,2322.1620000000003,0.2604240282685512
3087.3,2326.86,17.874,34.93,84.77,,2322.1600000000003,0.26339222614840985
3087.4,2326.859,18.289,34.63,81.5,,2322.159,0.24028268551236748
3087.5,2326.858,18.282,34.27,77.95,,2322.1580000000004,0.21519434628975267
3087.6,2326.857,18.187,33.87,76.47,,2322.157,0.20473498233215548
3087.7,2326.856,3.899,33.89,75.08,,2322.1560000000004,0.19491166077738514
3087.8,2326.855,3.367,33.92,72.75,,2322.155,0.1784452296819788
3087.9,2326.854,2.866,33.62,72.58,,2322.154,0.17724381625441696
3088.0,2326.853,2.406,33.51,71.36,,2322.1530000000002,0.16862190812720848
3088.1,2326.852,2.028,33.39,71.76,,2322.152,0.17144876325088343
3088.2,2326.851,2.077,33.91,72.38,,2322.1510000000003,0.17583038869257947
3088.3,2326.85,2.442,36.51,74.65,,2322.15,0.19187279151943468
3088.4,2326.849,2.916,36.78,77.14,,2322.1490000000003,0.20946996466431095
3088.5,2326.848,3.426,36.41,77.8,,2322.148,0.21413427561837453
3088.6,2326.847,4.017,36.46,77.63,,2322.1470000000004,0.2129328621908127
3088.7,2326.846,17.941,36.64,78.81,,2322.146,0.22127208480565372
3088.8,2326.845,17.195,36.53,77.49,,2322.145,0.21194346289752647
3088.9,2326.844,16.353,35.93,76.93,,2322.1440000000002,0.20798586572438169
3089.0,2326.843,16.453,35.93,75.17,,2322.143,0.19554770318021203
3089.1,2326.842,16.537,35.84,74.64,,2322.1420000000003,0.19180212014134276
3089.2,2326.841,17.228,35.76,74.08,,2322.141,0.18784452296819787
3089.3,2326.84,18.002,34.94,72.5,,2322.1400000000003,0.17667844522968199
3089.4,2326.839,18.916,35.01,72.32,,2322.139,0.1754063604240282
3089.5,2326.838,19.805,34.63,72.04,,2322.1380000000004,0.17342756183745586
3089.6,2326.837,20.567,35.76,71.7,,2322.137,0.17102473498233217
3089.7,2326.836,16.669,36.19,73.72,,2322.136,0.18530035335689046
3089.8,2326.835,16.26,36.43,74.42,,2322.135,0.19024734982332156
3089.9,2326.834,15.544,37.67,75.09,,2322.134,0.19498233215547706
3090.0,2326.833,14.234,37.94,78.55,,2322.1330000000003,0.219434628975265
3090.1,2326.832,13.247,38.6,79.53,,2322.132,0.22636042402826856
3090.2,2326.831,14.1,38.66,80.44,,2322.1310000000003,0.23279151943462895
3090.3,2326.83,15.455,39.06,80.73,,2322.13,0.23484098939929332
3090.4,2326.829,16.886,39.06,81.77,,2322.1290000000004,0.24219081272084803
3090.5,2326.828,18.264,39.06,81.86,,2322.128,0.2428268551236749
3090.6,2326.828,19.632,39.06,82.15,,2322.128,0.24487632508833926
3090.7,2326.827,24.687,40.01,82.4,,2322.1270000000004,0.2466431095406361
3090.8,2326.826,24.737,40.12,82.62,,2322.126,0.24819787985865727
3090.9,2326.825,24.705,40.79,82.74,,2322.125,0.24904593639575967
3091.0,2326.824,24.902,39.04,82.97,,2322.1240000000003,0.2506713780918728
3091.1,2326.823,25.05,38.78,83.23,,2322.123,0.25250883392226153
3091.2,2326.822,24.878,38.27,83.16,,2322.1220000000003,0.25201413427561836
3091.3,2326.821,24.715,38.77,83.14,,2322.121,0.25187279151943465
3091.4,2326.82,23.761,38.57,83.32,,2322.1200000000003,0.2531448763250883
3091.5,2326.819,23.718,38.6,83.31,,2322.119,0.2530742049469965
3091.6,2326.818,23.478,39.07,83.19,,2322.1180000000004,0.252226148409894
3091.7,2326.818,23.193,39.24,83.25,,2322.1180000000004,0.25265017667844525
3091.8,2326.817,22.57,39.25,83.29,,2322.117,0.2529328621908128
3091.9,2326.816,22.517,39.45,83.19,,2322.116,0.252226148409894
3092.0,2326.815,22.473,40.05,83.12,,2322.1150000000002,0.25173144876325093
3092.1,2326.814,22.739,40.48,82.91,,2322.114,0.25024734982332153
3092.2,2326.813,23.254,40.42,83.3,,2322.1130000000003,0.2530035335689046
3092.3,2326.812,23.924,40.8,83.46,,2322.112,0.25413427561837454
3092.4,2326.812,24.67,40.83,83.48,,2322.112,0.2542756183745583
3092.5,2326.811,25.155,40.85,84.3,,2322.1110000000003,0.26007067137809187
3092.6,2326.81,25.241,39.19,85.4,,2322.11,0.26784452296819794
3092.7,2326.809,24.951,39.0,84.53,,2322.1090000000004,0.26169611307420493
3092.8,2326.808,24.995,38.51,84.74,,2322.108,0.2631802120141342
3092.9,2326.807,25.324,37.92,83.83,,2322.107,0.25674911660777383
3093.0,2326.807,25.339,37.48,83.74,,2322.107,0.25611307420494694
3093.1,2326.806,25.136,37.62,83.62,,2322.106,0.25526501766784454
3093.2,2326.805,24.912,38.09,83.72,,2322.105,0.25597173144876323
3093.3,2326.804,24.997,38.29,83.87,,2322.1040000000003,0.2570318021201414
3093.4,2326.803,25.14,38.4,83.74,,2322.103,0.25611307420494694
3093.5,2326.802,24.417,38.2,82.51,,2322.1020000000003,0.2474204946996467
3093.6,2326.802,24.008,39.1,82.33,,2322.1020000000003,0.24614840989399292
3093.7,2326.801,23.849,38.89,82.14,,2322.101,0.24480565371024735
3093.8,2326.8,23.838,38.13,80.69,,2322.1000000000004,0.23455830388692578
3093.9,2326.799,23.236,37.36,77.02,,2322.099,0.20862190812720846
3094.0,2326.798,22.905,37.14,73.43,,2322.098,0.1832508833922262
3094.1,2326.798,22.89,36.9,74.27,,2322.098,0.18918727915194344
3094.2,2326.797,23.028,36.64,72.07,,2322.097,0.1736395759717314
3094.3,2326.796,22.706,37.92,71.94,,2322.096,0.1727208480565371
3094.4,2326.795,22.684,38.64,73.2,,2322.0950000000003,0.18162544169611308
3094.5,2326.795,22.315,40.05,77.9,,2322.0950000000003,0.21484098939929333
3094.6,2326.794,21.36,39.23,78.36,,2322.094,0.21809187279151943
3094.7,2326.793,19.865,39.69,78.62,,2322.0930000000003,0.21992932862190817
3094.8,2326.792,18.688,40.08,78.9,,2322.092,0.2219081272084806
3094.9,2326.792,18.257,38.91,79.39,,2322.092,0.22537102473498233
3095.0,2326.791,17.054,36.71,80.58,,2322.0910000000003,0.23378091872791518
3095.1,2326.79,16.528,36.01,80.71,,2322.09,0.2346996466431095
3095.2,2326.789,16.447,34.81,80.75,,2322.0890000000004,0.23498233215547704
3095.3,2326.789,16.647,33.13,82.05,,2322.0890000000004,0.2441696113074205
3095.4,2326.788,16.587,33.12,81.99,,2322.088,0.24374558303886923
3095.5,2326.787,16.499,33.1,81.77,,2322.087,0.24219081272084803
3095.6,2326.786,16.496,33.09,81.87,,2322.0860000000002,0.24289752650176683
3095.7,2326.786,15.998,33.28,81.98,,2322.0860000000002,0.24367491166077743
3095.8,2326.785,15.288,33.31,82.01,,2322.085,0.24388692579505303
3095.9,2326.784,14.476,33.3,81.14,,2322.0840000000003,0.23773851590106007
3096.0,2326.784,14.478,33.61,80.72,,2322.0840000000003,0.2347703180212014
3096.1,2326.783,13.881,33.69,80.37,,2322.083,0.2322968197879859
3096.2,2326.782,14.236,34.3,79.91,,2322.0820000000003,0.22904593639575968
3096.3,2326.782,14.754,34.46,79.08,,2322.0820000000003,0.22318021201413427
3096.4,2326.781,15.512,34.63,79.13,,2322.081,0.2235335689045936
3096.5,2326.78,16.49,34.73,79.21,,2322.0800000000004,0.22409893992932858
3096.6,2326.78,17.488,35.15,79.86,,2322.0800000000004,0.22869257950530034
3096.7,2326.779,18.488,35.15,80.02,,2322.079,0.22982332155477028
3096.8,2326.778,19.019,35.15,81.71,,2322.078,0.24176678445229677
3096.9,2326.778,19.438,35.67,82.78,,2322.078,0.2493286219081272
3097.0,2326.777,19.375,36.04,83.15,,2322.077,0.25194346289752656
3097.1,2326.776,19.458,36.47,83.76,,2322.076,0.25625441696113077
3097.2,2326.776,19.5,36.63,84.76,,2322.076,0.26332155477031804
3097.3,2326.775,19.875,37.11,84.93,,2322.0750000000003,0.2645229681978799
3097.4,2326.774,20.195,36.28,84.61,,2322.074,0.2622614840989399
3097.5,2326.774,20.251,36.16,84.24,,2322.074,0.2596466431095406
3097.6,2326.773,20.49,35.46,84.3,,2322.0730000000003,0.26007067137809187
3097.7,2326.772,20.329,35.07,83.95,,2322.072,0.25759717314487635
3097.8,2326.772,20.074,34.69,81.94,,2322.072,0.24339222614840988
3097.9,2326.771,19.447,34.9,80.98,,2322.0710000000004,0.23660777385159013
3098.0,2326.771,18.524,35.55,77.97,,2322.0710000000004,0.2153356890459364
3098.1,2326.77,17.444,35.55,77.44,,2322.07,0.21159010600706712
3098.2,2326.769,16.715,36.0,75.8,,2322.069,0.19999999999999998
3098.3,2326.769,16.581,36.46,75.8,,2322.069,0.19999999999999998
3098.4,2326.768,15.977,37.21,74.89,,2322.068,0.19356890459363957
3098.5,2326.768,16.214,36.71,73.11,,2322.068,0.18098939929328622
3098.6,2326.767,16.29,36.8,72.73,,2322.067,0.17830388692579507
3098.7,2326.766,17.156,36.45,73.82,,2322.0660000000003,0.18600706713780915
3098.8,2326.766,17.652,36.14,73.75,,2322.0660000000003,0.1855123674911661
3098.9,2326.765,17.664,34.46,72.83,,2322.065,0.17901060070671376
3099.0,2326.765,17.657,33.21,74.47,,2322.065,0.1906007067137809
3099.1,2326.764,17.904,33.03,75.53,,2322.0640000000003,0.19809187279151944
3099.2,2326.763,17.425,32.92,75.59,,2322.063,0.1985159010600707
3099.3,2326.763,16.434,32.9,75.59,,2322.063,0.1985159010600707
3099.4,2326.762,16.502,32.96,77.09,,2322.0620000000004,0.2091166077738516
3099.5,2326.762,16.382,33.99,80.13,,2322.0620000000004,0.23060070671378088
3099.6,2326.761,16.89,34.32,80.18,,2322.061,0.23095406360424034
3099.7,2326.761,16.826,34.7,80.35,,2322.061,0.2321554770318021
3099.8,2326.76,16.986,36.01,80.21,,2322.0600000000004,0.23116607773851586
3099.9,2326.76,17.469,37.18,80.18,,2322.0600000000004,0.23095406360424034
3100.0,2326.759,17.033,37.57,80.14,,2322.059,0.2306713780918728
3100.1,2326.759,16.294,38.38,79.98,,2322.059,0.22954063604240285
3100.2,2326.758,15.724,37.76,79.93,,2322.058,0.2291872791519435
3100.3,2326.758,15.119,37.65,79.89,,2322.058,0.22890459363957597
3100.4,2326.757,14.8,37.19,79.75,,2322.0570000000002,0.22791519434628976
3100.5,2326.757,14.268,36.35,79.85,,2322.0570000000002,0.22862190812720845
3100.6,2326.756,14.374,35.99,79.86,,2322.056,0.22869257950530034
3100.7,2326.756,14.616,36.1,79.91,,2322.056,0.22904593639575968
3100.8,2326.755,15.157,35.27,80.0,,2322.0550000000003,0.22968197879858657
3100.9,2326.755,15.778,35.49,80.07,,2322.0550000000003,0.23017667844522963
3101.0,2326.754,16.658,35.27,80.1,,2322.054,0.23038869257950526
3101.1,2326.754,17.831,35.21,80.35,,2322.054,0.2321554770318021
3101.2,2326.753,18.378,36.29,81.63,,2322.0530000000003,0.2412014134275618
3101.3,2326.753,19.056,35.95,81.93,,2322.0530000000003,0.24332155477031808
3101.4,2326.752,19.021,35.82,82.23,,2322.052,0.24544169611307423
3101.5,2326.752,19.376,37.3,83.41,,2322.052,0.2537809187279152
3101.6,2326.751,19.16,42.77,81.91,,2322.0510000000004,0.24318021201413426
3101.7,2326.751,19.448,43.11,81.54,,2322.0510000000004,0.24056537102473502
3101.8,2326.75,19.379,43.2,81.07,,2322.05,0.2372438162544169
3101.9,2326.75,19.419,43.3,80.35,,2322.05,0.2321554770318021
3102.0,2326.749,19.576,43.62,79.99,,2322.049,0.22961130742049465
3102.1,2326.749,19.432,43.97,79.92,,2322.049,0.2291166077738516
3102.2,2326.749,19.236,43.72,79.17,,2322.049,0.22381625441696115
3102.3,2326.748,18.737,43.37,79.24,,2322.0480000000002,0.2243109540636042
3102.4,2326.748,19.039,42.77,79.3,,2322.0480000000002,0.22473498233215547
3102.5,2326.747,18.729,42.98,79.34,,2322.047,0.22501766784452298
3102.6,2326.747,18.472,36.38,79.52,,2322.047,0.22628975265017665
3102.7,2326.746,18.515,36.28,79.53,,2322.0460000000003,0.22636042402826856
3102.8,2326.746,19.06,36.21,79.53,,2322.0460000000003,0.22636042402826856
3102.9,2326.746,19.275,35.57,79.59,,2322.0460000000003,0.22678445229681982
3103.0,2326.745,19.499,36.79,79.59,,2322.045,0.22678445229681982
3103.1,2326.745,20.137,36.75,79.59,,2322.045,0.22678445229681982
3103.2,2326.744,17.396,36.78,79.41,,2322.0440000000003,0.22551236749116604
3103.3,2326.744,15.586,36.09,79.41,,2322.0440000000003,0.22551236749116604
3103.4,2326.744,14.494,36.01,79.4,,2322.0440000000003,0.22544169611307424
3103.5,2326.743,13.568,35.31,79.46,,2322.043,0.2258657243816254
3103.6,2326.743,12.352,34.76,79.44,,2322.043,0.22572438162544167
3103.7,2326.742,12.332,34.06,79.67,,2322.0420000000004,0.2273498233215548
3103.8,2326.742,12.667,34.17,79.77,,2322.0420000000004,0.22805653710247348
3103.9,2326.742,13.886,34.23,79.92,,2322.0420000000004,0.2291166077738516
3104.0,2326.741,14.887,33.71,79.97,,2322.041,0.22946996466431094
3104.1,2326.741,15.729,34.12,80.06,,2322.041,0.23010600706713782
3104.2,2326.741,19.166,34.59,80.21,,2322.041,0.23116607773851586
3104.3,2326.74,20.86,36.11,80.14,,2322.04,0.2306713780918728
3104.4,2326.74,19.318,36.21,79.98,,2322.04,0.22954063604240285
3104.5,2326.74,18.365,37.11,79.92,,2322.04,0.2291166077738516
3104.6,2326.739,9.275,38.54,79.88,,2322.039,0.22883392226148408
3104.7,2326.739,8.314,38.7,79.62,,2322.039,0.22699646643109544
3104.8,2326.739,7.3,39.53,79.61,,2322.039,0.22692579505300353
3104.9,2326.738,6.69,40.11,79.61,,2322.038,0.22692579505300353
3105.0,2326.738,6.295,40.34,79.59,,2322.038,0.22678445229681982
3105.1,2326.738,6.55,40.41,79.61,,2322.038,0.22692579505300353
3105.2,2326.737,6.972,40.21,79.62,,2322.0370000000003,0.22699646643109544
3105.3,2326.737,7.783,40.51,79.62,,2322.0370000000003,0.22699646643109544
3105.4,2326.737,8.718,40.28,79.64,,2322.0370000000003,0.22713780918727916
3105.5,2326.736,9.643,40.17,79.46,,2322.036,0.2258657243816254
3105.6,2326.736,24.786,39.97,79.44,,2322.036,0.22572438162544167
3105.7,2326.736,24.671,39.95,79.4,,2322.036,0.22544169611307424
3105.8,2326.736,23.448,40.03,79.36,,2322.036,0.2251590106007067
3105.9,2326.735,22.094,40.13,79.33,,2322.0350000000003,0.22494699646643107
3106.0,2326.735,20.878,41.27,79.33,,2322.0350000000003,0.22494699646643107
3106.1,2326.735,7.766,41.52,79.28,,2322.0350000000003,0.22459363957597173
3106.2,2326.734,6.152,42.8,79.34,,2322.034,0.22501766784452298
3106.3,2326.734,4.919,43.13,79.36,,2322.034,0.2251590106007067
3106.4,2326.734,4.133,43.4,79.37,,2322.034,0.2252296819787986
3106.5,2326.734,3.385,43.45,79.56,,2322.034,0.2265724381625442
3106.6,2326.733,3.015,43.92,79.57,,2322.0330000000004,0.226643109540636
3106.7,2326.733,3.323,42.73,80.0,,2322.0330000000004,0.22968197879858657
3106.8,2326.733,3.851,41.2,80.1,,2322.0330000000004,0.23038869257950526
3106.9,2326.733,4.409,40.58,80.18,,2322.0330000000004,0.23095406360424034
3107.0,2326.733,5.26,39.12,80.44,,2322.0330000000004,0.23279151943462895
3107.1,2326.732,12.857,38.68,80.6,,2322.032,0.2339222614840989
3107.2,2326.732,16.424,38.7,80.87,,2322.032,0.23583038869257955
3107.3,2326.732,18.283,37.82,80.86,,2322.032,0.23575971731448764
3107.4,2326.732,20.452,38.15,80.87,,2322.032,0.23583038869257955
3107.5,2326.731,5.158,38.3,80.95,,2322.0310000000004,0.2363957597173145
3107.6,2326.731,4.479,38.58,80.9,,2322.0310000000004,0.23604240282685515
3107.7,2326.731,3.771,38.48,80.84,,2322.0310000000004,0.23561837455830392
3107.8,2326.731,3.246,39.11,80.91,,2322.0310000000004,0.23611307420494698
3107.9,2326.731,2.854,39.26,80.89,,2322.0310000000004,0.23597173144876327
3108.0,2326.73,2.999,39.08,80.84,,2322.03,0.23561837455830392
3108.1,2326.73,3.599,39.3,80.83,,2322.03,0.235547703180212
3108.2,2326.73,4.279,39.2,80.85,,2322.03,0.23568904593639572
3108.3,2326.73,5.025,39.48,80.53,,2322.03,0.23342756183745583
3108.4,2326.73,5.727,39.06,80.52,,2322.03,0.23335689045936392
3108.5,2326.73,20.315,38.89,79.32,,2322.03,0.22487632508833919
3108.6,2326.729,20.525,38.65,79.08,,2322.029,0.22318021201413427
3108.7,2326.729,21.341,38.45,78.86,,2322.029,0.22162544169611306
3108.8,2326.729,21.989,37.34,78.5,,2322.029,0.21908127208480566
3108.9,2326.729,22.786,36.58,76.82,,2322.029,0.20720848056537097
3109.0,2326.729,23.582,36.25,76.37,,2322.029,0.2040282685512368
3109.1,2326.729,24.969,35.42,76.21,,2322.029,0.20289752650176673
3109.2,2326.728,26.174,34.14,76.03,,2322.0280000000002,0.20162544169611307
3109.3,2326.728,27.031,33.8,74.94,,2322.0280000000002,0.1939222614840989
3109.4,2326.728,28.074,33.25,73.41,,2322.0280000000002,0.18310954063604237
3109.5,2326.728,28.718,32.44,72.3,,2322.0280000000002,0.1752650176678445
3109.6,2326.728,28.569,32.48,71.71,,2322.0280000000002,0.17109540636042397
3109.7,2326.728,28.376,32.48,71.14,,2322.0280000000002,0.16706713780918728
3109.8,2326.728,27.372,33.64,71.6,,2322.0280000000002,0.1703180212014134
3109.9,2326.728,26.498,33.73,71.16,,2322.0280000000002,0.167208480565371
3110.0,2326.727,26.176,34.38,71.74,,2322.027,0.1713074204946996
3110.1,2326.727,26.168,35.19,72.93,,2322.027,0.17971731448763256
3110.2,2326.727,10.735,36.25,73.42,,2322.027,0.18318021201413429
3110.3,2326.727,8.833,35.9,73.75,,2322.027,0.1855123674911661
3110.4,2326.727,7.68,35.86,73.91,,2322.027,0.186643109540636
3110.5,2326.727,6.83,35.27,73.75,,2322.027,0.1855123674911661
3110.6,2326.727,6.234,34.65,73.56,,2322.027,0.18416961130742052
3110.7,2326.727,5.213,34.2,73.15,,2322.027,0.18127208480565374
3110.8,2326.727,5.938,33.44,72.22,,2322.027,0.17469964664310952
3110.9,2326.727,6.666,34.29,72.11,,2322.027,0.17392226148409892
3111.0,2326.727,7.546,34.35,72.11,,2322.027,0.17392226148409892
3111.1,2326.727,8.547,34.6,70.62,,2322.027,0.16339222614840992
3111.2,2326.727,19.527,34.84,70.67,,2322.027,0.16374558303886927
3111.3,2326.727,24.84,35.1,70.72,,2322.027,0.1640989399293286
3111.4,2326.727,26.254,35.17,70.93,,2322.027,0.165583038869258
3111.5,2326.727,27.063,35.31,70.93,,2322.027,0.165583038869258
3111.6,2326.727,27.485,35.21,70.93,,2322.027,0.165583038869258
3111.7,2326.727,27.851,35.21,70.93,,2322.027,0.165583038869258
3111.8,2326.727,27.83,35.05,70.84,,2322.027,0.16494699646643113
3111.9,2326.728,28.465,34.52,70.83,,2322.0280000000002,0.16487632508833922
3112.0,2326.728,28.251,34.53,70.81,,2322.0280000000002,0.1647349823321555
3112.1,2326.728,28.204,34.83,70.79,,2322.0280000000002,0.16459363957597178
3112.2,2326.728,27.484,34.79,70.76,,2322.0280000000002,0.16438162544169616
3112.3,2326.728,26.29,34.83,70.75,,2322.0280000000002,0.16431095406360424
3112.4,2326.728,25.877,35.14,70.78,,2322.0280000000002,0.16452296819787987
3112.5,2326.728,25.892,35.39,70.77,,2322.0280000000002,0.16445229681978796
3112.6,2326.729,25.628,35.6,70.79,,2322.029,0.16459363957597178
3112.7,2326.729,26.494,35.78,70.74,,2322.029,0.16424028268551233
3112.8,2326.729,27.439,36.29,70.79,,2322.029,0.16459363957597178
3112.9,2326.729,27.997,37.39,70.76,,2322.029,0.16438162544169616
3113.0,2326.73,29.434,36.76,70.73,,2322.03,0.16416961130742053
3113.1,2326.73,29.736,36.33,72.16,,2322.03,0.17427561837455827
3113.2,2326.73,30.532,36.05,72.31,,2322.03,0.1753356890459364
3113.3,2326.73,30.498,35.95,72.78,,2322.03,0.17865724381625442
3113.4,2326.731,30.526,33.41,73.83,,2322.0310000000004,0.18607773851590104
3113.5,2326.731,29.671,33.5,74.26,,2322.0310000000004,0.1891166077738516
3113.6,2326.731,29.157,33.4,74.53,,2322.0310000000004,0.19102473498233216
3113.7,2326.732,28.67,32.82,75.62,,2322.032,0.19872791519434632
3113.8,2326.732,27.642,32.6,76.47,,2322.032,0.20473498233215548
3113.9,2326.732,27.854,33.64,76.68,,2322.032,0.20621908127208485
3114.0,2326.733,27.266,33.98,77.01,,2322.0330000000004,0.20855123674911663
3114.1,2326.733,26.957,33.95,77.82,,2322.0330000000004,0.21427561837455825
3114.2,2326.733,25.77,34.31,78.17,,2322.0330000000004,0.21674911660777385
3114.3,2326.734,25.987,34.58,78.24,,2322.034,0.21724381625441694
3114.4,2326.734,25.527,34.91,77.76,,2322.034,0.2138515901060071
3114.5,2326.734,25.34,34.45,77.32,,2322.034,0.2107420494699646
3114.6,2326.735,25.005,33.68,76.87,,2322.0350000000003,0.20756183745583043
3114.7,2326.735,24.951,33.55,74.87,,2322.0350000000003,0.19342756183745585
3114.8,2326.736,25.087,33.46,72.9,,2322.036,0.17950530035335693
3114.9,2326.736,24.929,32.83,72.66,,2322.036,0.17780918727915193
3115.0,2326.737,25.226,33.07,72.27,,2322.0370000000003,0.17505300353356887
3115.1,2326.737,26.169,33.41,72.41,,2322.0370000000003,0.1760424028268551
3115.2,2326.738,26.9,33.61,72.35,,2322.038,0.17561837455830384
3115.3,2326.738,27.121,34.56,72.44,,2322.038,0.17625441696113073
3115.4,2326.739,28.311,34.97,72.37,,2322.039,0.17575971731448767
3115.5,2326.739,28.017,35.38,72.77,,2322.039,0.1785865724381625
3115.6,2326.74,28.474,36.01,72.48,,2322.04,0.17653710247349827
3115.7,2326.74,28.62,35.97,72.66,,2322.04,0.17780918727915193
3115.8,2326.741,28.909,35.72,72.73,,2322.041,0.17830388692579507
3115.9,2326.741,28.813,35.35,72.94,,2322.041,0.17978798586572436
3116.0,2326.742,29.146,35.73,72.71,,2322.0420000000004,0.17816254416961128
3116.1,2326.743,28.29,36.09,71.44,,2322.043,0.16918727915194345
3116.2,2326.743,27.76,36.59,71.6,,2322.043,0.1703180212014134
3116.3,2326.744,26.74,36.61,72.21,,2322.0440000000003,0.1746289752650176
3116.4,2326.744,25.642,36.93,72.14,,2322.0440000000003,0.17413427561837455
3116.5,2326.745,24.7,37.02,71.88,,2322.045,0.17229681978798583
3116.6,2326.746,23.621,36.44,73.57,,2322.0460000000003,0.18424028268551232
3116.7,2326.746,22.7,36.13,74.12,,2322.0460000000003,0.1881272084805654
3116.8,2326.747,21.877,35.49,74.52,,2322.047,0.19095406360424025
3116.9,2326.748,18.094,35.41,74.75,,2322.0480000000002,0.19257950530035337
3117.0,2326.748,16.837,34.78,75.0,,2322.0480000000002,0.19434628975265017
3117.1,2326.749,16.088,34.49,75.48,,2322.049,0.1977385159010601
3117.2,2326.75,14.945,34.14,75.46,,2322.05,0.1975971731448763
3117.3,2326.751,13.537,34.64,75.49,,2322.0510000000004,0.1978091872791519
3117.4,2326.751,14.087,35.47,75.47,,2322.0510000000004,0.19766784452296818
3117.5,2326.752,15.94,35.31,75.46,,2322.052,0.1975971731448763
3117.6,2326.753,16.955,35.77,73.77,,2322.0530000000003,0.1856537102473498
3117.7,2326.754,18.624,36.07,73.32,,2322.054,0.1824734982332155
3117.8,2326.754,20.56,35.91,72.59,,2322.054,0.17731448763250887
3117.9,2326.755,25.934,35.57,72.07,,2322.0550000000003,0.1736395759717314
3118.0,2326.756,26.197,36.64,71.43,,2322.056,0.16911660777385165
3118.1,2326.757,27.262,38.44,71.36,,2322.0570000000002,0.16862190812720848
3118.2,2326.758,28.112,38.78,70.85,,2322.058,0.16501766784452293
3118.3,2326.759,28.821,39.09,70.85,,2322.059,0.16501766784452293
3118.4,2326.759,29.396,40.11,70.86,,2322.059,0.16508833922261484
3118.5,2326.76,29.695,40.3,70.84,,2322.0600000000004,0.16494699646643113
3118.6,2326.761,30.558,40.41,71.81,,2322.061,0.17180212014134277
3118.7,2326.762,29.18,40.62,71.9,,2322.0620000000004,0.17243816254416966
3118.8,2326.763,26.331,40.13,72.09,,2322.063,0.1737809187279152
3118.9,2326.764,25.266,40.04,73.2,,2322.0640000000003,0.18162544169611308
3119.0,2326.765,24.237,40.06,73.58,,2322.065,0.18431095406360423
3119.1,2326.766,21.917,39.42,73.76,,2322.0660000000003,0.18558303886925798
3119.2,2326.767,20.52,39.22,73.9,,2322.067,0.1865724381625442
3119.3,2326.768,20.14,40.33,74.85,,2322.068,0.19328621908127205
3119.4,2326.769,19.965,41.31,74.76,,2322.069,0.19265017667844528
3119.5,2326.77,19.924,41.71,74.73,,2322.07,0.19243816254416965
3119.6,2326.771,19.872,42.12,74.64,,2322.0710000000004,0.19180212014134276
3119.7,2326.772,20.961,42.5,73.79,,2322.072,0.1857950530035336
3119.8,2326.773,22.812,42.97,73.66,,2322.0730000000003,0.1848763250883392
3119.9,2326.774,22.791,42.85,72.65,,2322.074,0.1777385159010601
3120.0,2326.775,22.764,42.67,72.17,,2322.0750000000003,0.17434628975265018
3120.1,2326.776,23.529,42.44,71.91,,2322.076,0.17250883392226146
3120.2,2326.777,23.347,42.05,72.07,,2322.077,0.1736395759717314
3120.3,2326.778,23.656,41.55,71.98,,2322.078,0.17300353356890463
3120.4,2326.779,22.176,40.72,73.62,,2322.079,0.18459363957597177
3120.5,2326.78,5.129,40.45,74.06,,2322.0800000000004,0.18770318021201415
3120.6,2326.781,4.458,40.34,74.73,,2322.081,0.19243816254416965
3120.7,2326.782,3.905,39.85,75.72,,2322.0820000000003,0.199434628975265
3120.8,2326.784,3.209,39.47,76.45,,2322.0840000000003,0.20459363957597176
3120.9,2326.785,2.746,39.65,77.66,,2322.085,0.21314487632508833
3121.0,2326.786,2.42,40.0,78.72,,2322.0860000000002,0.22063604240282686
3121.1,2326.787,2.788,40.12,78.8,,2322.087,0.2212014134275618
3121.2,2326.788,3.282,40.4,79.79,,2322.088,0.22819787985865728
3121.3,2326.79,3.856,41.57,79.05,,2322.09,0.22296819787985864
3121.4,2326.791,4.684,42.19,78.49,,2322.0910000000003,0.21901060070671374
3121.5,2326.792,25.449,42.8,78.3,,2322.092,0.21766784452296817
3121.6,2326.793,26.151,42.71,77.35,,2322.0930000000003,0.21095406360424024
3121.7,2326.794,26.232,42.45,77.19,,2322.094,0.2098233215547703
3121.8,2326.796,26.015,42.17,76.99,,2322.096,0.20840989399293283
3121.9,2326.797,26.108,41.73,76.91,,2322.097,0.20784452296819786
3122.0,2326.798,25.999,41.03,76.8,,2322.098,0.20706713780918726
3122.1,2326.799,25.351,40.64,77.0,,2322.099,0.20848056537102475
3122.2,2326.801,25.531,40.41,77.12,,2322.101,0.20932862190812723
3122.3,2326.802,25.59,39.81,77.34,,2322.1020000000003,0.21088339222614844
3122.4,2326.803,25.436,40.16,77.04,,2322.103,0.20876325088339226
3122.5,2326.805,25.546,40.12,76.96,,2322.105,0.2081978798586572
3122.6,2326.806,25.996,39.95,77.01,,2322.106,0.20855123674911663
3122.7,2326.807,26.56,40.24,76.63,,2322.107,0.2058657243816254
3122.8,2326.809,26.904,40.26,76.32,,2322.1090000000004,0.20367491166077734
3122.9,2326.81,28.105,39.93,75.58,,2322.11,0.19844522968197878
3123.0,2326.812,29.187,40.02,75.55,,2322.112,0.19823321554770315
3123.1,2326.813,29.526,39.85,74.8,,2322.1130000000003,0.1929328621908127
3123.2,2326.814,29.489,39.55,74.76,,2322.114,0.19265017667844528
3123.3,2326.816,30.037,39.63,76.16,,2322.116,0.2025441696113074
3123.4,2326.817,29.398,39.36,76.83,,2322.117,0.20727915194346289
3123.5,2326.819,29.273,39.51,77.92,,2322.119,0.21498233215547705
3123.6,2326.82,28.996,39.38,78.37,,2322.1200000000003,0.21816254416961134
3123.7,2326.822,28.534,39.79,78.77,,2322.1220000000003,0.2209893992932862
3123.8,2326.823,28.296,39.56,79.1,,2322.123,0.22332155477031798
3123.9,2326.825,28.4,39.78,79.83,,2322.125,0.22848056537102474
3124.0,2326.826,28.726,39.21,79.82,,2322.126,0.22840989399293282
3124.1,2326.828,29.222,39.13,79.74,,2322.128,0.22784452296819785
3124.2,2326.829,29.258,38.73,79.67,,2322.1290000000004,0.2273498233215548
3124.3,2326.831,29.115,38.7,79.58,,2322.1310000000003,0.2267137809187279
3124.4,2326.832,29.54,38.67,79.54,,2322.132,0.22643109540636047
3124.5,2326.834,29.049,37.94,79.41,,2322.134,0.22551236749116604
3124.6,2326.836,28.791,37.54,79.48,,2322.136,0.22600706713780921
3124.7,2326.837,28.607,37.16,79.51,,2322.137,0.22621908127208484
3124.8,2326.839,27.924,37.5,79.53,,2322.139,0.22636042402826856
3124.9,2326.84,27.336,36.87,78.62,,2322.1400000000003,0.21992932862190817
3125.0,2326.842,26.563,37.12,78.47,,2322.1420000000003,0.21886925795053003
3125.1,2326.844,26.419,37.34,78.12,,2322.1440000000002,0.2163957597173145
3125.2,2326.845,25.857,38.01,77.67,,2322.145,0.2132155477031802
3125.3,2326.847,26.083,36.61,76.6,,2322.1470000000004,0.2056537102473498
3125.4,2326.849,26.418,36.23,76.08,,2322.1490000000003,0.20197879858657242
3125.5,2326.85,26.845,36.5,75.94,,2322.15,0.20098939929328621
3125.6,2326.852,26.442,36.29,76.24,,2322.152,0.20310954063604236
3125.7,2326.854,26.887,36.02,76.42,,2322.154,0.20438162544169614
3125.8,2326.855,27.075,36.66,77.09,,2322.155,0.2091166077738516
3125.9,2326.857,26.624,38.0,77.95,,2322.157,0.21519434628975267
3126.0,2326.859,27.456,38.49,78.67,,2322.159,0.22028268551236752
3126.1,2326.861,27.482,39.04,78.86,,2322.161,0.22162544169611306
3126.2,2326.862,27.928,39.56,79.04,,2322.1620000000003,0.22289752650176684
3126.3,2326.864,28.092,41.86,79.33,,2322.164,0.22494699646643107
3126.4,2326.866,28.092,40.91,80.03,,2322.166,0.2298939929328622
3126.5,2326.868,28.413,39.6,80.16,,2322.168,0.2308127208480565
3126.6,2326.87,28.057,39.08,80.22,,2322.17,0.23123674911660777
3126.7,2326.871,27.586,38.59,80.19,,2322.1710000000003,0.23102473498233214
3126.8,2326.873,27.143,37.84,80.29,,2322.1730000000002,0.23173144876325094
3126.9,2326.875,26.977,36.96,80.31,,2322.175,0.23187279151943466
3127.0,2326.877,26.578,36.67,80.33,,2322.177,0.23201413427561837
3127.1,2326.879,26.385,36.41,80.26,,2322.179,0.2315194346289753
3127.2,2326.881,25.946,36.38,79.52,,2322.181,0.22628975265017665
3127.3,2326.883,26.048,36.34,79.4,,2322.183,0.22544169611307424
3127.4,2326.884,26.51,36.32,78.68,,2322.184,0.2203533568904594
3127.5,2326.886,26.526,36.1,78.01,,2322.186,0.21561837455830393
3127.6,2326.888,26.84,36.22,77.39,,2322.188,0.21123674911660778
3127.7,2326.89,26.721,36.86,77.02,,2322.19,0.20862190812720846
3127.8,2326.892,26.192,37.32,77.39,,2322.192,0.21123674911660778
3127.9,2326.894,25.349,37.63,76.94,,2322.194,0.2080565371024735
3128.0,2326.896,23.564,38.3,77.19,,2322.1960000000004,0.2098233215547703
3128.1,2326.898,22.883,37.98,77.8,,2322.1980000000003,0.21413427561837453
3128.2,2326.9,21.67,37.85,78.5,,2322.2000000000003,0.21908127208480566
3128.3,2326.902,19.924,37.59,78.82,,2322.202,0.22134275618374555
3128.4,2326.904,18.426,37.3,79.49,,2322.204,0.22607773851590102
3128.5,2326.906,17.531,37.04,79.66,,2322.206,0.22727915194346288
3128.6,2326.908,16.959,36.83,80.18,,2322.208,0.23095406360424034
3128.7,2326.91,16.543,37.8,80.22,,2322.21,0.23123674911660777
3128.8,2326.912,16.458,38.16,80.14,,2322.212,0.2306713780918728
3128.9,2326.914,16.727,38.67,80.08,,2322.2140000000004,0.23024734982332154
3129.0,2326.916,17.385,39.29,80.08,,2322.2160000000003,0.23024734982332154
3129.1,2326.919,17.831,40.71,79.94,,2322.219,0.2292579505300353
3129.2,2326.921,18.312,39.69,79.92,,2322.221,0.2291166077738516
3129.3,2326.923,18.745,39.15,79.6,,2322.223,0.22685512367491162
3129.4,2326.925,18.997,38.91,79.55,,2322.2250000000004,0.22650176678445227
3129.5,2326.927,19.0,38.84,79.49,,2322.2270000000003,0.22607773851590102
3129.6,2326.929,17.905,38.54,79.38,,2322.2290000000003,0.22530035335689041
3129.7,2326.931,16.46,38.01,79.28,,2322.231,0.22459363957597173
3129.8,2326.934,11.808,37.94,79.06,,2322.2340000000004,0.22303886925795055
3129.9,2326.936,9.892,37.97,79.08,,2322.2360000000003,0.22318021201413427
3130.0,2326.938,8.735,37.82,78.95,,2322.2380000000003,0.22226148409893995
3130.1,2326.94,7.901,37.42,79.0,,2322.2400000000002,0.2226148409893993
3130.2,2326.942,7.173,36.96,79.18,,2322.242,0.22388692579505307
3130.3,2326.945,6.989,37.21,79.36,,2322.2450000000003,0.2251590106007067
3130.4,2326.947,7.638,36.96,79.73,,2322.2470000000003,0.22777385159010605
3130.5,2326.949,8.399,36.86,79.82,,2322.2490000000003,0.22840989399293282
3130.6,2326.951,9.288,37.47,79.89,,2322.251,0.22890459363957597
3130.7,2326.954,10.383,37.25,79.95,,2322.2540000000004,0.22932862190812722
3130.8,2326.956,10.462,37.45,80.17,,2322.2560000000003,0.23088339222614843
3130.9,2326.958,10.699,37.68,80.22,,2322.2580000000003,0.23123674911660777
3131.0,2326.961,10.225,37.7,80.53,,2322.261,0.23342756183745583
3131.1,2326.963,9.533,37.42,80.57,,2322.2630000000004,0.23371024734982326
3131.2,2326.965,9.053,37.47,80.85,,2322.2650000000003,0.23568904593639572
3131.3,2326.968,9.439,37.9,80.72,,2322.268,0.2347703180212014
3131.4,2326.97,10.77,37.96,80.82,,2322.27,0.2354770318021201
3131.5,2326.972,11.953,37.05,80.87,,2322.2720000000004,0.23583038869257955
3131.6,2326.975,13.341,37.13,80.71,,2322.275,0.2346996466431095
3131.7,2326.977,14.643,37.14,80.65,,2322.277,0.23427561837455835
3131.8,2326.98,23.764,37.64,80.47,,2322.28,0.23300353356890458
3131.9,2326.982,24.712,37.47,81.01,,2322.282,0.23681978798586575
3132.0,2326.984,24.523,37.68,80.92,,2322.284,0.23618374558303887
3132.1,2326.987,24.552,37.95,81.28,,2322.2870000000003,0.2387279151943463
3132.2,2326.989,24.265,38.02,81.48,,2322.289,0.24014134275618376
3132.3,2326.992,23.654,37.86,82.0,,2322.2920000000004,0.24381625441696114
3132.4,2326.994,22.893,37.8,81.96,,2322.2940000000003,0.2435335689045936
3132.5,2326.997,22.879,38.22,82.01,,2322.297,0.24388692579505303
3132.6,2326.999,22.829,38.1,82.03,,2322.299,0.24402826855123674
3132.7,2327.002,22.951,38.31,82.03,,2322.302,0.24402826855123674
3132.8,2327.004,21.809,37.92,82.34,,2322.304,0.24621908127208483
3132.9,2327.007,20.548,38.31,82.23,,2322.3070000000002,0.24544169611307423
3133.0,2327.009,19.46,38.5,82.09,,2322.309,0.244452296819788
3133.1,2327.012,18.234,38.07,81.63,,2322.3120000000004,0.2412014134275618
3133.2,2327.015,16.884,38.08,81.63,,2322.315,0.2412014134275618
3133.3,2327.017,14.407,37.87,80.62,,2322.317,0.23406360424028272
3133.4,2327.02,13.137,37.79,80.35,,2322.32,0.2321554770318021
3133.5,2327.022,11.986,37.06,80.15,,2322.322,0.2307420494699647
3133.6,2327.025,11.36,36.79,79.97,,2322.3250000000003,0.22946996466431094
3133.7,2327.028,10.668,36.24,79.76,,2322.328,0.22798586572438165
3133.8,2327.03,10.366,36.16,77.69,,2322.3300000000004,0.21335689045936393
3133.9,2327.033,10.99,35.15,76.25,,2322.333,0.20318021201413428
3134.0,2327.036,11.713,35.0,74.8,,2322.3360000000002,0.1929328621908127
3134.1,2327.038,12.748,34.76,72.72,,2322.338,0.17823321554770316
3134.2,2327.041,13.704,34.11,72.06,,2322.3410000000003,0.1735689045936396
3134.3,2327.044,15.779,33.33,70.42,,2322.344,0.16197879858657244
3134.4,2327.046,16.807,32.98,70.74,,2322.346,0.16424028268551233
3134.5,2327.049,17.266,32.46,71.06,,2322.349,0.1665017667844523
3134.6,2327.052,16.88,32.3,70.95,,2322.3520000000003,0.1657243816254417
3134.7,2327.055,16.265,32.68,72.84,,2322.355,0.17908127208480568
3134.8,2327.057,15.502,33.21,74.52,,2322.357,0.19095406360424025
3134.9,2327.06,13.92,36.09,75.23,,2322.36,0.1959717314487633
3135.0,2327.063,12.398,36.9,74.71,,2322.3630000000003,0.19229681978798582
3135.1,2327.066,11.885,37.65,75.96,,2322.366,0.20113074204946993
3135.2,2327.068,11.297,38.47,74.76,,2322.3680000000004,0.19265017667844528
3135.3,2327.071,10.667,38.93,73.56,,2322.371,0.18416961130742052
3135.4,2327.074,10.355,39.23,73.9,,2322.3740000000003,0.1865724381625442
3135.5,2327.077,10.559,39.41,73.98,,2322.3770000000004,0.18713780918727918
3135.6,2327.08,11.1,39.63,74.1,,2322.38,0.18798586572438158
3135.7,2327.083,11.544,39.93,73.47,,2322.3830000000003,0.18353356890459363
3135.8,2327.086,12.277,40.46,74.93,,2322.386,0.1938515901060071
3135.9,2327.088,14.142,43.7,76.39,,2322.3880000000004,0.2041696113074205
3136.0,2327.091,15.77,44.58,77.72,,2322.391,0.21356890459363956
3136.1,2327.094,16.715,45.87,78.13,,2322.3940000000002,0.21646643109540634
3136.2,2327.097,18.419,45.54,79.43,,2322.3970000000004,0.22565371024734987
3136.3,2327.1,19.932,45.32,80.18,,2322.4,0.23095406360424034
3136.4,2327.103,20.646,45.54,80.28,,2322.4030000000002,0.23166077738515903
3136.5,2327.106,22.075,45.91,81.41,,2322.4060000000004,0.23964664310954062
3136.6,2327.109,22.91,45.22,81.76,,2322.409,0.24212014134275622
3136.7,2327.112,23.974,44.79,82.08,,2322.4120000000003,0.2443816254416961
3136.8,2327.115,23.92,44.89,82.53,,2322.415,0.2475618374558304
3136.9,2327.118,23.563,45.55,82.92,,2322.418,0.25031802120141344
3137.0,2327.121,22.71,46.07,83.11,,2322.4210000000003,0.251660777385159
3137.1,2327.124,21.465,45.99,82.7,,2322.424,0.24876325088339224
3137.2,2327.127,19.97,46.8,82.08,,2322.427,0.2443816254416961
3137.3,2327.13,18.907,47.39,81.48,,2322.4300000000003,0.24014134275618376
3137.4,2327.133,18.513,46.63,81.45,,2322.433,0.23992932862190816
3137.5,2327.136,17.596,45.38,81.11,,2322.436,0.23752650176678444
3137.6,2327.139,17.586,45.03,80.84,,2322.4390000000003,0.23561837455830392
3137.7,2327.142,17.756,45.01,80.74,,2322.442,0.23491166077738512
3137.8,2327.145,18.329,44.29,80.66,,2322.445,0.23434628975265015
3137.9,2327.148,18.706,43.47,80.5,,2322.4480000000003,0.2332155477031802
3138.0,2327.151,19.948,43.31,80.19,,2322.451,0.23102473498233214
3138.1,2327.154,20.75,42.9,79.85,,2322.454,0.22862190812720845
3138.2,2327.157,20.991,42.74,79.92,,2322.4570000000003,0.2291166077738516
3138.3,2327.16,20.786,42.83,79.96,,2322.46,0.22939929328621902
3138.4,2327.163,20.471,42.74,79.81,,2322.463,0.228339222614841
3138.5,2327.166,20.27,42.51,79.83,,2322.4660000000003,0.22848056537102474
3138.6,2327.169,20.443,42.44,79.9,,2322.469,0.22897526501766788
3138.7,2327.172,20.225,42.65,79.99,,2322.472,0.22961130742049465
3138.8,2327.175,20.667,42.6,79.76,,2322.4750000000004,0.22798586572438165
3138.9,2327.178,21.434,42.66,79.7,,2322.478,0.22756183745583042
3139.0,2327.181,21.481,42.74,79.69,,2322.481,0.2274911660777385
3139.1,2327.184,21.979,42.91,79.8,,2322.4840000000004,0.2282685512367491
3139.2,2327.187,21.444,42.95,79.44,,2322.487,0.22572438162544167
3139.3,2327.19,21.125,42.5,79.57,,2322.4900000000002,0.226643109540636
3139.4,2327.193,19.888,43.07,79.73,,2322.4930000000004,0.22777385159010605
3139.5,2327.196,18.63,43.11,79.77,,2322.496,0.22805653710247348
3139.6,2327.199,16.956,43.22,79.79,,2322.4990000000003,0.22819787985865728
3139.7,2327.202,16.073,43.33,79.82,,2322.5020000000004,0.22840989399293282
3139.8,2327.205,15.586,43.47,79.89,,2322.505,0.22890459363957597
3139.9,2327.208,14.558,43.77,79.83,,2322.5080000000003,0.22848056537102474
3140.0,2327.211,14.254,44.19,79.82,,2322.511,0.22840989399293282
3140.1,2327.214,13.953,43.81,79.81,,2322.514,0.228339222614841
3140.2,2327.217,13.812,43.72,79.8,,2322.5170000000003,0.2282685512367491
3140.3,2327.22,12.75,44.09,79.78,,2322.52,0.2281272084805654
3140.4,2327.223,12.049,42.85,79.79,,2322.523,0.22819787985865728
3140.5,2327.226,11.668,42.95,79.8,,2322.5260000000003,0.2282685512367491
3140.6,2327.229,10.81,42.98,79.86,,2322.529,0.22869257950530034
3140.7,2327.232,10.162,42.83,79.83,,2322.532,0.22848056537102474
3140.8,2327.235,9.744,42.92,79.84,,2322.5350000000003,0.22855123674911662
3140.9,2327.238,9.909,42.83,79.89,,2322.538,0.22890459363957597
3141.0,2327.241,9.916,43.36,79.89,,2322.541,0.22890459363957597
3141.1,2327.244,10.046,43.67,79.8,,2322.5440000000003,0.2282685512367491
3141.2,2327.247,10.303,43.79,79.72,,2322.547,0.22770318021201413
3141.3,2327.25,11.178,44.44,79.69,,2322.55,0.2274911660777385
3141.4,2327.253,11.764,44.22,79.69,,2322.5530000000003,0.2274911660777385
3141.5,2327.256,11.853,43.93,79.63,,2322.556,0.22706713780918725
3141.6,2327.259,12.852,43.94,79.51,,2322.559,0.22621908127208484
3141.7,2327.262,13.501,43.96,79.58,,2322.5620000000004,0.2267137809187279
3141.8,2327.265,14.033,43.73,79.58,,2322.565,0.2267137809187279
3141.9,2327.268,14.325,43.54,79.57,,2322.568,0.226643109540636
3142.0,2327.271,14.772,43.34,79.36,,2322.5710000000004,0.2251590106007067
3142.1,2327.274,15.037,43.17,79.69,,2322.574,0.2274911660777385
3142.2,2327.277,15.425,42.98,79.67,,2322.577,0.2273498233215548
3142.3,2327.28,15.673,42.51,79.62,,2322.5800000000004,0.22699646643109544
3142.4,2327.283,15.774,42.17,79.61,,2322.583,0.22692579505300353
3142.5,2327.286,16.555,42.17,79.59,,2322.5860000000002,0.22678445229681982
3142.6,2327.289,17.235,42.1,79.68,,2322.5890000000004,0.2274204946996467
3142.7,2327.292,18.266,41.95,79.58,,2322.592,0.2267137809187279
3142.8,2327.295,18.928,41.9,79.42,,2322.5950000000003,0.22558303886925796
3142.9,2327.298,20.002,42.58,79.32,,2322.598,0.22487632508833919
3143.0,2327.301,21.047,43.59,79.27,,2322.601,0.22452296819787984
3143.1,2327.304,21.787,44.19,78.89,,2322.6040000000003,0.2218374558303887
3143.2,2327.307,22.044,46.61,78.93,,2322.607,0.22212014134275623
3143.3,2327.31,22.407,47.62,78.9,,2322.61,0.2219081272084806
3143.4,2327.313,23.35,47.01,78.91,,2322.6130000000003,0.2219787985865724
3143.5,2327.316,23.929,46.69,79.13,,2322.616,0.2235335689045936
3143.6,2327.319,24.292,46.2,79.2,,2322.619,0.22402826855123678
3143.7,2327.322,24.645,45.71,79.32,,2322.6220000000003,0.22487632508833919
3143.8,2327.325,24.853,46.32,79.53,,2322.625,0.22636042402826856
3143.9,2327.328,24.165,46.31,79.61,,2322.628,0.22692579505300353
3144.0,2327.331,23.84,46.1,79.77,,2322.6310000000003,0.22805653710247348
3144.1,2327.334,23.383,46.54,79.77,,2322.634,0.22805653710247348
3144.2,2327.337,19.945,46.96,79.84,,2322.637,0.22855123674911662
3144.3,2327.34,19.119,47.63,79.85,,2322.6400000000003,0.22862190812720845
3144.4,2327.343,18.054,48.81,79.86,,2322.643,0.22869257950530034
3144.5,2327.346,17.327,48.74,79.85,,2322.646,0.22862190812720845
3144.6,2327.349,16.543,49.03,79.86,,2322.6490000000003,0.22869257950530034
3144.7,2327.352,15.896,48.82,79.89,,2322.652,0.22890459363957597
3144.8,2327.355,16.709,48.82,79.89,,2322.655,0.22890459363957597
3144.9,2327.358,17.449,48.76,79.84,,2322.6580000000004,0.22855123674911662
3145.0,2327.361,17.898,48.59,79.82,,2322.661,0.22840989399293282
3145.1,2327.364,18.09,48.17,79.81,,2322.664,0.228339222614841
3145.2,2327.367,20.541,47.82,79.77,,2322.6670000000004,0.22805653710247348
3145.3,2327.37,19.377,47.59,79.75,,2322.67,0.22791519434628976
3145.4,2327.373,18.949,47.05,79.72,,2322.6730000000002,0.22770318021201413
3145.5,2327.376,18.059,47.37,79.71,,2322.6760000000004,0.22763250883392222
3145.6,2327.379,17.216,47.75,78.94,,2322.679,0.22219081272084804
3145.7,2327.382,16.465,49.0,78.69,,2322.6820000000002,0.22042402826855123
3145.8,2327.385,16.416,49.38,78.48,,2322.6850000000004,0.21893992932862194
3145.9,2327.388,16.399,49.33,78.36,,2322.688,0.21809187279151943
3146.0,2327.391,16.069,49.97,78.2,,2322.6910000000003,0.21696113074204948
3146.1,2327.394,15.736,49.78,78.31,,2322.694,0.21773851590106008
3146.2,2327.397,15.649,49.89,78.46,,2322.697,0.21879858657243811
3146.3,2327.4,15.431,49.27,78.63,,2322.7000000000003,0.21999999999999997
3146.4,2327.403,15.123,48.97,78.74,,2322.703,0.22077738515901058
3146.5,2327.406,14.642,49.89,78.21,,2322.706,0.2170318021201413
3146.6,2327.409,14.563,50.37,78.67,,2322.7090000000003,0.22028268551236752
3146.7,2327.412,14.451,50.45,78.25,,2322.712,0.21731448763250882
3146.8,2327.415,14.182,50.91,78.26,,2322.715,0.21738515901060074
3146.9,2327.418,14.007,51.25,78.03,,2322.7180000000003,0.21575971731448765
3147.0,2327.421,13.862,51.26,77.53,,2322.721,0.212226148409894
3147.1,2327.424,13.839,51.14,78.34,,2322.724,0.2179505300353357
3147.2,2327.427,13.709,50.7,78.52,,2322.7270000000003,0.21922261484098937
3147.3,2327.43,13.731,50.28,78.63,,2322.73,0.21999999999999997
3147.4,2327.433,13.635,50.23,78.71,,2322.733,0.22056537102473495
3147.5,2327.436,13.627,49.95,79.02,,2322.7360000000003,0.222756183745583
3147.6,2327.439,13.444,49.74,79.12,,2322.739,0.2234628975265018
3147.7,2327.442,13.832,49.69,79.2,,2322.742,0.22402826855123678
3147.8,2327.445,14.065,49.53,79.19,,2322.7450000000003,0.22395759717314487
3147.9,2327.448,14.156,49.69,79.26,,2322.748,0.224452296819788
3148.0,2327.451,14.305,49.83,79.23,,2322.751,0.22424028268551238
3148.1,2327.454,14.4,49.51,79.01,,2322.7540000000004,0.2226855123674912
3148.2,2327.457,7.282,49.25,78.96,,2322.757,0.22233215547703175
3148.3,2327.46,6.546,49.3,78.76,,2322.76,0.22091872791519437
3148.4,2327.463,5.877,49.05,78.55,,2322.7630000000004,0.219434628975265
3148.5,2327.466,5.43,48.28,78.68,,2322.766,0.2203533568904594
3148.6,2327.469,4.899,47.97,78.79,,2322.7690000000002,0.22113074204947
3148.7,2327.472,5.041,47.83,78.77,,2322.7720000000004,0.2209893992932862
3148.8,2327.474,5.687,48.12,78.99,,2322.7740000000003,0.22254416961130738
3148.9,2327.477,6.563,47.27,79.01,,2322.777,0.2226855123674912
3149.0,2327.48,7.318,47.05,79.56,,2322.78,0.2265724381625442
3149.1,2327.483,7.775,47.51,79.58,,2322.7830000000004,0.2267137809187279
3149.2,2327.486,14.567,48.23,79.62,,2322.786,0.22699646643109544
3149.3,2327.489,13.934,48.14,79.65,,2322.789,0.22720848056537107
3149.4,2327.492,13.334,48.2,79.58,,2322.7920000000004,0.2267137809187279
3149.5,2327.495,12.857,48.87,79.46,,2322.795,0.2258657243816254
3149.6,2327.498,13.155,49.17,79.63,,2322.7980000000002,0.22706713780918725
3149.7,2327.501,13.534,49.03,79.6,,2322.8010000000004,0.22685512367491162
3149.8,2327.504,13.759,48.07,79.53,,2322.804,0.22636042402826856
3149.9,2327.507,14.235,48.23,79.68,,2322.8070000000002,0.2274204946996467
3150.0,2327.51,15.141,48.39,79.74,,2322.8100000000004,0.22784452296819785
3150.1,2327.513,15.662,47.68,79.79,,2322.813,0.22819787985865728
3150.2,2327.516,15.629,47.19,79.88,,2322.8160000000003,0.22883392226148408
3150.3,2327.519,16.213,48.32,79.82,,2322.819,0.22840989399293282
3150.4,2327.522,16.144,48.92,79.89,,2322.822,0.22890459363957597
3150.5,2327.525,15.507,48.28,79.81,,2322.8250000000003,0.228339222614841
3150.6,2327.528,15.078,48.82,80.03,,2322.828,0.2298939929328622
3150.7,2327.531,6.683,48.9,80.0,,2322.831,0.22968197879858657
3150.8,2327.534,5.948,48.49,80.02,,2322.8340000000003,0.22982332155477028
3150.9,2327.537,5.239,47.83,80.58,,2322.837,0.23378091872791518
3151.0,2327.54,4.621,47.3,80.79,,2322.84,0.23526501766784458
3151.1,2327.543,4.006,47.03,80.96,,2322.8430000000003,0.23646643109540633
3151.2,2327.546,4.17,46.34,81.12,,2322.846,0.23759717314487636
3151.3,2327.549,4.841,45.33,81.74,,2322.849,0.2419787985865724
3151.4,2327.552,5.465,45.19,82.7,,2322.8520000000003,0.24876325088339224
3151.5,2327.555,6.229,45.05,83.01,,2322.855,0.25095406360424033
3151.6,2327.558,6.843,44.58,83.99,,2322.858,0.2578798586572438
3151.7,2327.561,13.044,44.19,84.33,,2322.8610000000003,0.2602826855123675
3151.8,2327.564,13.003,44.42,84.63,,2322.864,0.2624028268551236
3151.9,2327.566,12.801,44.34,85.63,,2322.866,0.26946996466431095
3152.0,2327.569,13.112,44.31,83.94,,2322.869,0.25752650176678443
3152.1,2327.572,13.658,44.5,82.66,,2322.8720000000003,0.2484805653710247
3152.2,2327.575,13.793,44.33,82.23,,2322.875,0.24544169611307423
3152.3,2327.578,13.935,44.32,79.49,,2322.878,0.22607773851590102
3152.4,2327.581,14.558,44.08,78.44,,2322.8810000000003,0.2186572438162544
3152.5,2327.584,14.854,44.15,78.05,,2322.884,0.21590106007067136
3152.6,2327.587,14.499,44.04,77.71,,2322.887,0.21349823321554767
3152.7,2327.59,13.642,43.92,77.42,,2322.8900000000003,0.2114487632508834
3152.8,2327.593,13.25,43.99,77.59,,2322.893,0.21265017667844524
3152.9,2327.596,12.104,44.26,77.97,,2322.896,0.2153356890459364
3153.0,2327.599,11.102,44.21,78.21,,2322.8990000000003,0.2170318021201413
3153.1,2327.602,9.938,44.14,78.49,,2322.902,0.21901060070671374
3153.2,2327.605,9.323,44.73,78.53,,2322.905,0.21929328621908128
3153.3,2327.608,8.94,44.91,79.16,,2322.9080000000004,0.22374558303886924
3153.4,2327.611,8.351,45.1,79.08,,2322.911,0.22318021201413427
3153.5,2327.614,8.338,44.73,78.93,,2322.914,0.22212014134275623
3153.6,2327.617,8.577,44.4,78.83,,2322.9170000000004,0.22141342756183743
3153.7,2327.62,9.072,44.89,78.72,,2322.92,0.22063604240282686
3153.8,2327.623,4.378,44.46,78.73,,2322.9230000000002,0.22070671378091875
3153.9,2327.626,3.975,44.58,78.84,,2322.9260000000004,0.22148409893992935
3154.0,2327.629,3.627,45.29,78.89,,2322.929,0.2218374558303887
3154.1,2327.632,3.253,45.67,79.03,,2322.9320000000002,0.22282685512367492
3154.2,2327.634,2.875,46.47,79.5,,2322.934,0.22614840989399293
3154.3,2327.637,2.511,45.7,79.53,,2322.9370000000004,0.22636042402826856
3154.4,2327.64,3.021,45.41,79.51,,2322.94,0.22621908127208484
3154.5,2327.643,3.425,45.5,79.48,,2322.943,0.22600706713780921
3154.6,2327.646,4.069,45.32,79.43,,2322.9460000000004,0.22565371024734987
3154.7,2327.649,4.716,44.58,79.44,,2322.949,0.22572438162544167
3154.8,2327.652,15.236,45.11,79.46,,2322.952,0.2258657243816254
3154.9,2327.655,17.681,45.43,79.51,,2322.9550000000004,0.22621908127208484
3155.0,2327.658,18.092,44.97,79.55,,2322.958,0.22650176678445227
3155.1,2327.661,17.96,45.76,79.6,,2322.9610000000002,0.22685512367491162
3155.2,2327.664,17.665,45.83,79.64,,2322.9640000000004,0.22713780918727916
3155.3,2327.667,18.054,45.34,79.67,,2322.967,0.2273498233215548
3155.4,2327.67,17.114,45.08,79.63,,2322.9700000000003,0.22706713780918725
3155.5,2327.673,16.257,45.09,79.68,,2322.973,0.2274204946996467
3155.6,2327.676,15.095,44.64,79.04,,2322.976,0.22289752650176684
3155.7,2327.679,14.981,44.14,78.74,,2322.9790000000003,0.22077738515901058
3155.8,2327.682,14.395,44.85,78.53,,2322.982,0.21929328621908128
3155.9,2327.685,14.038,45.44,78.26,,2322.985,0.21738515901060074
3156.0,2327.688,14.068,46.67,77.87,,2322.9880000000003,0.2146289752650177
3156.1,2327.691,14.297,47.6,77.87,,2322.991,0.2146289752650177
3156.2,2327.693,14.459,47.85,78.43,,2322.9930000000004,0.2185865724381626
3156.3,2327.696,14.157,48.1,79.02,,2322.996,0.222756183745583
3156.4,2327.699,13.958,48.01,79.26,,2322.9990000000003,0.224452296819788
3156.5,2327.702,13.769,47.87,79.44,,2323.0020000000004,0.22572438162544167
3156.6,2327.705,13.396,47.91,79.93,,2323.005,0.2291872791519435
3156.7,2327.708,13.076,47.9,79.94,,2323.0080000000003,0.2292579505300353
3156.8,2327.711,13.055,47.75,79.85,,2323.011,0.22862190812720845
3156.9,2327.714,12.912,47.67,79.44,,2323.014,0.22572438162544167
3157.0,2327.717,12.901,47.72,79.37,,2323.0170000000003,0.2252296819787986
3157.1,2327.72,13.259,47.63,79.33,,2323.02,0.22494699646643107
3157.2,2327.723,13.711,47.99,79.02,,2323.023,0.222756183745583
3157.3,2327.726,13.287,48.05,78.64,,2323.0260000000003,0.2200706713780919
3157.4,2327.729,12.699,48.14,78.61,,2323.029,0.21985865724381626
3157.5,2327.732,12.369,49.63,78.59,,2323.032,0.21971731448763254
3157.6,2327.735,11.911,50.29,78.52,,2323.0350000000003,0.21922261484098937
3157.7,2327.738,11.289,50.84,77.99,,2323.038,0.2154770318021201
3157.8,2327.741,10.764,51.36,77.41,,2323.041,0.2113780918727915
3157.9,2327.743,10.403,52.73,77.05,,2323.043,0.2088339222614841
3158.0,2327.746,9.076,53.08,76.88,,2323.0460000000003,0.20763250883392223
3158.1,2327.749,8.773,53.16,76.8,,2323.049,0.20706713780918726
3158.2,2327.752,8.889,53.33,76.67,,2323.052,0.20614840989399294
3158.3,2327.755,8.586,52.99,76.69,,2323.0550000000003,0.20628975265017666
3158.4,2327.758,8.391,53.04,76.86,,2323.058,0.20749116607773851
3158.5,2327.761,8.845,52.28,77.14,,2323.061,0.20946996466431095
3158.6,2327.764,10.133,51.9,77.33,,2323.0640000000003,0.21081272084805652
3158.7,2327.767,10.71,51.68,77.8,,2323.067,0.21413427561837453
3158.8,2327.77,11.542,51.32,78.26,,2323.07,0.21738515901060074
3158.9,2327.773,12.33,51.15,79.38,,2323.0730000000003,0.22530035335689041
3159.0,2327.776,14.578,51.52,79.3,,2323.076,0.22473498233215547
3159.1,2327.779,14.754,52.09,81.14,,2323.079,0.23773851590106007
3159.2,2327.782,14.277,52.47,81.1,,2323.0820000000003,0.23745583038869253
3159.3,2327.785,15.378,52.51,81.18,,2323.085,0.2380212014134276
3159.4,2327.788,15.479,52.73,82.09,,2323.088,0.244452296819788
3159.5,2327.79,16.357,53.1,78.96,,2323.09,0.22233215547703175
3159.6,2327.793,16.912,52.19,77.69,,2323.0930000000003,0.21335689045936393
3159.7,2327.796,17.773,51.92,74.41,,2323.096,0.19017667844522965
3159.8,2327.799,18.619,51.67,70.59,,2323.099,0.1631802120141343
3159.9,2327.802,19.72,52.49,68.62,,2323.1020000000003,0.14925795053003538
3160.0,2327.805,20.303,52.18,66.75,,2323.105,0.13604240282685512
3160.1,2327.808,19.01,52.75,65.07,,2323.108,0.12416961130742045
3160.2,2327.811,18.076,55.39,66.9,,2323.1110000000003,0.13710247349823326
3160.3,2327.814,9.436,55.94,68.5,,2323.114,0.14840989399293286
3160.4,2327.817,7.995,55.95,68.56,,2323.117,0.14883392226148412
3160.5,2327.82,6.297,56.01,71.54,,2323.1200000000003,0.16989399293286223
3160.6,2327.823,5.135,56.2,71.1,,2323.123,0.16678445229681974
3160.7,2327.826,4.056,56.11,70.34,,2323.126,0.1614134275618375
3160.8,2327.829,3.515,56.11,69.52,,2323.1290000000004,0.15561837455830385
3160.9,2327.831,3.407,55.97,72.02,,2323.1310000000003,0.17328621908127206
3161.0,2327.834,3.517,56.03,73.31,,2323.134,0.18240282685512368
3161.1,2327.837,3.766,56.13,75.1,,2323.137,0.19505300353356886
3161.2,2327.84,3.662,56.38,79.84,,2323.1400000000003,0.22855123674911662
3161.3,2327.843,7.775,56.7,81.5,,2323.143,0.24028268551236748
3161.4,2327.846,11.255,57.68,88.21,,2323.146,0.2877031802120141
3161.5,2327.849,12.906,57.49,88.77,,2323.1490000000003,0.291660777385159
3161.6,2327.852,12.891,59.16,88.68,,2323.152,0.2910247349823322
3161.7,2327.855,16.642,59.82,89.01,,2323.155,0.293356890459364
3161.8,2327.858,20.552,58.57,88.95,,2323.1580000000004,0.2929328621908127
3161.9,2327.861,23.745,58.87,89.4,,2323.161,0.29611307420494704
3162.0,2327.864,22.969,59.37,89.18,,2323.164,0.29455830388692583
3162.1,2327.867,25.053,59.69,89.09,,2323.1670000000004,0.29392226148409895
3162.2,2327.869,27.057,58.59,89.14,,2323.1690000000003,0.2942756183745583
3162.3,2327.872,24.341,58.41,89.17,,2323.172,0.2944876325088339
3162.4,2327.875,14.34,59.15,89.04,,2323.175,0.2935689045936396
3162.5,2327.878,14.002,59.35,89.21,,2323.1780000000003,0.29477031802120135
3162.6,2327.881,13.913,59.12,89.5,,2323.181,0.2968197879858657
3162.7,2327.884,13.456,59.65,89.57,,2323.184,0.2973144876325088
3162.8,2327.887,14.034,60.56,88.35,,2323.1870000000004,0.2886925795053003
3162.9,2327.89,14.098,60.6,86.73,,2323.19,0.27724381625441696
3163.0,2327.893,14.08,60.35,85.76,,2323.193,0.2703886925795053
3163.1,2327.896,15.275,60.14,83.29,,2323.1960000000004,0.2529328621908128
3163.2,2327.899,15.812,59.39,82.09,,2323.199,0.244452296819788
3163.3,2327.902,16.277,59.44,81.68,,2323.202,0.24155477031802125
3163.4,2327.905,16.535,59.05,82.08,,2323.2050000000004,0.2443816254416961
3163.5,2327.907,17.406,59.14,81.02,,2323.2070000000003,0.23689045936395756
3163.6,2327.91,17.691,58.86,81.18,,2323.21,0.2380212014134276
3163.7,2327.913,17.427,59.74,81.28,,2323.213,0.2387279151943463
3163.8,2327.916,17.158,60.93,82.65,,2323.2160000000003,0.2484098939929329
3163.9,2327.919,17.124,61.16,82.51,,2323.219,0.2474204946996467
3164.0,2327.922,17.877,61.4,82.36,,2323.222,0.24636042402826855
3164.1,2327.925,17.701,61.61,81.53,,2323.2250000000004,0.2404946996466431
3164.2,2327.928,18.877,62.26,81.47,,2323.228,0.24007067137809188
3164.3,2327.931,19.375,61.8,80.15,,2323.231,0.2307420494699647
3164.4,2327.934,22.041,61.68,79.51,,2323.2340000000004,0.22621908127208484
3164.5,2327.937,24.062,61.37,79.25,,2323.237,0.22438162544169613
3164.6,2327.939,25.56,61.42,79.17,,2323.239,0.22381625441696115
3164.7,2327.942,26.826,60.74,78.66,,2323.242,0.2202120141342756
3164.8,2327.945,28.298,60.51,77.93,,2323.2450000000003,0.21505300353356896
3164.9,2327.948,29.886,60.37,78.22,,2323.248,0.2171024734982332
3165.0,2327.951,30.575,60.35,78.54,,2323.251,0.2193639575971732
3165.1,2327.954,28.683,60.04,77.97,,2323.2540000000004,0.2153356890459364
3165.2,2327.957,26.215,59.25,75.74,,2323.257,0.19957597173144873
3165.3,2327.959,24.037,59.44,75.39,,2323.259,0.19710247349823323
3165.4,2327.962,21.395,59.2,74.57,,2323.262,0.1913074204946996
3165.5,2327.965,15.95,58.84,72.79,,2323.2650000000003,0.17872791519434633
3165.6,2327.968,14.35,58.83,71.01,,2323.268,0.16614840989399296
3165.7,2327.971,14.018,59.05,72.68,,2323.271,0.17795053003533573
3165.8,2327.973,12.807,59.06,73.02,,2323.273,0.18035335689045934
3165.9,2327.976,12.253,58.93,74.17,,2323.2760000000003,0.18848056537102476
3166.0,2327.979,11.327,58.81,74.43,,2323.279,0.19031802120141347
3166.1,2327.982,11.446,58.85,74.93,,2323.282,0.1938515901060071
3166.2,2327.985,10.667,59.15,75.62,,2323.2850000000003,0.19872791519434632
3166.3,2327.987,9.615,59.49,75.53,,2323.2870000000003,0.19809187279151944
3166.4,2327.99,8.479,59.03,75.14,,2323.29,0.1953356890459364
3166.5,2327.993,8.055,59.49,75.18,,2323.293,0.19561837455830394
3166.6,2327.996,7.489,59.68,74.99,,2323.2960000000003,0.19427561837455826
3166.7,2327.998,6.54,59.85,74.62,,2323.2980000000002,0.19166077738515905
3166.8,2328.001,6.349,59.89,74.54,,2323.3010000000004,0.19109540636042407
3166.9,2328.004,6.271,59.79,73.89,,2323.304,0.1865017667844523
3167.0,2328.007,6.71,59.18,75.4,,2323.3070000000002,0.19717314487632512
3167.1,2328.009,7.544,58.92,76.98,,2323.309,0.20833922261484103
3167.2,2328.012,8.051,58.67,77.35,,2323.3120000000004,0.21095406360424024
3167.3,2328.015,8.75,57.49,77.66,,2323.315,0.21314487632508833
3167.4,2328.018,9.511,57.3,79.61,,2323.318,0.22692579505300353
3167.5,2328.02,10.361,56.38,79.7,,2323.32,0.22756183745583042
3167.6,2328.023,10.453,56.49,77.65,,2323.3230000000003,0.2130742049469965
3167.7,2328.026,10.425,56.6,76.4,,2323.326,0.20424028268551242
3167.8,2328.028,10.332,56.58,74.34,,2323.328,0.1896819787985866
3167.9,2328.031,10.455,56.64,73.53,,2323.331,0.1839575971731449
3168.0,2328.034,10.284,56.78,72.53,,2323.3340000000003,0.17689045936395761
3168.1,2328.036,9.916,56.68,70.9,,2323.3360000000002,0.16537102473498239
3168.2,2328.039,10.161,56.52,70.94,,2323.3390000000004,0.16565371024734982
3168.3,2328.042,10.26,55.98,70.94,,2323.342,0.16565371024734982
3168.4,2328.044,10.466,55.68,70.98,,2323.344,0.16593639575971733
3168.5,2328.047,10.569,54.72,71.01,,2323.347,0.16614840989399296
3168.6,2328.05,11.872,54.21,71.04,,2323.3500000000004,0.1663604240282686
3168.7,2328.052,12.246,54.0,71.1,,2323.3520000000003,0.16678445229681974
3168.8,2328.055,13.066,54.6,71.63,,2323.355,0.170530035335689
3168.9,2328.057,13.313,54.84,71.73,,2323.357,0.1712367491166078
3169.0,2328.06,14.017,54.96,73.46,,2323.36,0.18346289752650172
3169.1,2328.063,13.301,55.18,74.43,,2323.3630000000003,0.19031802120141347
3169.2,2328.065,12.952,55.64,75.41,,2323.3650000000002,0.19724381625441695
3169.3,2328.068,12.509,56.03,75.92,,2323.3680000000004,0.2008480565371025
3169.4,2328.07,11.845,56.0,76.65,,2323.3700000000003,0.20600706713780922
3169.5,2328.073,10.912,56.3,76.68,,2323.373,0.20621908127208485
3169.6,2328.076,9.521,57.06,76.84,,2323.376,0.2073498233215548
3169.7,2328.078,8.834,56.43,76.32,,2323.378,0.20367491166077734
3169.8,2328.081,8.204,55.87,76.64,,2323.3810000000003,0.2059363957597173
3169.9,2328.083,7.825,55.79,76.16,,2323.3830000000003,0.2025441696113074
3170.0,2328.086,6.81,55.25,76.03,,2323.386,0.20162544169611307
3170.1,2328.088,6.189,54.74,75.48,,2323.3880000000004,0.1977385159010601
3170.2,2328.091,5.763,54.52,76.18,,2323.391,0.20268551236749122
3170.3,2328.093,4.992,54.85,77.17,,2323.393,0.20968197879858658
3170.4,2328.096,4.62,54.85,77.56,,2323.396,0.21243816254416964
3170.5,2328.098,4.356,54.89,77.77,,2323.398,0.2139222614840989
3170.6,2328.101,4.245,55.1,77.77,,2323.4010000000003,0.2139222614840989
3170.7,2328.103,4.207,55.62,78.2,,2323.4030000000002,0.21696113074204948
3170.8,2328.106,4.191,55.86,77.66,,2323.4060000000004,0.21314487632508833
3170.9,2328.108,3.836,55.72,76.34,,2323.4080000000004,0.20381625441696116
3171.0,2328.111,3.704,55.74,75.42,,2323.411,0.19731448763250883
3171.1,2328.113,3.025,55.94,75.1,,2323.413,0.19505300353356886
3171.2,2328.116,2.782,55.85,74.78,,2323.416,0.192791519434629
3171.3,2328.118,2.701,55.1,73.88,,2323.418,0.18643109540636038
3171.4,2328.121,2.266,54.73,74.07,,2323.4210000000003,0.18777385159010596
3171.5,2328.123,2.434,54.59,74.15,,2323.4230000000002,0.18833922261484104
3171.6,2328.126,2.641,54.32,74.26,,2323.4260000000004,0.1891166077738516
3171.7,2328.128,3.257,54.4,74.26,,2323.4280000000003,0.1891166077738516
3171.8,2328.131,3.89,54.26,74.34,,2323.431,0.1896819787985866
3171.9,2328.133,5.19,54.58,74.76,,2323.433,0.19265017667844528
3172.0,2328.135,7.004,54.74,74.62,,2323.4350000000004,0.19166077738515905
3172.1,2328.138,10.726,54.9,74.58,,2323.438,0.1913780918727915
3172.2,2328.14,11.24,54.71,75.53,,2323.44,0.19809187279151944
3172.3,2328.143,11.402,54.73,76.51,,2323.443,0.205017667844523
3172.4,2328.145,14.91,54.92,76.84,,2323.445,0.2073498233215548
3172.5,2328.147,14.199,54.87,77.25,,2323.447,0.21024734982332155
3172.6,2328.15,14.926,54.99,78.01,,2323.4500000000003,0.21561837455830393
3172.7,2328.152,16.032,54.92,79.6,,2323.452,0.22685512367491162
3172.8,2328.155,16.358,55.05,80.03,,2323.4550000000004,0.2298939929328622
3172.9,2328.157,17.594,55.15,81.49,,2323.4570000000003,0.2402120141342756
3173.0,2328.159,18.898,55.23,84.09,,2323.4590000000003,0.2585865724381626
3173.1,2328.162,19.531,55.26,85.32,,2323.462,0.26727915194346286
3173.2,2328.164,20.015,55.65,81.63,,2323.4640000000004,0.2412014134275618
3173.3,2328.166,20.005,55.85,81.42,,2323.4660000000003,0.23971731448763253
3173.4,2328.169,20.164,55.72,80.87,,2323.469,0.23583038869257955
3173.5,2328.171,20.186,55.42,80.15,,2323.471,0.2307420494699647
3173.6,2328.173,20.086,55.39,79.64,,2323.473,0.22713780918727916
3173.7,2328.176,20.06,54.95,79.11,,2323.476,0.2233922261484099
3173.8,2328.178,19.732,55.78,79.47,,2323.478,0.2259363957597173
3173.9,2328.18,19.647,56.27,79.21,,2323.48,0.22409893992932858
3174.0,2328.183,19.446,56.75,79.48,,2323.483,0.22600706713780921
3174.1,2328.185,19.374,57.59,79.65,,2323.485,0.22720848056537107
3174.2,2328.187,19.33,58.44,81.76,,2323.487,0.24212014134275622
3174.3,2328.189,19.384,58.93,81.44,,2323.489,0.23985865724381625
3174.4,2328.192,19.457,58.05,81.97,,2323.492,0.2436042402826855
3174.5,2328.194,19.16,59.36,82.04,,2323.494,0.24409893992932866
3174.6,2328.196,18.647,59.41,82.89,,2323.496,0.2501060070671378
3174.7,2328.199,18.537,59.5,83.49,,2323.4990000000003,0.25434628975265017
3174.8,2328.201,17.952,59.32,83.86,,2323.501,0.25696113074204946
3174.9,2328.203,17.59,59.5,84.43,,2323.503,0.2609893992932863
3175.0,2328.205,4.297,59.71,85.14,,2323.505,0.2660070671378092
3175.1,2328.208,3.449,59.62,85.94,,2323.5080000000003,0.271660777385159
3175.2,2328.21,2.857,59.61,86.84,,2323.51,0.27802120141342757
3175.3,2328.212,2.526,59.61,87.45,,2323.512,0.28233215547703183
3175.4,2328.214,2.002,59.82,87.82,,2323.514,0.28494699646643107
3175.5,2328.216,1.697,59.64,86.76,,2323.516,0.2774558303886926
3175.6,2328.219,1.957,59.68,85.77,,2323.5190000000002,0.2704593639575971
3175.7,2328.221,2.552,59.75,85.2,,2323.521,0.26643109540636045
3175.8,2328.223,2.816,59.32,83.45,,2323.523,0.2540636042402827
3175.9,2328.225,3.315,59.74,82.42,,2323.525,0.2467844522968198
3176.0,2328.227,15.124,59.53,81.43,,2323.527,0.23978798586572442
3176.1,2328.23,16.44,59.76,80.32,,2323.53,0.23194346289752646
3176.2,2328.232,17.413,60.17,80.45,,2323.532,0.23286219081272086
3176.3,2328.234,18.738,60.99,79.84,,2323.534,0.22855123674911662
3176.4,2328.236,19.045,61.97,79.68,,2323.536,0.2274204946996467
3176.5,2328.238,19.616,61.78,79.91,,2323.538,0.22904593639575968
3176.6,2328.24,20.6,62.87,79.78,,2323.54,0.2281272084805654
3176.7,2328.242,20.755,63.2,79.63,,2323.5420000000004,0.22706713780918725
3176.8,2328.245,20.648,63.86,79.33,,2323.545,0.22494699646643107
3176.9,2328.247,20.45,63.45,78.89,,2323.547,0.2218374558303887
3177.0,2328.249,20.806,63.37,78.74,,2323.549,0.22077738515901058
3177.1,2328.251,21.023,62.87,78.71,,2323.5510000000004,0.22056537102473495
3177.2,2328.253,20.97,62.19,78.19,,2323.5530000000003,0.2168904593639576
3177.3,2328.255,20.955,61.74,78.04,,2323.5550000000003,0.21583038869257956
3177.4,2328.257,20.439,60.94,77.96,,2323.5570000000002,0.21526501766784448
3177.5,2328.259,19.742,60.46,78.02,,2323.559,0.21568904593639573
3177.6,2328.261,19.089,59.73,78.02,,2323.561,0.21568904593639573
3177.7,2328.263,18.633,59.32,78.19,,2323.563,0.2168904593639576
3177.8,2328.265,18.025,59.1,78.37,,2323.565,0.21816254416961134
3177.9,2328.268,17.404,58.95,78.98,,2323.568,0.22247349823321558
3178.0,2328.27,16.386,58.76,78.56,,2323.57,0.2195053003533569
3178.1,2328.272,15.93,59.01,79.01,,2323.572,0.2226855123674912
3178.2,2328.274,16.164,59.44,79.05,,2323.574,0.22296819787985864
3178.3,2328.276,16.13,59.02,79.55,,2323.576,0.22650176678445227
3178.4,2328.278,16.04,59.29,79.7,,2323.578,0.22756183745583042
3178.5,2328.28,16.552,58.66,79.87,,2323.5800000000004,0.22876325088339225
3178.6,2328.282,17.135,58.35,80.22,,2323.5820000000003,0.23123674911660777
3178.7,2328.284,15.302,58.25,80.57,,2323.5840000000003,0.23371024734982326
3178.8,2328.286,15.175,57.9,80.81,,2323.5860000000002,0.2354063604240283
3178.9,2328.288,14.84,58.11,80.86,,2323.588,0.23575971731448764
3179.0,2328.29,14.807,58.11,81.75,,2323.59,0.2420494699646643
3179.1,2328.292,5.358,57.82,81.73,,2323.592,0.2419081272084806
3179.2,2328.294,4.363,57.22,81.79,,2323.594,0.24233215547703185
3179.3,2328.296,3.763,56.11,81.13,,2323.596,0.23766784452296816
3179.4,2328.298,3.207,55.71,80.92,,2323.598,0.23618374558303887
3179.5,2328.3,2.815,55.3,81.1,,2323.6000000000004,0.23745583038869253
3179.6,2328.302,2.621,54.71,81.11,,2323.6020000000003,0.23752650176678444
3179.7,2328.304,3.044,53.97,81.35,,2323.6040000000003,0.23922261484098936
3179.8,2328.305,3.711,54.79,81.33,,2323.605,0.23908127208480565
3179.9,2328.307,4.936,54.57,81.21,,2323.607,0.23823321554770313
3180.0,2328.309,5.507,55.34,81.21,,2323.6090000000004,0.23823321554770313
3180.1,2328.311,21.346,55.1,81.21,,2323.6110000000003,0.23823321554770313
3180.2,2328.313,23.952,55.61,75.52,,2323.6130000000003,0.19802120141342752
3180.3,2328.315,25.19,56.36,69.18,,2323.6150000000002,0.15321554770318027
3180.4,2328.317,25.638,55.5,69.18,,2323.617,0.15321554770318027
3180.5,2328.319,26.815,53.96,72.15,,2323.619,0.17420494699646646
3180.6,2328.321,27.573,53.72,72.54,,2323.621,0.17696113074204953
3180.7,2328.323,28.007,53.31,72.6,,2323.623,0.17738515901060067
3180.8,2328.325,27.051,52.02,72.92,,2323.625,0.17964664310954065
3180.9,2328.326,26.176,51.03,73.33,,2323.626,0.1825441696113074
3181.0,2328.328,25.749,50.72,73.8,,2323.628,0.1858657243816254
3181.1,2328.33,22.569,50.67,73.95,,2323.63,0.18692579505300355
3181.2,2328.332,20.434,52.8,74.73,,2323.632,0.19243816254416965
3181.3,2328.334,18.984,52.75,75.43,,2323.634,0.19738515901060075
3181.4,2328.336,17.094,52.9,76.11,,2323.636,0.20219081272084805
3181.5,2328.338,14.849,53.15,78.87,,2323.6380000000004,0.22169611307420498
3181.6,2328.339,14.456,53.34,78.66,,2323.639,0.2202120141342756
3181.7,2328.341,13.871,53.46,78.08,,2323.641,0.216113074204947
3181.8,2328.343,14.483,53.4,77.88,,2323.643,0.2146996466431095
3181.9,2328.345,14.31,53.54,77.47,,2323.645,0.21180212014134275
3182.0,2328.347,14.269,53.49,76.89,,2323.6470000000004,0.20770318021201414
3182.1,2328.348,14.626,53.44,76.41,,2323.648,0.20431095406360422
3182.2,2328.35,14.31,52.51,75.97,,2323.65,0.20120141342756184
3182.3,2328.352,13.781,52.41,75.44,,2323.652,0.19745583038869258
3182.4,2328.354,12.93,51.75,75.01,,2323.654,0.19441696113074208
3182.5,2328.356,12.669,51.31,74.6,,2323.6560000000004,0.19151943462897522
3182.6,2328.357,12.38,50.22,74.14,,2323.657,0.18826855123674913
3182.7,2328.359,11.87,49.42,73.8,,2323.659,0.1858657243816254
3182.8,2328.361,11.373,49.01,73.61,,2323.661,0.18452296819787986
3182.9,2328.363,11.532,48.48,73.29,,2323.663,0.18226148409893997
3183.0,2328.364,11.899,47.25,73.06,,2323.664,0.18063604240282688
3183.1,2328.366,12.016,47.7,72.76,,2323.666,0.1785159010600707
3183.2,2328.368,12.178,47.36,72.69,,2323.668,0.17802120141342753
3183.3,2328.37,12.192,47.41,72.61,,2323.67,0.1774558303886926
3183.4,2328.371,12.399,47.16,71.97,,2323.6710000000003,0.17293286219081272
3183.5,2328.373,12.258,47.19,71.9,,2323.6730000000002,0.17243816254416966
3183.6,2328.375,12.141,47.28,71.71,,2323.675,0.17109540636042397
3183.7,2328.376,12.298,46.96,70.96,,2323.6760000000004,0.16579505300353353
3183.8,2328.378,12.06,46.79,70.46,,2323.6780000000003,0.1622614840989399
3183.9,2328.38,11.997,46.72,70.49,,2323.6800000000003,0.16247349823321552
3184.0,2328.382,11.906,46.82,70.51,,2323.6820000000002,0.16261484098939932
3184.1,2328.383,12.089,46.7,70.57,,2323.683,0.16303886925795047
3184.2,2328.385,12.027,46.19,70.65,,2323.6850000000004,0.16360424028268555
3184.3,2328.387,11.697,46.81,70.65,,2323.6870000000004,0.16360424028268555
3184.4,2328.388,11.598,47.58,71.86,,2323.688,0.17215547703180212
3184.5,2328.39,11.54,47.69,71.71,,2323.69,0.17109540636042397
3184.6,2328.391,11.374,47.54,72.19,,2323.6910000000003,0.1744876325088339
3184.7,2328.393,11.273,48.09,72.86,,2323.693,0.1792226148409894
3184.8,2328.395,11.788,47.54,73.27,,2323.695,0.18212014134275614
3184.9,2328.396,12.043,46.84,73.96,,2323.6960000000004,0.18699646643109535
3185.0,2328.398,12.629,46.29,73.98,,2323.6980000000003,0.18713780918727918
3185.1,2328.4,13.115,45.61,75.11,,2323.7000000000003,0.19512367491166077
3185.2,2328.401,11.818,45.35,75.65,,2323.701,0.19893992932862195
3185.3,2328.403,11.765,44.64,76.25,,2323.703,0.20318021201413428
3185.4,2328.404,10.812,44.37,77.46,,2323.704,0.21173144876325084
3185.5,2328.406,9.969,44.73,78.85,,2323.706,0.22155477031802115
3185.6,2328.408,9.282,44.82,79.01,,2323.708,0.2226855123674912
3185.7,2328.409,9.007,44.87,79.56,,2323.7090000000003,0.2265724381625442
3185.8,2328.411,8.716,45.31,79.55,,2323.7110000000002,0.22650176678445227
3185.9,2328.412,9.55,45.15,79.33,,2323.712,0.22494699646643107
3186.0,2328.414,10.021,49.52,79.22,,2323.7140000000004,0.2241696113074205
3186.1,2328.415,10.799,50.13,79.02,,2323.715,0.222756183745583
3186.2,2328.417,12.879,49.86,79.04,,2323.717,0.22289752650176684
3186.3,2328.419,13.989,50.16,79.03,,2323.719,0.22282685512367492
3186.4,2328.42,4.957,50.54,78.92,,2323.7200000000003,0.22204946996466432
3186.5,2328.422,4.204,50.64,78.24,,2323.722,0.21724381625441694
3186.6,2328.423,3.623,49.65,78.15,,2323.723,0.21660777385159014
3186.7,2328.425,2.915,48.56,77.94,,2323.7250000000004,0.21512367491166076
3186.8,2328.426,2.674,47.81,77.21,,2323.726,0.209964664310954
3186.9,2328.428,2.287,47.19,75.14,,2323.728,0.1953356890459364
3187.0,2328.429,2.58,40.79,74.41,,2323.7290000000003,0.19017667844522965
3187.1,2328.431,2.987,40.9,74.15,,2323.731,0.18833922261484104
3187.2,2328.432,3.612,41.38,73.52,,2323.732,0.18388692579505297
3187.3,2328.434,3.887,41.59,73.38,,2323.7340000000004,0.18289752650176674
3187.4,2328.435,9.858,42.29,73.07,,2323.735,0.18070671378091868
3187.5,2328.437,5.625,42.55,72.73,,2323.737,0.17830388692579507
3187.6,2328.438,5.064,42.79,72.5,,2323.7380000000003,0.17667844522968199
3187.7,2328.439,4.746,43.1,72.32,,2323.739,0.1754063604240282
3187.8,2328.441,4.105,42.99,71.76,,2323.741,0.17144876325088343
3187.9,2328.442,3.474,43.17,70.88,,2323.742,0.16522968197879856
3188.0,2328.444,3.88,43.18,70.92,,2323.744,0.1655123674911661
3188.1,2328.445,4.396,42.94,70.94,,2323.7450000000003,0.16565371024734982
3188.2,2328.447,4.881,42.65,71.42,,2323.7470000000003,0.16904593639575974
3188.3,2328.448,5.177,43.05,71.6,,2323.748,0.1703180212014134
3188.4,2328.449,5.263,42.81,71.94,,2323.7490000000003,0.1727208480565371
3188.5,2328.451,7.861,42.72,75.74,,2323.751,0.19957597173144873
3188.6,2328.452,7.491,43.18,77.58,,2323.7520000000004,0.21257950530035336
3188.7,2328.454,7.209,43.16,77.62,,2323.7540000000004,0.21286219081272087
3188.8,2328.455,7.264,44.13,81.82,,2323.755,0.24254416961130737
3188.9,2328.456,7.364,44.4,82.28,,2323.7560000000003,0.24579505300353358
3189.0,2328.458,5.617,44.99,82.27,,2323.7580000000003,0.24572438162544166
3189.1,2328.459,5.276,45.38,82.16,,2323.759,0.24494699646643106
3189.2,2328.461,4.988,45.82,82.94,,2323.761,0.25045936395759716
3189.3,2328.462,4.55,45.56,82.7,,2323.762,0.24876325088339224
3189.4,2328.463,4.131,45.1,82.52,,2323.7630000000004,0.2474911660777385
3189.5,2328.465,3.73,44.57,82.04,,2323.7650000000003,0.24409893992932866
3189.6,2328.466,3.921,44.79,81.95,,2323.766,0.2434628975265018
3189.7,2328.467,4.029,44.42,82.23,,2323.7670000000003,0.24544169611307423
3189.8,2328.469,4.058,43.6,81.03,,2323.7690000000002,0.23696113074204947
3189.9,2328.47,4.178,44.27,78.66,,2323.77,0.2202120141342756
3190.0,2328.471,5.653,44.6,77.93,,2323.771,0.21505300353356896
3190.1,2328.473,5.827,44.74,76.88,,2323.773,0.20763250883392223
3190.2,2328.474,6.266,44.4,76.29,,2323.7740000000003,0.20346289752650182
3190.3,2328.475,6.703,44.42,74.92,,2323.775,0.1937809187279152
3190.4,2328.476,7.189,44.57,73.83,,2323.7760000000003,0.18607773851590104
3190.5,2328.478,5.01,44.81,72.5,,2323.7780000000002,0.17667844522968199
3190.6,2328.479,4.796,44.39,72.21,,2323.779,0.1746289752650176
3190.7,2328.48,4.592,44.96,70.96,,2323.78,0.16579505300353353
3190.8,2328.482,4.174,45.53,71.36,,2323.782,0.16862190812720848
3190.9,2328.483,3.761,45.83,73.17,,2323.7830000000004,0.18141342756183748
3191.0,2328.484,3.705,46.15,75.24,,2323.784,0.1960424028268551
3191.1,2328.485,4.137,45.91,77.07,,2323.7850000000003,0.2089752650176678
3191.2,2328.487,4.099,46.85,78.18,,2323.7870000000003,0.21681978798586576
3191.3,2328.488,4.006,46.76,78.56,,2323.788,0.2195053003533569
3191.4,2328.489,3.918,46.59,79.67,,2323.789,0.2273498233215548
3191.5,2328.49,4.718,46.34,80.29,,2323.79,0.23173144876325094
3191.6,2328.491,4.323,46.92,80.46,,2323.791,0.2329328621908127
3191.7,2328.493,3.994,47.01,80.4,,2323.793,0.23250883392226152
3191.8,2328.494,4.09,47.4,79.82,,2323.7940000000003,0.22840989399293282
3191.9,2328.495,4.503,47.7,79.91,,2323.795,0.22904593639575968
3192.0,2328.496,4.913,47.99,79.82,,2323.7960000000003,0.22840989399293282
3192.1,2328.497,5.396,48.35,79.87,,2323.797,0.22876325088339225
3192.2,2328.499,6.913,48.18,79.61,,2323.799,0.22692579505300353
3192.3,2328.5,8.519,49.49,79.52,,2323.8,0.22628975265017665
3192.4,2328.501,9.734,49.38,79.49,,2323.8010000000004,0.22607773851590102
3192.5,2328.502,10.692,49.49,79.55,,2323.802,0.22650176678445227
3192.6,2328.504,12.259,49.73,79.63,,2323.804,0.22706713780918725
3192.7,2328.505,13.343,49.99,79.62,,2323.8050000000003,0.22699646643109544
3192.8,2328.506,14.383,49.88,82.96,,2323.806,0.2506007067137809
3192.9,2328.507,16.588,49.67,83.08,,2323.8070000000002,0.2514487632508834
3193.0,2328.509,18.063,49.75,83.14,,2323.809,0.25187279151943465
3193.1,2328.51,18.494,49.53,83.07,,2323.8100000000004,0.2513780918727915
3193.2,2328.512,19.611,49.34,83.87,,2323.8120000000004,0.2570318021201414
3193.3,2328.513,20.505,47.63,83.98,,2323.813,0.257809187279152
3193.4,2328.514,19.982,48.73,84.57,,2323.8140000000003,0.2619787985865724
3193.5,2328.516,17.801,48.56,85.21,,2323.8160000000003,0.26650176678445225
3193.6,2328.517,16.958,48.46,85.89,,2323.817,0.27130742049469964
3193.7,2328.519,15.565,48.91,85.73,,2323.819,0.2701766784452297
3193.8,2328.52,5.17,48.67,85.55,,2323.82,0.268904593639576
3193.9,2328.521,4.21,47.91,83.5,,2323.8210000000004,0.254416961130742
3194.0,2328.523,3.288,47.73,83.09,,2323.8230000000003,0.2515194346289753
3194.1,2328.524,3.114,47.66,82.0,,2323.824,0.24381625441696114
3194.2,2328.526,2.629,47.51,79.2,,2323.826,0.22402826855123678
3194.3,2328.527,2.807,47.58,79.18,,2323.827,0.22388692579505307
3194.4,2328.529,3.682,47.38,78.64,,2323.829,0.2200706713780919
3194.5,2328.53,4.28,47.75,78.63,,2323.8300000000004,0.21999999999999997
3194.6,2328.532,5.525,48.09,78.22,,2323.8320000000003,0.2171024734982332
3194.7,2328.534,6.323,48.26,77.91,,2323.8340000000003,0.21491166077738513
3194.8,2328.535,17.978,49.68,77.58,,2323.835,0.21257950530035336
3194.9,2328.537,16.057,50.22,77.31,,2323.837,0.2106713780918728
3195.0,2328.538,14.902,50.43,74.6,,2323.838,0.19151943462897522
3195.1,2328.54,13.197,51.01,74.55,,2323.84,0.19116607773851588
3195.2,2328.542,11.501,51.15,74.56,,2323.842,0.1912367491166078
3195.3,2328.543,10.4,51.04,74.65,,2323.8430000000003,0.19187279151943468
3195.4,2328.545,9.094,51.21,74.76,,2323.8450000000003,0.19265017667844528
3195.5,2328.547,8.695,51.57,74.77,,2323.847,0.19272084805653708
3195.6,2328.548,7.519,51.48,75.85,,2323.848,0.20035335689045933
3195.7,2328.55,6.739,51.69,75.74,,2323.8500000000004,0.19957597173144873
3195.8,2328.552,6.018,51.95,75.91,,2323.8520000000003,0.20077738515901059
3195.9,2328.554,5.51,52.07,76.14,,2323.8540000000003,0.20240282685512367
3196.0,2328.555,4.826,52.28,76.52,,2323.855,0.20508833922261482
3196.1,2328.557,4.194,52.04,75.85,,2323.857,0.20035335689045933
3196.2,2328.559,4.078,52.42,75.5,,2323.8590000000004,0.1978798586572438
3196.3,2328.561,4.095,52.81,74.89,,2323.8610000000003,0.19356890459363957
3196.4,2328.563,4.136,52.77,74.54,,2323.8630000000003,0.19109540636042407
3196.5,2328.565,4.234,52.73,74.25,,2323.8650000000002,0.18904593639575973
3196.6,2328.566,4.741,52.78,74.01,,2323.866,0.1873498233215548
3196.7,2328.568,5.532,53.07,76.73,,2323.8680000000004,0.2065724381625442
3196.8,2328.57,6.29,52.26,78.91,,2323.8700000000003,0.2219787985865724
3196.9,2328.572,7.215,52.22,80.29,,2323.8720000000003,0.23173144876325094
3197.0,2328.574,9.298,51.89,81.6,,2323.8740000000003,0.24098939929328617
3197.1,2328.576,10.251,52.14,83.34,,2323.876,0.25328621908127213
3197.2,2328.578,10.749,51.19,83.3,,2323.878,0.2530035335689046
3197.3,2328.58,11.355,51.98,82.8,,2323.88,0.24946996466431093
3197.4,2328.582,12.245,52.24,81.55,,2323.882,0.24063604240282682
3197.5,2328.584,12.954,52.15,79.26,,2323.884,0.224452296819788
3197.6,2328.586,13.161,52.29,77.51,,2323.886,0.2120848056537103
3197.7,2328.588,13.134,52.7,74.35,,2323.8880000000004,0.18975265017667842
3197.8,2328.59,13.229,53.31,71.54,,2323.8900000000003,0.16989399293286223
3197.9,2328.592,13.218,53.25,71.42,,2323.8920000000003,0.16904593639575974
3198.0,2328.594,13.109,53.08,72.29,,2323.8940000000002,0.1751943462897527
3198.1,2328.596,12.892,53.25,72.16,,2323.896,0.17427561837455827
3198.2,2328.598,12.172,53.87,73.12,,2323.898,0.18106007067137814
3198.3,2328.6,12.011,53.89,73.65,,2323.9,0.1848056537102474
3198.4,2328.602,11.76,53.93,73.94,,2323.902,0.18685512367491164
3198.5,2328.604,11.729,54.4,75.05,,2323.904,0.19469964664310951
3198.6,2328.607,11.542,54.68,75.27,,2323.907,0.19625441696113072
3198.7,2328.609,12.624,54.4,75.66,,2323.909,0.19901060070671375
3198.8,2328.611,13.943,54.17,76.02,,2323.911,0.2015547703180212
3198.9,2328.613,15.123,54.79,76.97,,2323.913,0.20826855123674912
3199.0,2328.615,16.069,54.88,76.22,,2323.915,0.20296819787985865
3199.1,2328.618,17.215,55.33,75.94,,2323.918,0.20098939929328621
3199.2,2328.62,19.023,55.11,77.36,,2323.92,0.21102473498233215
3199.3,2328.622,19.269,55.17,78.02,,2323.922,0.21568904593639573
3199.4,2328.624,18.678,55.07,78.1,,2323.924,0.2162544169611307
3199.5,2328.627,18.217,53.6,77.55,,2323.927,0.21236749116607773
3199.6,2328.629,18.611,52.83,78.24,,2323.929,0.21724381625441694
3199.7,2328.631,18.481,52.2,78.56,,2323.931,0.2195053003533569
3199.8,2328.634,18.387,52.26,78.19,,2323.934,0.2168904593639576
3199.9,2328.636,18.715,51.67,77.86,,2323.936,0.2145583038869258
3200.0,2328.638,19.762,51.6,78.54,,2323.938,0.2193639575971732
3200.1,2328.641,6.089,51.55,78.72,,2323.9410000000003,0.22063604240282686
3200.2,2328.643,5.284,51.57,78.32,,2323.943,0.21780918727915188
3200.3,2328.645,4.381,51.7,77.15,,2323.945,0.20954063604240286
3200.4,2328.648,3.77,51.25,76.43,,2323.9480000000003,0.20445229681978802
3200.5,2328.65,3.226,51.0,74.08,,2323.9500000000003,0.18784452296819787
3200.6,2328.653,2.725,51.42,72.93,,2323.953,0.17971731448763256
3200.7,2328.655,3.279,51.55,71.37,,2323.9550000000004,0.1686925795053004
3200.8,2328.658,3.648,51.03,70.55,,2323.958,0.16289752650176675
3200.9,2328.66,4.066,51.2,69.34,,2323.96,0.1543462897526502
3201.0,2328.663,4.673,51.53,69.37,,2323.963,0.15455830388692582
3201.1,2328.665,11.646,52.29,69.4,,2323.965,0.15477031802120145
3201.2,2328.668,11.709,52.34,69.21,,2323.9680000000003,0.1534275618374558
3201.3,2328.67,11.539,52.1,69.89,,2323.9700000000003,0.15823321554770317
3201.4,2328.673,11.617,52.6,70.27,,2323.973,0.16091872791519432
3201.5,2328.675,11.92,52.51,70.65,,2323.9750000000004,0.16360424028268555
3201.6,2328.678,12.31,51.57,70.7,,2323.978,0.1639575971731449
3201.7,2328.681,13.49,51.41,70.8,,2323.981,0.1646643109540636
3201.8,2328.683,14.53,52.55,70.79,,2323.983,0.16459363957597178
3201.9,2328.686,15.291,51.79,69.38,,2323.9860000000003,0.15462897526501765
3202.0,2328.689,14.505,51.14,68.48,,2323.989,0.14826855123674915
3202.1,2328.691,10.512,50.81,68.26,,2323.991,0.14671378091872794
3202.2,2328.694,3.989,51.66,68.22,,2323.994,0.14643109540636043
3202.3,2328.697,3.349,51.8,66.83,,2323.9970000000003,0.1366077738515901
3202.4,2328.699,3.079,51.66,68.84,,2323.9990000000003,0.15081272084805655
3202.5,2328.702,2.393,52.07,70.7,,2324.0020000000004,0.1639575971731449
3202.6,2328.705,2.119,52.27,73.3,,2324.005,0.18233215547703177
3202.7,2328.708,2.535,52.44,74.96,,2324.0080000000003,0.19406360424028263
3202.8,2328.71,2.855,52.37,75.73,,2324.01,0.19950530035335692
3202.9,2328.713,3.436,52.81,78.47,,2324.0130000000004,0.21886925795053003
3203.0,2328.716,3.972,52.97,77.91,,2324.016,0.21491166077738513
3203.1,2328.719,4.817,52.57,78.08,,2324.0190000000002,0.216113074204947
3203.2,2328.722,10.241,52.19,77.57,,2324.0220000000004,0.21250883392226144
3203.3,2328.724,9.765,51.78,77.35,,2324.0240000000003,0.21095406360424024
3203.4,2328.727,8.986,51.13,77.3,,2324.027,0.2106007067137809
3203.5,2328.73,8.835,50.07,77.33,,2324.03,0.21081272084805652
3203.6,2328.733,8.453,49.07,76.52,,2324.0330000000004,0.20508833922261482
3203.7,2328.736,8.46,48.79,76.24,,2324.036,0.20310954063604236
3203.8,2328.739,8.498,48.36,76.15,,2324.039,0.2024734982332156
3203.9,2328.742,8.47,47.95,75.62,,2324.0420000000004,0.19872791519434632
3204.0,2328.745,8.47,47.98,75.08,,2324.045,0.19491166077738514
3204.1,2328.748,8.382,48.12,74.37,,2324.0480000000002,0.18989399293286222
3204.2,2328.751,8.141,48.28,75.0,,2324.0510000000004,0.19434628975265017
3204.3,2328.754,7.945,48.24,75.62,,2324.054,0.19872791519434632
3204.4,2328.757,7.727,48.43,75.56,,2324.0570000000002,0.19830388692579506
3204.5,2328.76,7.411,48.57,76.56,,2324.0600000000004,0.20537102473498234
3204.6,2328.763,7.238,49.06,77.92,,2324.063,0.21498233215547705
3204.7,2328.766,7.225,48.97,78.66,,2324.0660000000003,0.2202120141342756
3204.8,2328.769,6.908,48.57,78.98,,2324.069,0.22247349823321558
3204.9,2328.772,3.419,48.36,79.09,,2324.072,0.22325088339222618
3205.0,2328.775,3.026,48.15,79.68,,2324.0750000000003,0.2274204946996467
3205.1,2328.778,2.792,48.2,79.73,,2324.078,0.22777385159010605
3205.2,2328.781,2.402,47.86,79.79,,2324.081,0.22819787985865728
3205.3,2328.784,2.064,47.7,79.82,,2324.0840000000003,0.22840989399293282
3205.4,2328.788,1.924,47.73,79.81,,2324.088,0.228339222614841
3205.5,2328.791,2.191,47.04,79.25,,2324.0910000000003,0.22438162544169613
3205.6,2328.794,2.598,46.69,78.81,,2324.094,0.22127208480565372
3205.7,2328.797,2.9,46.74,78.58,,2324.097,0.21964664310954063
3205.8,2328.8,3.321,46.8,78.28,,2324.1000000000004,0.21752650176678445
3205.9,2328.804,7.238,47.46,77.8,,2324.1040000000003,0.21413427561837453
3206.0,2328.807,7.132,48.2,77.75,,2324.107,0.2137809187279152
3206.1,2328.81,6.738,48.4,77.69,,2324.11,0.21335689045936393
3206.2,2328.813,6.747,48.69,77.86,,2324.1130000000003,0.2145583038869258
3206.3,2328.817,6.677,48.9,77.94,,2324.117,0.21512367491166076
3206.4,2328.82,6.629,48.82,78.11,,2324.1200000000003,0.21632508833922262
3206.5,2328.823,6.824,48.7,78.54,,2324.123,0.2193639575971732
3206.6,2328.827,7.069,47.91,78.19,,2324.1270000000004,0.2168904593639576
3206.7,2328.83,7.767,47.47,78.13,,2324.13,0.21646643109540634
3206.8,2328.833,8.348,46.99,77.92,,2324.1330000000003,0.21498233215547705
3206.9,2328.837,9.496,46.36,77.97,,2324.137,0.2153356890459364
3207.0,2328.84,10.35,46.07,77.47,,2324.1400000000003,0.21180212014134275
3207.1,2328.843,11.06,46.16,77.13,,2324.143,0.20939929328621906
3207.2,2328.847,11.503,45.99,77.15,,2324.1470000000004,0.20954063604240286
3207.3,2328.85,12.07,45.9,77.48,,2324.15,0.21187279151943467
3207.4,2328.854,12.028,45.87,77.21,,2324.154,0.209964664310954
3207.5,2328.857,12.327,45.91,76.26,,2324.157,0.2032508833922262
3207.6,2328.861,12.877,45.9,75.88,,2324.161,0.20056537102473496
3207.7,2328.864,13.26,45.56,75.08,,2324.164,0.19491166077738514
3207.8,2328.868,13.961,45.64,74.83,,2324.168,0.19314487632508834
3207.9,2328.871,14.778,45.27,75.24,,2324.1710000000003,0.1960424028268551
3208.0,2328.875,16.018,44.98,75.56,,2324.175,0.19830388692579506
3208.1,2328.878,16.662,44.47,76.03,,2324.1780000000003,0.20162544169611307
3208.2,2328.882,15.972,44.07,76.95,,2324.1820000000002,0.2081272084805654
3208.3,2328.885,15.538,43.52,77.23,,2324.1850000000004,0.21010600706713783
3208.4,2328.889,15.256,42.93,77.59,,2324.1890000000003,0.21265017667844524
3208.5,2328.893,13.941,42.16,78.01,,2324.193,0.21561837455830393
3208.6,2328.896,12.837,42.8,78.2,,2324.1960000000004,0.21696113074204948
3208.7,2328.9,11.933,43.37,77.98,,2324.2000000000003,0.2154063604240283
3208.8,2328.904,10.713,43.82,77.75,,2324.204,0.2137809187279152
3208.9,2328.907,9.497,44.2,77.41,,2324.2070000000003,0.2113780918727915
3209.0,2328.911,9.188,49.44,77.25,,2324.2110000000002,0.21024734982332155
3209.1,2328.915,8.533,50.25,76.53,,2324.215,0.2051590106007067
3209.2,2328.918,8.412,50.88,75.97,,2324.2180000000003,0.20120141342756184
3209.3,2328.922,8.235,51.47,75.08,,2324.222,0.19491166077738514
3209.4,2328.926,8.294,52.62,74.35,,2324.226,0.18975265017667842
3209.5,2328.93,8.307,52.9,73.99,,2324.23,0.18720848056537098
3209.6,2328.933,8.571,52.16,73.31,,2324.233,0.18240282685512368
3209.7,2328.937,8.61,51.58,73.04,,2324.237,0.18049469964664316
3209.8,2328.941,8.927,51.16,72.94,,2324.241,0.17978798586572436
3209.9,2328.945,9.049,50.94,73.02,,2324.2450000000003,0.18035335689045934
3210.0,2328.949,8.528,46.07,72.41,,2324.2490000000003,0.1760424028268551
3210.1,2328.952,8.351,46.3,73.1,,2324.2520000000004,0.1809187279151943
3210.2,2328.956,8.006,46.36,73.14,,2324.2560000000003,0.18120141342756185
3210.3,2328.96,7.847,46.59,73.48,,2324.26,0.18360424028268554
3210.4,2328.964,7.794,46.42,73.72,,2324.264,0.18530035335689046
3210.5,2328.968,7.561,46.21,74.07,,2324.268,0.18777385159010596
3210.6,2328.972,7.532,46.0,74.34,,2324.2720000000004,0.1896819787985866
3210.7,2328.976,7.859,45.26,74.35,,2324.2760000000003,0.18975265017667842
3210.8,2328.98,7.843,44.81,74.12,,2324.28,0.1881272084805654
3210.9,2328.984,8.016,44.14,74.05,,2324.284,0.18763250883392224
3211.0,2328.988,8.636,43.92,75.33,,2324.288,0.19667844522968198
3211.1,2328.992,9.26,43.49,75.02,,2324.2920000000004,0.19448763250883389
3211.2,2328.996,4.359,43.41,75.85,,2324.2960000000003,0.20035335689045933
3211.3,2329.0,3.902,44.03,75.99,,2324.3,0.20134275618374556
3211.4,2329.004,3.286,44.01,76.43,,2324.304,0.20445229681978802
3211.5,2329.008,3.062,44.23,76.74,,2324.308,0.206643109540636
3211.6,2329.012,2.789,44.3,76.89,,2324.3120000000004,0.20770318021201414
3211.7,2329.016,2.473,44.33,76.03,,2324.3160000000003,0.20162544169611307
3211.8,2329.02,2.871,44.03,76.02,,2324.32,0.2015547703180212
3211.9,2329.024,3.451,43.91,75.53,,2324.324,0.19809187279151944
3212.0,2329.028,4.09,43.94,73.81,,2324.328,0.18593639575971732
3212.1,2329.032,4.501,43.85,73.16,,2324.3320000000003,0.18134275618374557
3212.2,2329.037,13.61,43.74,71.97,,2324.337,0.17293286219081272
3212.3,2329.041,14.2,43.8,71.41,,2324.3410000000003,0.16897526501766783
3212.4,2329.045,14.264,44.21,70.96,,2324.3450000000003,0.16579505300353353
3212.5,2329.049,13.827,44.68,70.78,,2324.349,0.16452296819787987
3212.6,2329.053,13.483,44.78,70.69,,2324.353,0.16388692579505298
3212.7,2329.058,11.8,46.29,70.67,,2324.358,0.16374558303886927
3212.8,2329.062,11.386,47.01,70.74,,2324.362,0.16424028268551233
3212.9,2329.066,10.234,46.94,70.82,,2324.366,0.1648056537102473
3213.0,2329.07,9.369,47.31,70.91,,2324.3700000000003,0.1654416961130742
3213.1,2329.075,8.96,47.78,70.99,,2324.375,0.16600706713780916
3213.2,2329.079,8.607,47.73,71.06,,2324.3790000000004,0.1665017667844523
3213.3,2329.083,8.428,47.81,71.7,,2324.3830000000003,0.17102473498233217
3213.4,2329.088,8.879,47.35,71.93,,2324.3880000000004,0.1726501766784453
3213.5,2329.092,9.073,46.43,72.22,,2324.3920000000003,0.17469964664310952
3213.6,2329.096,8.981,46.11,72.76,,2324.396,0.1785159010600707
3213.7,2329.101,6.005,44.59,73.09,,2324.4010000000003,0.1808480565371025
3213.8,2329.105,5.486,44.43,73.77,,2324.405,0.1856537102473498
3213.9,2329.11,4.909,43.66,73.41,,2324.4100000000003,0.18310954063604237
3214.0,2329.114,4.333,43.32,72.91,,2324.414,0.17957597173144874
3214.1,2329.118,3.755,43.03,72.76,,2324.418,0.1785159010600707
3214.2,2329.123,3.548,42.92,72.32,,2324.4230000000002,0.1754063604240282
3214.3,2329.127,3.916,42.92,70.73,,2324.427,0.16416961130742053
3214.4,2329.132,3.746,43.01,70.68,,2324.4320000000002,0.16381625441696118
3214.5,2329.136,3.765,43.24,70.65,,2324.436,0.16360424028268555
3214.6,2329.141,3.818,43.01,70.72,,2324.4410000000003,0.1640989399293286
3214.7,2329.145,4.774,43.21,70.69,,2324.445,0.16388692579505298
3214.8,2329.15,4.444,43.09,70.72,,2324.4500000000003,0.1640989399293286
3214.9,2329.154,4.328,43.07,70.7,,2324.454,0.1639575971731449
3215.0,2329.159,4.399,41.46,70.76,,2324.4590000000003,0.16438162544169616
3215.1,2329.164,4.609,42.3,70.78,,2324.4640000000004,0.16452296819787987
3215.2,2329.168,4.797,42.71,70.77,,2324.4680000000003,0.16445229681978796
3215.3,2329.173,5.269,42.55,70.76,,2324.473,0.16438162544169616
3215.4,2329.177,6.202,42.99,70.75,,2324.4770000000003,0.16431095406360424
3215.5,2329.182,7.101,44.18,70.76,,2324.482,0.16438162544169616
3215.6,2329.187,8.163,45.33,70.71,,2324.487,0.1640282685512367
3215.7,2329.191,9.157,45.03,70.7,,2324.491,0.1639575971731449
3215.8,2329.196,9.984,45.19,70.68,,2324.496,0.16381625441696118
3215.9,2329.201,10.732,45.28,70.67,,2324.501,0.16374558303886927
3216.0,2329.205,11.294,45.25,70.67,,2324.505,0.16374558303886927
3216.1,2329.21,11.422,44.78,70.67,,2324.51,0.16374558303886927
3216.2,2329.215,11.378,45.1,70.65,,2324.5150000000003,0.16360424028268555
3216.3,2329.22,11.435,45.17,70.66,,2324.52,0.16367491166077736
3216.4,2329.224,11.267,45.37,70.67,,2324.5240000000003,0.16374558303886927
3216.5,2329.229,10.999,45.42,70.68,,2324.529,0.16381625441696118
3216.6,2329.234,10.557,45.55,70.69,,2324.534,0.16388692579505298
3216.7,2329.239,10.29,45.96,70.66,,2324.539,0.16367491166077736
3216.8,2329.244,9.864,46.21,70.66,,2324.5440000000003,0.16367491166077736
3216.9,2329.249,9.434,46.2,70.63,,2324.549,0.16346289752650173
3217.0,2329.253,9.183,45.85,70.63,,2324.5530000000003,0.16346289752650173
3217.1,2329.258,9.019,45.83,71.26,,2324.558,0.1679151943462898
3217.2,2329.263,9.094,45.44,71.39,,2324.563,0.1688339222614841
3217.3,2329.268,9.236,45.36,71.22,,2324.568,0.16763250883392225
3217.4,2329.273,9.763,45.58,71.33,,2324.5730000000003,0.16840989399293285
3217.5,2329.278,10.107,45.43,71.38,,2324.578,0.1687632508833922
3217.6,2329.283,10.713,45.14,71.44,,2324.583,0.16918727915194345
3217.7,2329.288,11.303,45.19,71.24,,2324.588,0.16777385159010597
3217.8,2329.293,11.738,45.28,71.2,,2324.5930000000003,0.16749116607773853
3217.9,2329.298,11.766,45.69,71.18,,2324.598,0.16734982332155482
3218.0,2329.303,11.698,45.69,71.15,,2324.603,0.1671378091872792
3218.1,2329.308,11.766,45.71,70.11,,2324.608,0.15978798586572437
3218.2,2329.313,11.238,45.9,70.17,,2324.6130000000003,0.16021201413427563
3218.3,2329.318,10.809,46.2,70.74,,2324.6180000000004,0.16424028268551233
3218.4,2329.323,6.957,45.65,70.77,,2324.623,0.16445229681978796
3218.5,2329.328,6.299,45.41,70.63,,2324.628,0.16346289752650173
3218.6,2329.333,5.797,45.53,70.62,,2324.6330000000003,0.16339222614840992
3218.7,2329.338,5.107,45.2,70.63,,2324.6380000000004,0.16346289752650173
3218.8,2329.344,4.563,45.25,70.58,,2324.6440000000002,0.16310954063604238
3218.9,2329.349,4.246,44.7,71.14,,2324.6490000000003,0.16706713780918728
3219.0,2329.354,4.579,44.83,71.23,,2324.654,0.16770318021201416
3219.1,2329.359,4.889,45.07,71.42,,2324.659,0.16904593639575974
3219.2,2329.364,4.906,45.17,72.15,,2324.664,0.17420494699646646
3219.3,2329.369,5.026,45.16,72.38,,2324.6690000000003,0.17583038869257947
3219.4,2329.375,6.846,45.31,72.33,,2324.675,0.17547703180212013
3219.5,2329.38,6.887,45.36,72.42,,2324.6800000000003,0.176113074204947
3219.6,2329.385,6.616,45.41,72.3,,2324.6850000000004,0.1752650176678445
3219.7,2329.39,6.798,45.51,71.55,,2324.69,0.16996466431095406
3219.8,2329.396,7.23,45.23,71.27,,2324.6960000000004,0.1679858657243816
3219.9,2329.401,7.639,45.64,70.91,,2324.701,0.1654416961130742
3220.0,2329.406,7.866,45.64,70.83,,2324.706,0.16487632508833922
3220.1,2329.412,8.178,45.19,70.74,,2324.712,0.16424028268551233
3220.2,2329.417,8.973,45.05,70.51,,2324.717,0.16261484098939932
3220.3,2329.422,9.4,44.99,70.58,,2324.722,0.16310954063604238
3220.4,2329.428,9.783,45.65,70.62,,2324.728,0.16339222614840992
3220.5,2329.433,10.01,45.17,70.6,,2324.733,0.1632508833922261
3220.6,2329.439,10.622,45.14,70.65,,2324.739,0.16360424028268555
3220.7,2329.444,11.402,44.95,70.96,,2324.744,0.16579505300353353
3220.8,2329.449,10.782,45.29,70.93,,2324.7490000000003,0.165583038869258
3220.9,2329.455,10.113,44.53,70.93,,2324.755,0.165583038869258
3221.0,2329.46,9.682,44.13,70.95,,2324.76,0.1657243816254417
3221.1,2329.466,5.356,44.17,70.91,,2324.766,0.1654416961130742
3221.2,2329.471,4.761,43.82,70.85,,2324.771,0.16501766784452293
3221.3,2329.477,4.013,43.21,70.78,,2324.777,0.16452296819787987
3221.4,2329.482,3.411,42.6,70.88,,2324.782,0.16522968197879856
3221.5,2329.488,3.16,42.81,70.86,,2324.788,0.16508833922261484
3221.6,2329.494,3.031,42.98,70.84,,2324.7940000000003,0.16494699646643113
3221.7,2329.499,3.303,42.75,70.82,,2324.799,0.1648056537102473
3221.8,2329.505,3.65,43.27,70.85,,2324.8050000000003,0.16501766784452293
3221.9,2329.51,4.018,43.79,70.89,,2324.8100000000004,0.16530035335689047
3222.0,2329.516,4.432,43.73,70.86,,2324.8160000000003,0.16508833922261484
3222.1,2329.522,7.412,43.76,70.94,,2324.822,0.16565371024734982
3222.2,2329.527,7.619,43.95,70.97,,2324.827,0.16586572438162545
3222.3,2329.533,7.701,44.25,71.08,,2324.833,0.16664310954063602
3222.4,2329.539,8.513,43.96,72.19,,2324.8390000000004,0.1744876325088339
3222.5,2329.544,5.339,44.2,72.36,,2324.844,0.17568904593639575
3222.6,2329.55,4.881,44.23,72.66,,2324.8500000000004,0.17780918727915193
3222.7,2329.556,4.476,44.34,72.89,,2324.856,0.17943462897526502
3222.8,2329.562,3.817,44.98,73.1,,2324.862,0.1809187279151943
3222.9,2329.567,3.602,45.46,72.44,,2324.867,0.17625441696113073
3223.0,2329.573,3.432,46.55,72.09,,2324.873,0.1737809187279152
3223.1,2329.579,4.017,47.35,71.96,,2324.8790000000004,0.1728621908127208
3223.2,2329.585,4.521,48.39,71.79,,2324.885,0.17166077738515906
3223.3,2329.591,5.226,48.22,71.6,,2324.891,0.1703180212014134
3223.4,2329.597,5.703,48.07,70.61,,2324.8970000000004,0.163321554770318
3223.5,2329.602,10.278,47.59,71.99,,2324.902,0.17307420494699643
3223.6,2329.608,9.826,47.46,72.95,,2324.9080000000004,0.17985865724381628
3223.7,2329.614,9.387,46.8,73.45,,2324.914,0.18339222614840991
3223.8,2329.62,9.206,46.21,73.2,,2324.92,0.18162544169611308
3223.9,2329.626,8.863,46.01,74.07,,2324.9260000000004,0.18777385159010596
3224.0,2329.632,8.823,45.22,73.2,,2324.9320000000002,0.18162544169611308
3224.1,2329.638,8.871,45.01,72.76,,2324.938,0.1785159010600707
3224.2,2329.644,8.39,44.89,72.37,,2324.944,0.17575971731448767
3224.3,2329.65,8.066,44.99,71.96,,2324.9500000000003,0.1728621908127208
3224.4,2329.656,8.027,44.94,71.81,,2324.956,0.17180212014134277
3224.5,2329.662,7.815,44.95,71.09,,2324.962,0.16671378091872793
3224.6,2329.668,7.39,44.95,70.97,,2324.9680000000003,0.16586572438162545
3224.7,2329.674,7.168,45.01,70.76,,2324.974,0.16438162544169616
3224.8,2329.68,7.427,44.93,70.67,,2324.98,0.16374558303886927
3224.9,2329.686,4.972,45.2,70.69,,2324.9860000000003,0.16388692579505298
3225.0,2329.692,4.629,46.43,70.61,,2324.992,0.163321554770318
3225.1,2329.699,4.42,47.28,70.58,,2324.9990000000003,0.16310954063604238
3225.2,2329.705,4.112,47.49,70.54,,2325.005,0.16282685512367495
3225.3,2329.711,3.785,47.87,70.56,,2325.011,0.16296819787985867
3225.4,2329.717,3.91,47.41,70.64,,2325.0170000000003,0.16353356890459364
3225.5,2329.723,4.063,47.3,70.64,,2325.023,0.16353356890459364
3225.6,2329.73,3.855,47.13,70.57,,2325.03,0.16303886925795047
3225.7,2329.736,3.661,46.74,70.86,,2325.036,0.16508833922261484
3225.8,2329.742,3.385,46.24,70.84,,2325.0420000000004,0.16494699646643113
3225.9,2329.748,3.71,44.79,70.62,,2325.0480000000002,0.16339222614840992
3226.0,2329.755,3.391,46.47,70.83,,2325.0550000000003,0.16487632508833922
3226.1,2329.761,3.157,46.51,70.85,,2325.061,0.16501766784452293
3226.2,2329.767,3.162,47.23,70.98,,2325.067,0.16593639575971733
3226.3,2329.773,3.18,47.27,71.06,,2325.0730000000003,0.1665017667844523
3226.4,2329.78,3.363,48.13,71.11,,2325.0800000000004,0.16685512367491165
3226.5,2329.786,3.693,48.05,71.14,,2325.0860000000002,0.16706713780918728
3226.6,2329.793,4.278,47.58,71.13,,2325.0930000000003,0.16699646643109536
3226.7,2329.799,4.832,47.41,71.19,,2325.099,0.16742049469964662
3226.8,2329.805,5.625,47.02,71.11,,2325.105,0.16685512367491165
3226.9,2329.812,6.347,47.04,71.04,,2325.112,0.1663604240282686
3227.0,2329.818,7.363,46.63,70.96,,2325.1180000000004,0.16579505300353353
3227.1,2329.825,8.112,47.48,70.89,,2325.125,0.16530035335689047
3227.2,2329.831,9.018,47.82,70.8,,2325.1310000000003,0.1646643109540636
3227.3,2329.838,9.562,48.29,70.74,,2325.1380000000004,0.16424028268551233
3227.4,2329.844,10.112,49.15,70.73,,2325.1440000000002,0.16416961130742053
3227.5,2329.851,10.819,48.88,70.71,,2325.1510000000003,0.1640282685512367
3227.6,2329.857,10.989,48.85,70.56,,2325.157,0.16296819787985867
3227.7,2329.864,10.192,47.92,70.54,,2325.164,0.16282685512367495
3227.8,2329.87,9.719,47.86,70.43,,2325.17,0.16204946996466435
3227.9,2329.877,6.36,47.3,70.36,,2325.177,0.1615547703180212
3228.0,2329.883,5.596,46.76,70.29,,2325.183,0.16106007067137815
3228.1,2329.89,5.049,45.63,70.18,,2325.19,0.16028268551236755
3228.2,2329.897,4.324,44.92,71.84,,2325.197,0.1720141342756184
3228.3,2329.903,3.861,44.92,72.27,,2325.203,0.17505300353356887
3228.4,2329.91,3.681,44.92,74.06,,2325.21,0.18770318021201415
3228.5,2329.917,3.996,44.92,75.61,,2325.217,0.1986572438162544
3228.6,2329.923,4.224,46.46,77.24,,2325.223,0.21017667844522964
3228.7,2329.93,4.571,46.38,77.34,,2325.23,0.21088339222614844
3228.8,2329.937,5.025,48.2,77.31,,2325.237,0.2106713780918728
3228.9,2329.944,7.362,48.37,76.74,,2325.244,0.206643109540636
3229.0,2329.95,7.623,48.96,76.1,,2325.25,0.20212014134275613
3229.1,2329.957,7.713,49.18,75.5,,2325.257,0.1978798586572438
3229.2,2329.964,8.255,49.6,74.35,,2325.264,0.18975265017667842
3229.3,2329.971,8.829,49.77,73.78,,2325.271,0.1857243816254417
3229.4,2329.977,8.987,49.52,72.64,,2325.277,0.17766784452296822
3229.5,2329.984,8.958,49.55,72.64,,2325.284,0.17766784452296822
3229.6,2329.991,8.932,49.59,72.61,,2325.291,0.1774558303886926
3229.7,2329.998,9.085,49.68,73.29,,2325.2980000000002,0.18226148409893997
3229.8,2330.005,9.541,49.09,73.73,,2325.3050000000003,0.18537102473498235
3229.9,2330.012,9.541,49.2,74.02,,2325.3120000000004,0.1874204946996466
3230.0,2330.019,9.478,49.61,74.34,,2325.319,0.1896819787985866
3230.1,2330.026,9.436,49.64,74.55,,2325.326,0.19116607773851588
3230.2,2330.033,9.85,49.98,74.76,,2325.333,0.19265017667844528
3230.3,2330.04,9.846,49.93,75.04,,2325.34,0.1946289752650177
3230.4,2330.047,3.779,50.69,75.37,,2325.347,0.1969611307420495
3230.5,2330.054,3.395,50.55,75.37,,2325.3540000000003,0.1969611307420495
3230.6,2330.061,3.023,50.36,75.34,,2325.3610000000003,0.1967491166077739
3230.7,2330.068,2.627,50.08,74.64,,2325.3680000000004,0.19180212014134276
3230.8,2330.075,2.191,50.09,74.07,,2325.375,0.18777385159010596
3230.9,2330.082,2.56,49.86,73.05,,2325.382,0.18056537102473497
3231.0,2330.089,3.056,49.28,73.19,,2325.389,0.1815547703180212
3231.1,2330.096,3.699,49.15,72.94,,2325.396,0.17978798586572436
3231.2,2330.103,3.973,49.14,72.33,,2325.4030000000002,0.17547703180212013
3231.3,2330.11,4.673,49.27,73.34,,2325.4100000000003,0.1826148409893993
3231.4,2330.117,13.246,48.93,73.76,,2325.4170000000004,0.18558303886925798
3231.5,2330.124,13.812,48.77,74.08,,2325.424,0.18784452296819787
3231.6,2330.132,13.746,49.2,74.39,,2325.4320000000002,0.19003533568904593
3231.7,2330.139,13.863,48.91,75.2,,2325.4390000000003,0.19575971731448766
3231.8,2330.146,14.162,48.67,75.2,,2325.4460000000004,0.19575971731448766
3231.9,2330.153,14.213,48.84,75.18,,2325.453,0.19561837455830394
3232.0,2330.16,14.021,48.9,73.66,,2325.46,0.1848763250883392
3232.1,2330.168,13.902,48.18,73.36,,2325.4680000000003,0.18275618374558303
3232.2,2330.175,14.108,47.18,73.18,,2325.4750000000004,0.18148409893992937
3232.3,2330.182,14.075,47.23,72.7,,2325.482,0.17809187279151945
3232.4,2330.189,13.837,46.79,72.55,,2325.489,0.17703180212014133
3232.5,2330.197,12.93,45.78,72.38,,2325.4970000000003,0.17583038869257947
3232.6,2330.204,12.292,44.89,72.29,,2325.5040000000004,0.1751943462897527
3232.7,2330.211,11.21,44.96,72.49,,2325.511,0.17660777385159007
3232.8,2330.219,10.234,45.21,72.49,,2325.5190000000002,0.17660777385159007
3232.9,2330.226,5.473,44.7,72.25,,2325.5260000000003,0.17491166077738515
3233.0,2330.234,4.77,44.41,72.82,,2325.534,0.17893992932862185
3233.1,2330.241,4.003,44.64,71.96,,2325.541,0.1728621908127208
3233.2,2330.248,3.555,44.32,70.94,,2325.5480000000002,0.16565371024734982
3233.3,2330.256,3.297,44.03,71.87,,2325.556,0.17222614840989403
3233.4,2330.263,3.108,43.43,71.94,,2325.563,0.1727208480565371
3233.5,2330.271,3.738,42.19,72.07,,2325.5710000000004,0.1736395759717314
3233.6,2330.278,4.666,42.37,72.6,,2325.578,0.17738515901060067
3233.7,2330.286,5.277,42.35,72.99,,2325.5860000000002,0.1801413427561837
3233.8,2330.293,6.429,42.18,73.16,,2325.5930000000003,0.18134275618374557
3233.9,2330.301,16.898,41.93,73.58,,2325.601,0.18431095406360423
3234.0,2330.308,17.646,42.32,73.61,,2325.608,0.18452296819787986
3234.1,2330.316,17.748,42.51,74.3,,2325.616,0.18939929328621907
3234.2,2330.324,18.003,42.76,74.3,,2325.6240000000003,0.18939929328621907
3234.3,2330.331,17.906,42.75,73.74,,2325.6310000000003,0.18544169611307418
3234.4,2330.339,17.933,42.94,72.44,,2325.639,0.17625441696113073
3234.5,2330.346,17.851,43.45,71.46,,2325.646,0.16932862190812717
3234.6,2330.354,16.988,43.63,70.75,,2325.654,0.16431095406360424
3234.7,2330.362,15.678,43.9,70.75,,2325.6620000000003,0.16431095406360424
3234.8,2330.369,15.011,44.14,70.72,,2325.6690000000003,0.1640989399293286
3234.9,2330.377,14.083,44.87,70.67,,2325.677,0.16374558303886927
3235.0,2330.385,13.597,44.5,70.67,,2325.6850000000004,0.16374558303886927
3235.1,2330.393,13.066,44.05,70.65,,2325.693,0.16360424028268555
3235.2,2330.4,12.87,43.56,70.67,,2325.7000000000003,0.16374558303886927
3235.3,2330.408,13.161,43.08,70.7,,2325.708,0.1639575971731449
3235.4,2330.416,13.519,42.23,70.69,,2325.7160000000003,0.16388692579505298
3235.5,2330.424,13.749,41.57,70.72,,2325.724,0.1640989399293286
3235.6,2330.432,14.82,41.59,70.68,,2325.732,0.16381625441696118
3235.7,2330.439,16.405,41.6,70.63,,2325.739,0.16346289752650173
3235.8,2330.447,16.712,41.15,70.58,,2325.7470000000003,0.16310954063604238
3235.9,2330.455,17.543,39.47,70.53,,2325.755,0.16275618374558304
3236.0,2330.463,18.166,38.58,70.4,,2325.7630000000004,0.16183745583038872
3236.1,2330.471,18.698,38.04,70.35,,2325.771,0.1614840989399293
3236.2,2330.479,19.328,36.97,70.39,,2325.779,0.16176678445229684
3236.3,2330.487,19.425,36.41,70.39,,2325.7870000000003,0.16176678445229684
3236.4,2330.495,19.693,36.79,70.47,,2325.795,0.16233215547703178
3236.5,2330.503,19.624,36.76,70.52,,2325.8030000000003,0.16268551236749113
3236.6,2330.511,19.767,37.64,70.61,,2325.811,0.163321554770318
3236.7,2330.519,19.678,37.77,70.61,,2325.819,0.163321554770318
3236.8,2330.527,19.725,38.28,70.62,,2325.827,0.16339222614840992
3236.9,2330.535,19.598,39.32,70.53,,2325.835,0.16275618374558304
3237.0,2330.543,19.614,39.32,70.53,,2325.8430000000003,0.16275618374558304
3237.1,2330.551,19.565,38.99,70.48,,2325.851,0.1624028268551237
3237.2,2330.559,19.467,38.77,70.28,,2325.8590000000004,0.16098939929328623
3237.3,2330.567,19.412,38.72,70.29,,2325.867,0.16106007067137815
3237.4,2330.575,19.301,37.98,70.32,,2325.875,0.16127208480565366
3237.5,2330.583,19.355,37.64,70.35,,2325.8830000000003,0.1614840989399293
3237.6,2330.591,19.331,37.44,70.35,,2325.891,0.1614840989399293
3237.7,2330.599,19.42,37.34,70.88,,2325.8990000000003,0.16522968197879856
3237.8,2330.607,19.342,37.37,71.0,,2325.907,0.16607773851590105
3237.9,2330.616,8.629,37.4,71.6,,2325.916,0.1703180212014134
3238.0,2330.624,7.873,37.81,71.87,,2325.924,0.17222614840989403
3238.1,2330.632,6.515,38.39,72.25,,2325.9320000000002,0.17491166077738515
3238.2,2330.64,6.102,38.69,72.94,,2325.94,0.17978798586572436
3238.3,2330.648,5.262,39.11,73.09,,2325.9480000000003,0.1808480565371025
3238.4,2330.657,5.418,39.77,73.79,,2325.9570000000003,0.1857950530035336
3238.5,2330.665,6.506,40.38,73.83,,2325.965,0.18607773851590104
3238.6,2330.673,7.403,41.25,74.5,,2325.973,0.19081272084805653
3238.7,2330.682,7.741,41.23,75.91,,2325.982,0.20077738515901059
3238.8,2330.69,9.124,41.38,75.95,,2325.9900000000002,0.2010600706713781
3238.9,2330.698,17.708,41.34,76.55,,2325.998,0.20530035335689045
3239.0,2330.707,18.214,42.31,77.33,,2326.007,0.21081272084805652
3239.1,2330.715,18.136,42.49,77.65,,2326.0150000000003,0.2130742049469965
3239.2,2330.723,18.075,42.47,77.54,,2326.023,0.2122968197879859
3239.3,2330.732,17.617,42.62,77.21,,2326.032,0.209964664310954
3239.4,2330.74,16.933,42.84,76.87,,2326.04,0.20756183745583043
3239.5,2330.749,16.05,42.99,76.7,,2326.049,0.20636042402826857
3239.6,2330.757,14.543,42.8,76.13,,2326.0570000000002,0.20233215547703176
3239.7,2330.766,13.978,43.21,74.79,,2326.0660000000003,0.19286219081272088
3239.8,2330.774,12.996,43.73,74.3,,2326.074,0.18939929328621907
3239.9,2330.783,12.246,44.12,73.69,,2326.083,0.18508833922261483
3240.0,2330.791,11.976,44.07,72.93,,2326.0910000000003,0.17971731448763256
3240.1,2330.8,11.643,44.11,72.48,,2326.1000000000004,0.17653710247349827
3240.2,2330.808,11.418,44.98,72.52,,2326.108,0.1768197879858657
3240.3,2330.817,10.911,45.15,72.2,,2326.117,0.1745583038869258
3240.4,2330.825,10.878,44.84,72.14,,2326.125,0.17413427561837455
3240.5,2330.834,11.02,44.66,72.2,,2326.134,0.1745583038869258
3240.6,2330.842,11.033,45.41,72.11,,2326.1420000000003,0.17392226148409892
3240.7,2330.851,11.023,46.62,72.23,,2326.1510000000003,0.17477031802120144
3240.8,2330.86,10.958,46.61,71.51,,2326.1600000000003,0.1696819787985866
3240.9,2330.868,11.177,46.43,71.37,,2326.168,0.1686925795053004
3241.0,2330.877,11.823,47.5,71.19,,2326.177,0.16742049469964662
3241.1,2330.886,12.49,48.44,70.97,,2326.186,0.16586572438162545
3241.2,2330.894,12.766,48.3,70.43,,2326.194,0.16204946996466435
3241.3,2330.903,13.774,48.26,70.07,,2326.203,0.15950530035335683
3241.4,2330.912,14.062,48.53,69.92,,2326.212,0.1584452296819788
3241.5,2330.921,14.082,48.63,70.0,,2326.221,0.15901060070671377
3241.6,2330.929,14.219,47.93,69.92,,2326.2290000000003,0.1584452296819788
3241.7,2330.938,14.571,46.66,69.78,,2326.2380000000003,0.1574558303886926
3241.8,2330.947,14.515,46.3,69.73,,2326.2470000000003,0.15710247349823325
3241.9,2330.956,14.611,46.24,69.98,,2326.2560000000003,0.15886925795053006
3242.0,2330.965,14.407,45.09,70.18,,2326.2650000000003,0.16028268551236755
3242.1,2330.974,13.953,45.16,70.19,,2326.2740000000003,0.16035335689045935
3242.2,2330.982,13.821,44.88,71.05,,2326.282,0.1664310954063604
3242.3,2330.991,13.561,45.51,71.77,,2326.291,0.17151943462897523
3242.4,2331.0,13.223,45.87,71.85,,2326.3,0.1720848056537102
3242.5,2331.009,12.92,46.3,71.88,,2326.309,0.17229681978798583
3242.6,2331.018,12.572,46.81,72.09,,2326.318,0.1737809187279152
3242.7,2331.027,12.175,47.3,71.89,,2326.327,0.17236749116607775
3242.8,2331.036,11.995,47.16,72.6,,2326.3360000000002,0.17738515901060067
3242.9,2331.045,3.863,47.17,72.59,,2326.3450000000003,0.17731448763250887
3243.0,2331.054,3.204,47.36,73.11,,2326.3540000000003,0.18098939929328622
3243.1,2331.063,2.757,47.61,73.4,,2326.3630000000003,0.18303886925795057
3243.2,2331.072,2.447,47.03,73.81,,2326.3720000000003,0.18593639575971732
3243.3,2331.081,1.973,46.05,74.35,,2326.3810000000003,0.18975265017667842
3243.4,2331.09,1.737,45.46,74.31,,2326.3900000000003,0.18946996466431096
3243.5,2331.099,2.107,44.92,74.67,,2326.3990000000003,0.1920141342756184
3243.6,2331.108,2.404,45.57,75.17,,2326.4080000000004,0.19554770318021203
3243.7,2331.117,3.02,45.24,74.93,,2326.4170000000004,0.1938515901060071
3243.8,2331.126,3.693,45.32,73.86,,2326.4260000000004,0.18628975265017667
3243.9,2331.136,16.616,45.97,73.59,,2326.436,0.18438162544169615
3244.0,2331.145,18.154,46.48,73.68,,2326.445,0.185017667844523
3244.1,2331.154,18.852,46.73,73.62,,2326.454,0.18459363957597177
3244.2,2331.163,18.694,47.4,73.25,,2326.463,0.18197879858657243
3244.3,2331.172,18.717,48.22,73.12,,2326.472,0.18106007067137814
3244.4,2331.182,18.768,49.08,72.98,,2326.482,0.1800706713780919
3244.5,2331.191,18.996,49.24,73.84,,2326.491,0.18614840989399295
3244.6,2331.2,19.13,49.89,74.18,,2326.5,0.18855123674911667
3244.7,2331.209,19.186,50.9,75.01,,2326.509,0.19441696113074208
3244.8,2331.219,19.496,51.31,75.7,,2326.5190000000002,0.1992932862190813
3244.9,2331.228,19.676,52.0,75.9,,2326.5280000000002,0.20070671378091876
3245.0,2331.237,19.849,52.62,76.24,,2326.5370000000003,0.20310954063604236
3245.1,2331.246,19.994,53.04,76.24,,2326.5460000000003,0.20310954063604236
3245.2,2331.256,15.579,53.97,76.24,,2326.556,0.20310954063604236
3245.3,2331.265,14.211,54.03,75.92,,2326.565,0.2008480565371025
3245.4,2331.275,13.454,54.74,76.03,,2326.5750000000003,0.20162544169611307
3245.5,2331.284,12.076,55.57,75.47,,2326.5840000000003,0.19766784452296818
3245.6,2331.293,11.073,56.47,74.76,,2326.5930000000003,0.19265017667844528
3245.7,2331.303,10.948,58.1,73.53,,2326.603,0.1839575971731449
3245.8,2331.312,11.08,58.55,72.33,,2326.612,0.17547703180212013
3245.9,2331.322,11.943,58.96,71.09,,2326.6220000000003,0.16671378091872793
3246.0,2331.331,12.92,60.53,70.53,,2326.6310000000003,0.16275618374558304
3246.1,2331.341,13.682,61.26,71.7,,2326.641,0.17102473498233217
3246.2,2331.35,17.091,61.34,71.82,,2326.65,0.17187279151943458
3246.3,2331.36,17.167,61.39,72.14,,2326.6600000000003,0.17413427561837455
3246.4,2331.369,16.912,61.93,72.93,,2326.6690000000003,0.17971731448763256
3246.5,2331.379,16.528,61.87,73.35,,2326.679,0.18268551236749112
3246.6,2331.388,15.476,61.72,74.12,,2326.688,0.1881272084805654
3246.7,2331.398,15.315,61.36,75.7,,2326.6980000000003,0.1992932862190813
3246.8,2331.408,16.069,61.36,75.91,,2326.708,0.20077738515901059
3246.9,2331.417,16.41,59.61,76.72,,2326.717,0.20650176678445228
3247.0,2331.427,17.345,59.05,76.63,,2326.7270000000003,0.2058657243816254
3247.1,2331.436,18.637,57.16,75.51,,2326.7360000000003,0.19795053003533572
3247.2,2331.446,19.699,56.16,75.68,,2326.746,0.19915194346289758
3247.3,2331.456,20.266,56.16,75.54,,2326.7560000000003,0.19816254416961135
3247.4,2331.465,18.546,56.33,75.08,,2326.7650000000003,0.19491166077738514
3247.5,2331.475,17.436,56.7,74.45,,2326.775,0.1904593639575972
3247.6,2331.485,11.579,57.23,74.01,,2326.7850000000003,0.1873498233215548
3247.7,2331.495,9.492,57.46,73.95,,2326.795,0.18692579505300355
3247.8,2331.504,7.929,57.52,73.06,,2326.804,0.18063604240282688
3247.9,2331.514,7.284,58.01,74.39,,2326.8140000000003,0.19003533568904593
3248.0,2331.524,6.18,58.09,75.0,,2326.824,0.19434628975265017
3248.1,2331.534,5.69,58.19,76.03,,2326.8340000000003,0.20162544169611307
3248.2,2331.544,5.799,58.21,76.52,,2326.844,0.20508833922261482
3248.3,2331.553,5.496,57.53,76.59,,2326.853,0.20558303886925797
3248.4,2331.563,5.2,57.33,75.28,,2326.8630000000003,0.19632508833922263
3248.5,2331.573,5.085,57.02,75.13,,2326.873,0.1952650176678445
3248.6,2331.583,5.57,55.31,75.27,,2326.8830000000003,0.19625441696113072
3248.7,2331.593,5.395,54.41,75.6,,2326.893,0.1985865724381625
3248.8,2331.603,5.218,55.08,76.34,,2326.9030000000002,0.20381625441696116
3248.9,2331.613,5.361,54.89,76.55,,2326.913,0.20530035335689045
3249.0,2331.623,5.482,54.41,77.82,,2326.9230000000002,0.21427561837455825
3249.1,2331.633,5.854,54.6,79.55,,2326.933,0.22650176678445227
3249.2,2331.643,6.174,54.68,80.15,,2326.943,0.2307420494699647
3249.3,2331.653,7.122,54.6,80.16,,2326.953,0.2308127208480565
3249.4,2331.663,5.428,54.21,81.49,,2326.963,0.2402120141342756
3249.5,2331.673,5.137,53.66,81.17,,2326.973,0.2379505300353357
3249.6,2331.683,4.788,53.57,80.76,,2326.983,0.23505300353356895
3249.7,2331.693,4.685,53.2,79.81,,2326.9930000000004,0.228339222614841
3249.8,2331.703,4.469,52.27,79.34,,2327.003,0.22501766784452298
3249.9,2331.713,4.063,54.77,79.34,,2327.0130000000004,0.22501766784452298
3250.0,2331.723,4.634,54.64,79.34,,2327.023,0.22501766784452298
3250.1,2331.733,5.242,54.09,79.96,,2327.0330000000004,0.22939929328621902
3250.2,2331.744,5.765,54.14,80.47,,2327.0440000000003,0.23300353356890458
3250.3,2331.754,6.057,54.08,81.34,,2327.054,0.23915194346289756
3250.4,2331.764,10.127,54.03,81.34,,2327.0640000000003,0.23915194346289756
3250.5,2331.774,10.614,53.64,81.34,,2327.074,0.23915194346289756
3250.6,2331.784,10.571,53.31,81.18,,2327.0840000000003,0.2380212014134276
3250.7,2331.795,10.287,53.21,81.13,,2327.0950000000003,0.23766784452296816
3250.8,2331.805,10.641,52.99,81.08,,2327.105,0.2373144876325088
3250.9,2331.815,10.927,50.77,81.04,,2327.1150000000002,0.23703180212014138
3251.0,2331.825,10.937,50.14,80.7,,2327.125,0.2346289752650177
3251.1,2331.836,11.161,50.48,80.46,,2327.136,0.2329328621908127
3251.2,2331.846,11.775,50.2,80.26,,2327.146,0.2315194346289753
3251.3,2331.856,12.679,50.11,80.17,,2327.1560000000004,0.23088339222614843
3251.4,2331.867,12.969,50.28,80.09,,2327.1670000000004,0.23031802120141345
3251.5,2331.877,13.795,49.73,80.06,,2327.177,0.23010600706713782
3251.6,2331.887,14.877,49.7,80.05,,2327.1870000000004,0.2300353356890459
3251.7,2331.898,15.631,48.37,80.08,,2327.1980000000003,0.23024734982332154
3251.8,2331.908,16.024,47.81,80.15,,2327.208,0.2307420494699647
3251.9,2331.919,15.945,47.42,80.23,,2327.219,0.23130742049469968
3252.0,2331.929,16.303,47.34,80.42,,2327.2290000000003,0.23265017667844523
3252.1,2331.94,16.317,46.62,80.26,,2327.2400000000002,0.2315194346289753
3252.2,2331.95,15.993,46.84,80.29,,2327.25,0.23173144876325094
3252.3,2331.961,14.645,47.36,80.17,,2327.261,0.23088339222614843
3252.4,2331.971,14.998,47.62,80.06,,2327.271,0.23010600706713782
3252.5,2331.982,14.314,48.31,78.81,,2327.282,0.22127208480565372
3252.6,2331.992,12.735,46.79,78.04,,2327.2920000000004,0.21583038869257956
3252.7,2332.003,11.969,46.44,77.1,,2327.3030000000003,0.20918727915194343
3252.8,2332.013,11.971,45.99,76.69,,2327.313,0.20628975265017666
3252.9,2332.024,11.743,45.13,76.33,,2327.324,0.20374558303886925
3253.0,2332.034,10.933,45.02,75.99,,2327.3340000000003,0.20134275618374556
3253.1,2332.045,10.076,44.36,75.23,,2327.3450000000003,0.1959717314487633
3253.2,2332.056,9.986,44.9,75.23,,2327.356,0.1959717314487633
3253.3,2332.066,9.849,43.78,75.23,,2327.366,0.1959717314487633
3253.4,2332.077,9.151,44.34,75.23,,2327.3770000000004,0.1959717314487633
3253.5,2332.088,8.853,44.07,76.08,,2327.3880000000004,0.20197879858657242
3253.6,2332.098,9.28,45.11,76.38,,2327.398,0.2040989399293286
3253.7,2332.109,9.746,45.25,76.58,,2327.409,0.20551236749116605
3253.8,2332.12,9.873,45.56,76.79,,2327.42,0.20699646643109545
3253.9,2332.131,10.901,46.4,76.62,,2327.431,0.2057950530035336
3254.0,2332.141,10.629,46.54,76.86,,2327.4410000000003,0.20749116607773851
3254.1,2332.152,11.414,46.94,76.92,,2327.452,0.20791519434628977
3254.2,2332.163,11.515,47.26,77.17,,2327.463,0.20968197879858658
3254.3,2332.174,11.984,48.06,77.31,,2327.474,0.2106713780918728
3254.4,2332.185,11.7,47.25,77.97,,2327.485,0.2153356890459364
3254.5,2332.195,11.49,46.97,78.9,,2327.4950000000003,0.2219081272084806
3254.6,2332.206,11.764,46.67,78.54,,2327.5060000000003,0.2193639575971732
3254.7,2332.217,11.999,45.99,79.01,,2327.5170000000003,0.2226855123674912
3254.8,2332.228,12.232,45.68,78.35,,2327.5280000000002,0.2180212014134275
3254.9,2332.239,11.896,45.3,78.3,,2327.539,0.21766784452296817
3255.0,2332.25,13.325,45.77,77.3,,2327.55,0.2106007067137809
3255.1,2332.261,13.097,45.77,75.93,,2327.561,0.20091872791519438
3255.2,2332.272,13.099,45.83,74.8,,2327.572,0.1929328621908127
3255.3,2332.283,12.742,46.29,74.11,,2327.583,0.1880565371024735
3255.4,2332.294,12.796,46.37,72.72,,2327.594,0.17823321554770316
3255.5,2332.305,12.939,46.35,70.38,,2327.605,0.16169611307420492
3255.6,2332.316,12.645,46.28,69.96,,2327.616,0.15872791519434626
3255.7,2332.327,12.022,46.25,70.48,,2327.6270000000004,0.1624028268551237
3255.8,2332.338,11.409,46.21,70.51,,2327.6380000000004,0.16261484098939932
3255.9,2332.349,11.075,46.18,70.62,,2327.6490000000003,0.16339222614840992
3256.0,2332.36,10.507,46.07,70.62,,2327.6600000000003,0.16339222614840992
3256.1,2332.371,10.251,46.02,70.67,,2327.6710000000003,0.16374558303886927
3256.2,2332.382,10.006,46.19,71.01,,2327.6820000000002,0.16614840989399296
3256.3,2332.393,10.278,45.34,71.14,,2327.693,0.16706713780918728
3256.4,2332.405,10.683,45.49,71.36,,2327.7050000000004,0.16862190812720848
3256.5,2332.416,11.289,45.13,71.52,,2327.7160000000003,0.16975265017667843
3256.6,2332.427,12.101,45.22,72.08,,2327.7270000000003,0.17371024734982332
3256.7,2332.438,12.808,45.21,72.92,,2327.7380000000003,0.17964664310954065
3256.8,2332.449,13.744,45.96,74.8,,2327.7490000000003,0.1929328621908127
3256.9,2332.461,13.984,45.94,75.9,,2327.761,0.20070671378091876
3257.0,2332.472,13.48,45.91,75.91,,2327.7720000000004,0.20077738515901059
3257.1,2332.483,13.233,46.25,75.39,,2327.7830000000004,0.19710247349823323
3257.2,2332.494,12.726,46.53,73.79,,2327.7940000000003,0.1857950530035336
3257.3,2332.506,12.361,46.25,72.74,,2327.806,0.17837455830388688
3257.4,2332.517,11.919,45.89,72.28,,2327.817,0.17512367491166078
3257.5,2332.528,11.323,45.3,71.94,,2327.828,0.1727208480565371
3257.6,2332.54,11.342,45.15,72.27,,2327.84,0.17505300353356887
3257.7,2332.551,10.662,44.72,71.62,,2327.851,0.1704593639575972
3257.8,2332.563,10.282,43.77,71.84,,2327.8630000000003,0.1720141342756184
3257.9,2332.574,9.787,43.39,72.2,,2327.8740000000003,0.1745583038869258
3258.0,2332.585,9.447,43.25,73.08,,2327.885,0.1807773851590106
3258.1,2332.597,8.846,43.2,73.42,,2327.8970000000004,0.18318021201413429
3258.2,2332.608,5.561,43.16,73.68,,2327.9080000000004,0.185017667844523
3258.3,2332.62,4.976,43.59,74.64,,2327.92,0.19180212014134276
3258.4,2332.631,4.662,43.88,74.6,,2327.931,0.19151943462897522
3258.5,2332.643,4.563,44.78,74.83,,2327.943,0.19314487632508834
3258.6,2332.654,3.985,44.88,74.83,,2327.954,0.19314487632508834
3258.7,2332.666,4.635,45.62,74.93,,2327.9660000000003,0.1938515901060071
3258.8,2332.677,5.377,44.8,75.11,,2327.9770000000003,0.19512367491166077
3258.9,2332.689,6.28,44.16,75.21,,2327.989,0.19583038869257946
3259.0,2332.7,6.828,43.86,75.27,,2328.0,0.19625441696113072
3259.1,2332.712,7.718,43.52,74.56,,2328.012,0.1912367491166078
3259.2,2332.724,13.678,43.2,74.42,,2328.0240000000003,0.19024734982332156
3259.3,2332.735,14.158,42.6,74.2,,2328.0350000000003,0.18869257950530038
3259.4,2332.747,14.316,42.79,73.81,,2328.047,0.18593639575971732
3259.5,2332.758,14.731,42.97,72.84,,2328.058,0.17908127208480568
3259.6,2332.77,15.363,43.23,72.47,,2328.07,0.17646643109540636
3259.7,2332.782,16.056,43.07,71.99,,2328.0820000000003,0.17307420494699643
3259.8,2332.794,16.075,43.33,70.78,,2328.094,0.16452296819787987
3259.9,2332.805,15.423,43.08,70.73,,2328.105,0.16416961130742053
3260.0,2332.817,14.835,42.32,70.47,,2328.117,0.16233215547703178
3260.1,2332.829,14.315,42.0,70.27,,2328.1290000000004,0.16091872791519432
3260.2,2332.841,13.801,41.83,71.08,,2328.141,0.16664310954063602
3260.3,2332.852,13.362,41.85,71.19,,2328.152,0.16742049469964662
3260.4,2332.864,13.697,41.49,71.28,,2328.164,0.1680565371024735
3260.5,2332.876,13.851,41.74,72.89,,2328.1760000000004,0.17943462897526502
3260.6,2332.888,14.361,41.79,73.49,,2328.188,0.18367491166077735
3260.7,2332.9,14.796,41.98,74.65,,2328.2000000000003,0.19187279151943468
3260.8,2332.912,15.441,41.99,75.31,,2328.212,0.19653710247349826
3260.9,2332.923,15.896,41.72,76.58,,2328.223,0.20551236749116605
3261.0,2332.935,15.887,41.67,79.62,,2328.235,0.22699646643109544
3261.1,2332.947,15.446,41.56,79.82,,2328.2470000000003,0.22840989399293282
3261.2,2332.959,15.277,42.17,80.25,,2328.259,0.2314487632508834
3261.3,2332.971,14.669,42.28,80.26,,2328.271,0.2315194346289753
3261.4,2332.983,14.34,42.92,80.28,,2328.2830000000004,0.23166077738515903
3261.5,2332.995,14.269,43.32,80.16,,2328.295,0.2308127208480565
3261.6,2333.007,14.074,44.11,80.07,,2328.3070000000002,0.23017667844522963
3261.7,2333.019,13.981,44.47,80.01,,2328.319,0.22975265017667848
3261.8,2333.031,13.833,44.66,79.94,,2328.331,0.2292579505300353
3261.9,2333.043,13.386,44.99,79.91,,2328.3430000000003,0.22904593639575968
3262.0,2333.055,12.327,44.81,78.78,,2328.355,0.2210600706713781
3262.1,2333.067,11.828,43.89,79.88,,2328.367,0.22883392226148408
3262.2,2333.079,11.405,43.99,80.57,,2328.3790000000004,0.23371024734982326
3262.3,2333.091,11.009,44.13,80.73,,2328.391,0.23484098939929332
3262.4,2333.104,10.498,44.3,81.0,,2328.404,0.23674911660777384
3262.5,2333.116,7.61,44.31,81.86,,2328.416,0.2428268551236749
3262.6,2333.128,6.953,45.18,81.22,,2328.4280000000003,0.23830388692579504
3262.7,2333.14,6.732,45.52,80.91,,2328.44,0.23611307420494698
3262.8,2333.152,6.269,45.83,80.63,,2328.452,0.23413427561837452
3262.9,2333.164,5.906,46.11,80.16,,2328.4640000000004,0.2308127208480565
3263.0,2333.177,5.798,47.1,79.97,,2328.4770000000003,0.22946996466431094
3263.1,2333.189,6.413,48.46,79.31,,2328.489,0.22480565371024736
3263.2,2333.201,7.622,48.61,79.22,,2328.501,0.2241696113074205
3263.3,2333.213,8.836,49.05,78.95,,2328.5130000000004,0.22226148409893995
3263.4,2333.226,9.677,50.0,78.94,,2328.5260000000003,0.22219081272084804
3263.5,2333.238,17.149,50.43,78.94,,2328.538,0.22219081272084804
3263.6,2333.25,18.248,50.87,81.25,,2328.55,0.23851590106007067
3263.7,2333.263,18.171,51.72,81.85,,2328.563,0.242756183745583
3263.8,2333.275,18.212,51.89,82.44,,2328.5750000000003,0.24692579505300352
3263.9,2333.287,18.241,52.68,83.26,,2328.587,0.25272084805653716
3264.0,2333.3,18.481,52.39,83.26,,2328.6000000000004,0.25272084805653716
3264.1,2333.312,18.968,52.79,81.42,,2328.612,0.23971731448763253
3264.2,2333.325,19.743,52.06,80.84,,2328.625,0.23561837455830392
3264.3,2333.337,20.447,54.68,80.33,,2328.637,0.23201413427561837
3264.4,2333.349,21.248,,79.08,,2328.6490000000003,0.22318021201413427
3264.5,2333.362,22.008,,78.43,,2328.6620000000003,0.2185865724381626
3264.6,2333.374,22.876,,76.88,,2328.674,0.20763250883392223
3264.7,2333.387,23.345,,76.71,,2328.6870000000004,0.20643109540636037
3264.8,2333.399,23.891,,76.23,,2328.699,0.20303886925795056
3264.9,2333.412,24.198,,75.31,,2328.712,0.19653710247349826
3265.0,2333.425,24.016,,75.25,,2328.7250000000004,0.196113074204947
3265.1,2333.437,24.14,,75.12,,2328.737,0.19519434628975268
3265.2,2333.45,24.017,,74.22,,2328.75,0.1888339222614841
3265.3,2333.462,23.706,,74.04,,2328.762,0.18756183745583044
3265.4,2333.475,23.421,,73.3,,2328.775,0.18233215547703177
3265.5,2333.488,23.201,,72.95,,2328.788,0.17985865724381628
3265.6,2333.5,23.212,,72.6,,2328.8,0.17738515901060067
3265.7,2333.513,22.949,,72.41,,2328.813,0.1760424028268551
3265.8,2333.525,22.685,,71.31,,2328.8250000000003,0.16826855123674914
3265.9,2333.538,22.202,,70.97,,2328.838,0.16586572438162545
3266.0,2333.551,22.093,,70.88,,2328.851,0.16522968197879856
3266.1,2333.564,21.647,,70.8,,2328.864,0.1646643109540636
3266.2,2333.576,20.944,,70.43,,2328.876,0.16204946996466435
3266.3,2333.589,20.514,,71.55,,2328.889,0.16996466431095406
3266.4,2333.602,20.07,,71.63,,2328.902,0.170530035335689
3266.5,2333.615,19.693,,73.03,,2328.915,0.18042402826855125
3266.6,2333.627,19.24,,73.45,,2328.927,0.18339222614840991
3266.7,2333.64,18.881,,75.28,,2328.94,0.19632508833922263
3266.8,2333.653,18.312,,75.14,,2328.953,0.1953356890459364
3266.9,2333.666,17.663,,76.18,,2328.9660000000003,0.20268551236749122
3267.0,2333.679,17.185,,76.38,,2328.9790000000003,0.2040989399293286
3267.1,2333.692,16.597,,76.55,,2328.992,0.20530035335689045
3267.2,2333.705,15.558,,75.0,,2329.005,0.19434628975265017
3267.3,2333.718,15.126,,74.36,,2329.018,0.1898233215547703
3267.4,2333.73,14.228,,75.44,,2329.03,0.19745583038869258
3267.5,2333.743,14.039,,75.22,,2329.043,0.19590106007067137
3267.6,2333.756,13.613,,74.49,,2329.056,0.19074204946996462
3267.7,2333.769,13.406,,74.13,,2329.069,0.1881978798586572
3267.8,2333.782,11.721,,74.94,,2329.0820000000003,0.1939222614840989
3267.9,2333.795,11.583,,74.87,,2329.0950000000003,0.19342756183745585
3268.0,2333.808,11.18,,73.48,,2329.108,0.18360424028268554
3268.1,2333.821,11.039,,72.15,,2329.121,0.17420494699646646
3268.2,2333.835,10.504,,71.59,,2329.135,0.17024734982332157
3268.3,2333.848,10.673,,71.1,,2329.148,0.16678445229681974
3268.4,2333.861,10.994,,69.48,,2329.161,0.15533568904593642
3268.5,2333.874,11.261,,69.29,,2329.174,0.15399293286219085
3268.6,2333.887,11.132,,69.25,,2329.1870000000004,0.15371024734982333
3268.7,2333.9,10.906,,69.34,,2329.2000000000003,0.1543462897526502
3268.8,2333.913,11.775,,69.05,,2329.213,0.15229681978798584
3268.9,2333.926,3.706,,68.89,,2329.226,0.1511660777385159
3269.0,2333.94,2.814,,68.86,,2329.2400000000002,0.15095406360424027
3269.1,2333.953,2.281,,69.02,,2329.253,0.15208480565371021
3269.2,2333.966,1.895,,68.74,,2329.266,0.15010600706713778
3269.3,2333.979,1.596,,68.7,,2329.279,0.14982332155477035
3269.4,2333.993,1.56,,68.61,,2329.293,0.14918727915194346
3269.5,2334.006,1.715,,68.52,,2329.306,0.14855123674911658
3269.6,2334.019,1.887,,68.12,,2329.319,0.14572438162544174
3269.7,2334.032,2.244,,68.12,,2329.3320000000003,0.14572438162544174
3269.8,2334.046,2.859,,68.72,,2329.346,0.14996466431095407
3269.9,2334.059,6.196,,68.72,,2329.3590000000004,0.14996466431095407
3270.0,2334.072,12.576,,68.72,,2329.3720000000003,0.14996466431095407
3270.1,2334.086,15.751,,,,2329.386,
3270.2,2334.099,17.001,,,,2329.3990000000003,
3270.3,2334.113,17.869,,,,2329.413,
3270.4,2334.126,18.688,,,,2329.4260000000004,
3270.5,2334.139,18.641,,,,2329.4390000000003,
3270.6,2334.153,18.997,,,,2329.453,
3270.7,2334.166,19.644,,,,2329.4660000000003,
3270.8,2334.18,19.857,,,,2329.48,
3270.9,2334.193,20.42,,,,2329.4930000000004,
3271.0,2334.207,20.848,,,,2329.507,
3271.1,2334.22,21.393,,,,2329.52,
3271.2,2334.234,21.202,,,,2329.534,
3271.3,2334.248,20.997,,,,2329.5480000000002,
3271.4,2334.261,20.683,,,,2329.561,
3271.5,2334.275,20.361,,,,2329.5750000000003,
3271.6,2334.288,20.074,,,,2329.588,
3271.7,2334.302,20.063,,,,2329.6020000000003,
3271.8,2334.316,20.503,,,,2329.616,
3271.9,2334.329,20.656,,,,2329.6290000000004,
3272.0,2334.343,21.508,,,,2329.643,
3272.1,2334.357,22.014,,,,2329.657,
3272.2,2334.37,22.589,,,,2329.67,
3272.3,2334.384,23.163,,,,2329.684,
3272.4,2334.398,22.838,,,,2329.6980000000003,
3272.5,2334.412,22.932,,,,2329.712,
3272.6,2334.425,22.612,,,,2329.7250000000004,
3272.7,2334.439,22.311,,,,2329.739,
3272.8,2334.453,21.734,,,,2329.753,
3272.9,2334.467,21.541,,,,2329.7670000000003,
3273.0,2334.481,21.337,,,,2329.7810000000004,
3273.1,2334.494,21.135,,,,2329.7940000000003,
3273.2,2334.508,20.48,,,,2329.808,
3273.3,2334.522,19.789,,,,2329.822,
3273.4,2334.536,19.567,,,,2329.8360000000002,
3273.5,2334.55,19.114,,,,2329.8500000000004,
3273.6,2334.564,18.654,,,,2329.864,
3273.7,2334.578,18.518,,,,2329.878,
3273.8,2334.592,18.834,,,,2329.8920000000003,
3273.9,2334.606,19.245,,,,2329.9060000000004,
3274.0,2334.62,19.712,,,,2329.92,
3274.1,2334.634,20.69,,,,2329.934,
3274.2,2334.648,5.751,,,,2329.9480000000003,
3274.3,2334.662,4.753,,,,2329.962,
3274.4,2334.676,4.318,,,,2329.976,
3274.5,2334.69,3.72,,,,2329.9900000000002,
3274.6,2334.704,2.883,,,,2330.0040000000004,
3274.7,2334.718,3.257,,,,2330.018,
3274.8,2334.732,3.515,,,,2330.032,
3274.9,2334.746,4.26,,,,2330.0460000000003,
3275.0,2334.76,5.57,,,,2330.0600000000004,
3275.1,2334.774,6.008,,,,2330.074,
3275.2,2334.788,24.115,,,,2330.088,
3275.3,2334.802,24.05,,,,2330.1020000000003,
3275.4,2334.816,24.57,,,,2330.116,
3275.5,2334.83,23.28,,,,2330.13,
3275.6,2334.844,22.315,,,,2330.1440000000002,
3275.7,2334.858,21.438,,,,2330.1580000000004,
3275.8,2334.872,20.477,,,,2330.172,
3275.9,2334.886,18.999,,,,2330.186,
3276.0,2334.9,18.237,,,,2330.2000000000003,
3276.1,2334.914,18.124,,,,2330.2140000000004,
3276.2,2334.928,17.731,,,,2330.228,
3276.3,2334.942,17.546,,,,2330.242,
3276.4,2334.956,18.065,,,,2330.2560000000003,
3276.5,2334.97,18.651,,,,2330.27,
3276.6,2334.984,19.134,,,,2330.284,
3276.7,2334.998,19.592,,,,2330.2980000000002,
3276.8,2335.012,19.928,,,,2330.3120000000004,
3276.9,2335.026,20.265,,,,2330.326,
3277.0,2335.04,20.585,,,,2330.34,
3277.1,2335.054,20.421,,,,2330.3540000000003,
3277.2,2335.068,20.374,,,,2330.3680000000004,
3277.3,2335.082,20.121,,,,2330.382,
3277.4,2335.096,20.119,,,,2330.396,
3277.5,2335.11,20.07,,,,2330.4100000000003,
3277.6,2335.124,19.69,,,,2330.424,
3277.7,2335.138,19.155,,,,2330.438,
3277.8,2335.152,19.048,,,,2330.452,
3277.9,2335.166,18.651,,,,2330.4660000000003,
3278.0,2335.18,18.341,,,,2330.48,
3278.1,2335.194,18.075,,,,2330.494,
3278.2,2335.208,18.713,,,,2330.5080000000003,
3278.3,2335.222,19.529,,,,2330.5220000000004,
3278.4,2335.236,19.998,,,,2330.536,
3278.5,2335.25,21.522,,,,2330.55,
3278.6,2335.264,23.225,,,,2330.5640000000003,
3278.7,2335.278,24.602,,,,2330.578,
3278.8,2335.292,25.444,,,,2330.592,
3278.9,2335.306,26.727,,,,2330.606,
3279.0,2335.32,27.461,,,,2330.6200000000003,
3279.1,2335.334,26.968,,,,2330.634,
3279.2,2335.348,25.851,,,,2330.648,
3279.3,2335.362,25.398,,,,2330.6620000000003,
3279.4,2335.376,22.795,,,,2330.6760000000004,
3279.5,2335.39,20.463,,,,2330.69,
3279.6,2335.404,18.683,,,,2330.704,
3279.7,2335.418,17.293,,,,2330.7180000000003,
3279.8,2335.432,15.508,,,,2330.732,
3279.9,2335.446,14.779,,,,2330.746,
3280.0,2335.46,13.527,,,,2330.76,
3280.1,2335.474,12.986,,,,2330.7740000000003,
3280.2,2335.488,12.946,,,,2330.788,
3280.3,2335.502,12.899,,,,2330.802,
3280.4,2335.516,13.165,,,,2330.8160000000003,
3280.5,2335.53,13.578,,,,2330.8300000000004,
3280.6,2335.544,13.801,,,,2330.844,
3280.7,2335.558,14.485,,,,2330.858,
3280.8,2335.572,14.797,,,,2330.8720000000003,
3280.9,2335.586,15.041,,,,2330.886,
3281.0,2335.6,15.43,,,,2330.9,
3281.1,2335.614,12.702,,,,2330.914,
3281.2,2335.628,11.617,,,,2330.9280000000003,
3281.3,2335.642,10.72,,,,2330.942,
3281.4,2335.656,9.591,,,,2330.956,
3281.5,2335.67,8.423,,,,2330.9700000000003,
3281.6,2335.684,8.266,,,,2330.9840000000004,
3281.7,2335.698,8.074,,,,2330.998,
3281.8,2335.712,7.959,,,,2331.012,
3281.9,2335.726,7.743,,,,2331.0260000000003,
3282.0,2335.74,7.627,,,,2331.04,
3282.1,2335.754,8.421,,,,2331.054,
3282.2,2335.768,8.573,,,,2331.068,
3282.3,2335.782,8.379,,,,2331.0820000000003,
3282.4,2335.796,8.2,,,,2331.096,
3282.5,2335.81,8.304,,,,2331.11,
3282.6,2335.824,8.33,,,,2331.1240000000003,
3282.7,2335.838,8.005,,,,2331.1380000000004,
3282.8,2335.852,7.657,,,,2331.152,
3282.9,,7.649,,,,,
