DEPT,CGXT,DNND,DNFD,SMTU,gr,CCLG,NPRS,NPOR,nprl,NPRD,BIT,mss
2150.1,95.139183,3024.051025,184.211166,1904.999878,72.716988,239.617432,0.382297,0.396961,0.326445,0.29704,9.5,2146.1
2150.2,95.159836,2982.572754,124.925041,1904.999878,73.758171,313.122559,0.381041,0.395291,0.32494,0.295652,9.5,2146.2
2150.3,95.16008,3143.415039,160.225128,1904.999878,73.938148,869.992798,0.381338,0.395636,0.325219,0.295907,9.5,2146.3
2150.4,95.149529,3149.683594,144.161682,1907.499878,74.179146,-201.365234,0.386659,0.402459,0.331196,0.301395,9.5,2146.4
2150.5,95.153549,3071.423584,152.508713,1908.749878,74.233612,-490.942383,0.389094,0.405577,0.333923,0.303899,9.5,2146.5
2150.6,95.151077,3147.571533,168.039581,1909.999878,74.234322,1665.279297,0.389731,0.406375,0.334609,0.304528,9.5,2146.6
2150.7,95.160316,3295.969727,125.997948,1909.999878,73.996712,879.760864,0.388829,0.405203,0.333572,0.303573,9.5,2146.7
2150.8,95.166573,3013.614502,152.506012,1909.999878,74.189713,-39.102966,0.391037,0.408091,0.336143,0.305941,9.5,2146.8
2150.9,95.166336,3051.454346,177.954025,1911.249878,72.988503,206.137695,0.397364,0.416382,0.343545,0.312764,9.5,2146.9
2151.0,95.166817,3147.63501,144.17984,1909.999878,70.986938,178.360291,0.404674,0.42597,0.35211,0.320659,9.5,2147.0
2151.1,95.168427,2998.280518,125.996529,1908.749878,68.798454,-609.397339,0.413399,0.437358,0.36224,0.329987,9.5,2147.1
2151.2,95.175781,3093.637939,142.970703,1908.749878,68.055267,-2001.185791,0.416675,0.441638,0.366044,0.333488,9.5,2147.2
2151.3,95.178703,3037.659668,128.186066,1911.249878,67.127823,308.132324,0.412538,0.436326,0.361383,0.329205,9.5,2147.3
2151.4,95.172623,3065.079346,150.581497,1911.249878,67.242165,1571.028809,0.397556,0.416993,0.344343,0.313533,9.5,2147.4
2151.5,95.180229,3091.589844,144.179535,1912.499878,67.666702,250.080872,0.378891,0.392954,0.323186,0.294079,9.5,2147.5
2151.6,95.189018,3091.622314,177.739639,1911.249878,69.137367,317.0,0.360108,0.368827,0.301995,0.274599,9.5,2147.6
2151.7,95.182877,3055.31665,163.426102,1909.999878,69.381721,-343.757385,0.349384,0.355111,0.289995,0.263576,9.5,2147.7
2151.8,95.187439,3063.782227,162.048721,1909.999878,70.979164,-539.188538,0.34795,0.353287,0.288404,0.262113,9.5,2147.8
2151.9,95.199692,3020.678711,177.747604,1909.999878,72.268311,549.875,0.357161,0.365069,0.29871,0.271578,9.5,2147.9
2152.0,95.192146,3097.788574,162.668579,1908.749878,74.06382,400.232056,0.369771,0.381156,0.312753,0.284473,9.5,2148.0
2152.1,95.196854,3177.024414,129.244781,1908.749878,75.350235,-381.143066,0.381378,0.395903,0.325589,0.296257,9.5,2148.1
2152.2,95.19912,3201.834961,146.934601,1908.749878,77.441399,-814.827759,0.389941,0.406778,0.335051,0.304942,9.5,2148.2
2152.3,95.210533,3081.832764,155.104645,1909.999878,78.70681,412.922485,0.393094,0.410754,0.338491,0.308098,9.5,2148.3
2152.4,95.201599,3099.054199,153.7948,1908.749878,78.759834,835.501648,0.391044,0.408079,0.336116,0.305913,9.5,2148.4
2152.5,95.216736,3088.411865,160.238663,1908.749878,77.689354,-756.176514,0.384658,0.399843,0.32887,0.299256,9.5,2148.5
2152.6,95.227112,3084.868896,128.13118,1908.749878,76.575699,-174.611877,0.381252,0.395456,0.325013,0.295711,9.5,2148.6
2152.7,95.213097,3057.385498,169.834351,1908.749878,75.52224,-116.625,0.380416,0.394399,0.324098,0.294872,9.5,2148.7
2152.8,95.218941,3074.062012,162.053833,1907.499878,74.125084,96.951904,0.383958,0.398981,0.328137,0.298585,9.5,2148.8
2152.9,95.239716,3103.443115,147.388214,1909.999878,73.69146,813.817505,0.39087,0.407992,0.336142,0.305954,9.5,2148.9
2153.0,95.229851,3059.967285,134.563568,1909.999878,73.075111,-357.44458,0.402556,0.423181,0.349602,0.318339,9.5,2149.0
2153.1,95.233902,3043.523193,153.778961,1911.249878,72.454216,-672.515991,0.412106,0.435602,0.360614,0.328474,9.5,2149.1
2153.2,95.233368,3064.019287,137.781235,1909.999878,71.665283,255.448547,0.41387,0.437927,0.362697,0.330394,9.5,2149.2
2153.3,95.232864,3043.061035,109.834595,1909.999878,71.059151,482.866821,0.408276,0.430727,0.356372,0.324583,9.5,2149.3
2153.4,95.241982,3163.38916,166.631424,1907.499878,71.013588,-589.330872,0.399351,0.419149,0.346129,0.31516,9.5,2149.4
2153.5,95.253662,3170.718994,168.418793,1908.749878,70.719551,-559.432983,0.390661,0.407802,0.336034,0.305865,9.5,2149.5
2153.6,95.252533,3103.433838,153.155411,1906.249878,71.585297,700.76947,0.384924,0.400279,0.329317,0.299674,9.5,2149.6
2153.7,95.238373,3162.106934,147.425888,1906.249878,72.804237,548.014709,0.384868,0.400131,0.329132,0.299496,9.5,2149.7
2153.8,95.261383,3154.563232,149.891235,1904.999878,75.478928,-307.216736,0.389676,0.406306,0.334547,0.304469,9.5,2149.8
2153.9,95.256142,3071.55127,162.047165,1904.999878,77.047218,-933.845642,0.393436,0.411122,0.338762,0.308339,9.5,2149.9
2154.0,95.251671,3188.735352,133.441269,1903.749878,79.046745,-655.457153,0.397692,0.416659,0.34367,0.312854,9.5,2150.0
2154.1,95.260071,3078.954834,158.335999,1903.749878,79.174034,741.882385,0.402018,0.422326,0.348724,0.31751,9.5,2150.1
2154.2,95.260071,3253.991211,153.803223,1902.499878,78.689651,-312.073486,0.409634,0.432289,0.357597,0.325682,9.5,2150.2
2154.3,95.27533,3136.757324,146.629074,1901.249878,76.444954,-108.794128,0.412203,0.435692,0.360661,0.32851,9.5,2150.3
2154.4,95.275627,3230.249756,127.088417,1901.249878,73.950531,648.015503,0.41092,0.434106,0.359317,0.327282,9.5,2150.4
2154.5,95.269821,3086.049561,150.575912,1902.499878,72.936333,-48.0,0.401592,0.422089,0.34875,0.317572,9.5,2150.5
2154.6,95.283264,3212.791504,150.592972,1903.749878,72.083107,455.913086,0.391501,0.409041,0.337238,0.306986,9.5,2150.6
2154.7,95.271576,3133.242188,174.507751,1904.999878,70.612206,330.704651,0.38022,0.394389,0.324263,0.29505,9.5,2150.7
2154.8,95.275627,3282.64502,168.430908,1903.749878,68.035919,116.784607,0.375695,0.38845,0.31896,0.290163,9.5,2150.8
2154.9,95.276436,3254.190674,163.403839,1902.499878,66.322227,-43.395813,0.373841,0.38601,0.316774,0.288149,9.5,2150.9
2155.0,95.293152,3177.561768,135.694763,1901.249878,64.234604,31.113892,0.376769,0.389746,0.320035,0.291142,9.5,2151.0
2155.1,95.291245,3069.976074,168.407898,1902.499878,64.219025,-861.786743,0.376638,0.389559,0.319859,0.290979,9.5,2151.1
2155.2,95.296555,3243.431641,158.867905,1901.249878,65.969383,-1115.356445,0.374683,0.387044,0.317653,0.288954,9.5,2151.2
2155.3,95.300102,3199.464355,168.410507,1901.249878,69.439651,-340.860962,0.367021,0.377296,0.309163,0.281161,9.5,2151.3
2155.4,95.305496,3257.603027,150.598114,1901.249878,70.342087,46.416382,0.357923,0.365836,0.299246,0.272059,9.5,2151.4
2155.5,95.299652,3240.806641,173.049301,1899.999878,68.985405,746.362305,0.347907,0.353251,0.288375,0.262081,9.5,2151.5
2155.6,95.302574,3295.596924,184.186111,1898.749878,65.92794,1048.590942,0.339198,0.342373,0.279016,0.253493,9.5,2151.6
2155.7,95.30323,3306.407227,179.468918,1897.499878,63.859829,-1153.391113,0.332278,0.333699,0.271538,0.24663,9.5,2151.7
2155.8,95.309074,3153.856445,201.929779,1898.749878,61.298599,-686.830933,0.328242,0.328657,0.267199,0.242649,9.5,2151.8
2155.9,95.305939,3406.245361,160.201035,1897.499878,62.754333,1486.176514,0.32962,0.330342,0.26863,0.243963,9.5,2151.9
2156.0,95.317596,3271.548096,192.293961,1896.249878,64.82489,515.49176,0.335064,0.337132,0.274466,0.249319,9.5,2152.0
2156.1,95.311989,3427.519775,190.671478,1894.999878,68.124275,-1669.896973,0.343983,0.348281,0.284064,0.258128,9.5,2152.1
2156.2,95.314468,3202.54834,158.865906,1896.249878,67.163376,-5602.587402,0.353365,0.360091,0.294275,0.267498,9.5,2152.2
2156.3,95.324211,3164.536377,169.863068,1898.749878,67.24601,-12600.22168,0.361763,0.370653,0.303402,0.275874,9.5,2152.3
2156.4,95.334198,3206.310303,161.570618,1899.999878,65.8069,-5643.728027,0.366534,0.376664,0.308603,0.280646,9.5,2152.4
2156.5,95.31694,3372.972412,158.892746,1899.999878,66.249542,12196.173828,0.365155,0.374925,0.307097,0.279264,9.5,2152.5
2156.6,95.336578,3246.954346,156.984207,1901.249878,64.55529,9622.816406,0.357942,0.365891,0.299311,0.272119,9.5,2152.6
2156.7,95.344299,3286.4646,189.088776,1899.999878,63.991806,1364.876831,0.344841,0.349542,0.285249,0.25921,9.5,2152.7
2156.8,95.338127,3419.576904,177.717743,1901.249878,62.0228,1695.296143,0.327918,0.328685,0.267439,0.242849,9.5,2152.8
2156.9,95.33947,3548.063477,195.498428,1899.999878,60.35429,300.597412,0.308612,0.305142,0.247459,0.22448,9.5,2152.9
2157.0,95.337563,3948.963135,229.573196,1899.999878,58.893124,-617.10144,0.290225,0.282991,0.228795,0.207306,9.5,2153.0
2157.1,95.348534,4110.687012,243.625504,1899.999878,59.494541,-432.655396,0.276329,0.266314,0.214777,0.194402,9.5,2153.1
2157.2,95.339592,4080.624023,297.534424,1899.999878,61.694878,349.797119,0.269445,0.258085,0.207875,0.188048,9.5,2153.2
2157.3,95.346329,3699.512451,253.297302,1899.999878,65.550774,1071.797119,0.271669,0.260716,0.210069,0.19007,9.5,2153.3
2157.4,95.361382,3586.381104,246.843735,1898.749878,69.475548,626.485474,0.280898,0.271714,0.219276,0.19855,9.5,2153.4
2157.5,95.342331,3618.107666,222.534607,1897.499878,73.022621,24.843567,0.29537,0.288994,0.23376,0.211889,9.5,2153.5
2157.6,95.363525,3466.837891,190.685974,1896.249878,75.537399,-68.84491,0.313486,0.311,0.252399,0.229033,9.5,2153.6
2157.7,95.348801,3414.781494,195.485992,1894.999878,77.673988,-431.575378,0.337329,0.340733,0.278034,0.252612,9.5,2153.7
2157.8,95.357147,3244.416016,198.717926,1893.749878,78.33342,49.316162,0.361847,0.371729,0.304978,0.277379,9.5,2153.8
2157.9,95.362274,3240.123779,158.867096,1893.749878,78.877174,538.20282,0.38353,0.399313,0.329051,0.299506,9.5,2153.9
2158.0,95.369095,3226.678955,120.713516,1894.999878,79.444145,157.224426,0.397558,0.417078,0.344481,0.313671,9.5,2154.0
2158.1,95.363823,3220.293457,140.972397,1893.749878,80.429489,-949.20282,0.405835,0.427562,0.353588,0.322031,9.5,2154.1
2158.2,95.368652,3261.023193,187.548599,1893.749878,81.576782,-2009.974487,0.403068,0.42383,0.350178,0.318876,9.5,2154.2
2158.3,95.373924,3261.766846,137.748276,1892.499878,81.796906,590.090088,0.394428,0.412587,0.3402,0.309688,9.5,2154.3
2158.4,95.388115,3392.978516,160.289124,1893.749878,81.59938,1180.126709,0.382023,0.396524,0.326004,0.296628,9.5,2154.4
2158.5,95.372856,3259.247559,165.231491,1894.999878,79.011269,67.214172,0.375607,0.388287,0.318779,0.289992,9.5,2154.5
2158.6,95.379318,3411.965576,184.336197,1893.749878,76.73439,-71.567871,0.369878,0.380944,0.31235,0.284089,9.5,2154.6
2158.7,95.391663,3432.554688,160.718094,1893.749878,73.761017,392.918182,0.366086,0.376092,0.308106,0.280192,9.5,2154.7
2158.8,95.387901,3226.60376,185.886795,1892.499878,72.024773,428.90448,0.358139,0.366098,0.299464,0.272256,9.5,2154.8
2158.9,95.388115,3357.612061,152.50119,1892.499878,69.182228,-251.041351,0.349698,0.355629,0.290496,0.264024,9.5,2154.9
2159.0,95.397415,3227.186768,168.037201,1891.249878,66.743118,57.625,0.339829,0.343356,0.279964,0.254356,9.5,2155.0
2159.1,95.400871,3254.084961,206.591446,1889.999878,63.272591,42.07074,0.333746,0.335761,0.27343,0.248359,9.5,2155.1
2159.2,95.417915,3202.285156,205.128937,1888.749878,59.735752,122.411743,0.329607,0.33055,0.268923,0.244224,9.5,2155.2
2159.3,95.414787,3312.904053,165.22699,1888.749878,57.956844,-237.418579,0.329669,0.33057,0.268911,0.244214,9.5,2155.3
2159.4,95.404686,3278.037842,160.215271,1887.499878,58.303944,-1137.308838,0.332984,0.334617,0.272345,0.247369,9.5,2155.4
2159.5,95.431244,3178.138184,177.950516,1888.749878,61.224915,-1392.272583,0.339408,0.342565,0.279143,0.253611,9.5,2155.5
2159.6,95.427574,3038.372803,190.68187,1888.749878,64.148544,-70.264771,0.347444,0.352696,0.287918,0.261668,9.5,2155.6
2159.7,95.417915,2975.666992,160.263123,1889.999878,67.200424,1002.566162,0.358744,0.367126,0.300528,0.273248,9.5,2155.7
2159.8,95.438545,3028.595215,145.375198,1889.999878,68.062653,695.158813,0.375454,0.388554,0.319319,0.290517,9.5,2155.8
2159.9,95.420601,3002.095215,155.703568,1891.249878,67.768036,-245.985229,0.392528,0.410415,0.338467,0.308111,9.5,2155.9
2160.0,95.436096,2979.982666,120.713516,1889.999878,66.858826,-889.011841,0.405645,0.427232,0.353209,0.321658,9.5,2156.0
2160.1,95.450943,3082.605469,136.61113,1891.249878,66.062347,41.611938,0.409592,0.432257,0.357587,0.325676,9.5,2156.1
2160.2,95.434341,3110.693115,145.395081,1892.499878,64.661186,400.45166,0.406603,0.428365,0.354137,0.322502,9.5,2156.2
2160.3,95.450493,3139.157959,155.103622,1893.749878,62.274948,-1486.634033,0.395487,0.413978,0.341434,0.31082,9.5,2156.3
2160.4,95.439911,3223.438965,142.987595,1893.749878,60.323616,305.384155,0.382121,0.396758,0.326284,0.296895,9.5,2156.4
2160.5,95.45562,3278.051025,168.03595,1894.999878,58.60474,1396.183838,0.368234,0.378948,0.310668,0.282547,9.5,2156.5
2160.6,95.443398,3237.19751,173.018265,1894.999878,58.732059,-1773.340698,0.357593,0.365411,0.298879,0.271725,9.5,2156.6
2160.7,95.460449,3240.672363,173.053009,1894.999878,60.435055,-1833.948242,0.348971,0.35447,0.289366,0.262994,9.5,2156.7
2160.8,95.447098,3192.479248,176.259918,1893.749878,64.782814,692.100586,0.346106,0.35085,0.286227,0.260114,9.5,2156.8
2160.9,95.464859,3316.084473,176.30957,1893.749878,68.328529,1722.095337,0.347995,0.353238,0.288298,0.262014,9.5,2156.9
2161.0,95.476814,3065.74292,168.035828,1893.749878,71.217567,598.616943,0.355336,0.362545,0.296385,0.269436,9.5,2157.0
2161.1,95.470169,3062.720947,166.632034,1892.499878,71.584282,-1014.153442,0.362342,0.371415,0.304084,0.276501,9.5,2157.1
2161.2,95.476395,3133.275635,137.756042,1892.499878,71.036377,201.971313,0.369669,0.380697,0.312144,0.283898,9.5,2157.2
2161.3,95.481224,3247.600342,176.492004,1891.249878,69.06813,1487.175415,0.373096,0.385014,0.315878,0.287324,9.5,2157.3
2161.4,95.465935,3217.036621,137.769089,1891.249878,67.90078,996.022034,0.374798,0.387161,0.317736,0.289029,9.5,2157.4
2161.5,95.475021,3184.730225,173.022507,1891.249878,67.218597,-645.095703,0.373915,0.386026,0.316741,0.288115,9.5,2157.5
2161.6,95.486084,3250.708008,169.842926,1891.249878,67.21891,-120.573547,0.374287,0.386493,0.317143,0.288483,9.5,2157.6
2161.7,95.470909,3281.53125,146.140961,1891.249878,67.966911,1371.757568,0.375073,0.387488,0.318005,0.289275,9.5,2157.7
2161.8,95.498482,3182.394287,176.263336,1891.249878,67.983307,-1575.823608,0.377018,0.389973,0.320176,0.291267,9.5,2157.8
2161.9,95.477829,3184.840576,146.185944,1893.749878,67.383636,-883.424133,0.377137,0.390138,0.320328,0.291407,9.5,2157.9
2162.0,95.498482,3189.541504,156.99411,1893.749878,65.23658,1090.639771,0.375327,0.387834,0.318321,0.289565,9.5,2158.0
2162.1,95.511505,3233.562012,174.766907,1894.999878,64.867805,-463.362671,0.370594,0.381819,0.313086,0.284761,9.5,2158.1
2162.2,95.496689,3274.215088,142.961349,1896.249878,64.670319,-199.610229,0.364028,0.373488,0.305845,0.278115,9.5,2158.2
2162.3,95.49601,3305.231445,190.738266,1898.749878,65.824455,-159.786743,0.356034,0.363379,0.297079,0.270071,9.5,2158.3
2162.4,95.500954,3392.191895,169.840515,1899.999878,66.486778,-583.988037,0.349632,0.355295,0.290074,0.263643,9.5,2158.4
2162.5,95.511055,3295.772949,168.406052,1899.999878,68.762344,872.473022,0.346509,0.35136,0.28667,0.26052,9.5,2158.5
2162.6,95.50206,3250.315186,198.722641,1901.249878,69.132545,1339.561523,0.349779,0.355536,0.290316,0.263867,9.5,2158.6
2162.7,95.507782,3392.748291,177.958084,1901.249878,69.136192,125.828491,0.35676,0.364404,0.298032,0.270949,9.5,2158.7
2162.8,95.516663,3242.768311,155.099091,1901.249878,67.484138,-327.894897,0.365926,0.376023,0.308126,0.280212,9.5,2158.8
2162.9,95.51532,3299.567871,163.404694,1904.999878,66.938255,-334.223999,0.372616,0.384475,0.31545,0.286933,9.5,2158.9
2163.0,95.521133,3195.935791,153.805984,1907.499878,65.343483,-48.652222,0.375164,0.387676,0.318214,0.289469,9.5,2159.0
2163.1,95.534843,3347.237549,166.612167,1909.999878,63.988468,-161.856934,0.372569,0.384344,0.315295,0.286789,9.5,2159.1
2163.2,95.517555,3341.619873,169.836746,1911.249878,62.631813,-187.864624,0.367791,0.378241,0.309965,0.281897,9.5,2159.2
2163.3,95.530785,3348.026611,179.490585,1909.999878,62.805107,-416.617676,0.363041,0.372169,0.304659,0.277026,9.5,2159.3
2163.4,95.533264,3258.187744,164.79982,1909.999878,63.226116,-8.779419,0.359998,0.368297,0.301287,0.273931,9.5,2159.4
2163.5,95.54068,3361.759033,173.043777,1909.999878,63.218239,1022.985352,0.357101,0.364642,0.298122,0.271027,9.5,2159.5
2163.6,95.535408,3247.111816,169.822144,1911.249878,63.524765,327.100586,0.354166,0.360958,0.294943,0.268111,9.5,2159.6
2163.7,95.54068,3348.06665,168.036209,1911.249878,63.891346,242.433838,0.351525,0.357639,0.292078,0.265482,9.5,2159.7
2163.8,95.544258,3152.488525,184.336472,1912.499878,64.387703,77.105286,0.351004,0.356996,0.29153,0.264979,9.5,2159.8
2163.9,95.561546,3346.352295,182.645966,1913.749878,64.638489,83.875,0.353149,0.359714,0.29389,0.267145,9.5,2159.9
2164.0,95.538208,3261.192627,159.700195,1914.999878,65.139412,-183.528992,0.355811,0.363084,0.296815,0.269829,9.5,2160.0
2164.1,95.563934,3346.104492,168.13443,1914.999878,65.63871,-654.349121,0.357279,0.364943,0.298427,0.271308,9.5,2160.1
2164.2,95.558838,3395.514893,166.622391,1914.999878,65.711128,-809.140137,0.355484,0.362696,0.296492,0.269532,9.5,2160.2
2164.3,95.559074,3438.189453,173.028534,1914.999878,65.593513,511.474121,0.353582,0.360317,0.294444,0.267653,9.5,2160.3
2164.4,95.56617,3511.163574,208.401733,1916.249878,66.13604,114.100098,0.352929,0.359528,0.293782,0.267047,9.5,2160.4
2164.5,95.565483,3350.042725,173.055084,1914.999878,66.614494,-1059.532104,0.356989,0.364693,0.298279,0.271174,9.5,2160.5
2164.6,95.587181,3426.04126,180.977905,1918.749878,66.728157,-116.224609,0.362253,0.371363,0.304073,0.276491,9.5,2160.6
2164.7,95.590042,3359.24585,157.030731,1918.749878,66.361626,-443.813477,0.367905,0.378489,0.310241,0.282151,9.5,2160.7
2164.8,95.58062,3434.064697,163.404205,1921.249878,65.870903,61.6521,0.369331,0.380251,0.311744,0.28353,9.5,2160.8
2164.9,95.586342,3351.909668,174.557419,1922.499878,65.866112,835.746582,0.368631,0.379321,0.310913,0.282767,9.5,2160.9
2165.0,95.575226,3237.75708,185.880173,1922.499878,67.075294,1021.463806,0.364934,0.374599,0.306789,0.278981,9.5,2161.0
2165.1,95.60199,3323.306152,163.397415,1922.499878,68.527306,661.672485,0.362368,0.371316,0.303919,0.276347,9.5,2161.1
2165.2,95.594032,3257.445068,166.658096,1922.499878,69.916489,294.297058,0.360601,0.369059,0.301948,0.274537,9.5,2161.2
2165.3,95.602203,3399.427734,169.81636,1922.499878,71.006172,188.763977,0.358752,0.366745,0.299955,0.272709,9.5,2161.3
2165.4,95.588043,3309.780273,173.066208,1921.249878,71.685165,-715.137695,0.35476,0.361728,0.295623,0.268734,9.5,2161.4
2165.5,95.6073,3399.922119,177.949982,1921.249878,71.214851,-798.940369,0.35019,0.355982,0.290659,0.264179,9.5,2161.5
2165.6,95.607956,3566.644043,181.233093,1919.999878,70.743668,214.239014,0.347688,0.352827,0.287928,0.261673,9.5,2161.6
2165.7,95.603539,3375.538574,203.412231,1922.499878,69.958694,164.933105,0.347271,0.352302,0.287474,0.261257,9.5,2161.7
2165.8,95.608665,3373.935547,168.033691,1923.749878,69.354324,-186.420166,0.347061,0.35205,0.287263,0.261063,9.5,2161.8
2165.9,95.605743,3418.762695,168.411987,1922.499878,66.735794,-267.837524,0.345453,0.35006,0.285561,0.259501,9.5,2161.9
2166.0,95.625656,3343.824219,190.681427,1921.249878,64.532852,484.811646,0.339974,0.343321,0.279817,0.254227,9.5,2162.0
2166.1,95.620354,3518.098633,177.983444,1919.999878,61.784809,367.112915,0.330198,0.331294,0.269564,0.244811,9.5,2162.1
2166.2,95.62706,3649.413086,211.525269,1919.999878,59.775139,18.71875,0.316156,0.314099,0.254945,0.231379,9.5,2162.2
2166.3,95.638916,3551.968262,200.227142,1923.749878,56.863689,-3170.405762,0.303178,0.298266,0.241512,0.219034,9.5,2162.3
2166.4,95.619667,3818.450439,240.859589,1923.749878,53.527126,-13987.661133,0.291939,0.284653,0.23001,0.208459,9.5,2162.4
2166.5,95.620354,3844.275146,234.024307,1926.249878,50.126385,-9315.601563,0.285989,0.277473,0.223959,0.202894,9.5,2162.5
2166.6,95.631615,3879.103271,250.046356,1926.249878,48.241619,12926.536133,0.282886,0.273734,0.220811,0.199998,9.5,2162.6
2166.7,95.645477,3801.716553,225.682022,1924.999878,47.995361,11742.978516,0.28489,0.276121,0.222808,0.201838,9.5,2162.7
2166.8,95.663239,3493.874756,239.630432,1923.749878,48.52697,238.234863,0.287429,0.279144,0.225337,0.204167,9.5,2162.8
2166.9,95.660141,3407.749512,208.405426,1924.999878,50.264854,-163.31189,0.291792,0.284348,0.229694,0.208179,9.5,2162.9
2167.0,95.658707,3508.531738,217.952591,1926.249878,51.711468,71.170898,0.295475,0.288764,0.233404,0.211593,9.5,2163.0
2167.1,95.657127,3771.162109,211.554428,1926.249878,52.444511,988.130737,0.301558,0.296112,0.2396,0.217291,9.5,2163.1
2167.2,95.647026,3531.627197,222.538055,1924.999878,51.781479,427.057983,0.307546,0.303389,0.245758,0.222951,9.5,2163.2
2167.3,95.663689,3635.125244,197.046188,1924.999878,51.838612,-1904.659424,0.315269,0.312795,0.253728,0.230274,9.5,2163.3
2167.4,95.659035,3715.546143,208.3134,1923.749878,52.447708,-619.067139,0.321085,0.319884,0.259737,0.235795,9.5,2163.4
2167.5,95.674538,3674.002686,198.720139,1924.999878,53.914345,1895.789917,0.325424,0.325168,0.264214,0.239909,9.5,2163.5
2167.6,95.663658,3867.897949,206.582809,1922.499878,56.408089,480.595581,0.325283,0.324983,0.26405,0.239759,9.5,2163.6
2167.7,95.663895,3756.696289,203.407593,1922.499878,59.756115,-357.739136,0.323778,0.323131,0.262472,0.23831,9.5,2163.7
2167.8,95.675636,3805.684326,230.82312,1922.499878,62.259041,-303.220581,0.319391,0.317759,0.257906,0.234117,9.5,2163.8
2167.9,95.68428,3846.758301,216.141708,1923.749878,63.730465,472.615967,0.313877,0.311058,0.252236,0.228905,9.5,2163.9
2168.0,95.691017,3701.553223,209.773026,1922.499878,65.009262,229.713257,0.307386,0.303182,0.245576,0.222783,9.5,2164.0
2168.1,95.682045,3659.669434,208.05336,1924.999878,65.494514,-1035.17395,0.30536,0.300779,0.243572,0.220937,9.5,2164.1
2168.2,95.694626,3687.606689,257.532623,1926.249878,65.490082,-466.779419,0.307739,0.303761,0.246141,0.223294,9.5,2164.2
2168.3,95.708633,3728.593506,232.717209,1926.249878,65.06424,776.521729,0.311785,0.308758,0.25041,0.227213,9.5,2164.3
2168.4,95.693489,3822.897461,182.687256,1924.999878,65.126518,-95.509888,0.313918,0.311405,0.252678,0.229294,9.5,2164.4
2168.5,95.693733,3793.382813,190.685364,1924.999878,65.874214,-1146.713745,0.314119,0.311649,0.252884,0.229484,9.5,2164.5
2168.6,95.701805,3777.567627,219.326401,1923.749878,66.501381,40.376831,0.315258,0.313086,0.254128,0.230624,9.5,2164.6
2168.7,95.700165,3855.973145,267.094421,1923.749878,67.989159,1106.409424,0.320871,0.320266,0.26041,0.236394,9.5,2164.7
2168.8,95.697754,3805.288818,232.047287,1921.249878,69.706963,206.309448,0.33243,0.334886,0.273103,0.248051,9.5,2164.8
2168.9,95.730751,3901.037842,192.26947,1921.249878,72.268105,-1079.6521,0.347423,0.353655,0.289295,0.262924,9.5,2164.9
2169.0,95.709023,3838.210693,171.616669,1919.999878,73.285408,620.103638,0.359771,0.368898,0.302323,0.27489,9.5,2165.0
2169.1,95.714775,3893.851074,168.037582,1919.999878,73.510223,1764.448486,0.364495,0.374601,0.30713,0.27931,9.5,2165.1
2169.2,95.724701,3937.277832,222.500137,1918.749878,71.114517,351.779175,0.35857,0.366979,0.300442,0.27317,9.5,2165.2
2169.3,95.726723,3788.683838,221.144333,1916.249878,69.461021,-1487.146973,0.346168,0.351274,0.286799,0.260644,9.5,2165.3
2169.4,95.741745,4032.256348,216.171249,1913.749878,67.384575,-2423.926758,0.333246,0.334943,0.272631,0.247635,9.5,2165.4
2169.5,95.729408,3780.762939,201.920349,1911.249878,66.594513,-1062.383545,0.327092,0.327211,0.265951,0.241505,9.5,2165.5
2169.6,95.725174,3906.775146,230.784103,1912.499878,67.01638,1371.256348,0.327453,0.327674,0.266356,0.241876,9.5,2165.6
2169.7,95.737244,3771.648926,224.389069,1912.499878,67.621536,2359.784912,0.331329,0.332501,0.270501,0.245679,9.5,2165.7
2169.8,95.737694,3892.565186,206.601196,1914.999878,68.106392,-37.521729,0.336774,0.339285,0.276326,0.251025,9.5,2165.8
2169.9,95.743088,3649.44043,193.869446,1916.249878,66.40844,-798.842468,0.340972,0.344495,0.28079,0.255122,9.5,2165.9
2170.0,95.762314,3805.533203,189.096924,1916.249878,65.741203,71.8479,0.343758,0.347949,0.283748,0.257837,9.5,2166.0
2170.1,95.752594,3666.916992,214.767593,1916.249878,64.951279,582.313477,0.341191,0.344752,0.281002,0.255318,9.5,2166.1
2170.2,95.744667,3754.404297,184.313873,1914.999878,67.557892,741.999939,0.337077,0.339636,0.276614,0.25129,9.5,2166.2
2170.3,95.7528,3526.483643,217.973404,1916.249878,70.177162,-836.637695,0.331736,0.332985,0.270904,0.24605,9.5,2166.3
2170.4,95.771164,3719.161377,206.639587,1917.499878,74.136635,-890.950134,0.331313,0.332452,0.270443,0.245627,9.5,2166.4
2170.5,95.768745,3657.536133,206.617264,1914.999878,76.639351,522.585083,0.333324,0.334956,0.272592,0.247599,9.5,2166.5
2170.6,95.770683,3530.947998,187.446442,1914.999878,78.281242,464.330933,0.339666,0.342852,0.279371,0.25382,9.5,2166.6
2170.7,95.758797,3649.418213,198.581772,1914.999878,78.413086,245.030884,0.345319,0.349892,0.285416,0.259368,9.5,2166.7
2170.8,95.770058,3899.484131,192.272308,1914.999878,76.590538,329.69165,0.350474,0.35631,0.290925,0.264423,9.5,2166.8
2170.9,95.778702,3871.954834,193.923584,1913.749878,76.117722,378.057983,0.351619,0.357732,0.292144,0.265542,9.5,2166.9
2171.0,95.777809,3905.14502,197.171448,1912.499878,74.967316,270.108704,0.351049,0.357012,0.29152,0.26497,9.5,2167.0
2171.1,95.788185,3978.838623,219.344894,1909.999878,74.619797,-961.386475,0.350922,0.35688,0.291422,0.26488,9.5,2167.1
2171.2,95.777748,3949.366211,206.611786,1908.749878,73.842087,-246.934753,0.35503,0.362138,0.296022,0.269104,9.5,2167.2
2171.3,95.788422,3970.456543,211.523224,1907.499878,76.037201,232.771973,0.362821,0.372089,0.304712,0.277081,9.5,2167.3
2171.4,95.7911,4014.438721,214.761398,1908.749878,78.106674,-447.978271,0.369782,0.380969,0.312462,0.284196,9.5,2167.4
2171.5,95.78112,3819.803955,158.86615,1908.749878,79.259384,-524.110229,0.372062,0.383915,0.315055,0.286576,9.5,2167.5
2171.6,95.791344,3811.868408,184.322693,1908.749878,78.655731,168.443481,0.368738,0.379732,0.311437,0.283256,9.5,2167.6
2171.7,95.800133,3991.42334,219.308975,1909.999878,78.398354,1078.666748,0.362182,0.371419,0.304212,0.276624,9.5,2167.7
2171.8,95.796288,3818.929932,216.138062,1908.749878,77.531792,-67.544067,0.353852,0.360792,0.294938,0.268111,9.5,2167.8
2171.9,95.811188,3769.91748,209.884369,1909.999878,77.089531,-534.942017,0.346553,0.351505,0.286846,0.260682,9.5,2167.9
2172.0,95.821175,3731.370117,187.497894,1909.999878,77.776665,-98.433838,0.34388,0.348079,0.283847,0.257929,9.5,2168.0
2172.1,95.807732,3817.43335,197.052277,1911.249878,78.884407,107.333374,0.344622,0.349005,0.284645,0.258661,9.5,2168.1
2172.2,95.807434,3573.619385,209.827591,1913.749878,79.564156,-21.205933,0.349239,0.354846,0.289713,0.263312,9.5,2168.2
2172.3,95.814888,3746.522217,216.161682,1913.749878,79.701691,103.221313,0.354536,0.361602,0.295608,0.268724,9.5,2168.3
2172.4,95.827255,3735.766113,158.87117,1912.499878,79.155899,-216.419067,0.364967,0.374888,0.307192,0.279359,9.5,2168.4
2172.5,95.815842,3594.25415,212.947968,1909.999878,79.099564,-795.474976,0.376367,0.389421,0.319871,0.291,9.5,2168.5
2172.6,95.835541,3881.539307,160.219177,1909.999878,79.075233,-603.260986,0.388528,0.404937,0.333415,0.303436,9.5,2168.6
2172.7,95.835747,3722.547607,173.044815,1908.749878,79.199753,466.621948,0.395445,0.413789,0.341159,0.310546,9.5,2168.7
2172.8,95.831963,3492.343994,184.350159,1907.499878,77.359886,1699.172729,0.395758,0.414216,0.341549,0.310906,9.5,2168.8
2172.9,95.829254,3443.462158,153.801529,1906.249878,74.800896,1057.320068,0.387631,0.403889,0.33256,0.302654,9.5,2168.9
2173.0,95.846153,3423.903564,176.237869,1904.999878,71.422157,-869.730591,0.373463,0.385916,0.31693,0.288304,9.5,2169.0
2173.1,95.846809,3323.358643,168.042236,1906.249878,68.743462,-1065.408203,0.358177,0.366517,0.300056,0.272812,9.5,2169.1
2173.2,95.844307,3425.699463,209.823898,1903.749878,66.542435,-1228.485596,0.342842,0.347104,0.283198,0.257336,9.5,2169.2
2173.3,95.848122,3444.460938,187.550385,1902.499878,66.669762,-111.603027,0.332495,0.334027,0.271855,0.246924,9.5,2169.3
2173.4,95.839806,3385.629883,185.883484,1899.999878,67.928856,2114.540039,0.326849,0.326904,0.265686,0.241261,9.5,2169.4
2173.5,95.846329,3382.812012,184.218323,1901.249878,68.953697,306.897095,0.329364,0.330038,0.268377,0.243731,9.5,2169.5
2173.6,95.850113,3424.966064,209.776718,1901.249878,69.430405,-559.148804,0.334432,0.336354,0.273803,0.24871,9.5,2169.6
2173.7,95.848122,3288.743164,173.043533,1901.249878,68.702446,-624.610474,0.338801,0.341807,0.278492,0.253013,9.5,2169.7
2173.8,95.842155,3274.484131,163.403839,1902.499878,68.323929,-802.80835,0.341467,0.345138,0.281357,0.255642,9.5,2169.8
2173.9,95.873779,3447.923096,182.672089,1903.749878,66.741783,-395.128784,0.342369,0.346262,0.282322,0.256528,9.5,2169.9
2174.0,95.855209,3462.092041,179.444046,1903.749878,64.976418,-468.590088,0.344893,0.349443,0.285076,0.259055,9.5,2170.0
2174.1,95.865616,3486.044189,219.351044,1903.749878,62.320148,840.157104,0.345255,0.349927,0.285511,0.259455,9.5,2170.1
2174.2,95.857864,3501.486328,150.600113,1903.749878,60.807999,-401.260986,0.348829,0.35441,0.28938,0.263006,9.5,2170.2
2174.3,95.887611,3649.21167,205.170609,1904.999878,59.791836,-1013.760132,0.350907,0.356986,0.291585,0.26503,9.5,2170.3
2174.4,95.878876,3484.156982,163.432053,1903.749878,59.742867,1419.551025,0.355233,0.36238,0.296221,0.269284,9.5,2170.4
2174.5,95.871124,3340.550537,190.678223,1903.749878,61.681198,1176.810181,0.355372,0.362524,0.296327,0.269381,9.5,2170.5
2174.6,95.883736,3250.931396,176.25824,1903.749878,65.421021,-503.195923,0.357689,0.365423,0.298822,0.27167,9.5,2170.6
2174.7,95.883736,3437.901855,184.310623,1903.749878,68.067787,-1042.064331,0.358175,0.366025,0.299336,0.272142,9.5,2170.7
2174.8,95.882362,3357.447998,166.632278,1904.999878,68.249092,117.514526,0.358742,0.366768,0.299996,0.272747,9.5,2170.8
2174.9,95.88913,3638.598633,170.157608,1904.999878,67.652878,819.239502,0.35523,0.362387,0.29623,0.269291,9.5,2170.9
2175.0,95.891541,3465.0979,176.255875,1904.999878,66.106606,-704.318604,0.349403,0.355119,0.289984,0.263559,9.5,2171.0
2175.1,95.887047,3440.987549,195.485931,1904.999878,65.644165,-1.89856,0.342085,0.345948,0.282077,0.256303,9.5,2171.1
2175.2,95.881973,3351.060547,203.440918,1903.749878,65.056618,1682.304077,0.336225,0.338588,0.275723,0.250473,9.5,2171.2
2175.3,95.911156,3450.323975,182.804901,1903.749878,65.111778,893.391357,0.333298,0.334891,0.27252,0.247534,9.5,2171.3
2175.4,95.89679,3512.894531,193.833008,1903.749878,64.617264,-459.875488,0.333331,0.33492,0.272538,0.247551,9.5,2171.4
2175.5,95.900337,3470.050293,184.32309,1903.749878,63.47496,-623.768188,0.333698,0.335375,0.272927,0.247908,9.5,2171.5
2175.6,95.891487,3433.501709,170.178543,1904.999878,61.73418,-222.621338,0.335335,0.337425,0.274694,0.249529,9.5,2171.6
2175.7,95.918251,3301.271973,214.362381,1906.249878,59.761192,-334.405762,0.33708,0.339622,0.276592,0.251271,9.5,2171.7
2175.8,95.912888,3506.232422,184.32106,1906.249878,59.697899,316.388184,0.340705,0.34416,0.280502,0.254859,9.5,2171.8
2175.9,95.91935,3456.525391,184.415192,1904.999878,60.901688,-18.239136,0.34345,0.347589,0.283451,0.257564,9.5,2171.9
2176.0,95.916046,3482.822998,163.867386,1906.249878,63.812939,-183.115967,0.34837,0.353722,0.288721,0.2624,9.5,2172.0
2176.1,95.916908,3332.641357,185.940979,1904.999878,65.700722,-385.021729,0.351686,0.357853,0.292268,0.265656,9.5,2172.1
2176.2,95.934372,3350.085938,185.931091,1904.999878,68.071777,-252.775391,0.356125,0.363431,0.297087,0.270078,9.5,2172.2
2176.3,95.920517,3260.963135,174.772415,1904.999878,68.261147,295.547241,0.359534,0.36777,0.300865,0.273545,9.5,2172.3
2176.4,95.93396,3309.014893,156.278519,1907.499878,67.370506,-1739.518188,0.366994,0.377274,0.309151,0.281151,9.5,2172.4
2176.5,95.927521,3298.17627,181.15773,1909.999878,65.533272,-10016.808594,0.375517,0.388162,0.318663,0.289884,9.5,2172.5
2176.6,95.955177,3384.91748,154.388748,1909.999878,63.925243,-10385.919922,0.385915,0.401496,0.330345,0.300613,9.5,2172.6
2176.7,95.940811,3434.609131,158.891113,1909.999878,64.113075,9618.238281,0.395162,0.413441,0.34087,0.310286,9.5,2172.7
2176.8,95.941231,3206.224365,158.870361,1911.249878,64.652298,12680.869141,0.402433,0.42285,0.349173,0.317919,9.5,2172.8
2176.9,95.963043,3209.658691,151.252289,1909.999878,67.345932,731.323975,0.406099,0.427613,0.353389,0.321796,9.5,2172.9
2177.0,95.980125,3199.073975,146.149765,1911.249878,68.252693,-510.114319,0.405043,0.426248,0.352185,0.32069,9.5,2173.0
2177.1,95.952141,3340.029785,148.104767,1909.999878,70.223198,518.380432,0.401174,0.421237,0.347762,0.316625,9.5,2173.1
2177.2,95.962151,3141.491211,171.59082,1911.249878,68.426964,-597.957153,0.393423,0.411197,0.338897,0.308475,9.5,2173.2
2177.3,95.95607,3230.678467,138.638733,1911.249878,68.172722,-1200.107178,0.386227,0.401878,0.330671,0.300912,9.5,2173.3
2177.4,95.960632,3348.713867,176.487885,1912.499878,66.262856,1002.378296,0.379874,0.39366,0.323423,0.29425,9.5,2173.4
2177.5,95.965431,3226.697021,165.235001,1912.499878,67.343529,1216.411621,0.376464,0.389279,0.319579,0.29072,9.5,2173.5
2177.6,95.968712,3223.181152,152.517441,1913.749878,67.85482,-337.978882,0.373185,0.385074,0.315896,0.287338,9.5,2173.6
2177.7,95.968262,3361.07373,174.766006,1912.499878,70.645027,-785.7901,0.369625,0.380554,0.311966,0.283732,9.5,2173.7
2177.8,95.977348,3350.206787,159.402802,1913.749878,73.910225,-408.922485,0.36516,0.374899,0.307057,0.279227,9.5,2173.8
2177.9,95.982658,3267.615967,173.609161,1914.999878,75.560425,776.661621,0.35836,0.366314,0.299619,0.272401,9.5,2173.9
2178.0,95.987007,3340.320068,171.934586,1916.249878,75.698196,1066.558838,0.352109,0.358419,0.292779,0.266126,9.5,2174.0
2178.1,95.990494,3372.162109,190.721741,1917.499878,73.374481,-518.854492,0.346532,0.351382,0.286685,0.260533,9.5,2174.1
2178.2,95.993896,3278.121338,168.780685,1921.249878,71.912567,63.857666,0.344934,0.349363,0.284934,0.258927,9.5,2174.2
2178.3,96.006409,3297.59668,187.600662,1921.249878,70.165504,766.816284,0.344964,0.34939,0.284952,0.258944,9.5,2174.3
2178.4,95.994308,3186.938965,169.165771,1922.499878,70.013054,164.623169,0.347521,0.352589,0.287707,0.261471,9.5,2174.4
2178.5,95.995293,3340.393311,167.021255,1921.249878,69.685349,-510.83606,0.350476,0.356293,0.290899,0.2644,9.5,2174.5
2178.6,96.000275,3315.054688,181.292389,1923.749878,69.0802,-602.894775,0.354623,0.361514,0.295415,0.268543,9.5,2174.6
2178.7,96.004265,3405.290039,168.796158,1923.749878,68.526451,-891.757324,0.359622,0.367855,0.300924,0.273599,9.5,2174.7
2178.8,95.998962,3287.487549,171.895554,1923.749878,67.518166,-1196.271973,0.36384,0.373211,0.305582,0.277874,9.5,2174.8
2178.9,96.003189,3406.163818,176.806641,1924.999878,67.441399,-277.022217,0.365249,0.375024,0.307172,0.279333,9.5,2174.9
2179.0,96.010582,3378.724121,153.129364,1924.999878,67.054787,246.705811,0.362082,0.371071,0.303774,0.276215,9.5,2175.0
2179.1,96.003845,3338.686279,164.337967,1924.999878,68.53759,1571.440918,0.357048,0.36475,0.298317,0.271207,9.5,2175.1
2179.2,96.035439,3294.416748,201.618164,1926.249878,69.398026,1151.161865,0.350539,0.356534,0.291201,0.264677,9.5,2175.2
2179.3,96.026886,3324.514893,179.827164,1926.249878,70.330055,101.28717,0.345156,0.349717,0.285284,0.259247,9.5,2175.3
2179.4,96.026085,3277.032959,176.719467,1927.499878,70.577965,-1201.853027,0.340689,0.344087,0.28041,0.254775,9.5,2175.4
2179.5,96.032135,3297.039063,165.666122,1927.499878,71.57122,-1171.742432,0.338842,0.341779,0.278425,0.252953,9.5,2175.5
2179.6,96.022774,3483.316895,187.542358,1928.749878,73.171173,861.691162,0.338281,0.341083,0.277829,0.252407,9.5,2175.6
2179.7,96.02993,3416.175781,192.297684,1931.249878,74.285568,-742.194092,0.339103,0.342112,0.278715,0.253219,9.5,2175.7
2179.8,96.025963,3355.078369,184.341888,1931.249878,74.337517,-545.495605,0.341218,0.34477,0.28101,0.255325,9.5,2175.8
2179.9,96.051659,3377.363525,187.566376,1933.749878,72.666481,1464.782104,0.343833,0.348046,0.283833,0.257916,9.5,2175.9
2180.0,96.045578,3516.465332,169.847336,1932.499878,71.227104,146.591187,0.345998,0.350751,0.286161,0.260052,9.5,2176.0
2180.1,96.048767,3315.894531,171.272934,1934.999878,69.252045,-2076.404297,0.344201,0.348524,0.284255,0.258302,9.5,2176.1
2180.2,96.048943,3313.392578,179.442062,1934.999878,69.166634,-2040.868774,0.341075,0.344638,0.280921,0.255243,9.5,2176.2
2180.3,96.050522,3358.143311,205.129089,1934.999878,69.642067,502.463379,0.335484,0.337672,0.274938,0.249752,9.5,2176.3
2180.4,96.069748,3365.094238,174.506042,1934.999878,71.715652,1821.73645,0.332261,0.333639,0.271465,0.246565,9.5,2176.4
2180.5,96.052612,3320.788818,195.513367,1936.249878,73.303917,466.830811,0.330036,0.330855,0.269069,0.244366,9.5,2176.5
2180.6,96.059731,3385.953857,166.209198,1934.999878,74.091278,127.691162,0.333899,0.335676,0.273214,0.24817,9.5,2176.6
2180.7,96.066467,3539.651123,205.364792,1933.749878,72.80146,-46.639648,0.341588,0.345379,0.281621,0.255887,9.5,2176.7
2180.8,96.07589,3419.642822,190.787964,1932.499878,69.620888,-11.034058,0.351945,0.35843,0.292916,0.266255,9.5,2176.8
2180.9,96.056808,3303.845215,162.938782,1932.499878,68.102585,1331.982788,0.360966,0.369832,0.302804,0.27533,9.5,2176.9
2181.0,96.096306,3607.44043,168.03244,1929.999878,66.588264,211.246338,0.368333,0.379074,0.310777,0.282646,9.5,2177.0
2181.1,96.071861,3508.510742,162.968719,1926.249878,66.730438,-2235.026855,0.371474,0.383002,0.314158,0.285748,9.5,2177.1
2181.2,96.06781,3364.511719,190.68454,1922.499878,65.707253,-378.124023,0.367335,0.377722,0.30955,0.281518,9.5,2177.2
2181.3,96.069389,3551.242188,173.061752,1918.749878,66.199165,2211.625977,0.35788,0.365786,0.299207,0.272024,9.5,2177.3
2181.4,96.100029,3576.587646,176.254822,1913.749878,65.406967,854.470581,0.346385,0.351327,0.286708,0.260552,9.5,2177.4
2181.5,96.098778,3409.592773,201.898804,1931.249878,64.311905,-1321.845215,0.336095,0.338495,0.275678,0.250429,9.5,2177.5
2181.6,96.078598,3476.002197,200.394012,1932.499878,63.098267,-1134.810181,0.328102,0.328536,0.267124,0.242579,9.5,2177.6
2181.7,96.095825,3526.410645,192.313721,1932.499878,62.922665,1015.939819,0.325603,0.325441,0.264474,0.240146,9.5,2177.7
2181.8,96.090431,3469.659424,205.135635,1932.499878,63.967796,928.920166,0.329473,0.330272,0.268629,0.243959,9.5,2177.8
2181.9,96.082176,3625.650391,213.338287,1934.999878,65.446907,726.235291,0.334697,0.336783,0.274222,0.249092,9.5,2177.9
2182.0,96.111565,3599.970947,160.193436,1933.749878,68.208916,-119.940796,0.336145,0.338659,0.275869,0.250599,9.5,2178.0
2182.1,96.107536,3566.315918,177.737915,1933.749878,70.232773,-1341.555664,0.33144,0.33297,0.271068,0.246185,9.5,2178.1
2182.2,96.09803,3677.212402,214.769821,1933.749878,72.560837,131.279419,0.321301,0.320614,0.260592,0.236557,9.5,2178.2
2182.3,96.109329,3548.348389,214.762177,1933.749878,72.745438,-119.047241,0.308821,0.305299,0.247555,0.224582,9.5,2178.3
2182.4,96.105515,3597.837158,242.442581,1932.499878,72.060722,-1002.676514,0.300461,0.295004,0.238773,0.216517,9.5,2178.4
2182.5,96.121902,3635.568604,214.766327,1932.499878,70.446068,67.838257,0.30195,0.296787,0.240269,0.217893,9.5,2178.5
2182.6,96.115021,3632.581055,217.970184,1932.499878,69.938675,806.71167,0.312112,0.309243,0.250865,0.227626,9.5,2178.6
2182.7,96.127266,3475.766846,205.135483,1931.249878,69.378441,-397.440186,0.324048,0.323822,0.263241,0.238998,9.5,2178.7
2182.8,96.125481,3705.543457,169.895538,1929.999878,69.803108,22.744141,0.332253,0.333816,0.271711,0.246782,9.5,2178.8
2182.9,96.120087,3846.311279,195.512939,1928.749878,69.860489,1067.756348,0.335908,0.33824,0.275446,0.250216,9.5,2178.9
2183.0,96.134155,3952.331299,218.410416,1926.249878,70.654335,263.838257,0.335525,0.337719,0.274977,0.249787,9.5,2179.0
2183.1,96.134903,3716.513672,219.344742,1926.249878,70.039268,213.044128,0.333186,0.334791,0.272454,0.247473,9.5,2179.1
2183.2,96.138062,3646.401367,206.869171,1928.749878,69.790894,-1377.492798,0.330485,0.331418,0.269553,0.244811,9.5,2179.2
2183.3,96.153763,3659.99585,190.676239,1927.499878,69.489304,-565.983459,0.329142,0.32975,0.268123,0.243498,9.5,2179.3
2183.4,96.153763,3679.407471,216.56778,1928.749878,70.290627,669.69873,0.327284,0.327467,0.266179,0.241713,9.5,2179.4
2183.5,96.163094,3766.266357,189.093842,1927.499878,70.792618,35.498169,0.327311,0.327535,0.266255,0.241781,9.5,2179.5
2183.6,96.14119,3951.15625,234.773392,1928.749878,71.966637,616.837891,0.327905,0.328305,0.266932,0.242402,9.5,2179.6
2183.7,96.160416,3824.669678,226.291748,1927.499878,72.284355,-618.188477,0.33135,0.332589,0.270607,0.245775,9.5,2179.7
2183.8,96.158234,4021.145508,201.895813,1928.749878,71.978668,330.739136,0.331436,0.33275,0.270772,0.245923,9.5,2179.8
2183.9,96.162292,4043.87085,182.680756,1928.749878,70.376877,-341.914551,0.330164,0.331251,0.269526,0.244775,9.5,2179.9
2184.0,96.159157,4060.274902,250.04097,1928.749878,69.083359,410.739136,0.322972,0.322468,0.262072,0.237926,9.5,2180.0
2184.1,96.169472,4126.678223,218.441849,1927.499878,69.326431,1570.610352,0.315873,0.313741,0.254636,0.231097,9.5,2180.1
2184.2,96.177315,4127.677734,283.725891,1927.499878,71.232803,-525.742676,0.30762,0.30358,0.24597,0.223139,9.5,2180.2
2184.3,96.175972,4199.402344,234.023972,1926.249878,73.38398,-17.962036,0.304785,0.300049,0.24294,0.220359,9.5,2180.3
2184.4,96.177879,4210.33252,242.440231,1924.999878,74.126518,-15.063354,0.30259,0.297358,0.240651,0.218257,9.5,2180.4
2184.5,96.179337,4134.323242,227.606766,1923.749878,72.530937,-567.354126,0.299287,0.293501,0.237457,0.215307,9.5,2180.5
2184.6,96.181366,4080.484863,258.670807,1922.499878,68.290726,512.688354,0.286371,0.27846,0.225014,0.203806,9.5,2180.6
2184.7,96.181808,4529.454102,264.16153,1921.249878,62.138142,611.028015,0.264222,0.25304,0.204136,0.184455,9.5,2180.7
2184.8,96.190338,5565.562012,318.048462,1922.499878,55.187553,-751.088257,0.234425,0.219184,0.176466,0.158759,9.5,2180.8
2184.9,96.191681,6524.003906,468.718628,1922.499878,50.078793,-914.00592,0.203416,0.184392,0.148215,0.13246,9.5,2180.9
2185.0,96.196861,6683.052246,586.362732,1922.499878,46.407322,47.022095,0.176051,0.153983,0.123645,0.109542,9.5,2181.0
2185.1,96.19931,6709.254883,710.392273,1921.249878,43.841602,1191.235352,0.156513,0.132525,0.106412,0.093428,9.5,2181.1
2185.2,96.197784,6564.056152,710.063171,1921.249878,42.018169,621.350525,0.146703,0.121884,0.097921,0.085466,9.5,2181.2
2185.3,96.19725,6475.962402,672.548828,1921.249878,42.57127,-82.720581,0.145174,0.120222,0.096595,0.084223,9.5,2181.3
2185.4,96.209503,6331.985352,641.804443,1923.749878,44.970634,-936.299011,0.151195,0.126642,0.101673,0.089005,9.5,2181.4
2185.5,96.210754,6455.859375,662.049072,1923.749878,49.931091,36.477905,0.164499,0.141042,0.113152,0.099775,9.5,2181.5
2185.6,96.197754,5834.561523,572.011841,1923.749878,55.016094,868.816162,0.187205,0.1662,0.133451,0.118723,9.5,2181.6
2185.7,96.215462,5248.381836,466.151215,1924.999878,61.330994,144.078552,0.21922,0.202518,0.163127,0.146303,9.5,2181.7
2185.8,96.227142,4512.207031,327.180237,1924.999878,66.182777,-263.639709,0.257624,0.246823,0.199655,0.180155,9.5,2181.8
2185.9,96.23716,4011.20459,281.329956,1924.999878,69.556679,-106.982971,0.295349,0.290923,0.236266,0.214012,9.5,2181.9
2186.0,96.240822,4092.03125,213.36972,1926.249878,70.471947,326.352905,0.325698,0.326774,0.266185,0.241631,9.5,2182.0
2186.1,96.223328,4244.070801,192.267746,1924.999878,70.841942,-480.941101,0.345621,0.350666,0.286278,0.260139,9.5,2182.1
2186.2,96.241364,4273.813477,237.236801,1922.499878,70.591278,-8369.824219,0.354978,0.362026,0.295892,0.26898,9.5,2182.2
2186.3,96.240768,4314.924805,219.402634,1921.249878,69.797089,-14902.604492,0.357971,0.365738,0.299072,0.271899,9.5,2182.3
2186.4,96.240021,4313.80957,221.715546,1921.249878,69.741508,-1456.655273,0.359309,0.367447,0.300563,0.273267,9.5,2182.4
2186.5,96.230721,4208.182129,221.141693,1922.499878,71.474678,11891.038086,0.364099,0.373554,0.30589,0.278157,9.5,2182.5
2186.6,96.239273,4025.302979,217.973251,1923.749878,75.164192,9016.082031,0.370813,0.382121,0.313365,0.285019,9.5,2182.6
2186.7,96.270691,3812.424072,189.062729,1923.749878,78.594635,3413.55127,0.376758,0.3897,0.319976,0.291086,9.5,2182.7
2186.8,96.239037,4245.896484,201.897018,1922.499878,82.69986,478.463745,0.37878,0.392282,0.32223,0.293155,9.5,2182.8
2186.9,96.251823,4269.720215,200.383972,1921.249878,85.740807,-971.869873,0.378303,0.391668,0.321691,0.292661,9.5,2182.9
2187.0,96.265472,4161.905273,195.513229,1919.999878,87.502235,-867.376831,0.377235,0.390309,0.320508,0.291575,9.5,2183.0
2187.1,96.262825,4035.560303,230.846909,1919.999878,87.421425,-422.466675,0.377876,0.391149,0.321256,0.292264,9.5,2183.1
2187.2,96.255875,3836.161865,211.555679,1919.999878,87.602341,145.927734,0.377632,0.390885,0.321055,0.292082,9.5,2183.2
2187.3,96.264404,3960.34668,166.617477,1919.999878,88.029327,-775.053223,0.376986,0.390108,0.320408,0.29149,9.5,2183.3
2187.4,96.281387,3858.781006,190.680847,1918.749878,87.122787,-267.051392,0.373954,0.386274,0.317083,0.288439,9.5,2183.4
2187.5,96.267082,3996.705566,198.713181,1918.749878,84.49308,-571.156982,0.371344,0.382941,0.314173,0.285767,9.5,2183.5
2187.6,96.280289,3913.655029,237.231339,1918.749878,81.002968,-1144.264771,0.366035,0.376133,0.30821,0.280292,9.5,2183.6
2187.7,96.270897,3959.513672,180.984528,1919.999878,76.715874,-69.659424,0.361973,0.37091,0.303625,0.27608,9.5,2183.7
2187.8,96.275162,3922.725342,198.714386,1917.499878,72.064651,213.066162,0.358378,0.366309,0.299599,0.272384,9.5,2183.8
2187.9,96.282936,3956.073242,203.599243,1916.249878,68.027985,1705.551758,0.357297,0.364951,0.298428,0.271309,9.5,2183.9
2188.0,96.287498,3860.183105,205.138046,1914.999878,66.32077,-386.851563,0.354789,0.361771,0.295665,0.268774,9.5,2184.0
2188.1,96.280319,3715.942383,214.843216,1916.249878,65.21946,-1033.508301,0.352561,0.358943,0.293206,0.266517,9.5,2184.1
2188.2,96.303711,3733.758057,192.29895,1914.999878,66.007607,487.116211,0.351352,0.357391,0.291847,0.26527,9.5,2184.2
2188.3,96.298943,3628.60083,195.482529,1914.999878,67.259735,814.523071,0.351698,0.357823,0.292218,0.26561,9.5,2184.3
2188.4,96.311256,3407.436523,180.985489,1914.999878,70.488228,1367.676636,0.350913,0.356854,0.291391,0.264851,9.5,2184.4
2188.5,96.303894,3366.26123,181.141907,1917.499878,72.124687,80.940796,0.34749,0.352588,0.287726,0.261488,9.5,2184.5
2188.6,96.302315,3456.310791,192.297806,1916.249878,72.789726,255.676392,0.341426,0.345041,0.281249,0.255544,9.5,2184.6
2188.7,96.323418,3549.097412,181.136703,1917.499878,72.351799,696.162109,0.33629,0.33864,0.27575,0.250497,9.5,2184.7
2188.8,96.327232,3542.753906,206.871338,1917.499878,71.379768,-63.270386,0.331728,0.332969,0.270886,0.246034,9.5,2184.8
2188.9,96.313103,3688.508789,198.708633,1916.249878,71.146828,-1272.021973,0.330251,0.331125,0.269301,0.24458,9.5,2184.9
2189.0,96.320496,3823.757324,212.957047,1916.249878,71.329475,-198.236938,0.328462,0.328912,0.267408,0.242842,9.5,2185.0
2189.1,96.328125,3759.672363,176.234604,1917.499878,72.493538,1403.468628,0.330717,0.33172,0.269819,0.245054,9.5,2185.1
2189.2,96.32991,3729.093506,234.12146,1918.749878,72.313812,459.830872,0.334977,0.337087,0.274463,0.249316,9.5,2185.2
2189.3,96.326157,3602.334229,201.928436,1919.999878,72.260452,-32.071655,0.342133,0.346051,0.282189,0.256406,9.5,2185.3
2189.4,96.33799,3549.374268,197.15831,1919.999878,71.207764,194.734436,0.348111,0.353561,0.288675,0.262358,9.5,2185.4
2189.5,96.333069,3390.463379,165.225311,1919.999878,71.065437,-811.421143,0.353799,0.360637,0.294747,0.26793,9.5,2185.5
2189.6,96.353485,3505.567871,162.090378,1922.499878,70.317574,-476.367798,0.362452,0.37165,0.304355,0.276758,9.5,2185.6
2189.7,96.356857,3282.35376,213.331604,1922.499878,70.436592,198.531372,0.373032,0.385252,0.316313,0.287755,9.5,2185.7
2189.8,96.346901,3538.997803,166.698715,1924.999878,70.693115,706.920227,0.386766,0.40307,0.332077,0.302256,9.5,2185.8
2189.9,96.34729,3432.801025,163.406036,1927.499878,70.463814,669.264771,0.39711,0.416465,0.343909,0.313138,9.5,2185.9
2190.0,96.346992,3538.213379,134.562271,1929.999878,69.084496,-1067.75,0.405069,0.426707,0.352914,0.321416,9.5,2186.0
2190.1,96.35614,3392.58252,163.405655,1929.999878,67.880348,-748.291992,0.40198,0.422668,0.349318,0.318105,9.5,2186.1
2190.2,96.355965,3490.770508,164.805832,1931.249878,66.922386,323.184814,0.391414,0.409017,0.337282,0.307038,9.5,2186.2
2190.3,96.365173,3393.821045,184.209778,1931.249878,66.317543,672.734985,0.375105,0.387938,0.318688,0.289939,9.5,2186.3
2190.4,96.382904,3258.484863,175.991913,1931.249878,66.387688,-259.390747,0.362841,0.372106,0.304735,0.27711,9.5,2186.4
2190.5,96.377419,3215.630615,174.800674,1931.249878,66.44796,-1369.760864,0.358923,0.367024,0.300237,0.272971,9.5,2186.5
2190.6,96.389969,3404.868164,185.855942,1932.499878,67.060806,-814.338257,0.362121,0.371119,0.30382,0.276261,9.5,2186.6
2190.7,96.376823,3395.95752,150.591293,1931.249878,67.291817,641.181152,0.368315,0.379007,0.310696,0.282573,9.5,2186.7
2190.8,96.381561,3292.123047,182.67453,1929.999878,68.317154,765.330933,0.370545,0.381838,0.313157,0.284831,9.5,2186.8
2190.9,96.397926,3247.895996,136.869766,1929.999878,68.297821,1236.526367,0.370566,0.381866,0.313183,0.284855,9.5,2186.9
2191.0,96.407669,3226.318359,171.59436,1931.249878,68.167641,6.354614,0.368404,0.379113,0.310782,0.28265,9.5,2187.0
2191.1,96.398132,3206.271484,192.277313,1928.749878,68.350899,-905.926453,0.365746,0.375714,0.30781,0.279921,9.5,2187.1
2191.2,96.394112,3091.469238,152.535812,1929.999878,68.367584,-970.66333,0.361916,0.370834,0.303555,0.276015,9.5,2187.2
2191.3,96.406448,3278.484375,157.069366,1929.999878,67.960854,-1059.085571,0.358131,0.366055,0.299414,0.272216,9.5,2187.3
2191.4,96.402573,3385.01416,161.564087,1927.499878,66.938698,73.668945,0.355099,0.362253,0.296136,0.269207,9.5,2187.4
2191.5,96.429581,3347.602539,195.479752,1929.999878,68.76329,1142.302734,0.349611,0.355333,0.290146,0.263711,9.5,2187.5
2191.6,96.414734,3594.608643,173.053665,1932.499878,70.765877,566.139771,0.345137,0.349678,0.285242,0.25921,9.5,2187.6
2191.7,96.412949,3409.523682,193.855179,1934.999878,74.407921,-464.69519,0.344527,0.348922,0.284595,0.258616,9.5,2187.7
2191.8,96.419388,3315.874756,187.575348,1936.249878,75.800995,35.779419,0.352213,0.358696,0.293107,0.26643,9.5,2187.8
2191.9,96.417389,2978.546387,163.405655,1934.999878,77.699875,935.682373,0.36518,0.375247,0.307562,0.279704,9.5,2187.9
2192.0,96.432709,3247.734619,166.60907,1937.499878,77.372246,1302.919189,0.377242,0.390611,0.320963,0.29201,9.5,2188.0
2192.1,96.433395,3247.343994,140.978149,1937.499878,76.859467,-1063.197144,0.385621,0.40129,0.330281,0.300568,9.5,2188.1
2192.2,96.446358,3330.021484,149.368515,1938.749878,74.625633,-1218.948486,0.386682,0.40259,0.331384,0.301578,9.5,2188.2
2192.3,96.434494,3210.658936,147.968842,1937.499878,73.041336,51.80896,0.386202,0.401971,0.330839,0.301078,9.5,2188.3
2192.4,96.438759,3152.192139,200.491364,1937.499878,71.195786,669.117676,0.382025,0.396576,0.326086,0.29671,9.5,2188.4
2192.5,96.45649,3317.908936,142.973022,1937.499878,69.876244,494.112793,0.379959,0.393879,0.323691,0.294506,9.5,2188.5
2192.6,96.445938,3246.857422,156.980255,1938.749878,69.603111,-1667.647095,0.376686,0.389642,0.31995,0.291067,9.5,2188.6
2192.7,96.446838,3323.731689,156.988281,1937.499878,69.53788,-541.811157,0.376111,0.388912,0.319316,0.290485,9.5,2188.7
2192.8,96.456551,3316.359131,169.84317,1937.499878,70.232857,-200.757324,0.371694,0.383257,0.314368,0.285941,9.5,2188.8
2192.9,96.461884,3476.334961,181.131256,1937.499878,70.372856,533.31604,0.366494,0.3766,0.308544,0.280594,9.5,2188.9
2193.0,96.461441,3308.97583,168.435364,1936.249878,70.394768,640.764648,0.360268,0.368645,0.301594,0.274213,9.5,2189.0
2193.1,96.466148,3264.225342,163.405304,1937.499878,68.442139,-2139.418945,0.358336,0.366189,0.299456,0.272251,9.5,2189.1
2193.2,96.47467,3327.202393,192.29039,1938.749878,66.298096,455.117676,0.358152,0.365958,0.299256,0.272068,9.5,2189.2
2193.3,96.48925,3437.109131,169.817764,1939.999878,64.131439,2196.992676,0.359849,0.368108,0.301123,0.273781,9.5,2189.3
2193.4,96.491272,3268.244385,160.22168,1942.499878,63.435585,-43.235352,0.362631,0.371645,0.304201,0.276606,9.5,2189.4
2193.5,96.475357,3257.533203,173.053284,1943.749878,63.177307,-715.368286,0.367888,0.37834,0.310036,0.281961,9.5,2189.5
2193.6,96.487015,3309.072998,176.26004,1944.999878,62.579163,552.228027,0.375288,0.38783,0.31835,0.289596,9.5,2189.6
2193.7,96.505196,3323.621094,156.438538,1946.249878,61.675926,634.12561,0.382184,0.396683,0.326112,0.296724,9.5,2189.7
2193.8,96.493301,3465.252686,156.985367,1946.249878,60.158703,1011.030884,0.388519,0.404838,0.333276,0.303306,9.5,2189.8
2193.9,96.495537,3407.786133,173.11969,1947.499878,59.793804,188.642578,0.389759,0.406448,0.334699,0.304613,9.5,2189.9
2194.0,96.499802,3443.074707,139.787201,1947.499878,58.027981,-1579.210205,0.386533,0.40237,0.331163,0.301369,9.5,2190.0
2194.1,96.506531,3367.271729,187.446304,1948.749878,57.533794,-776.010132,0.376054,0.38901,0.319508,0.290668,9.5,2190.1
2194.2,96.512703,3471.043213,164.806595,1947.499878,57.466576,-221.68103,0.364717,0.374576,0.306925,0.279116,9.5,2190.2
2194.3,96.530411,3408.252686,185.904419,1947.499878,59.111515,0.437744,0.353824,0.360682,0.294799,0.267983,9.5,2190.3
2194.4,96.521584,3314.469482,195.563385,1947.499878,58.634453,-123.198486,0.349767,0.35551,0.290288,0.263841,9.5,2190.4
2194.5,96.523132,3341.048584,173.048157,1947.499878,58.574036,702.106323,0.350642,0.356581,0.291194,0.264671,9.5,2190.5
2194.6,96.545372,3340.854492,177.743637,1946.249878,59.175728,1781.017334,0.358288,0.366276,0.299619,0.272404,9.5,2190.6
2194.7,96.529099,3317.395508,171.277023,1943.749878,60.569294,-80.787476,0.365971,0.376001,0.30806,0.28015,9.5,2190.7
2194.8,96.537743,3484.887695,153.785706,1942.499878,62.034168,-1579.362305,0.373879,0.386041,0.316792,0.288164,9.5,2190.8
2194.9,96.540215,3312.874023,179.459061,1946.249878,63.740944,-1516.116943,0.376167,0.388945,0.319317,0.290482,9.5,2190.9
2195.0,96.547218,3281.716553,147.387451,1944.999878,65.327843,-339.177002,0.376199,0.389001,0.319375,0.290536,9.5,2191.0
2195.1,96.549423,3253.622559,184.190521,1947.499878,65.514091,1094.530396,0.371256,0.382697,0.313875,0.285488,9.5,2191.1
2195.2,96.551422,3324.842041,152.531677,1946.249878,64.548714,1505.553711,0.368425,0.379076,0.31071,0.282582,9.5,2191.2
2195.3,96.548294,3178.823486,177.946182,1946.249878,62.961441,906.006775,0.36392,0.373315,0.305675,0.277959,9.5,2191.3
2195.4,96.563133,3209.938965,168.406921,1948.749878,62.466305,-1025.252319,0.362215,0.371135,0.303769,0.27621,9.5,2191.4
2195.5,96.551628,3319.358154,163.424545,1949.999878,61.838268,-837.028992,0.359211,0.367308,0.300434,0.273148,9.5,2191.5
2195.6,96.566681,3299.592773,160.214554,1949.999878,62.009628,683.970581,0.36028,0.368674,0.301627,0.274244,9.5,2191.6
2195.7,96.571777,3254.568115,185.882233,1951.249878,61.05677,1018.304382,0.362399,0.37139,0.304005,0.276427,9.5,2191.7
2195.8,96.567574,3451.320313,173.02916,1949.999878,59.995567,-276.13855,0.369138,0.380033,0.311577,0.283381,9.5,2191.8
2195.9,96.570435,3385.820801,166.638092,1951.249878,57.038582,-1263.956543,0.376186,0.389071,0.319494,0.290651,9.5,2191.9
2196.0,96.586143,3427.287598,158.304184,1947.499878,54.904373,-7189.746582,0.385012,0.400376,0.329389,0.299738,9.5,2192.0
2196.1,96.593895,3440.003174,168.439957,1946.249878,52.646519,-13993.116211,0.390639,0.407568,0.335673,0.305506,9.5,2192.1
2196.2,96.604713,3546.579102,152.511398,1946.249878,53.472839,-1668.482422,0.397474,0.416414,0.343484,0.31269,9.5,2192.2
2196.3,96.610222,3490.939453,187.542252,1944.999878,54.087166,14871.253906,0.403441,0.424234,0.350465,0.319124,9.5,2192.3
2196.4,96.593208,3199.352051,150.595093,1939.999878,55.931274,8966.675781,0.412166,0.435671,0.360675,0.328532,9.5,2192.4
2196.5,96.627724,3033.088867,146.149124,1938.749878,57.500416,-1221.662842,0.416696,0.441632,0.366015,0.333458,9.5,2192.5
2196.6,96.624855,3123.793213,138.675995,1936.249878,59.522877,-886.169189,0.417637,0.442914,0.367196,0.334552,9.5,2192.6
2196.7,96.610878,3417.648682,142.976074,1937.499878,61.160442,1318.104858,0.408765,0.431476,0.357127,0.325296,9.5,2192.7
2196.8,96.626587,3278.196045,146.172531,1937.499878,62.094788,-188.161133,0.396059,0.415022,0.342588,0.311921,9.5,2192.8
2196.9,96.616516,3285.357178,187.471359,1936.249878,63.68721,-2747.956543,0.380738,0.395131,0.324973,0.295712,9.5,2192.9
2197.0,96.635231,3352.146729,167.025513,1934.999878,64.682884,813.924805,0.374889,0.387505,0.318197,0.289472,9.5,2193.0
2197.1,96.629509,3346.281494,182.673325,1936.249878,65.103432,1429.736084,0.376368,0.389402,0.319854,0.290993,9.5,2193.1
2197.2,96.636246,3270.976807,149.329346,1936.249878,64.199448,-131.150513,0.387121,0.40328,0.332078,0.302228,9.5,2193.2
2197.3,96.654488,3384.934326,168.414963,1934.999878,63.775566,203.553711,0.396939,0.415909,0.343171,0.312419,9.5,2193.3
2197.4,96.639282,3243.579346,130.266678,1937.499878,63.355762,-577.000122,0.405955,0.427505,0.353353,0.321773,9.5,2193.4
2197.5,96.642982,3230.353271,165.236954,1938.749878,61.539585,1239.992798,0.408297,0.43049,0.35595,0.324154,9.5,2193.5
2197.6,96.647629,3295.19873,155.694305,1939.999878,59.966484,555.087036,0.405349,0.426664,0.352564,0.321039,9.5,2193.6
2197.7,96.654755,3313.349121,144.18251,1939.999878,58.388737,-2480.445801,0.397482,0.416475,0.343567,0.312766,9.5,2193.7
2197.8,96.667542,3385.257324,169.813477,1939.999878,57.054272,-38.07251,0.387391,0.403493,0.332164,0.302291,9.5,2193.8
2197.9,96.671028,3251.474609,150.598892,1939.999878,54.631611,2012.039795,0.379349,0.393136,0.32306,0.293927,9.5,2193.9
2198.0,96.685722,3240.923828,190.683563,1938.749878,54.272358,517.725464,0.372097,0.383819,0.314887,0.286419,9.5,2194.0
2198.1,96.670845,3261.415771,155.70929,1938.749878,54.934921,-827.188232,0.370318,0.381499,0.312828,0.284526,9.5,2194.1
2198.2,96.698563,3274.821045,176.264511,1937.499878,56.997463,-1025.508545,0.368587,0.379265,0.310863,0.28272,9.5,2194.2
2198.3,96.702469,3291.79834,148.630417,1936.249878,58.698906,402.869507,0.369203,0.38006,0.311561,0.283362,9.5,2194.3
2198.4,96.70739,3237.202148,169.818756,1937.499878,60.767216,189.036621,0.365405,0.375245,0.307378,0.279523,9.5,2194.4
2198.5,96.705566,3254.357178,161.067047,1936.249878,62.523258,-359.492798,0.361737,0.370595,0.303339,0.275816,9.5,2194.5
2198.6,96.703156,3272.170898,179.04512,1936.249878,62.890121,672.74646,0.358331,0.36628,0.299593,0.272379,9.5,2194.6
2198.7,96.706467,3240.463623,179.688416,1933.749878,61.798824,-793.978271,0.35903,0.367175,0.300377,0.273099,9.5,2194.7
2198.8,96.718834,3316.368408,167.032959,1934.999878,60.339622,-637.087036,0.362931,0.372133,0.304691,0.277058,9.5,2194.8
2198.9,96.721489,3410.673096,168.412476,1933.749878,59.302486,1964.623169,0.368467,0.379148,0.310782,0.282648,9.5,2194.9
2199.0,96.734329,3298.740234,147.371063,1933.749878,59.607479,-917.783203,0.376886,0.389907,0.320186,0.291283,9.5,2195.0
2199.1,96.735199,3216.47583,176.490082,1932.499878,61.494701,-1696.485474,0.384868,0.400171,0.329201,0.299566,9.5,2195.1
2199.2,96.737015,3254.016357,163.877808,1933.749878,63.305584,-240.042725,0.393893,0.411858,0.339519,0.309052,9.5,2195.2
2199.3,96.725243,3366.018311,160.71376,1934.999878,65.660934,1664.60498,0.399769,0.419485,0.346265,0.315256,9.5,2195.3
2199.4,96.728249,3329.000732,127.071243,1934.999878,65.770927,1130.57959,0.40652,0.428227,0.353981,0.322349,9.5,2195.4
2199.5,96.731438,3278.356934,166.61525,1933.749878,64.677437,-551.742676,0.408854,0.431223,0.356604,0.324756,9.5,2195.5
2199.6,96.738533,3275.366699,158.889832,1932.499878,61.696846,1027.210205,0.404983,0.426259,0.352252,0.320756,9.5,2195.6
2199.7,96.746254,3271.41626,146.871109,1932.499878,59.756042,1247.123169,0.394858,0.413204,0.340762,0.310195,9.5,2195.7
2199.8,96.754898,3291.881592,152.510269,1932.499878,58.607204,323.289856,0.385431,0.401072,0.330101,0.3004,9.5,2195.8
2199.9,96.761513,3096.246338,165.255524,1931.249878,59.529987,11.231873,0.382775,0.397671,0.327131,0.297676,9.5,2195.9
2200.0,96.75856,3325.920166,209.780121,1932.499878,59.594971,233.904297,0.383652,0.398845,0.328198,0.298664,9.5,2196.0
2200.1,96.778976,3189.572754,117.5327,1933.749878,59.778458,-1007.926514,0.386639,0.402698,0.331598,0.301793,9.5,2196.1
2200.2,96.775909,3247.269287,146.149658,1932.499878,60.325748,-1448.172363,0.387413,0.403663,0.332427,0.302554,9.5,2196.2
2200.3,96.776329,3250.989746,165.251495,1931.249878,61.175575,-304.399658,0.383713,0.399001,0.328391,0.298849,9.5,2196.3
2200.4,96.781662,3301.884521,155.693756,1932.499878,61.724144,575.488647,0.371228,0.383115,0.314536,0.286121,9.5,2196.4
2200.5,96.792953,3175.41333,180.985214,1931.249878,61.903404,-755.891235,0.354847,0.362286,0.296383,0.269447,9.5,2196.5
2200.6,96.795135,3171.01416,163.849152,1929.999878,62.575783,6.486694,0.345497,0.350361,0.285963,0.259871,9.5,2196.6
2200.7,96.797371,3240.601318,205.18457,1929.999878,62.27494,1465.115967,0.349735,0.355974,0.291011,0.264526,9.5,2196.7
2200.8,96.811287,3359.50415,177.974136,1928.749878,61.918449,-289.736206,0.364774,0.375301,0.307993,0.280139,9.5,2196.8
2200.9,96.798683,3233.170898,152.514755,1929.999878,61.430485,-16.172668,0.379669,0.394361,0.324693,0.295493,9.5,2196.9
2201.0,96.797577,3202.301758,133.427353,1927.499878,61.74741,1111.949219,0.390869,0.408496,0.336944,0.306739,9.5,2197.0
2201.1,96.821007,3223.524658,136.614243,1927.499878,61.938747,302.948059,0.396484,0.415561,0.343054,0.312348,9.5,2197.1
2201.2,96.804642,3151.069824,177.976517,1927.499878,62.193108,-82.268127,0.398174,0.417613,0.344768,0.313909,9.5,2197.2
2201.3,96.830597,3229.542725,181.186493,1927.499878,62.005814,-195.855103,0.397559,0.416779,0.343996,0.31319,9.5,2197.3
2201.4,96.827408,3134.510986,127.123901,1926.249878,60.472912,-1111.130371,0.399101,0.418703,0.345634,0.314684,9.5,2197.4
2201.5,96.822044,3159.463623,136.631393,1927.499878,58.322922,-1374.536133,0.406607,0.428418,0.354209,0.322568,9.5,2197.5
2201.6,96.83075,3161.091797,163.871109,1927.499878,56.902443,-231.985229,0.416057,0.440692,0.36508,0.332571,9.5,2197.6
2201.7,96.830513,3203.73584,138.6548,1928.749878,56.711002,761.440918,0.424258,0.451431,0.374663,0.341404,9.5,2197.7
2201.8,96.840469,3052.248779,140.969162,1927.499878,57.750198,-448.246582,0.429024,0.457724,0.380323,0.346631,9.5,2197.8
2201.9,96.840469,3271.509033,144.1633,1927.499878,58.682796,-1306.807129,0.433279,0.463336,0.385365,0.351286,9.5,2197.9
2202.0,96.852623,3195.887695,135.524857,1926.249878,60.160679,466.014404,0.434964,0.465545,0.387336,0.353101,9.5,2198.0
2202.1,96.85817,3255.166992,133.44902,1927.499878,59.926567,1159.301025,0.435948,0.466834,0.388486,0.354161,9.5,2198.1
2202.2,96.869255,3223.726807,160.719513,1924.999878,59.919018,40.739746,0.434707,0.465193,0.387007,0.352793,9.5,2198.2
2202.3,96.868126,3257.299316,144.21991,1924.999878,57.954399,-644.086914,0.434463,0.464865,0.386707,0.352515,9.5,2198.3
2202.4,96.875877,3306.728516,139.802902,1923.749878,57.520832,865.327393,0.434091,0.464368,0.386251,0.352091,9.5,2198.4
2202.5,96.882492,3226.673584,142.968185,1921.249878,56.844902,440.108643,0.435028,0.465604,0.387361,0.353115,9.5,2198.5
2202.6,96.893784,3329.898193,147.387222,1919.999878,57.711876,-50.342163,0.435678,0.466459,0.388127,0.353821,9.5,2198.6
2202.7,96.897301,3178.4375,146.147095,1922.499878,58.26955,479.333252,0.433945,0.464172,0.386071,0.351923,9.5,2198.7
2202.8,96.894203,3381.476074,148.145767,1921.249878,60.231926,-320.920654,0.429738,0.458632,0.381103,0.34734,9.5,2198.8
2202.9,96.898201,3231.640381,146.14859,1923.749878,61.758785,-1493.030518,0.422279,0.448857,0.37238,0.339302,9.5,2198.9
2203.0,96.916557,3223.046631,136.628479,1922.499878,63.041565,-2918.865723,0.415908,0.440521,0.364952,0.332461,9.5,2199.0
2203.1,96.913162,3387.687988,174.818771,1923.749878,63.282429,788.537842,0.4119,0.435296,0.360315,0.328194,9.5,2199.1
2203.2,96.935539,3227.123291,152.508926,1923.749878,62.680149,3235.221191,0.41291,0.436632,0.36152,0.329308,9.5,2199.2
2203.3,96.931786,3257.627197,157.568817,1926.249878,61.168697,615.168091,0.414379,0.438581,0.363281,0.330936,9.5,2199.3
2203.4,96.929161,3305.251221,144.947678,1926.249878,58.819515,-364.400024,0.413587,0.437629,0.362494,0.330221,9.5,2199.4
2203.5,96.934471,3281.413574,126.023178,1926.249878,57.98064,270.308838,0.406267,0.428263,0.354301,0.322697,9.5,2199.5
2203.6,96.947525,3019.347656,158.860779,1924.999878,58.415359,555.892822,0.395302,0.414109,0.341823,0.31122,9.5,2199.6
2203.7,96.96743,3309.091797,179.469193,1926.249878,59.80312,247.754944,0.385437,0.401322,0.330507,0.300806,9.5,2199.7
2203.8,96.963234,3194.927979,168.412125,1924.999878,59.691013,-3522.058838,0.387839,0.404576,0.333564,0.303681,9.5,2199.8
2203.9,96.97274,3172.474121,170.186493,1924.999878,60.349018,-2157.759521,0.400909,0.421742,0.348992,0.31795,9.5,2199.9
2204.0,96.971634,3192.223145,127.069756,1924.999878,60.468327,3424.978516,0.42137,0.448463,0.372857,0.339982,9.5,2200.0
2204.1,96.990921,3247.865723,141.012405,1924.999878,60.878307,1167.428467,0.435083,0.466212,0.388539,0.354411,9.5,2200.1
2204.2,96.993752,3199.815674,114.371994,1924.999878,59.911156,-2951.326172,0.44283,0.47622,0.397369,0.362533,9.5,2200.2
2204.3,96.986893,3154.132568,160.709061,1924.999878,59.716125,35.954102,0.439063,0.471159,0.392681,0.35815,9.5,2200.3
2204.4,97.011604,3186.020996,147.451111,1924.999878,59.153378,2240.702881,0.429753,0.458858,0.381549,0.347832,9.5,2200.4
2204.5,96.996613,3095.275391,149.326172,1924.999878,58.712471,101.181274,0.413407,0.43746,0.362387,0.330126,9.5,2200.5
2204.6,97.030144,3257.547852,130.251282,1924.999878,58.162777,-1174.63208,0.396779,0.416063,0.34356,0.312811,9.5,2200.6
2204.7,97.021797,3253.872559,146.875565,1923.749878,58.645309,977.712769,0.379708,0.394174,0.324361,0.295166,9.5,2200.7
2204.8,97.019173,3227.352051,203.501801,1926.249878,59.735149,1667.421509,0.36352,0.37342,0.306165,0.278443,9.5,2200.8
2204.9,97.032112,3241.117676,168.406296,1928.749878,60.717327,-1524.394043,0.353884,0.36097,0.295184,0.268345,9.5,2200.9
2205.0,97.031128,3126.676514,177.946701,1929.999878,60.364735,13.761353,0.352462,0.359062,0.29345,0.266743,9.5,2201.0
2205.1,97.056343,3274.8479,163.919464,1929.999878,59.708096,1197.318848,0.361469,0.370468,0.303355,0.275835,9.5,2201.1
2205.2,97.045403,3245.185791,170.185638,1931.249878,57.688038,46.985474,0.370057,0.381309,0.312747,0.284455,9.5,2201.2
2205.3,97.064301,3199.333984,127.086266,1933.749878,56.461521,-2141.253662,0.377342,0.390494,0.320698,0.291751,9.5,2201.3
2205.4,97.075508,3250.188721,176.470428,1934.999878,55.22929,-931.152222,0.378536,0.391969,0.321956,0.292904,9.5,2201.4
2205.5,97.083076,3305.770508,170.179901,1933.749878,55.89592,1428.094238,0.377995,0.391239,0.321294,0.292295,9.5,2201.5
2205.6,97.090675,3196.851563,148.097961,1936.249878,56.558239,-131.797119,0.376692,0.389569,0.319832,0.290953,9.5,2201.6
2205.7,97.080063,3308.506592,173.333664,1933.749878,57.497475,-92.384033,0.379306,0.392945,0.322805,0.293685,9.5,2201.7
2205.8,97.09568,3217.126709,165.226135,1934.999878,57.702393,927.079834,0.384488,0.399626,0.32868,0.299081,9.5,2201.8
2205.9,97.098541,3311.723877,152.569,1933.749878,58.690586,786.942017,0.391414,0.408565,0.336549,0.306311,9.5,2201.9
2206.0,97.101227,3216.991211,144.92688,1934.999878,59.110275,481.844238,0.400993,0.421025,0.347598,0.316481,9.5,2202.0
2206.1,97.113838,3328.247803,165.272995,1934.999878,58.676067,-2842.128418,0.410515,0.433454,0.358653,0.32666,9.5,2202.1
2206.2,97.120453,3196.187012,153.847107,1936.249878,57.344528,-13627.107422,0.419647,0.445416,0.369326,0.336495,9.5,2202.2
2206.3,97.138153,3394.506592,137.507782,1936.249878,55.400513,-9799.321289,0.425065,0.45252,0.375666,0.342337,9.5,2202.3
2206.4,97.141258,3480.087891,139.792343,1934.999878,54.018204,10015.951172,0.432336,0.462108,0.384285,0.350297,9.5,2202.4
2206.5,97.140358,3268.396484,173.327728,1937.499878,53.045853,12238.130859,0.435067,0.465711,0.387529,0.353295,9.5,2202.5
2206.6,97.166168,2931.496582,120.714043,1939.999878,52.52103,1676.057861,0.436511,0.467633,0.389278,0.354918,9.5,2202.6
2206.7,97.161613,3140.955322,149.326385,1941.249878,52.952324,-1939.709839,0.432961,0.462944,0.385059,0.351022,9.5,2202.7
2206.8,97.159378,3123.88623,132.337753,1939.999878,54.421688,258.760986,0.4302,0.459323,0.381827,0.348043,9.5,2202.8
2206.9,97.178841,3332.416748,155.687805,1942.499878,55.863541,263.209961,0.422099,0.448658,0.372258,0.339211,9.5,2202.9
2207.0,97.180832,3185.187256,134.572632,1943.749878,56.537155,896.949097,0.413118,0.436877,0.361722,0.329494,9.5,2203.0
2207.1,97.179283,3133.798828,149.326172,1943.749878,57.677402,2938.847168,0.402204,0.422584,0.348964,0.317732,9.5,2203.1
2207.2,97.186142,3223.520264,174.769989,1943.749878,59.177258,629.920288,0.392328,0.40979,0.337663,0.307341,9.5,2203.2
2207.3,97.18924,3432.634766,148.124405,1947.499878,60.071854,-497.666138,0.384518,0.39968,0.328737,0.299134,9.5,2203.3
2207.4,97.198006,3342.979492,158.869308,1948.749878,59.77095,-86.796875,0.381807,0.396211,0.325703,0.296348,9.5,2203.4
2207.5,97.204742,3271.410645,182.673996,1949.999878,59.28693,-1032.565186,0.388041,0.404378,0.332992,0.303067,9.5,2203.5
2207.6,97.224617,3264.503662,176.46553,1951.249878,58.859718,-342.195801,0.397374,0.416571,0.343845,0.313063,9.5,2203.6
2207.7,97.227066,3301.366943,118.742294,1951.249878,58.190971,178.38855,0.411414,0.434873,0.360113,0.328043,9.5,2203.7
2207.8,97.218719,3202.609375,158.862183,1952.499878,57.823219,-488.181152,0.425478,0.453244,0.37648,0.343128,9.5,2203.8
2207.9,97.240326,3254.391846,142.965668,1953.749878,58.238579,-1425.649902,0.43879,0.470688,0.39207,0.357508,9.5,2203.9
2208.0,97.247719,3319.208984,144.946518,1951.249878,59.319969,-1414.5,0.442478,0.475561,0.396461,0.361566,9.5,2204.0
2208.1,97.240326,3179.436035,136.606216,1952.499878,59.319195,2072.957031,0.435574,0.466673,0.388641,0.354376,9.5,2204.1
2208.2,97.252274,3174.877686,126.043839,1953.749878,59.195641,1810.955444,0.420443,0.447042,0.371253,0.338369,9.5,2204.2
2208.3,97.255142,3284.812988,160.71962,1954.999878,58.831528,-735.333374,0.402672,0.423959,0.350786,0.319522,9.5,2204.3
2208.4,97.26664,3298.368164,173.026352,1953.749878,59.498558,-781.01355,0.388213,0.405028,0.333882,0.303934,9.5,2204.4
2208.5,97.272636,3185.223877,193.807098,1954.999878,59.795898,824.036255,0.37973,0.393868,0.323871,0.294693,9.5,2204.5
2208.6,97.279968,3247.045654,136.625458,1956.249878,60.455582,1284.137817,0.383102,0.398095,0.327503,0.298016,9.5,2204.6
2208.7,97.284554,3343.549805,157.565613,1956.249878,61.357468,161.218567,0.391135,0.408385,0.336513,0.306292,9.5,2204.7
2208.8,97.285896,3141.742188,157.557907,1956.249878,62.379826,-109.637695,0.399897,0.419612,0.346346,0.315324,9.5,2204.8
2208.9,97.293854,3189.140869,140.614563,1958.749878,61.716362,-2200.066406,0.399871,0.419547,0.346267,0.315249,9.5,2204.9
2209.0,97.304169,3203.728516,141.792923,1959.999878,60.63612,-981.159546,0.396579,0.415287,0.34251,0.311796,9.5,2205.0
2209.1,97.327713,3128.150146,181.140442,1961.249878,59.927589,767.459229,0.388148,0.404397,0.332915,0.302977,9.5,2205.1
2209.2,97.324135,3264.610596,141.797775,1961.249878,59.936543,-1301.93457,0.379145,0.392844,0.322785,0.293672,9.5,2205.2
2209.3,97.334541,3131.42627,162.558319,1962.499878,60.247478,314.193115,0.367735,0.378272,0.310053,0.281979,9.5,2205.3
2209.4,97.330368,3326.033936,163.87291,1963.749878,61.451183,2031.695557,0.359441,0.36776,0.300921,0.273599,9.5,2205.4
2209.5,97.326195,3166.646484,173.337219,1963.749878,63.138123,-526.792969,0.353179,0.359811,0.294009,0.267255,9.5,2205.5
2209.6,97.344048,3291.755859,189.113892,1962.499878,64.395905,-504.760864,0.350135,0.35594,0.29064,0.264163,9.5,2205.6
2209.7,97.355553,3295.043701,167.026733,1963.749878,64.820435,-461.22168,0.349084,0.354578,0.289438,0.263059,9.5,2205.7
2209.8,97.36306,3183.098389,162.051697,1964.999878,64.403412,796.344238,0.349737,0.35539,0.290134,0.263698,9.5,2205.8
2209.9,97.37635,3274.731201,167.033188,1966.249878,63.867329,1667.659546,0.351069,0.357055,0.291568,0.265014,9.5,2205.9
2210.0,97.379662,3193.149414,181.155991,1966.249878,63.268932,309.815186,0.351694,0.357838,0.292243,0.265633,9.5,2206.0
2210.1,97.386307,3075.844238,160.699722,1966.249878,62.553215,-377.710205,0.355339,0.362495,0.296312,0.269369,9.5,2206.1
2210.2,97.391373,3294.836426,178.18367,1964.999878,61.047729,-174.022217,0.362386,0.371523,0.304214,0.276625,9.5,2206.2
2210.3,97.411079,3236.828369,165.229782,1964.999878,60.497486,909.456543,0.374819,0.387453,0.318165,0.289439,9.5,2206.3
2210.4,97.415581,3185.907471,146.153625,1964.999878,60.305588,-590.778564,0.388726,0.405318,0.333842,0.303842,9.5,2206.4
2210.5,97.429855,3463.953369,150.595428,1964.999878,60.843678,-1597.991333,0.404188,0.425293,0.351457,0.32004,9.5,2206.5
2210.6,97.422585,3150.674316,162.538223,1964.999878,61.022598,-308.532593,0.413651,0.437568,0.362319,0.330034,9.5,2206.6
2210.7,97.439781,3351.467285,136.61113,1964.999878,62.646851,773.564209,0.416139,0.440839,0.365251,0.33274,9.5,2206.7
2210.8,97.443352,3212.811279,146.168655,1964.999878,63.064938,-436.118896,0.408318,0.430765,0.356394,0.324602,9.5,2206.8
2210.9,97.451553,3327.146973,149.330124,1964.999878,62.287025,365.963379,0.396038,0.414956,0.342498,0.311833,9.5,2206.9
2211.0,97.475754,3257.870605,176.489319,1966.249878,60.299541,168.494385,0.379359,0.393442,0.323548,0.29441,9.5,2207.0
2211.1,97.470062,3346.343994,171.646423,1966.249878,60.77338,-951.434814,0.365358,0.375384,0.307643,0.279786,9.5,2207.1
2211.2,97.477272,3238.406494,174.769714,1967.499878,60.638664,437.992798,0.354564,0.361502,0.29544,0.268568,9.5,2207.2
2211.3,97.494499,3123.631836,171.904007,1967.499878,61.777824,842.264282,0.351048,0.35702,0.291533,0.264982,9.5,2207.3
2211.4,97.493996,3247.310303,171.614517,1968.749878,62.742676,-816.194458,0.350359,0.356143,0.290769,0.26428,9.5,2207.4
2211.5,97.505829,3184.947266,157.603836,1969.999878,64.918571,-1258.62146,0.353457,0.360054,0.294156,0.267388,9.5,2207.5
2211.6,97.52523,3197.463379,184.322693,1969.999878,65.290367,1389.434937,0.357509,0.36519,0.298617,0.271482,9.5,2207.6
2211.7,97.521202,3102.677246,154.41069,1968.749878,65.670395,1611.471436,0.365179,0.374968,0.307146,0.279312,9.5,2207.7
2211.8,97.535896,3060.084961,153.148941,1969.999878,64.654251,20.934692,0.373654,0.385801,0.316615,0.288005,9.5,2207.8
2211.9,97.536911,2994.266846,158.866623,1969.999878,64.048203,-1063.685669,0.383404,0.398281,0.327531,0.298029,9.5,2207.9
2212.0,97.557922,3062.398438,143.745377,1971.249878,62.712929,-140.173828,0.388391,0.404669,0.333123,0.303163,9.5,2208.0
2212.1,97.553482,3270.675049,132.330688,1969.999878,62.166519,360.252563,0.390352,0.407186,0.335329,0.305189,9.5,2208.1
2212.2,97.563828,3094.24292,168.774704,1968.749878,62.520023,372.720032,0.387711,0.40378,0.332332,0.302436,9.5,2208.2
2212.3,97.574738,3173.460693,143.77092,1967.499878,63.90583,749.688416,0.386562,0.402303,0.331036,0.301246,9.5,2208.3
2212.4,97.583435,3170.033447,168.794708,1968.749878,65.835381,-35.450012,0.38749,0.403536,0.332149,0.302274,9.5,2208.4
2212.5,97.590439,3186.167725,162.045273,1967.499878,66.628197,-83.594177,0.392577,0.410136,0.337987,0.307642,9.5,2208.5
2212.6,97.597954,3181.606445,137.508179,1966.249878,66.69342,-392.849609,0.398269,0.417507,0.344494,0.313624,9.5,2208.6
2212.7,97.61068,3088.893555,141.795303,1966.249878,64.96479,-829.989624,0.402866,0.42343,0.3497,0.318406,9.5,2208.7
2212.8,97.61232,3233.678711,151.236969,1966.249878,63.048294,-109.297241,0.403007,0.423601,0.349842,0.318535,9.5,2208.8
2212.9,97.630676,3250.842285,159.409729,1964.999878,61.071144,93.664185,0.398317,0.417504,0.344442,0.313568,9.5,2208.9
2213.0,97.646385,3294.126709,146.150742,1963.749878,59.811687,898.804321,0.39243,0.409859,0.337678,0.307348,9.5,2209.0
2213.1,97.64859,3299.237305,163.873718,1963.749878,58.436855,497.955811,0.388684,0.404988,0.333363,0.303379,9.5,2209.1
2213.2,97.665192,3233.359863,175.043579,1964.999878,57.653931,-941.950317,0.387971,0.404064,0.332547,0.302629,9.5,2209.2
2213.3,97.665398,3233.902344,148.098389,1964.999878,57.474258,-876.862305,0.387911,0.403986,0.332478,0.302566,9.5,2209.3
2213.4,97.681313,3172.204834,144.930252,1963.749878,57.952656,28.508301,0.39013,0.40686,0.335015,0.304898,9.5,2209.4
2213.5,97.683517,3134.600342,163.873611,1962.499878,59.699848,1651.956543,0.391103,0.408132,0.336147,0.30594,9.5,2209.5
2213.6,97.693954,3115.510254,155.683319,1961.249878,61.441807,821.44928,0.388697,0.405079,0.333494,0.303506,9.5,2209.6
2213.7,97.702568,3171.418457,149.414185,1961.249878,62.883537,-262.913025,0.381709,0.396137,0.325675,0.296327,9.5,2209.7
2213.8,97.716843,3183.042725,134.365417,1959.999878,63.356152,-667.857605,0.376288,0.38921,0.319623,0.290771,9.5,2209.8
2213.9,97.721138,3119.644531,190.673599,1958.749878,63.644268,-1358.008301,0.375097,0.387732,0.318363,0.289619,9.5,2209.9
2214.0,97.747452,3230.208496,173.361847,1958.749878,62.859135,707.24292,0.377035,0.390247,0.320589,0.291667,9.5,2210.0
2214.1,97.761101,3157.854248,134.560867,1957.499878,62.021152,-239.020752,0.383093,0.398061,0.327469,0.29799,9.5,2210.1
2214.2,97.764259,3174.891846,160.72467,1954.999878,61.792305,-875.092896,0.391722,0.409145,0.337191,0.30692,9.5,2210.2
2214.3,97.764801,3318.889893,138.639145,1953.749878,62.343933,429.065308,0.401639,0.421915,0.348415,0.317232,9.5,2210.3
2214.4,97.779198,3216.378906,173.317383,1952.499878,61.632309,-995.507202,0.405718,0.427137,0.352981,0.321424,9.5,2210.4
2214.5,97.80426,3236.820068,133.465286,1951.249878,60.545742,1054.195679,0.407935,0.429995,0.355493,0.32373,9.5,2210.5
2214.6,97.789925,3148.388428,146.169724,1949.999878,59.451775,2001.014404,0.408555,0.430789,0.356187,0.324366,9.5,2210.6
2214.7,97.821281,3032.130371,162.510513,1949.999878,58.837292,324.723999,0.412517,0.435968,0.360797,0.328611,9.5,2210.7
2214.8,97.813797,3240.754883,141.832489,1952.499878,58.225578,67.62146,0.412427,0.43589,0.360759,0.328583,9.5,2210.8
2214.9,97.831741,3196.692871,138.643997,1952.499878,57.246922,-502.142822,0.409877,0.432625,0.357906,0.325966,9.5,2210.9
2215.0,97.850487,3119.53418,148.100235,1953.749878,56.625889,-1276.24707,0.400491,0.420575,0.347338,0.316258,9.5,2211.0
2215.1,97.841873,3189.192871,136.611023,1954.999878,56.548969,-300.664307,0.391836,0.409455,0.337576,0.307288,9.5,2211.1
2215.2,97.870964,3239.904053,190.699066,1953.749878,57.441849,144.710205,0.382438,0.397326,0.326888,0.29746,9.5,2211.2
2215.3,97.866402,3127.147949,149.99852,1954.999878,57.37632,450.607117,0.381984,0.396717,0.326335,0.296949,9.5,2211.3
2215.4,97.901062,2994.787354,175.030685,1954.999878,59.603542,547.172607,0.385702,0.401531,0.330584,0.300855,9.5,2211.4
2215.5,97.894089,3037.418701,119.71949,1954.999878,61.405037,-487.05304,0.398243,0.417724,0.344858,0.31398,9.5,2211.5
2215.6,97.92482,3244.526123,157.558716,1954.999878,63.209148,-1874.100098,0.406697,0.428588,0.354396,0.322744,9.5,2211.6
2215.7,97.921127,3090.833984,135.508087,1954.999878,61.647026,267.442139,0.413489,0.437305,0.362043,0.329772,9.5,2211.7
2215.8,97.929024,3121.890869,138.639145,1952.499878,61.662891,1739.978638,0.410515,0.433415,0.358579,0.326581,9.5,2211.8
2215.9,97.951408,2914.708252,143.822144,1953.749878,60.903881,-136.775391,0.406981,0.428794,0.354464,0.322791,9.5,2211.9
2216.0,97.944283,3204.525146,165.296448,1951.249878,62.128899,585.260376,0.401202,0.421239,0.347739,0.316598,9.5,2212.0
2216.1,97.954895,3181.087891,128.12233,1949.999878,61.846966,-304.210205,0.402207,0.422569,0.348939,0.317708,9.5,2212.1
2216.2,97.970154,3179.688477,167.023453,1946.249878,62.142448,-9167.353516,0.405594,0.42702,0.352921,0.321379,9.5,2212.2
2216.3,97.97921,3186.370117,151.876434,1947.499878,60.449036,-14903.746094,0.413471,0.437334,0.362118,0.329853,9.5,2212.3
2216.4,97.973465,3143.336914,129.197098,1949.999878,60.20182,4822.078125,0.418327,0.44368,0.367764,0.335051,9.5,2212.4
2216.5,97.97966,3260.847168,138.640152,1949.999878,59.072853,15574.792969,0.42534,0.45289,0.376006,0.342653,9.5,2212.5
2216.6,97.986961,2995.758057,157.54277,1951.249878,58.663902,3872.529053,0.428021,0.456428,0.37919,0.345595,9.5,2212.6
2216.7,98.015274,2829.313721,119.722366,1953.749878,57.542068,128.32312,0.430724,0.459999,0.382406,0.348567,9.5,2212.7
2216.8,97.992386,3264.275146,162.524139,1953.749878,57.852314,578.113281,0.426877,0.454958,0.377907,0.344421,9.5,2212.8
2216.9,98.009735,3263.506592,116.564644,1953.749878,57.251774,-59.905823,0.423646,0.450747,0.37417,0.340983,9.5,2212.9
2217.0,98.008545,3135.266357,141.795303,1954.999878,57.292347,-385.323425,0.417282,0.442385,0.366682,0.334075,9.5,2213.0
2217.1,98.014175,3172.185791,162.041687,1954.999878,57.813473,-500.55304,0.411876,0.435269,0.3603,0.328184,9.5,2213.1
2217.2,98.016174,3199.125488,165.231491,1953.749878,59.593483,-1667.956543,0.403547,0.42434,0.350527,0.319172,9.5,2213.2
2217.3,98.020073,3096.257813,131.256866,1953.749878,60.779476,-474.392822,0.397284,0.416183,0.34329,0.312512,9.5,2213.3
2217.4,98.026779,3223.963135,139.782578,1952.499878,60.705975,482.881348,0.39635,0.415015,0.342293,0.311603,9.5,2213.4
2217.5,98.027229,3202.406738,184.346771,1952.499878,60.105431,790.464294,0.401583,0.421941,0.348536,0.317371,9.5,2213.5
2217.6,98.038612,3062.768799,144.949371,1951.249878,59.020691,1195.35791,0.409171,0.431922,0.35748,0.325623,9.5,2213.6
2217.7,98.043861,3192.676514,144.951492,1949.999878,58.252659,-444.78656,0.412878,0.436822,0.361893,0.329699,9.5,2213.7
2217.8,98.05912,3281.360107,129.178452,1949.999878,56.752014,308.527832,0.413086,0.437134,0.362198,0.329983,9.5,2213.8
2217.9,98.050209,3182.118896,135.483017,1947.499878,54.899956,749.260864,0.406968,0.429188,0.355159,0.323506,9.5,2213.9
2218.0,98.053101,3179.47583,171.89917,1946.249878,53.036221,-215.919128,0.398594,0.418238,0.345394,0.314504,9.5,2214.0
2218.1,98.067169,3071.862061,171.592606,1946.249878,52.324364,-1523.138672,0.388609,0.405167,0.333733,0.303757,9.5,2214.1
2218.2,98.083084,3394.815918,154.428925,1946.249878,54.009769,-1647.6521,0.384691,0.39999,0.329075,0.299455,9.5,2214.2
2218.3,98.077629,3267.339844,159.390015,1946.249878,56.056171,46.121582,0.38464,0.399874,0.328937,0.299323,9.5,2214.3
2218.4,98.08252,3142.794922,129.18364,1944.999878,58.101894,-29.413086,0.390566,0.407523,0.335672,0.305513,9.5,2214.4
2218.5,98.097687,3199.180176,186.028946,1943.749878,59.184959,644.457031,0.395414,0.41379,0.341199,0.310594,9.5,2214.5
2218.6,98.093124,3241.751709,155.712845,1942.499878,59.842995,640.065186,0.400285,0.420111,0.346788,0.315733,9.5,2214.6
2218.7,98.113396,3196.039795,135.524078,1941.249878,58.75642,-477.592773,0.399328,0.418912,0.345757,0.314788,9.5,2214.7
2218.8,98.103943,3102.181396,140.661118,1943.749878,57.434139,-58.895142,0.397073,0.416052,0.343274,0.312511,9.5,2214.8
2218.9,98.105736,3112.75293,159.384964,1944.999878,56.714561,1256.870239,0.388811,0.405439,0.333963,0.303957,9.5,2214.9
2219.0,98.12603,3095.638184,148.103149,1947.499878,56.407513,1013.337158,0.381563,0.396085,0.325723,0.296383,9.5,2215.0
2219.1,98.132347,3148.87207,181.13324,1947.499878,55.736549,129.536255,0.374757,0.387278,0.317951,0.289237,9.5,2215.1
2219.2,98.124748,3109.862793,151.251083,1949.999878,57.218487,-587.837158,0.376638,0.38967,0.320031,0.291146,9.5,2215.2
2219.3,98.142159,3067.259521,156.281448,1949.999878,60.038414,-433.02179,0.382149,0.396747,0.326239,0.296847,9.5,2215.3
2219.4,98.144424,3261.312256,139.825409,1951.249878,63.452908,217.967651,0.392377,0.409898,0.337782,0.307451,9.5,2215.4
2219.5,98.144867,3131.553223,160.735886,1948.749878,65.628021,-621.041931,0.399355,0.418871,0.345661,0.314689,9.5,2215.5
2219.6,98.165047,3064.091797,132.328674,1951.249878,68.284012,298.753601,0.405549,0.426869,0.352707,0.321164,9.5,2215.6
2219.7,98.157921,3175.781006,157.542206,1951.249878,67.958038,291.214355,0.405465,0.426768,0.352622,0.321087,9.5,2215.7
2219.8,98.16877,3016.258301,144.947464,1953.749878,66.717995,-504.630432,0.403401,0.424105,0.35028,0.318935,9.5,2215.8
2219.9,98.182037,3145.395264,132.328766,1956.249878,64.632957,-256.650024,0.398034,0.417148,0.344133,0.313285,9.5,2215.9
2220.0,98.178993,3179.186279,155.69455,1956.249878,64.867714,714.210144,0.393352,0.411079,0.338774,0.308358,9.5,2216.0
2220.1,98.182899,3171.903809,176.49382,1954.999878,64.023125,133.057129,0.386276,0.401932,0.33071,0.300947,9.5,2216.1
2220.2,98.191216,3198.943848,137.489197,1956.249878,63.218513,-249.322388,0.378217,0.391601,0.32166,0.292634,9.5,2216.2
2220.3,98.204361,3200.413574,151.256485,1956.249878,62.298267,848.659607,0.369771,0.38083,0.31226,0.284004,9.5,2216.3
2220.4,98.2043,3107.752441,176.489044,1957.499878,62.098232,-108.344299,0.361442,0.370293,0.303119,0.275615,9.5,2216.4
2220.5,98.216522,3247.198486,168.499878,1957.499878,60.960133,-194.821777,0.35375,0.360542,0.294649,0.267842,9.5,2216.5
2220.6,98.225876,3032.367432,167.029297,1959.999878,60.241676,-80.612793,0.347614,0.352766,0.287894,0.261643,9.5,2216.6
2220.7,98.231125,3166.16333,167.026123,1959.999878,60.433445,-642.243469,0.348009,0.353252,0.288308,0.262023,9.5,2216.7
2220.8,98.235329,3019.073242,179.656616,1962.499878,61.223202,-591.49292,0.352862,0.359408,0.293657,0.266932,9.5,2216.8
2220.9,98.22805,3328.845703,149.332306,1963.749878,60.670704,20.305664,0.362734,0.371938,0.304554,0.276934,9.5,2216.9
2221.0,98.240479,3251.394531,170.186493,1964.999878,59.322227,454.385742,0.369683,0.380766,0.312237,0.283986,9.5,2217.0
2221.1,98.257439,3219.751953,151.259674,1964.999878,57.794346,-146.262085,0.374935,0.387436,0.31804,0.289312,9.5,2217.1
2221.2,98.25795,3178.327881,151.235657,1966.249878,56.401985,709.892822,0.375134,0.387677,0.318242,0.289498,9.5,2217.2
2221.3,98.275146,3329.062744,160.7435,1967.499878,54.525925,-803.739136,0.3756,0.388261,0.318746,0.28996,9.5,2217.3
2221.4,98.266083,3230.22583,197.036926,1971.249878,53.455215,-2027.761597,0.372087,0.383765,0.314813,0.286349,9.5,2217.4
2221.5,98.282562,3161.306396,140.619141,1972.499878,53.413498,1085.949219,0.36998,0.381056,0.312436,0.284166,9.5,2217.5
2221.6,98.276245,3220.394775,143.765411,1973.749878,54.759228,1771.383057,0.369364,0.380251,0.311719,0.283507,9.5,2217.6
2221.7,98.288437,3325.146484,192.272537,1973.749878,57.472595,605.409729,0.373578,0.385643,0.316435,0.287836,9.5,2217.7
2221.8,98.291267,3250.668701,174.771271,1973.749878,59.582802,-1415.564209,0.37545,0.388052,0.31855,0.289779,9.5,2217.8
2221.9,98.304802,3247.794922,126.029327,1972.499878,62.290108,-1108.916992,0.378487,0.391947,0.321964,0.292914,9.5,2217.9
2222.0,98.30191,3124.973633,171.96489,1969.999878,63.845539,-57.557129,0.379901,0.393751,0.323538,0.294359,9.5,2218.0
2222.1,98.322922,3190.21875,162.513092,1969.999878,65.04509,814.833313,0.379882,0.393747,0.323547,0.294368,9.5,2218.1
2222.2,98.314514,3257.856934,157.562271,1968.749878,63.780659,1183.848755,0.37072,0.38219,0.313534,0.285177,9.5,2218.2
2222.3,98.344681,3202.851563,140.62178,1968.749878,63.723286,-22.317017,0.358633,0.366986,0.300389,0.27311,9.5,2218.3
2222.4,98.341934,3227.179443,190.706665,1968.749878,63.370277,-601.528931,0.344522,0.349243,0.285052,0.259031,9.5,2218.4
2222.5,98.342804,3459.201172,192.269455,1969.999878,63.63229,-1148.400391,0.336207,0.338782,0.276007,0.25073,9.5,2218.5
2222.6,98.365181,3444.518555,201.709442,1969.999878,62.331161,347.544312,0.334043,0.336072,0.273671,0.248586,9.5,2218.6
2222.7,98.353859,3417.779053,176.492157,1972.499878,62.105106,726.094238,0.343898,0.348551,0.284512,0.258541,9.5,2218.7
2222.8,98.366257,3247.688965,189.11058,1972.499878,61.335892,787.150024,0.36098,0.370228,0.303377,0.275866,9.5,2218.8
2222.9,98.372665,3236.836914,154.993164,1974.999878,61.692852,44.877686,0.378909,0.392925,0.323096,0.293975,9.5,2218.9
2223.0,98.379578,3196.943604,135.485474,1976.249878,63.478413,-522.549438,0.388739,0.405393,0.333943,0.303935,9.5,2219.0
2223.1,98.390045,3155.552979,160.7202,1979.999878,65.97541,733.235718,0.388251,0.404736,0.333351,0.303392,9.5,2219.1
2223.2,98.398537,3260.825928,144.162018,1979.999878,67.634445,-406.761597,0.379169,0.393161,0.323253,0.294121,9.5,2219.2
2223.3,98.396988,3230.070801,170.175827,1981.249878,68.87999,-996.417969,0.367133,0.377733,0.309737,0.281706,9.5,2219.3
2223.4,98.408043,3304.874268,201.737961,1982.499878,70.181282,54.126709,0.356575,0.364177,0.297846,0.270783,9.5,2219.4
2223.5,98.421959,3332.611816,157.558258,1982.499878,70.470779,-116.060669,0.350041,0.3558,0.290505,0.264039,9.5,2219.5
2223.6,98.423035,3206.946045,165.231369,1982.499878,70.280586,-19.288696,0.347123,0.352113,0.287309,0.261106,9.5,2219.6
2223.7,98.436775,3271.28418,179.643143,1981.249878,70.219887,-210.22168,0.343598,0.347765,0.283597,0.257698,9.5,2219.7
2223.8,98.437996,3302.438232,173.333664,1981.249878,70.454803,268.987305,0.336924,0.339515,0.276545,0.251224,9.5,2219.8
2223.9,98.436028,3338.875244,184.363831,1982.499878,69.564987,974.592163,0.327063,0.327344,0.266151,0.241681,9.5,2219.9
2224.0,98.451614,3351.177246,182.79837,1981.249878,67.429367,89.857178,0.317936,0.31608,0.256531,0.232848,9.5,2220.0
2224.1,98.465446,3165.355225,214.351593,1981.249878,65.177116,289.622437,0.311516,0.308182,0.249801,0.226668,9.5,2220.1
2224.2,98.465446,3334.960938,182.796234,1982.499878,62.921841,620.049866,0.31059,0.307035,0.248819,0.225767,9.5,2220.2
2224.3,98.461304,3309.225098,193.825287,1982.499878,60.540062,173.721405,0.314757,0.312167,0.253196,0.229786,9.5,2220.3
2224.4,98.48127,3338.210205,201.733704,1982.499878,59.055645,-477.316895,0.324341,0.323998,0.263301,0.239064,9.5,2220.4
2224.5,98.478767,3435.650879,170.18129,1983.749878,58.929192,-297.019928,0.335918,0.338346,0.275587,0.250343,9.5,2220.5
2224.6,98.480499,3357.342773,178.183777,1982.499878,60.894001,257.288757,0.345531,0.350263,0.285792,0.259711,9.5,2220.6
2224.7,98.48494,3267.102783,175.303162,1984.999878,62.675434,-18.965759,0.347892,0.35326,0.288395,0.262098,9.5,2220.7
2224.8,98.5019,3307.165527,158.103226,1987.499878,64.528549,-599.795776,0.341883,0.345919,0.282163,0.256372,9.5,2220.8
2224.9,98.513077,3317.529053,173.617233,1987.499878,65.543335,-1379.520142,0.331055,0.3326,0.270809,0.245944,9.5,2220.9
2225.0,98.501007,3333.982178,209.467743,1986.249878,66.622452,24.509766,0.320975,0.320105,0.260107,0.236119,9.5,2221.0
2225.1,98.528458,3250.902344,220.178894,1986.249878,66.138916,1137.634399,0.315538,0.313313,0.254264,0.230757,9.5,2221.1
2225.2,98.523773,3431.46167,182.800888,1986.249878,66.011284,-57.664307,0.317861,0.316107,0.256611,0.232914,9.5,2221.2
2225.3,98.519753,3464.790039,181.310471,1986.249878,65.581215,-425.75415,0.326029,0.326121,0.26513,0.24074,9.5,2221.3
2225.4,98.536087,3446.063965,189.160965,1984.999878,64.857819,-8338.484375,0.335805,0.338109,0.27533,0.250108,9.5,2221.4
2225.5,98.55069,3599.686279,184.445862,1983.749878,62.642765,-14897.289063,0.339329,0.342426,0.279,0.253479,9.5,2221.5
2225.6,98.559303,3690.21582,179.822769,1983.749878,61.0326,4029.293945,0.338529,0.341443,0.278164,0.252711,9.5,2221.6
2225.7,98.542641,3515.461426,203.199707,1981.249878,60.921589,15269.935547,0.33318,0.33484,0.272523,0.247533,9.5,2221.7
2225.8,98.55352,3304.421143,186.05127,1981.249878,62.482426,4956.333496,0.328323,0.328818,0.267367,0.242801,9.5,2221.8
2225.9,98.592567,3176.473633,221.461929,1978.749878,63.380318,464.728638,0.32148,0.320373,0.260157,0.236181,9.5,2221.9
2226.0,98.568542,3450.588867,158.115906,1979.999878,64.279701,-274.264282,0.316654,0.314452,0.255117,0.231553,9.5,2222.0
2226.1,98.575127,3589.17334,207.784988,1979.999878,63.995178,-375.87854,0.310515,0.306971,0.248777,0.225726,9.5,2222.1
2226.2,98.590599,3809.331299,221.978424,1982.499878,62.875015,38.785706,0.303748,0.298824,0.241918,0.219416,9.5,2222.2
2226.3,98.580345,3854.594727,209.168274,1959.999878,59.958496,-303.0,0.293743,0.286809,0.231817,0.210122,9.5,2222.3
2226.4,98.598854,4037.247559,247.061005,1982.499878,57.640724,208.462036,0.283993,0.275187,0.222087,0.201161,9.5,2222.4
2226.5,98.594292,3877.314453,251.236679,1982.499878,55.745274,785.285645,0.274213,0.263595,0.212412,0.192243,9.5,2222.5
2226.6,98.595604,4000.124268,272.122589,1984.999878,54.8661,-918.859131,0.264226,0.251903,0.202716,0.183292,9.5,2222.6
2226.7,98.613487,3978.306396,259.551514,1986.249878,53.692024,-545.114258,0.253317,0.239276,0.192307,0.173663,9.5,2222.7
2226.8,98.620911,4227.777832,272.124939,1988.749878,53.590073,736.676453,0.242678,0.227063,0.182282,0.164378,9.5,2222.8
2226.9,98.61969,4026.94165,306.54248,1988.749878,54.253838,-20.238892,0.234369,0.217572,0.174512,0.157175,9.5,2222.9
2227.0,98.633011,4459.693359,337.946289,1989.999878,55.794796,-266.929382,0.231036,0.213778,0.171412,0.154299,9.5,2223.0
2227.1,98.637451,4678.532715,353.804382,1987.499878,57.264168,-231.823853,0.23407,0.217295,0.174314,0.156982,9.5,2223.1
2227.2,98.637093,4300.012695,300.319916,1987.499878,59.444622,330.06427,0.242863,0.227408,0.182622,0.164675,9.5,2223.2
2227.3,98.656227,4009.626709,275.206238,1987.499878,61.571266,1002.901367,0.253431,0.239527,0.192564,0.173885,9.5,2223.3
2227.4,98.664932,3995.887939,263.898804,1988.749878,62.878277,67.195679,0.262915,0.250391,0.201471,0.182138,9.5,2223.4
2227.5,98.655991,3853.340088,252.346191,1988.749878,62.51054,-1187.78186,0.268514,0.256819,0.206746,0.187024,9.5,2223.5
2227.6,98.680634,3869.426025,256.494476,1987.499878,61.485073,232.211304,0.270508,0.259111,0.208628,0.188767,9.5,2223.6
2227.7,98.67363,4010.483398,268.057587,1987.499878,59.740723,1037.979004,0.269485,0.257911,0.207632,0.187848,9.5,2223.7
2227.8,98.691307,3981.97583,243.898758,1988.749878,57.771431,-108.866211,0.268304,0.256527,0.206484,0.186788,9.5,2223.8
2227.9,98.680397,3911.143311,251.237411,1988.749878,55.686989,-1176.971436,0.266557,0.254489,0.204799,0.185231,9.5,2223.9
2228.0,98.690834,3916.265625,266.771912,1984.999878,55.163277,-183.805054,0.264234,0.251788,0.202567,0.183169,9.5,2224.0
2228.1,98.71685,3952.611328,269.884796,1986.249878,55.18782,363.05603,0.259023,0.245763,0.197604,0.178578,9.5,2224.1
2228.2,98.70636,4067.197998,243.930481,1984.999878,55.082359,-1237.047119,0.253204,0.239051,0.192082,0.173468,9.5,2224.2
2228.3,98.714409,4156.274902,301.635834,1983.749878,54.66021,-517.744141,0.24724,0.232178,0.18643,0.168237,9.5,2224.3
2228.4,98.738098,4003.821045,283.13205,1984.999878,54.517216,989.253662,0.244392,0.228895,0.183729,0.165738,9.5,2224.4
2228.5,98.748863,4117.993652,312.815643,1984.999878,54.3801,193.516602,0.244402,0.228913,0.183747,0.165753,9.5,2224.5
2228.6,98.747551,3969.293457,276.11322,1986.249878,54.601921,456.536377,0.2487,0.233874,0.18783,0.169531,9.5,2224.6
2228.7,98.755386,4172.433105,269.996887,1986.249878,55.133827,1212.628906,0.255654,0.241918,0.194458,0.175662,9.5,2224.7
2228.8,98.757149,4133.545898,276.964966,1986.249878,55.900166,-141.811035,0.263486,0.250982,0.201928,0.182571,9.5,2224.8
2228.9,98.780869,4230.577148,257.454865,1984.999878,56.133499,-393.000305,0.26928,0.257713,0.207486,0.187708,9.5,2224.9
2229.0,98.778725,4270.224121,271.722076,1984.999878,55.708157,461.246765,0.272055,0.260938,0.21015,0.19017,9.5,2225.0
2229.1,98.786354,4043.846436,257.448944,1982.499878,55.517963,-458.06427,0.272058,0.260939,0.21015,0.19017,9.5,2225.1
2229.2,98.780457,3859.365967,256.525635,1981.249878,54.899052,-438.898254,0.270443,0.259045,0.208578,0.188719,9.5,2225.2
2229.3,98.808411,3793.467041,273.033508,1981.249878,54.187214,-332.61853,0.268267,0.256493,0.20646,0.186764,9.5,2225.3
2229.4,98.793541,3983.481934,253.29303,1978.749878,53.005871,-544.515991,0.26595,0.253778,0.204208,0.184686,9.5,2225.4
2229.5,98.810112,3951.723389,257.44989,1976.249878,51.775894,277.918457,0.263775,0.251239,0.202107,0.182745,9.5,2225.5
2229.6,98.808144,4147.813477,260.556152,1974.999878,49.868229,442.624695,0.261835,0.248982,0.200242,0.181022,9.5,2225.6
2229.7,98.816994,4131.069824,270.902863,1977.499878,48.988785,-318.521362,0.260942,0.247947,0.199388,0.180233,9.5,2225.7
2229.8,98.843254,3991.980713,283.907227,1974.999878,50.00428,-852.024719,0.26121,0.248268,0.199657,0.18048,9.5,2225.8
2229.9,98.834312,3599.907471,247.021011,1974.999878,53.108074,500.099976,0.264825,0.252533,0.203208,0.183754,9.5,2225.9
2230.0,98.841522,3622.474121,263.745026,1973.749878,57.155952,437.365356,0.271597,0.260544,0.209887,0.189911,9.5,2226.0
2230.1,98.853233,3531.485596,218.856094,1973.749878,60.039387,-942.997192,0.281744,0.272565,0.219917,0.199156,9.5,2226.1
2230.2,98.861488,3532.172363,223.315536,1973.749878,62.142399,632.998901,0.290834,0.283348,0.228923,0.207455,9.5,2226.2
2230.3,98.8685,3552.27832,195.330612,1974.999878,62.397213,1479.247192,0.298154,0.29204,0.236183,0.214145,9.5,2226.3
2230.4,98.876396,3579.300293,206.349869,1973.749878,62.458992,-1193.12854,0.301591,0.296125,0.239597,0.21729,9.5,2226.4
2230.5,98.881195,3859.404785,225.171646,1976.249878,62.642639,-1335.935669,0.302857,0.297621,0.240844,0.218439,9.5,2226.5
2230.6,98.907272,3932.377686,230.094803,1976.249878,63.586239,-493.081787,0.301316,0.295759,0.239274,0.216995,9.5,2226.6
2230.7,98.907005,3636.419678,214.355347,1976.249878,65.16848,751.349976,0.299914,0.294065,0.237845,0.215681,9.5,2226.7
2230.8,98.912216,3567.637939,220.207611,1976.249878,65.726265,169.810303,0.299214,0.293218,0.23713,0.215024,9.5,2226.8
2230.9,98.919106,3733.883545,231.369522,1974.999878,65.81813,504.197754,0.299354,0.293387,0.237273,0.215156,9.5,2226.9
2231.0,98.922089,3666.677734,222.006042,1973.749878,64.436989,1059.37085,0.296707,0.29025,0.234655,0.212743,9.5,2227.0
2231.1,98.927628,3923.983398,208.045013,1972.499878,64.669464,226.063416,0.292353,0.28508,0.230336,0.208764,9.5,2227.1
2231.2,98.942291,3841.432129,236.423264,1972.499878,64.388069,211.864929,0.285883,0.277405,0.223928,0.202859,9.5,2227.2
2231.3,98.932426,3773.427734,241.964233,1974.999878,65.667183,-328.105652,0.280124,0.270564,0.218211,0.197592,9.5,2227.3
2231.4,98.940353,3831.694092,278.481354,1973.749878,65.583191,259.599976,0.275173,0.264677,0.213289,0.193058,9.5,2227.4
2231.5,98.952393,4028.384521,225.11058,1973.749878,66.011993,251.563416,0.275656,0.265242,0.213758,0.193491,9.5,2227.5
2231.6,98.973022,3839.272217,259.585083,1972.499878,65.247002,77.271423,0.280386,0.270874,0.21847,0.197831,9.5,2227.6
2231.7,98.965126,3609.213623,251.254547,1971.249878,64.296021,-731.197815,0.287505,0.279334,0.225541,0.204345,9.5,2227.7
2231.8,98.972961,3751.097168,195.419403,1969.999878,62.449081,-323.567322,0.293539,0.286511,0.231542,0.209873,9.5,2227.8
2231.9,98.977341,3848.268066,223.25119,1969.999878,61.719109,596.993164,0.29897,0.292982,0.236958,0.214861,9.5,2227.9
2232.0,98.993225,3562.218262,233.335403,1968.749878,61.649658,80.854004,0.302465,0.297163,0.240466,0.21809,9.5,2228.0
2232.1,98.996567,3499.483887,211.315552,1967.499878,62.478313,-389.464233,0.304182,0.299232,0.242207,0.219691,9.5,2228.1
2232.2,99.001396,3597.204346,206.321518,1968.749878,62.720833,-76.593445,0.306198,0.301674,0.24427,0.221588,9.5,2228.2
2232.3,99.016357,3709.968506,214.087006,1967.499878,62.911552,482.871399,0.308873,0.304915,0.247008,0.224104,9.5,2228.3
2232.4,99.016121,3630.151855,213.967133,1968.749878,62.508419,-95.821777,0.310223,0.306555,0.248395,0.225379,9.5,2228.4
2232.5,99.027237,3627.174316,201.552246,1968.749878,61.505028,-29.321472,0.3083,0.304243,0.246451,0.223591,9.5,2228.5
2232.6,99.023094,3791.188477,206.096985,1969.999878,59.957069,-280.87146,0.304798,0.300024,0.242898,0.220323,9.5,2228.6
2232.7,99.05191,3833.395508,240.790802,1967.499878,59.479187,-207.04303,0.299879,0.294097,0.237907,0.215732,9.5,2228.7
2232.8,99.049469,3649.174316,226.365051,1968.749878,60.130108,-545.914307,0.294558,0.287684,0.232507,0.210765,9.5,2228.8
2232.9,99.050957,3915.418945,231.394257,1967.499878,60.600506,-350.349792,0.290946,0.283334,0.228843,0.207396,9.5,2228.9
2233.0,99.074982,3879.842285,233.815277,1967.499878,60.705822,654.964355,0.293115,0.285985,0.231094,0.209463,9.5,2229.0
2233.1,99.070808,3845.438232,252.247879,1966.249878,59.866215,393.75824,0.299064,0.293206,0.237201,0.215077,9.5,2229.1
2233.2,99.076294,3727.178467,223.789368,1966.249878,58.666664,478.899963,0.305171,0.300608,0.243455,0.220826,9.5,2229.2
2233.3,99.080437,3804.918213,201.580292,1964.999878,56.807392,91.098877,0.308074,0.304117,0.246416,0.223549,9.5,2229.3
2233.4,99.109642,3772.508789,200.062561,1964.999878,55.481876,-538.637024,0.307655,0.303609,0.245987,0.223154,9.5,2229.4
2233.5,99.098114,3620.218262,226.993118,1963.749878,54.950108,-1651.828613,0.304705,0.300025,0.242954,0.220367,9.5,2229.5
2233.6,99.122849,3940.280518,256.458313,1963.749878,54.717838,-255.363037,0.29921,0.293357,0.237316,0.215185,9.5,2229.6
2233.7,99.126427,3775.038574,223.370468,1961.249878,54.05542,1635.735718,0.294637,0.287796,0.232609,0.210858,9.5,2229.7
2233.8,99.124039,3868.468262,225.113525,1959.999878,53.983448,144.916382,0.291958,0.28455,0.229866,0.208337,9.5,2229.8
2233.9,99.129257,3696.631592,212.583527,1959.999878,53.225792,-1448.998901,0.29494,0.288171,0.232929,0.211152,9.5,2229.9
2234.0,99.155304,3450.069092,255.405823,1961.249878,52.954773,739.069397,0.299688,0.293946,0.237818,0.215645,9.5,2230.0
2234.1,99.143173,3496.155518,203.214661,1959.999878,52.197624,1466.432617,0.30702,0.302861,0.245364,0.222581,9.5,2230.1
2234.2,99.165886,3602.510254,212.310547,1961.249878,52.978336,-1650.400146,0.3115,0.308309,0.249977,0.22682,9.5,2230.2
2234.3,99.16198,3510.280762,170.18364,1959.999878,53.10511,-488.777832,0.313553,0.310826,0.252117,0.228785,9.5,2230.3
2234.4,99.181389,3424.706787,196.94342,1961.249878,54.822945,1218.607178,0.309627,0.306088,0.248123,0.225111,9.5,2230.4
2234.5,99.182251,3514.101807,215.744232,1962.499878,55.642544,-38.434448,0.302061,0.296951,0.240417,0.218024,9.5,2230.5
2234.6,99.183563,3476.904785,224.614151,1964.999878,57.597298,-1186.271484,0.291701,0.284423,0.229845,0.208303,9.5,2230.6
2234.7,99.183113,3719.98584,240.763138,1966.249878,56.673435,-1417.428589,0.282273,0.273101,0.220326,0.199543,9.5,2230.7
2234.8,99.203621,3626.48584,196.956207,1967.499878,55.246571,-511.135742,0.275709,0.265264,0.213757,0.193494,9.5,2230.8
2234.9,99.198166,3866.426514,251.247513,1966.249878,51.667377,608.964233,0.272786,0.261817,0.21089,0.19085,9.5,2230.9
2235.0,99.2108,4078.214844,275.288483,1966.249878,49.414719,-9471.136719,0.27266,0.261677,0.210776,0.190744,9.5,2231.0
2235.1,99.214287,3975.750732,243.8862,1966.249878,47.421402,-14375.685547,0.274533,0.2639,0.212633,0.192455,9.5,2231.1
2235.2,99.214615,4053.795898,255.411987,1966.249878,47.916615,6467.968262,0.279855,0.270223,0.217917,0.197323,9.5,2231.2
2235.3,99.238464,3646.055908,236.459625,1967.499878,49.412842,15399.485352,0.288759,0.280849,0.22682,0.205521,9.5,2231.3
2235.4,99.23584,3243.716309,210.861786,1966.249878,51.805157,5063.840332,0.298143,0.292073,0.236234,0.214188,9.5,2231.4
2235.5,99.278816,3267.395508,212.615952,1966.249878,54.418251,-451.013916,0.305009,0.300309,0.243154,0.220556,9.5,2231.5
2235.6,99.250923,3720.700928,201.74649,1964.999878,56.528599,-744.279968,0.306278,0.301852,0.244459,0.221755,9.5,2231.6
2235.7,99.256317,3916.198975,181.29332,1964.999878,58.406837,68.421021,0.303537,0.298583,0.241722,0.219235,9.5,2231.7
2235.8,99.260727,3734.757813,237.725006,1963.749878,59.186222,-133.340576,0.297986,0.29191,0.236109,0.214071,9.5,2231.8
2235.9,99.262245,3548.842773,232.601517,1964.999878,60.923363,54.459351,0.294856,0.288148,0.232946,0.21116,9.5,2231.9
2236.0,99.27578,3656.485107,245.924286,1964.999878,61.45747,-639.529541,0.295299,0.288695,0.233412,0.211589,9.5,2232.0
2236.1,99.290146,3547.400635,218.878403,1966.249878,62.294712,-415.02356,0.300182,0.294589,0.238381,0.216158,9.5,2232.1
2236.2,99.289604,3639.574951,190.68364,1966.249878,60.792599,160.714355,0.304742,0.300063,0.242982,0.220392,9.5,2232.2
2236.3,99.293633,3392.24292,186.037308,1968.749878,61.145298,369.62793,0.307732,0.303631,0.24597,0.223144,9.5,2232.3
2236.4,99.297775,3410.783691,220.184433,1972.499878,61.081284,1617.185669,0.306537,0.302157,0.244713,0.22199,9.5,2232.4
2236.5,99.312828,3498.408691,204.902817,1974.999878,62.215012,188.508301,0.303201,0.298099,0.241277,0.218832,9.5,2232.5
2236.6,99.316101,3338.825684,212.664825,1973.749878,62.451672,-676.766602,0.299141,0.293166,0.237103,0.214996,9.5,2232.6
2236.7,99.315865,3569.201416,206.409378,1974.999878,64.360931,-140.769165,0.296631,0.290125,0.234535,0.212636,9.5,2232.7
2236.8,99.331779,3684.813477,207.759537,1974.999878,65.317154,629.014038,0.294211,0.287234,0.232112,0.210405,9.5,2232.8
2236.9,99.343132,4013.230469,234.53598,1976.249878,65.852333,-185.524292,0.290515,0.282844,0.228444,0.207025,9.5,2232.9
2237.0,99.344002,4084.374512,231.365326,1976.249878,64.769783,-1330.475952,0.284979,0.27627,0.222951,0.201965,9.5,2233.0
2237.1,99.349869,3965.437012,253.366302,1976.249878,63.872852,88.13147,0.279314,0.26954,0.217328,0.196784,9.5,2233.1
2237.2,99.358604,3585.948242,258.560516,1976.249878,61.841545,596.457153,0.274855,0.264246,0.212906,0.192711,9.5,2233.2
2237.3,99.363998,3774.57959,245.934326,1978.749878,59.336483,922.575684,0.270705,0.259364,0.208847,0.188966,9.5,2233.3
2237.4,99.371033,3771.390869,243.920425,1978.749878,56.40736,673.592834,0.265237,0.253031,0.203625,0.184137,9.5,2233.4
2237.5,99.373657,4138.943848,249.087723,1979.999878,54.674343,-195.114288,0.257988,0.244676,0.196755,0.177778,9.5,2233.5
2237.6,99.381943,4408.285645,266.799255,1977.499878,52.276901,12.450012,0.249757,0.2352,0.188966,0.170568,9.5,2233.6
2237.7,99.398361,4294.244629,331.245514,1977.499878,51.314651,-1310.678589,0.240294,0.224332,0.180044,0.162305,9.5,2233.7
2237.8,99.399796,4383.17041,337.901062,1978.749878,50.051914,-1080.778564,0.229401,0.211955,0.169937,0.152925,9.5,2233.8
2237.9,99.412994,4904.790527,306.60257,1982.499878,49.213917,-547.515381,0.218066,0.199236,0.159616,0.143323,9.5,2233.9
2238.0,99.405693,4962.512207,353.913574,1983.749878,47.838173,250.142822,0.209073,0.18924,0.151545,0.135799,9.5,2234.0
2238.1,99.41127,4820.617676,435.151093,1984.999878,48.377491,817.68689,0.204532,0.184226,0.14751,0.132032,9.5,2234.1
2238.2,99.416809,4438.928223,416.354218,1986.249878,50.470409,485.828613,0.207572,0.187755,0.150422,0.134724,9.5,2234.2
2238.3,99.415291,4152.638672,381.822449,1989.999878,54.35714,455.914185,0.218998,0.200784,0.161082,0.144611,9.5,2234.3
2238.4,99.42292,4009.233154,282.349152,1991.249878,58.481869,40.164246,0.238172,0.222651,0.178976,0.161208,9.5,2234.4
2238.5,99.446945,3841.862793,243.892914,1993.749878,60.573952,202.107178,0.259865,0.247482,0.199335,0.180082,9.5,2234.5
2238.6,99.444946,3447.041748,231.409348,1994.999878,59.556255,-475.971375,0.277171,0.267367,0.215672,0.195215,9.5,2234.6
2238.7,99.449059,3740.911621,237.625671,1996.249878,55.669876,-134.807129,0.282142,0.27316,0.220465,0.199645,9.5,2234.7
2238.8,99.451714,4402.294922,226.385818,1994.999878,52.083199,-83.228638,0.272758,0.262538,0.211806,0.191602,9.5,2234.8
2238.9,99.478119,5235.597656,262.728973,1993.749878,48.796024,361.728577,0.251666,0.238621,0.192289,0.173477,9.5,2234.9
2239.0,99.485931,5340.898438,366.009918,1994.999878,46.883358,-884.435791,0.225287,0.208737,0.16791,0.150829,9.5,2235.0
2239.1,99.490936,5363.541504,488.52066,1994.999878,45.592331,-578.100037,0.199284,0.179355,0.143972,0.128581,9.5,2235.1
2239.2,99.500954,5161.394531,515.731079,1993.749878,44.995831,1496.621582,0.178957,0.156558,0.12547,0.111358,9.5,2235.2
2239.3,99.491142,5290.390625,514.928711,1993.749878,44.04031,-860.37146,0.166272,0.142588,0.114236,0.100862,9.5,2235.3
2239.4,99.504799,5477.211426,462.782166,1994.999878,42.940781,-1190.657227,0.159689,0.135519,0.108624,0.095587,9.5,2235.4
2239.5,99.508163,6155.537109,545.158203,1996.249878,42.954277,161.046143,0.156176,0.1318,0.105693,0.092822,9.5,2235.5
2239.6,99.513794,5918.766602,611.074585,1996.249878,44.259079,1138.049194,0.153537,0.12901,0.103496,0.090748,9.5,2235.6
2239.7,99.52298,6019.160645,590.585022,1997.499878,46.064846,187.0896,0.151652,0.127014,0.101922,0.089263,9.5,2235.7
2239.8,99.519493,5958.467285,610.053223,1999.999878,46.600723,-347.413452,0.150433,0.125723,0.100904,0.088303,9.5,2235.8
2239.9,99.524292,5743.951172,549.63208,1998.749878,46.622875,517.987915,0.149978,0.125245,0.100529,0.087948,9.5,2235.9
2240.0,99.53344,5767.991211,578.185669,1997.499878,46.207176,478.413452,0.148612,0.123815,0.099409,0.086888,9.5,2236.0
2240.1,99.545242,5670.866211,579.671448,1997.499878,45.852135,225.054932,0.146117,0.121207,0.097365,0.084953,9.5,2236.1
2240.2,99.554153,5982.89209,611.083923,1997.499878,44.00222,-945.118042,0.143166,0.118118,0.094944,0.082662,9.5,2236.2
2240.3,99.538712,5908.245605,619.705688,1998.749878,41.990761,-281.899902,0.14135,0.116217,0.093454,0.081251,9.5,2236.3
2240.4,99.551529,5739.416992,612.445923,1998.749878,40.757114,919.504578,0.140692,0.115525,0.09291,0.080738,9.5,2236.4
2240.5,99.56572,5894.90918,641.567993,1997.499878,40.343857,121.771362,0.140192,0.115008,0.092507,0.080354,9.5,2236.5
2240.6,99.568756,6454.634277,582.842834,1998.749878,39.968494,-670.799988,0.139069,0.113846,0.091602,0.079495,9.5,2236.6
2240.7,99.575493,6392.540527,617.453491,1998.749878,40.862106,182.848145,0.136633,0.111324,0.089635,0.077628,9.5,2236.7
2240.8,99.593254,6175.502441,711.76947,1999.999878,42.69384,-93.778564,0.133156,0.107721,0.086826,0.07496,9.5,2236.8
2240.9,99.596985,6088.199219,711.862488,1996.249878,44.56776,482.166138,0.128114,0.102513,0.08277,0.071106,9.5,2236.9
2241.0,99.605385,6110.650879,670.91864,1997.499878,44.992474,598.385742,0.122481,0.096725,0.078274,0.066828,9.5,2237.0
2241.1,99.596001,6699.83252,743.550354,1997.499878,45.393456,3.700134,0.116401,0.090517,0.073467,0.062244,9.5,2237.1
2241.2,99.620857,7373.944336,787.726257,1997.499878,45.738853,-570.599976,0.110557,0.084576,0.068877,0.057861,9.5,2237.2
2241.3,99.613312,7782.250488,979.937805,1996.249878,45.723759,-71.657288,0.104591,0.078523,0.064205,0.053397,9.5,2237.3
2241.4,99.618469,8060.557617,1009.769592,1997.499878,44.470024,706.214233,0.099335,0.073205,0.060106,0.049476,9.5,2237.4
2241.5,99.616295,8130.850098,1029.560791,1996.249878,42.990536,-1958.582275,0.095079,0.068915,0.056805,0.046315,9.5,2237.5
2241.6,99.632835,8341.224609,1116.137695,1996.249878,41.250919,-1989.974609,0.092652,0.06648,0.054936,0.044523,9.5,2237.6
2241.7,99.634354,8323.59082,1141.399902,1994.999878,39.912045,871.637939,0.091408,0.065235,0.053981,0.043607,9.5,2237.7
2241.8,99.641121,8187.566406,1144.634033,1996.249878,38.686741,1660.760376,0.091603,0.065432,0.054132,0.043752,9.5,2237.8
2241.9,99.642227,8118.45752,1169.925293,1996.249878,38.202335,615.794312,0.092758,0.06659,0.055021,0.044604,9.5,2237.9
2242.0,99.662079,8005.800293,1005.300354,1997.499878,38.989388,-959.964355,0.095267,0.069105,0.056951,0.046455,9.5,2238.0
2242.1,99.648308,7708.45459,1062.677612,1996.249878,39.446575,-92.049927,0.097721,0.071565,0.058838,0.048266,9.5,2238.1
2242.2,99.661179,7380.47168,970.652771,1996.249878,38.671249,586.135742,0.099048,0.072897,0.059861,0.049247,9.5,2238.2
2242.3,99.671227,7313.939941,946.864685,1998.749878,37.304825,469.791809,0.097762,0.071616,0.058881,0.048304,9.5,2238.3
2242.4,99.665115,7910.601074,951.516052,1999.999878,36.632404,-2013.90271,0.094303,0.068168,0.056243,0.045769,9.5,2238.4
2242.5,99.669914,8031.378906,1078.19104,1998.749878,35.418358,-2213.006104,0.088868,0.062753,0.052101,0.041787,9.5,2238.5
2242.6,99.674057,8148.07373,1201.039673,1997.499878,33.643688,1466.18103,0.082775,0.056692,0.047468,0.037331,9.5,2238.6
2242.7,99.690834,8570.469727,1236.557007,1997.499878,32.504173,1368.268799,0.077453,0.051403,0.043426,0.033443,9.5,2238.7
2242.8,99.695427,8746.851563,1356.906982,1998.749878,32.540119,1227.014526,0.07499,0.048959,0.041561,0.031647,9.5,2238.8
2242.9,99.695427,9113.857422,1436.657104,1998.749878,32.935764,1066.28833,0.076472,0.05044,0.042696,0.032736,9.5,2238.9
2243.0,99.712418,8674.862305,1326.954102,1997.499878,34.216099,375.289856,0.082027,0.055988,0.046945,0.036818,9.5,2239.0
2243.1,99.710449,7945.449707,1189.581787,1998.749878,36.657288,-208.835693,0.090531,0.064496,0.053467,0.043079,9.5,2239.1
2243.2,99.717422,7231.570801,972.346558,1998.749878,38.977901,-355.13269,0.100407,0.074399,0.061067,0.050369,9.5,2239.2
2243.3,99.736465,6440.382324,828.477173,1997.499878,40.198662,-788.67804,0.110317,0.084386,0.06875,0.057727,9.5,2239.3
2243.4,99.738556,6266.433105,765.62854,1996.249878,40.9156,-817.31427,0.119263,0.093464,0.075758,0.064423,9.5,2239.4
2243.5,99.745766,6168.324219,749.47937,1996.249878,41.471325,63.470825,0.126623,0.100993,0.081594,0.069985,9.5,2239.5
2243.6,99.735901,6566.1875,701.910889,1994.999878,42.540455,917.771362,0.131216,0.105715,0.085263,0.073476,9.5,2239.6
2243.7,99.740761,6819.04541,614.353455,1996.249878,43.670067,755.042908,0.133641,0.108216,0.087209,0.075326,9.5,2239.7
2243.8,99.755157,6721.528809,714.60968,1993.749878,44.661823,-503.374878,0.133675,0.108248,0.087232,0.075349,9.5,2239.8
2243.9,99.755157,6625.51709,702.003357,1994.999878,44.976204,-945.242859,0.132819,0.10736,0.086539,0.074691,9.5,2239.9
2244.0,99.764961,6405.054199,794.024841,1992.499878,45.572186,-4.396484,0.130814,0.105281,0.084918,0.073152,9.5,2240.0
2244.1,99.777031,6749.276855,711.30365,1992.499878,46.467091,449.842896,0.130398,0.104847,0.084578,0.07283,9.5,2240.1
2244.2,99.768929,6963.349609,749.741394,1991.249878,47.629295,-4448.228516,0.131319,0.1058,0.08532,0.073535,9.5,2240.2
2244.3,99.780518,6864.875488,711.859436,1992.499878,47.646912,-13275.537109,0.134482,0.10908,0.087879,0.075964,9.5,2240.3
2244.4,99.783264,6450.41748,731.129822,1992.499878,47.679539,-7875.292969,0.137892,0.112623,0.090647,0.078589,9.5,2240.4
2244.5,99.795929,6126.789551,625.774109,1996.249878,46.877113,11787.107422,0.142743,0.117689,0.094613,0.082345,9.5,2240.5
2244.6,99.805946,5917.903809,655.432556,1993.749878,45.921558,12454.25,0.148193,0.123413,0.099107,0.086595,9.5,2240.6
2244.7,99.838432,5784.810059,613.061768,1993.749878,44.728111,1010.364136,0.153751,0.12926,0.103702,0.090937,9.5,2240.7
2244.8,99.829041,6443.449707,562.463501,1993.749878,44.754803,-1325.457153,0.157739,0.133463,0.107008,0.09406,9.5,2240.8
2244.9,99.832321,6910.738281,571.853149,1993.749878,45.1693,308.171631,0.160064,0.135909,0.10893,0.095876,9.5,2240.9
2245.0,99.837265,6702.876465,601.695251,1992.499878,44.864017,-32.807129,0.160811,0.136693,0.109545,0.096458,9.5,2241.0
2245.1,99.837982,6205.174316,658.275024,1991.249878,43.689041,-306.047974,0.160233,0.136073,0.109053,0.095996,9.5,2241.1
2245.2,99.844154,6061.92334,613.082886,1989.999878,42.705395,168.023926,0.159278,0.135057,0.10825,0.095239,9.5,2241.2
2245.3,99.848442,6134.574219,593.672058,1989.999878,42.441841,-298.080566,0.158674,0.134412,0.10774,0.094759,9.5,2241.3
2245.4,99.844482,6279.007324,587.430237,1988.749878,42.499817,1585.792114,0.157944,0.133645,0.107138,0.09419,9.5,2241.4
2245.5,99.848686,6382.639648,582.825012,1987.499878,42.576237,1083.142822,0.155587,0.131172,0.105197,0.092354,9.5,2241.5
2245.6,99.862633,6566.13916,629.994263,1987.499878,43.543129,-3.94928,0.151389,0.126768,0.10174,0.089085,9.5,2241.6
2245.7,99.869606,6958.385742,655.522888,1986.249878,43.845493,528.585693,0.146124,0.121248,0.097411,0.084989,9.5,2241.7
2245.8,99.892052,7067.289063,750.003052,1986.249878,44.745487,29.926086,0.141036,0.115916,0.093229,0.081032,9.5,2241.8
2245.9,99.878548,6956.820801,768.668884,1987.499878,44.559013,-719.69281,0.137072,0.111769,0.089979,0.077956,9.5,2241.9
2246.0,99.900543,6776.218262,686.753784,1986.249878,46.053288,25.153625,0.135221,0.109831,0.08846,0.076518,9.5,2242.0
2246.1,99.889603,6476.552246,765.740845,1989.999878,46.184612,-831.143677,0.136162,0.110816,0.089232,0.077249,9.5,2242.1
2246.2,99.898369,6823.28125,731.398315,1989.999878,48.314899,-339.789307,0.13908,0.113863,0.091617,0.079508,9.5,2242.2
2246.3,99.906654,6709.976563,671.024841,1989.999878,49.069294,1332.772217,0.143427,0.118412,0.095183,0.082883,9.5,2242.3
2246.4,99.898216,6762.169922,699.174561,1991.249878,51.366325,-552.02948,0.148045,0.123248,0.098974,0.086471,9.5,2242.4
2246.5,99.923019,6391.743652,575.015198,1989.999878,51.187088,-861.671387,0.15385,0.129359,0.103778,0.09101,9.5,2242.5
2246.6,99.928467,5863.035156,653.318604,1989.999878,52.084621,-212.899048,0.159636,0.135483,0.108604,0.095564,9.5,2242.6
2246.7,99.929543,5642.083008,554.886108,1988.749878,51.487217,454.594849,0.165402,0.14161,0.113442,0.100124,9.5,2242.7
2246.8,99.927429,5406.149414,524.306824,1988.749878,52.204655,860.728516,0.169458,0.145933,0.116861,0.103343,9.5,2242.8
2246.9,99.936935,5660.006348,463.629456,1988.749878,51.607067,93.883667,0.172142,0.14879,0.119119,0.105471,9.5,2242.9
2247.0,99.946564,5552.182617,492.626312,1987.499878,52.264137,-185.714294,0.171196,0.14779,0.118331,0.104727,9.5,2243.0
2247.1,99.96093,6022.895508,560.627136,1986.249878,52.099083,301.900024,0.166555,0.142871,0.114452,0.101068,9.5,2243.1
2247.2,99.959854,6349.705078,516.819153,1984.999878,52.352161,384.06427,0.159208,0.135088,0.108315,0.095279,9.5,2243.2
2247.3,99.970314,6448.882324,614.332092,1982.499878,51.709908,296.035706,0.152635,0.128124,0.102824,0.0901,9.5,2243.3
2247.4,99.971207,6681.625977,759.003723,1979.999878,51.052601,-198.078552,0.148413,0.123649,0.099295,0.086771,9.5,2243.4
2247.5,99.995232,6799.311523,685.46521,1977.499878,50.215904,-1436.857178,0.146813,0.121946,0.097949,0.085503,9.5,2243.5
2247.6,99.995529,7188.551758,649.206116,1976.249878,49.244518,-1129.371338,0.147569,0.122729,0.098559,0.086082,9.5,2243.6
2247.7,100.014572,6755.132813,658.288879,1976.249878,50.013737,1194.0,0.149804,0.125069,0.100393,0.087819,9.5,2243.7
2247.8,100.012131,6517.22168,676.489136,1978.749878,50.483932,1397.392822,0.152392,0.127785,0.102525,0.089835,9.5,2243.8
2247.9,100.009628,6030.787109,654.346619,1977.499878,51.792179,157.033722,0.153483,0.128932,0.103427,0.090687,9.5,2243.9
2248.0,100.016754,5830.533203,582.987549,1979.999878,51.958275,-501.357117,0.152683,0.128102,0.102779,0.090072,9.5,2244.0
2248.1,100.032013,6323.70459,611.214966,1979.999878,52.841984,-382.83371,0.149699,0.124987,0.10034,0.087762,9.5,2244.1
2248.2,100.041161,6782.993164,584.541748,1979.999878,52.047413,139.985718,0.145212,0.120312,0.096684,0.084297,9.5,2244.2
2248.3,100.035049,6923.029297,724.537598,1978.749878,51.360863,-450.578613,0.139388,0.114234,0.091928,0.079791,9.5,2244.3
2248.4,100.04554,6842.105469,784.312195,1979.999878,50.329247,-1185.007324,0.133286,0.107878,0.086956,0.07508,9.5,2244.4
2248.5,100.057915,7165.370117,743.221436,1979.999878,49.31493,-475.141602,0.127655,0.102031,0.082391,0.070749,9.5,2244.5
2248.6,100.06852,6835.774414,806.353149,1979.999878,47.675091,202.350098,0.122089,0.09632,0.077959,0.066529,9.5,2244.6
2248.7,100.059013,7310.175781,778.169983,1978.749878,45.535957,1051.108765,0.115715,0.089843,0.072955,0.06175,9.5,2244.7
2248.8,100.066231,7822.732422,894.667297,1978.749878,43.826527,923.835693,0.107459,0.081494,0.066521,0.055595,9.5,2244.8
2248.9,100.084763,8090.01123,998.987305,1977.499878,42.276161,-1239.852783,0.098453,0.072417,0.059538,0.048908,9.5,2244.9
2249.0,100.079338,8671.810547,1201.680054,1976.249878,41.091774,89.085022,0.08955,0.063468,0.052662,0.042317,9.5,2245.0
2249.1,100.088249,8768.532227,1265.021729,1976.249878,40.892052,-505.085815,0.0827,0.05661,0.047402,0.03727,9.5,2245.1
2249.2,100.100029,8839.104492,1312.653076,1977.499878,40.589928,-135.717407,0.078494,0.052412,0.044189,0.034182,9.5,2245.2
2249.3,100.111588,8638.272461,1329.839844,1976.249878,41.125355,617.228882,0.077776,0.0517,0.043645,0.033659,9.5,2245.3
2249.4,100.105659,8880.587891,1355.310913,1978.749878,40.963158,-1048.703369,0.080804,0.054728,0.045965,0.035887,9.5,2245.4
2249.5,100.103897,8896.608398,1327.005981,1977.499878,42.696854,1118.260498,0.088346,0.062314,0.051797,0.041475,9.5,2245.5
2249.6,100.123123,8778.978516,1211.66272,1978.749878,45.390652,433.62146,0.100713,0.074863,0.061484,0.050732,9.5,2245.6
2249.7,100.114838,7963.050293,975.427307,1979.999878,50.299114,-164.239258,0.118447,0.093094,0.075652,0.064216,9.5,2245.7
2249.8,100.125298,6767.459473,790.861572,1979.999878,54.608715,536.342773,0.141029,0.116673,0.094118,0.081712,9.5,2245.8
2249.9,100.141869,5603.55957,642.657227,1981.249878,59.572868,-360.246521,0.167612,0.144964,0.116489,0.102798,9.5,2245.9
2250.0,100.141869,5120.128418,508.544525,1981.249878,64.004318,450.739075,0.193309,0.17267,0.138536,0.123507,9.5,2246.0
2250.1,100.138412,4867.72168,347.0401,1981.249878,67.655289,905.953674,0.214876,0.196176,0.15734,0.141119,9.5,2246.1
2250.2,100.152122,4988.314453,359.679993,1981.249878,68.790909,-319.660461,0.228823,0.211461,0.169598,0.152584,9.5,2246.2
2250.3,100.163689,4936.245605,318.636597,1981.249878,69.209274,-786.785706,0.236306,0.219724,0.176249,0.158794,9.5,2246.3
2250.4,100.167831,4629.210449,362.9841,1981.249878,69.581161,-145.752563,0.23718,0.220645,0.176971,0.159475,9.5,2246.4
2250.5,100.176651,4707.1875,362.866333,1981.249878,69.831017,-184.971436,0.235342,0.218535,0.17524,0.157871,9.5,2246.5
2250.6,100.187798,4673.146484,330.8013,1981.249878,69.238075,453.536255,0.232728,0.215547,0.172792,0.155603,9.5,2246.6
2250.7,100.195457,4647.07373,331.377686,1981.249878,69.177147,592.992859,0.232906,0.215751,0.17296,0.155758,9.5,2246.7
2250.8,100.190277,4941.979004,366.312439,1981.249878,68.874321,-549.755127,0.234089,0.217098,0.174061,0.156779,9.5,2246.8
2250.9,100.195908,4717.530273,334.783478,1981.249878,68.385139,-594.660217,0.236315,0.219631,0.17613,0.158698,9.5,2246.9
2251.0,100.20816,4716.253906,340.70343,1981.249878,66.875259,436.764282,0.238405,0.222011,0.178076,0.160503,9.5,2247.0
2251.1,100.222878,4755.662598,322.265839,1983.749878,66.627853,323.864624,0.241902,0.226006,0.181346,0.163535,9.5,2247.1
2251.2,100.214684,4767.774414,353.395874,1982.499878,67.103233,-92.949951,0.245312,0.22991,0.184545,0.166499,9.5,2247.2
2251.3,100.236588,4611.441406,316.498627,1982.499878,67.938301,-287.890137,0.248216,0.233238,0.187274,0.169027,9.5,2247.3
2251.4,100.230186,4555.429688,306.585907,1983.749878,67.752037,-186.501282,0.250192,0.23551,0.189141,0.170755,9.5,2247.4
2251.5,100.24324,4521.508301,312.275482,1984.999878,67.213127,-501.571411,0.252959,0.238705,0.191769,0.173187,9.5,2247.5
2251.6,100.2388,4642.399414,322.266541,1983.749878,66.075996,-1692.42749,0.256424,0.242723,0.195085,0.176253,9.5,2247.6
2251.7,100.238022,4384.01416,312.828766,1984.999878,65.253059,-693.098633,0.259116,0.245853,0.197671,0.178642,9.5,2247.7
2251.8,100.256561,4521.705566,277.628326,1986.249878,64.666695,157.304199,0.260579,0.247557,0.19908,0.179944,9.5,2247.8
2251.9,100.254501,4844.77832,305.940979,1988.749878,64.799934,657.084351,0.259576,0.246407,0.198136,0.17907,9.5,2247.9
2252.0,100.259392,4699.730957,302.784302,1987.499878,66.281822,1333.138794,0.256764,0.243163,0.195467,0.1766,9.5,2248.0
2252.1,100.27021,4546.094238,321.759766,1988.749878,67.162888,-1359.135132,0.251803,0.237426,0.190741,0.172229,9.5,2248.1
2252.2,100.280731,4376.388672,325.453491,1991.249878,67.376724,41.397461,0.248777,0.233918,0.187848,0.169554,9.5,2248.2
2252.3,100.284248,4600.043945,343.839081,1989.999878,67.00132,667.970703,0.248012,0.233027,0.187111,0.168872,9.5,2248.3
2252.4,100.305588,4680.343262,296.470001,1991.249878,66.446526,210.588257,0.250156,0.235499,0.189144,0.170754,9.5,2248.4
2252.5,100.291878,4621.288574,315.450043,1989.999878,66.39006,-1430.478516,0.252092,0.237722,0.190969,0.172444,9.5,2248.5
2252.6,100.305382,4722.174316,295.042633,1991.249878,67.359322,-5435.207031,0.253873,0.239765,0.192644,0.173996,9.5,2248.6
2252.7,100.305824,4721.52832,328.043182,1991.249878,69.16436,292.464355,0.253681,0.239534,0.19245,0.173817,9.5,2248.7
2252.8,100.316704,4577.124512,334.784424,1994.999878,71.193436,4926.426758,0.252438,0.238092,0.19126,0.172717,9.5,2248.8
2252.9,100.322609,4579.626465,299.627655,1994.999878,71.847755,604.271484,0.2503,0.235621,0.189225,0.170835,9.5,2248.9
2253.0,100.333961,4560.758301,315.428162,1996.249878,71.665611,-246.264282,0.249998,0.235275,0.188942,0.170573,9.5,2249.0
2253.1,100.335037,4324.758789,324.417511,1997.499878,70.589134,1439.397583,0.250768,0.236169,0.18968,0.171255,9.5,2249.1
2253.2,100.33873,4518.193359,295.735443,1997.499878,69.094185,894.251892,0.252885,0.238618,0.191698,0.173121,9.5,2249.2
2253.3,100.342873,4348.009277,316.073639,1997.499878,67.012367,703.06665,0.253649,0.23951,0.192436,0.173803,9.5,2249.3
2253.4,100.36055,4522.029297,277.515015,1997.499878,66.724525,12.407166,0.253554,0.239414,0.192363,0.173733,9.5,2249.4
2253.5,100.355957,4473.841309,300.284546,1998.749878,65.838654,-106.12146,0.251282,0.236803,0.190219,0.171748,9.5,2249.5
2253.6,100.37101,4507.76416,308.582977,2001.249878,64.643425,-1690.042725,0.247189,0.232118,0.18638,0.16819,9.5,2249.6
2253.7,100.370773,4411.380371,337.603943,2001.249878,60.99575,-10664.700195,0.237427,0.221108,0.177422,0.159865,9.5,2249.7
2253.8,100.384514,5189.803711,344.210266,2002.499878,57.227993,-13752.242188,0.222483,0.204515,0.164027,0.147373,9.5,2249.8
2253.9,100.382339,6023.924316,359.830444,2003.749878,53.22121,7590.714355,0.203632,0.183779,0.147364,0.1318,9.5,2249.9
2254.0,100.392799,6267.09082,485.453094,2006.249878,49.932209,14428.871094,0.185444,0.163875,0.131414,0.116877,9.5,2250.0
2254.1,100.414345,5959.86377,671.732361,2004.999878,47.301357,3157.121582,0.170122,0.14709,0.117957,0.104289,9.5,2250.1
2254.2,100.417061,5924.714355,648.889526,2006.249878,47.415611,340.207153,0.161307,0.1374,0.110174,0.097016,9.5,2250.2
2254.3,100.410889,6169.526855,541.963745,2007.499878,47.889481,-894.49646,0.160478,0.136405,0.109342,0.096254,9.5,2250.3
2254.4,100.411545,6013.082031,545.067749,2011.249878,48.525246,-119.821411,0.166679,0.143022,0.114579,0.101184,9.5,2250.4
2254.5,100.414375,5597.685059,546.490051,2009.999878,48.329151,497.882202,0.174508,0.151388,0.121203,0.107418,9.5,2250.5
2254.6,100.436852,5272.637695,462.75589,2009.999878,49.268898,561.137695,0.180908,0.158249,0.126646,0.112536,9.5,2250.6
2254.7,100.427254,5248.953125,472.867004,2011.249878,48.83186,-1723.864258,0.184109,0.16169,0.129379,0.115103,9.5,2250.7
2254.8,100.432465,5327.99707,425.712433,2011.249878,48.73737,-1000.16626,0.184795,0.162429,0.129966,0.115655,9.5,2250.8
2254.9,100.43792,5545.797363,479.092712,2011.249878,47.284119,1885.25,0.181937,0.159352,0.12752,0.113357,9.5,2250.9
2255.0,100.452972,6031.362793,510.585327,2011.249878,47.105137,-244.884521,0.176032,0.15302,0.122498,0.108635,9.5,2251.0
2255.1,100.448685,6850.055176,543.815918,2008.749878,45.80619,-1608.121582,0.167772,0.144194,0.115509,0.102058,9.5,2251.1
2255.2,100.472588,6627.04248,598.613892,2008.749878,44.992764,944.971069,0.159272,0.135158,0.108372,0.095332,9.5,2251.2
2255.3,100.473892,6482.09668,670.18689,2007.499878,44.684483,1231.792969,0.151676,0.127103,0.102018,0.08934,9.5,2251.3
2255.4,100.481857,6597.106934,715.386414,2007.499878,46.230038,-310.34375,0.146383,0.121503,0.097604,0.085176,9.5,2251.4
2255.5,100.475891,6246.098633,664.67981,2006.249878,47.213669,-214.294312,0.143992,0.118974,0.095612,0.083296,9.5,2251.5
2255.6,100.489601,6171.48877,645.749634,2007.499878,47.920212,337.91626,0.144053,0.119033,0.095656,0.083338,9.5,2251.6
2255.7,100.49765,6178.074707,641.641235,2008.749878,47.926617,566.558594,0.145132,0.120161,0.096539,0.084175,9.5,2251.7
2255.8,100.49601,6123.421875,596.77124,2008.749878,48.699902,-841.78772,0.145675,0.120728,0.096984,0.084596,9.5,2251.8
2255.9,100.511513,5920.655762,601.730164,2008.749878,48.527119,630.607117,0.144757,0.11977,0.096235,0.083886,9.5,2251.9
2256.0,100.521645,6155.352051,639.460266,2008.749878,48.755371,1576.914307,0.142018,0.116919,0.094005,0.081772,9.5,2252.0
2256.1,100.51902,6444.617676,657.455322,2009.999878,47.689602,-853.648743,0.137354,0.11208,0.090229,0.078189,9.5,2252.1
2256.2,100.531654,6925.415527,695.600098,2011.249878,47.323971,-923.028625,0.13157,0.106098,0.085567,0.073761,9.5,2252.2
2256.3,100.535591,6879.15625,721.377075,2011.249878,45.642818,244.970215,0.1257,0.100043,0.080855,0.069282,9.5,2252.3
2256.4,100.541046,6890.241699,809.392456,2011.249878,45.372429,668.800049,0.120972,0.095173,0.077068,0.065681,9.5,2252.4
2256.5,100.535141,6767.30127,884.341675,2011.249878,44.83881,258.992859,0.11693,0.091025,0.073848,0.062615,9.5,2252.5
2256.6,100.542122,7227.520508,800.434937,2009.999878,45.262012,-258.885742,0.11353,0.087553,0.07116,0.060051,9.5,2252.6
2256.7,100.55085,7354.434082,816.299866,2008.749878,45.519112,0.149963,0.110142,0.084114,0.068505,0.057515,9.5,2252.7
2256.8,100.568733,7092.210449,853.707214,2007.499878,45.45929,357.650024,0.107316,0.081255,0.066301,0.055407,9.5,2252.8
2256.9,100.577438,6933.720703,969.094788,2008.749878,44.097225,-100.908875,0.104755,0.07866,0.0643,0.053494,9.5,2252.9
2257.0,100.590164,6929.253906,919.366455,2007.499878,42.059879,74.82312,0.103877,0.077769,0.063612,0.052837,9.5,2253.0
2257.1,100.594429,6756.663574,889.503174,2006.249878,41.349014,434.116028,0.105356,0.079271,0.064772,0.053945,9.5,2253.1
2257.2,100.602745,6639.957031,806.408752,2003.749878,41.990685,-719.19458,0.110906,0.084943,0.069165,0.058133,9.5,2253.2
2257.3,100.595528,6731.226074,816.40387,2004.999878,43.505367,-848.764282,0.12109,0.095468,0.077364,0.065923,9.5,2253.3
2257.4,100.604706,6497.609375,762.166687,2003.749878,45.659111,444.00116,0.136435,0.111526,0.089952,0.077841,9.5,2253.4
2257.5,100.605034,5864.295898,620.607117,2003.749878,48.958591,836.485107,0.156196,0.132495,0.106505,0.093451,9.5,2253.5
2257.6,100.614067,5287.425293,493.927979,1999.999878,52.888912,-1638.437012,0.179729,0.157834,0.126654,0.112382,9.5,2253.6
2257.7,100.619164,4751.678223,413.242645,2004.999878,55.520958,-1151.042236,0.20609,0.186745,0.149859,0.13409,9.5,2253.7
2257.8,100.622559,3945.013428,337.899323,2006.249878,58.366482,1006.907227,0.232678,0.216448,0.173923,0.156511,9.5,2253.8
2257.9,100.63237,3781.888184,280.672455,2006.249878,60.628578,618.487061,0.255909,0.242826,0.195466,0.176514,9.5,2253.9
2258.0,100.641548,3803.398926,248.176468,2003.749878,62.696976,-402.207153,0.273289,0.26281,0.211887,0.191723,9.5,2254.0
2258.1,100.653976,3917.51416,212.619492,2006.249878,63.240463,-1149.215576,0.285477,0.276978,0.223594,0.202544,9.5,2254.1
2258.2,100.643272,3757.848877,223.822815,2004.999878,64.0177,1188.11145,0.294811,0.288035,0.232822,0.211052,9.5,2254.2
2258.3,100.649178,3749.078369,256.442169,2003.749878,64.689766,762.685669,0.301699,0.296318,0.239791,0.217464,9.5,2254.3
2258.4,100.648285,3625.472412,217.069687,2001.249878,65.179939,-1065.065186,0.306306,0.301911,0.244522,0.221812,9.5,2254.4
2258.5,100.662025,3582.510254,190.682007,2002.499878,65.673866,-503.914307,0.308527,0.304595,0.246786,0.223894,9.5,2254.5
2258.6,100.669441,3650.578857,198.583771,2001.249878,66.151848,-418.175537,0.309525,0.305792,0.247791,0.224819,9.5,2254.6
2258.7,100.675316,3629.503174,230.154205,1999.999878,66.747154,49.723999,0.307336,0.303118,0.245522,0.222734,9.5,2254.7
2258.8,100.674271,3550.746338,213.965149,1998.749878,66.498833,-1169.027344,0.30248,0.297228,0.240542,0.218157,9.5,2254.8
2258.9,100.688637,3881.381592,222.015182,1998.749878,67.586166,-1061.297119,0.296238,0.289679,0.234173,0.2123,9.5,2254.9
2259.0,100.687088,3598.799805,215.720215,1996.249878,68.548508,1317.049561,0.292156,0.284772,0.230045,0.208503,9.5,2255.0
2259.1,100.707237,3477.208984,223.831955,1994.999878,69.871826,-26.210205,0.289437,0.281519,0.227317,0.205992,9.5,2255.1
2259.2,100.712753,3557.658203,231.371872,1993.749878,70.40403,-1649.883057,0.287562,0.279276,0.225435,0.20426,9.5,2255.2
2259.3,100.711288,3682.76709,229.530762,1993.749878,71.360817,1232.904785,0.285551,0.276877,0.223425,0.202409,9.5,2255.3
2259.4,100.721992,3672.658203,206.328827,1996.249878,71.466728,1926.775879,0.285101,0.276342,0.222979,0.201998,9.5,2255.4
2259.5,100.718742,3595.11377,228.236298,1996.249878,71.219849,67.021362,0.286242,0.277712,0.22413,0.203057,9.5,2255.5
2259.6,100.727798,3632.361816,240.848618,1996.249878,70.488571,-1967.414307,0.290307,0.282607,0.228251,0.206848,9.5,2255.6
2259.7,100.721992,3621.467529,223.827545,1997.499878,69.113319,-721.563843,0.296726,0.290371,0.234803,0.212872,9.5,2255.7
2259.8,100.737015,3618.411621,200.070084,1996.249878,67.25367,1556.287842,0.304635,0.299926,0.242862,0.220283,9.5,2255.8
2259.9,100.754684,3470.345947,212.991623,1996.249878,65.040993,-845.079102,0.312029,0.308854,0.250391,0.227207,9.5,2255.9
2260.0,100.74437,3746.742188,196.941132,1996.249878,64.02816,87.60498,0.317252,0.315153,0.255698,0.232087,9.5,2256.0
2260.1,100.749886,3466.807861,184.437836,1996.249878,64.276443,2451.97876,0.320301,0.318853,0.258827,0.234963,9.5,2256.1
2260.2,100.762527,3598.418701,233.300537,1996.249878,66.499466,786.036011,0.321688,0.320548,0.260265,0.236285,9.5,2256.2
2260.3,100.761871,3540.114746,190.683411,1996.249878,70.093948,-907.500061,0.323272,0.322498,0.261927,0.237811,9.5,2256.3
2260.4,100.767326,3380.939941,185.957932,1996.249878,72.904503,-2006.228882,0.325399,0.325115,0.264158,0.239859,9.5,2256.4
2260.5,100.771255,3421.507813,201.753418,1996.249878,73.438622,15.99292,0.329269,0.329885,0.268228,0.243595,9.5,2256.5
2260.6,100.765144,3503.121826,187.497086,1996.249878,72.956085,1879.320435,0.332587,0.333981,0.271726,0.246806,9.5,2256.6
2260.7,100.777336,3453.518311,182.805573,1993.749878,71.757614,-861.357056,0.335692,0.337825,0.275013,0.249824,9.5,2256.7
2260.8,100.787384,3349.842529,193.826401,1993.749878,70.501564,-772.31311,0.336032,0.338257,0.275388,0.250167,9.5,2256.8
2260.9,100.783806,3453.141846,175.030182,1991.249878,69.493317,1368.435669,0.335298,0.337362,0.27463,0.24947,9.5,2256.9
2261.0,100.795219,3223.612549,185.986923,1993.749878,70.098145,284.742798,0.332362,0.333735,0.271531,0.246626,9.5,2257.0
2261.1,100.80088,3543.919678,185.958206,1992.499878,69.806786,-1882.464233,0.330718,0.331705,0.269798,0.245035,9.5,2257.1
2261.2,100.795013,3370.163818,206.355667,1991.249878,70.240379,385.63562,0.327579,0.327831,0.26649,0.241998,9.5,2257.2
2261.3,100.824875,3476.85376,182.926697,1989.999878,68.762581,2560.732422,0.325072,0.324757,0.263876,0.239598,9.5,2257.3
2261.4,100.821182,3522.064453,190.699356,1991.249878,67.685402,837.264343,0.32033,0.318956,0.258947,0.23507,9.5,2257.4
2261.5,100.823776,3524.114746,187.55661,1989.999878,64.798889,-1348.803955,0.317899,0.316004,0.25645,0.232776,9.5,2257.5
2261.6,100.826607,3558.554199,226.989319,1989.999878,64.805176,-747.828552,0.314513,0.311857,0.252926,0.229538,9.5,2257.6
2261.7,100.833282,3400.695313,201.557907,1989.999878,64.326767,-246.97876,0.312027,0.308808,0.250331,0.227155,9.5,2257.7
2261.8,100.852776,3569.221191,206.327179,1991.249878,65.282501,656.857117,0.308,0.303903,0.246175,0.223336,9.5,2257.8
2261.9,100.835991,3493.114014,181.313095,1989.999878,65.450745,412.514404,0.305017,0.300319,0.243162,0.220564,9.5,2257.9
2262.0,100.846245,3497.447998,213.973282,1991.249878,66.779289,-383.631409,0.302247,0.296982,0.240351,0.217979,9.5,2258.0
2262.1,100.858437,3569.384521,234.532074,1989.999878,65.453606,908.355225,0.300899,0.295352,0.238976,0.216714,9.5,2258.1
2262.2,100.865585,3490.057373,206.321213,1989.999878,62.976265,262.268127,0.300707,0.295108,0.238765,0.216521,9.5,2258.2
2262.3,100.865257,3416.125488,209.498322,1987.499878,60.313309,-596.883789,0.303183,0.298095,0.241282,0.218835,9.5,2258.3
2262.4,100.875755,3305.438232,179.643661,1987.499878,59.465691,-100.644958,0.307468,0.303257,0.245628,0.222832,9.5,2258.4
2262.5,100.860046,3345.367676,196.942398,1987.499878,59.038204,273.585815,0.313754,0.310909,0.252111,0.228791,9.5,2258.5
2262.6,100.890564,3426.550781,223.825912,1987.499878,59.149967,130.594238,0.318784,0.317066,0.257343,0.233598,9.5,2258.6
2262.7,100.87915,3420.366943,160.761658,1988.749878,58.794147,-239.651245,0.325155,0.324935,0.264067,0.23977,9.5,2258.7
2262.8,100.878075,3387.52832,198.575378,1987.499878,59.401867,-493.387939,0.332102,0.333533,0.271422,0.246522,9.5,2258.8
2262.9,100.906723,3625.995117,184.440781,1987.499878,60.076466,-660.869629,0.342409,0.346346,0.282413,0.256611,9.5,2258.9
2263.0,100.896317,3497.221924,195.42012,1986.249878,61.101234,385.380737,0.352011,0.35839,0.292805,0.266149,9.5,2259.0
2263.1,100.907288,3625.271484,171.902267,1984.999878,60.862614,1285.507324,0.359407,0.367687,0.300839,0.273522,9.5,2259.1
2263.2,100.915985,3544.89917,179.644455,1984.999878,61.936241,219.89978,0.360466,0.369083,0.302082,0.274663,9.5,2259.2
2263.3,100.927048,3482.736816,181.314804,1984.999878,61.574627,-747.472107,0.354303,0.36148,0.295591,0.268702,9.5,2259.3
2263.4,100.91861,3669.422119,158.098938,1983.749878,61.033039,247.223389,0.342167,0.346466,0.282746,0.256909,9.5,2259.4
2263.5,100.94651,3508.89624,238.459427,1984.999878,59.653862,28.75,0.325856,0.326243,0.26542,0.240999,9.5,2259.5
2263.6,100.930382,3507.907471,206.597534,1984.999878,59.238552,-1017.494873,0.312628,0.30981,0.251323,0.228056,9.5,2259.6
2263.7,100.940102,3515.441162,204.884003,1986.249878,58.179222,-7875.100098,0.305292,0.300681,0.243483,0.220857,9.5,2259.7
2263.8,100.97506,3676.21167,233.26857,1983.749878,56.75251,-14552.396484,0.307467,0.303315,0.245706,0.222901,9.5,2259.8
2263.9,100.972229,3571.311279,211.197525,1984.999878,56.336594,1873.510742,0.311908,0.308725,0.250291,0.227114,9.5,2259.9
2264.0,100.967667,3618.980469,170.179291,1984.999878,56.628208,12104.21875,0.317713,0.315777,0.256258,0.232598,9.5,2260.0
2264.1,100.96907,3335.52124,206.608429,1986.249878,57.528236,6798.146484,0.322653,0.32182,0.261391,0.237314,9.5,2260.1
2264.2,101.015953,3254.489014,193.826279,1982.499878,58.776077,2638.956543,0.329451,0.330224,0.268577,0.243912,9.5,2260.2
2264.3,100.98642,3486.941162,206.327179,1984.999878,60.747292,-1199.320557,0.335491,0.337761,0.275057,0.249858,9.5,2260.3
2264.4,100.962006,3541.376221,181.154663,1986.249878,61.639404,-2125.135742,0.341955,0.345808,0.281965,0.256198,9.5,2260.4
2264.5,100.988411,3619.329346,159.452713,1986.249878,62.124336,-101.198975,0.349696,0.355467,0.29027,0.263821,9.5,2260.5
2264.6,100.992081,3444.446289,187.50148,1984.999878,62.721325,1955.142944,0.360671,0.369326,0.30229,0.274858,9.5,2260.6
2264.7,100.995361,3467.335693,201.727371,1984.999878,63.982193,643.025146,0.372309,0.384205,0.315304,0.286812,9.5,2260.7
2264.8,101.012138,3458.742188,170.186615,1984.999878,65.24427,-1359.307251,0.381705,0.396289,0.325916,0.296561,9.5,2260.8
2264.9,101.004509,3338.87793,141.798599,1987.499878,65.490677,-1467.155762,0.385719,0.401489,0.330505,0.300778,9.5,2260.9
2265.0,101.018013,3386.941895,159.385193,1983.749878,65.493347,1195.664429,0.382637,0.397647,0.327204,0.297749,9.5,2261.0
2265.1,101.021706,3396.4021,168.799576,1982.499878,64.416237,1156.984985,0.371386,0.383422,0.314859,0.286414,9.5,2261.1
2265.2,101.026299,3402.755615,176.473511,1982.499878,62.726631,-914.053833,0.356058,0.363935,0.297881,0.270823,9.5,2261.2
2265.3,101.036758,3366.489746,209.868179,1983.749878,60.918556,756.51886,0.342457,0.346595,0.282746,0.256923,9.5,2261.3
2265.4,101.042656,3560.93335,190.767731,1983.749878,60.904888,22.253662,0.333968,0.335817,0.273364,0.248307,9.5,2261.4
2265.5,101.046173,3391.95459,184.426926,1984.999878,61.562565,-1610.675293,0.326961,0.327218,0.26604,0.241576,9.5,2261.5
2265.6,101.049843,3592.00293,181.299042,1987.499878,61.908825,1163.876709,0.318113,0.316583,0.257094,0.233344,9.5,2261.6
2265.7,101.039825,3883.87915,200.0961,1988.749878,61.607334,-732.26416,0.305731,0.301697,0.244571,0.221821,9.5,2261.7
2265.8,101.052467,3717.873779,249.079346,1987.499878,61.544258,-501.719482,0.292225,0.285383,0.230808,0.209162,9.5,2261.8
2265.9,101.050018,3799.582275,261.823792,1988.749878,62.285412,1179.307129,0.281369,0.272212,0.219669,0.198922,9.5,2261.9
2266.0,101.058876,3698.709229,238.813492,1989.999878,63.016068,639.784668,0.275888,0.265533,0.214008,0.19372,9.5,2262.0
2266.1,101.080154,3697.008545,234.53717,1989.999878,64.717247,455.964233,0.277772,0.267731,0.215827,0.195399,9.5,2262.1
2266.2,101.080154,3859.643799,236.486679,1991.249878,66.224052,176.336792,0.283839,0.274939,0.22185,0.200949,9.5,2262.2
2266.3,101.066856,3808.419678,217.515884,1991.249878,66.525902,-45.671387,0.294526,0.287807,0.232687,0.210919,9.5,2262.3
2266.4,101.085159,3571.686523,256.405426,1992.499878,64.401161,82.895142,0.305042,0.30056,0.24347,0.220833,9.5,2262.4
2266.5,101.087128,3659.398438,189.161163,1991.249878,60.782494,-438.111206,0.316976,0.315096,0.255789,0.232155,9.5,2262.5
2266.6,101.086472,3708.762207,200.335464,1991.249878,58.607925,-421.602295,0.324244,0.323927,0.263262,0.239024,9.5,2262.6
2266.7,101.090942,3643.865479,187.496933,1989.999878,57.232521,242.125488,0.327342,0.327701,0.266461,0.241964,9.5,2262.7
2266.8,101.108704,3738.118652,217.072952,1989.999878,58.203903,184.66748,0.320038,0.318852,0.258983,0.235087,9.5,2262.8
2266.9,101.103493,3855.168457,195.423523,1988.749878,58.466202,341.364258,0.307675,0.303928,0.246396,0.223509,9.5,2262.9
2267.0,101.114159,3909.147949,252.246613,1988.749878,59.86417,-913.981689,0.291085,0.283922,0.229534,0.207995,9.5,2263.0
2267.1,101.105545,3886.70459,254.337677,1988.749878,58.906349,206.793945,0.277256,0.267362,0.21563,0.195196,9.5,2263.1
2267.2,101.130074,4015.490723,262.753265,1987.499878,57.761265,-160.171387,0.267043,0.25516,0.2054,0.185775,9.5,2263.2
2267.3,101.131416,4000.921875,268.950195,1987.499878,54.620003,-763.188477,0.263661,0.251146,0.202047,0.182685,9.5,2263.3
2267.4,101.122894,3849.922363,265.859009,1988.749878,52.564037,829.335571,0.264775,0.25244,0.203115,0.183673,9.5,2263.4
2267.5,101.144676,3927.328857,261.710419,1989.999878,50.389324,-1546.148438,0.26889,0.257264,0.207118,0.187367,9.5,2263.5
2267.6,101.132965,3971.209229,237.640457,1991.249878,50.81834,282.962402,0.273787,0.263005,0.211881,0.191763,9.5,2263.6
2267.7,101.15374,4047.268311,250.201416,1992.499878,52.805172,845.935791,0.278447,0.268477,0.216425,0.195956,9.5,2263.7
2267.8,101.156242,3876.286377,258.529999,1994.999878,56.666115,-1746.498169,0.280834,0.271282,0.218755,0.198106,9.5,2263.8
2267.9,101.144676,4081.001953,236.489975,1994.999878,59.307354,1282.978638,0.2806,0.271012,0.218533,0.1979,9.5,2263.9
2268.0,101.170197,3970.981934,250.162689,1994.999878,60.927658,2643.578613,0.277896,0.267833,0.215892,0.195463,9.5,2264.0
2268.1,101.15419,3846.889404,250.271942,1992.499878,60.493034,21.799194,0.272855,0.261937,0.211005,0.190952,9.5,2264.1
2268.2,101.160805,3936.301758,259.549988,1994.999878,59.282661,-793.312317,0.264917,0.252691,0.203359,0.183887,9.5,2264.2
2268.3,101.169952,3921.024658,264.8974,1996.249878,57.22781,776.000793,0.256348,0.242738,0.195141,0.176291,9.5,2264.3
2268.4,101.171265,4002.7771,261.719788,1996.249878,56.264072,-165.716309,0.249853,0.235204,0.188924,0.170544,9.5,2264.4
2268.5,101.185158,3882.046631,300.317535,1996.249878,56.622307,-1104.580566,0.247389,0.232348,0.186568,0.168365,9.5,2264.5
2268.6,101.189354,4115.450195,308.491516,1997.499878,56.981674,29.02063,0.247822,0.232842,0.186973,0.16874,9.5,2264.6
2268.7,101.196335,4016.053467,237.748199,1996.249878,57.455864,-515.898071,0.250217,0.23559,0.189228,0.170829,9.5,2264.7
2268.8,101.210129,4099.82666,267.078552,1996.249878,57.881592,-989.782593,0.252404,0.238093,0.191278,0.172729,9.5,2264.8
2268.9,101.205925,4126.29834,290.924408,1994.999878,58.858387,592.171387,0.252624,0.238334,0.191472,0.17291,9.5,2264.9
2269.0,101.206169,4087.756348,275.248627,1996.249878,59.350456,28.195557,0.249914,0.23521,0.188902,0.170531,9.5,2265.0
2269.1,101.203964,4346.200684,287.023682,1996.249878,59.844791,-473.285645,0.247131,0.232002,0.186264,0.16809,9.5,2265.1
2269.2,101.222504,4387.024902,324.885803,1997.499878,59.975025,793.840698,0.245477,0.230093,0.184692,0.166636,9.5,2265.2
2269.3,101.227386,4237.753906,294.054962,1997.499878,59.452187,-578.414307,0.245474,0.230089,0.18469,0.166634,9.5,2265.3
2269.4,101.224464,4234.291992,283.832123,2001.249878,58.377769,-1932.489868,0.244989,0.229537,0.184239,0.166215,9.5,2265.4
2269.5,101.226074,4190.322266,290.878937,2003.749878,58.086143,1044.842896,0.243757,0.228138,0.183097,0.165155,9.5,2265.5
2269.6,101.23645,4122.62207,302.116699,2004.999878,58.07753,1443.672729,0.240603,0.224545,0.180159,0.162431,9.5,2265.6
2269.7,101.235588,4161.127441,290.157684,2004.999878,58.314453,-568.721558,0.237091,0.220538,0.176881,0.159392,9.5,2265.7
2269.8,101.247505,4266.717285,322.228577,2006.249878,58.299072,-835.639526,0.234641,0.217741,0.174592,0.157269,9.5,2265.8
2269.9,101.245094,4370.26416,319.136353,2007.499878,59.189625,619.564331,0.234766,0.21788,0.174704,0.157374,9.5,2265.9
2270.0,101.246704,4353.214355,305.301117,2009.999878,59.420933,1493.825317,0.236607,0.219975,0.176417,0.158962,9.5,2266.0
2270.1,101.262825,4435.615234,302.128876,2008.749878,59.129917,-1224.311646,0.239784,0.223591,0.179371,0.161703,9.5,2266.1
2270.2,101.262405,4555.686035,309.131317,2008.749878,57.522564,-1540.935669,0.243561,0.227902,0.182898,0.164973,9.5,2266.2
2270.3,101.268517,4359.134277,321.745178,2009.999878,55.841854,469.074463,0.246879,0.231698,0.186008,0.167855,9.5,2266.3
2270.4,101.268074,4397.144043,300.321655,2009.999878,53.904751,216.871338,0.24839,0.233436,0.187436,0.169177,9.5,2266.4
2270.5,101.266548,4415.48291,292.560852,2009.999878,53.461594,835.794312,0.248059,0.233064,0.187134,0.168896,9.5,2266.5
2270.6,101.265656,4542.899414,309.093201,2008.749878,54.708748,639.171387,0.245791,0.230479,0.18502,0.166936,9.5,2266.6
2270.7,101.289444,4400.468262,299.615021,2007.499878,57.272442,551.299805,0.241251,0.225309,0.180794,0.163016,9.5,2266.7
2270.8,101.285118,4459.298828,340.722321,2008.749878,59.912022,196.828613,0.234587,0.217733,0.174608,0.157276,9.5,2266.8
2270.9,101.295311,4375.64209,321.765381,2008.749878,61.229557,-1955.042603,0.226802,0.208932,0.16744,0.150619,9.5,2266.9
2271.0,101.313194,4569.626953,325.398651,2008.749878,60.82103,43.114258,0.219961,0.201227,0.161178,0.144798,9.5,2267.0
2271.1,101.315849,4442.376953,369.179718,2009.999878,58.362949,814.875977,0.214957,0.195618,0.15663,0.140566,9.5,2267.1
2271.2,101.309235,4555.29834,347.58609,2012.499878,55.363464,-61.62146,0.212556,0.192924,0.154444,0.138533,9.5,2267.2
2271.3,101.324997,4609.888184,381.777252,2013.749878,53.621712,146.945557,0.211691,0.191953,0.153657,0.137801,9.5,2267.3
2271.4,101.307892,4775.51416,347.290466,2012.499878,53.090599,-2178.950684,0.212317,0.192645,0.154214,0.13832,9.5,2267.4
2271.5,101.322258,4701.566895,337.94873,2014.999878,53.225998,-1013.771729,0.213589,0.194058,0.155354,0.139384,9.5,2267.5
2271.6,101.335426,4595.501465,374.008881,2016.249878,53.772232,2137.15332,0.215386,0.196057,0.15697,0.140889,9.5,2267.6
2271.7,101.338051,4658.381836,375.410431,2017.499878,54.500862,-246.398438,0.216179,0.196944,0.157687,0.141557,9.5,2267.7
2271.8,101.329109,4863.411133,362.783478,2018.749878,54.932983,-1046.274292,0.216575,0.197386,0.158046,0.14189,9.5,2267.8
2271.9,101.327797,5088.306641,343.996124,2019.999878,54.772816,1865.27002,0.216665,0.197487,0.158126,0.141966,9.5,2267.9
2272.0,101.337311,4741.853516,372.353088,2018.749878,55.375973,2185.535156,0.216966,0.19782,0.158395,0.142216,9.5,2268.0
2272.1,101.345894,4390.850098,388.118317,2019.999878,56.161705,-510.516479,0.216506,0.197303,0.157976,0.141826,9.5,2268.1
2272.2,101.358322,4350.733887,314.869324,2017.499878,57.842396,-909.413696,0.216931,0.197781,0.158364,0.142188,9.5,2268.2
2272.3,101.343719,4133.392578,356.549377,2016.249878,57.88884,-2253.461914,0.217709,0.198654,0.159072,0.142846,9.5,2268.3
2272.4,101.343063,4276.563965,328.94696,2016.249878,58.593266,-803.600708,0.2186,0.199658,0.159887,0.143604,9.5,2268.4
2272.5,101.359421,4466.895996,312.258392,2018.749878,57.08448,1043.607178,0.218774,0.199856,0.160049,0.143754,9.5,2268.5
2272.6,101.365089,4624.383301,321.285126,2018.749878,56.908192,-429.625244,0.220621,0.201946,0.161753,0.145336,9.5,2268.6
2272.7,101.37838,4400.40625,362.788757,2019.999878,56.249256,1540.38562,0.224914,0.206828,0.16574,0.149035,9.5,2268.7
2272.8,101.366066,4187.871582,359.872345,2018.749878,57.633469,1622.383057,0.231152,0.213928,0.171541,0.154416,9.5,2268.8
2272.9,101.365295,4141.764648,256.423065,2018.749878,57.576733,-942.978638,0.237883,0.221573,0.177782,0.160208,9.5,2268.9
2273.0,101.387352,3986.074463,283.036194,2019.999878,57.877205,-569.12854,0.24236,0.226639,0.18191,0.164041,9.5,2269.0
2273.1,101.378677,3977.744873,286.951691,2021.249878,56.077061,1186.150879,0.241789,0.226002,0.181395,0.163561,9.5,2269.1
2273.2,101.379242,4442.140625,274.36441,2021.249878,54.103779,408.161011,0.234236,0.217506,0.174493,0.157144,9.5,2269.2
2273.3,101.379242,4783.405762,340.72934,2023.749878,51.41803,29.273193,0.22298,0.204841,0.164202,0.147576,9.5,2269.3
2273.4,101.394714,4852.802734,381.998749,2027.499878,49.789349,-744.253906,0.211455,0.191882,0.153678,0.137789,9.5,2269.4
2273.5,101.384041,4889.033203,388.203369,2029.999878,49.186474,-870.005127,0.205199,0.18486,0.147979,0.132488,9.5,2269.5
2273.6,101.386871,4957.26709,435.637421,2029.999878,49.835152,-638.007813,0.205854,0.185613,0.148598,0.133061,9.5,2269.6
2273.7,101.397423,4780.445801,375.522034,2029.999878,50.546997,-1204.111816,0.215329,0.196335,0.157335,0.141176,9.5,2269.7
2273.8,101.397575,4573.793457,375.50943,2031.249878,51.727047,-1715.041992,0.22938,0.21226,0.170323,0.153235,9.5,2269.8
2273.9,101.403656,4329.02002,280.679047,2031.249878,52.567871,-11447.993164,0.246247,0.231453,0.186008,0.167788,9.5,2269.9
2274.0,101.408661,4224.872559,294.050049,2031.249878,54.489094,-6757.464844,0.262554,0.250205,0.201417,0.18206,9.5,2270.0
2274.1,101.400406,4251.261719,266.764679,2032.499878,55.274204,12882.007813,0.27762,0.267722,0.215895,0.195443,9.5,2270.1
2274.2,101.405861,3714.199707,249.092239,2032.499878,56.293884,9698.47168,0.286781,0.278495,0.224849,0.203706,9.5,2270.2
2274.3,101.435898,3772.819824,240.792358,2031.249878,56.974178,219.907104,0.290386,0.282752,0.228396,0.206976,9.5,2270.3
2274.4,101.430923,4115.694824,211.204742,2032.499878,59.866516,-118.977905,0.289443,0.281639,0.227469,0.206121,9.5,2270.4
2274.5,101.433968,4159.692871,251.251297,2031.249878,62.745712,761.429443,0.288101,0.280041,0.226132,0.20489,9.5,2270.5
2274.6,101.418701,3936.357422,286.984131,2031.249878,66.03437,757.656494,0.286144,0.277694,0.22416,0.203075,9.5,2270.6
2274.7,101.426331,3714.827637,228.267303,2028.749878,68.72654,-12.797119,0.28639,0.277969,0.224383,0.203282,9.5,2270.7
2274.8,101.43763,3670.397217,233.794495,2028.749878,70.636063,-391.522705,0.290168,0.282478,0.22816,0.20676,9.5,2270.8
2274.9,101.427971,3827.986084,223.831955,2028.749878,71.351173,-506.846558,0.298488,0.292468,0.236557,0.214486,9.5,2270.9
2275.0,101.431999,3670.332275,228.251297,2031.249878,70.455482,-647.891602,0.306541,0.302173,0.244731,0.222006,9.5,2271.0
2275.1,101.449432,3612.500488,206.843048,2029.999878,70.401573,-735.841797,0.312801,0.309746,0.251124,0.227883,9.5,2271.1
2275.2,101.450539,3670.536377,198.58075,2031.249878,69.450111,305.385742,0.316421,0.314138,0.254836,0.231295,9.5,2271.2
2275.3,101.455338,3758.201904,209.483948,2031.249878,68.431084,867.620361,0.318213,0.316303,0.256662,0.232974,9.5,2271.3
2275.4,101.463654,3720.060059,213.971298,2033.749878,65.675941,-303.092896,0.317114,0.314951,0.25551,0.231917,9.5,2271.4
2275.5,101.452324,3834.479492,220.673279,2034.999878,63.336052,-277.564331,0.31174,0.308448,0.25002,0.226869,9.5,2271.5
2275.6,101.470596,3971.291748,215.706024,2036.249878,60.877132,692.321533,0.303679,0.298753,0.241863,0.219364,9.5,2271.6
2275.7,101.467972,3952.003174,236.469986,2037.499878,59.653618,537.494629,0.293036,0.286045,0.231214,0.209558,9.5,2271.7
2275.8,101.452324,3848.239258,228.26683,2032.499878,59.070057,-295.647705,0.282677,0.273717,0.220901,0.200059,9.5,2271.8
2275.9,101.46711,3890.156738,285.417328,2032.499878,59.482861,-1813.559692,0.27285,0.262031,0.21113,0.191057,9.5,2271.9
2276.0,101.458076,3841.53418,255.365997,2034.999878,60.356392,284.17627,0.267243,0.255358,0.205549,0.185916,9.5,2272.0
2276.1,101.474289,3833.973145,249.125488,2034.999878,62.430965,1808.622192,0.266232,0.254139,0.204521,0.184971,9.5,2272.1
2276.2,101.463593,3717.918213,253.277267,2034.999878,64.550301,-642.248657,0.269983,0.258549,0.208185,0.188352,9.5,2272.2
2276.3,101.458374,3999.38501,254.353516,2036.249878,67.306854,-981.3927,0.274556,0.263921,0.212647,0.192469,9.5,2272.3
2276.4,101.459892,3767.497314,228.270294,2036.249878,68.982002,796.808716,0.278044,0.268011,0.216041,0.195601,9.5,2272.4
2276.5,101.463173,3619.310059,215.716934,2033.749878,70.493286,57.502441,0.279919,0.270214,0.217871,0.197289,9.5,2272.5
2276.6,101.474525,3670.307861,254.38179,2033.749878,70.202988,-948.887573,0.281327,0.271878,0.219258,0.198568,9.5,2272.6
2276.7,101.460938,3656.954102,243.933823,2032.499878,69.922882,-620.239746,0.282244,0.272967,0.220167,0.199406,9.5,2272.7
2276.8,101.471519,3632.287598,206.326294,2032.499878,68.227913,1140.88147,0.284609,0.275793,0.222537,0.201587,9.5,2272.8
2276.9,101.478317,3659.355225,235.228104,2031.249878,67.772446,1536.872925,0.2879,0.279716,0.225821,0.204611,9.5,2272.9
2277.0,101.473457,3494.585693,215.751419,2032.499878,67.216728,-941.715088,0.293709,0.286675,0.231662,0.209987,9.5,2273.0
2277.1,101.483856,3619.075684,220.677612,2031.249878,67.77784,-1426.329956,0.300614,0.295026,0.238711,0.21647,9.5,2273.1
2277.2,101.467316,3436.585205,192.267334,2029.999878,68.273506,696.844849,0.310446,0.307004,0.248863,0.225798,9.5,2273.2
2277.3,101.484512,3443.128418,228.903015,2029.999878,68.833496,110.271729,0.319625,0.318232,0.258401,0.234561,9.5,2273.3
2277.4,101.47879,3531.952148,175.045212,2033.749878,68.819099,-712.380249,0.327204,0.327485,0.266252,0.241774,9.5,2273.4
2277.5,101.470352,3670.345703,168.775192,2034.999878,66.641434,1753.030884,0.329103,0.329805,0.268222,0.243584,9.5,2273.5
2277.6,101.479385,3768.150146,222.001053,2033.749878,63.333023,540.612915,0.326646,0.326782,0.265647,0.241219,9.5,2273.6
2277.7,101.471428,3713.618408,204.89238,2032.499878,60.130337,-234.888733,0.318998,0.317418,0.257687,0.233908,9.5,2273.7
2277.8,101.466988,3707.375732,204.945969,2031.249878,57.889488,834.796997,0.311057,0.307675,0.249397,0.226294,9.5,2273.8
2277.9,101.463264,3470.107666,249.021255,2032.499878,57.20908,231.784973,0.303718,0.298711,0.241788,0.219303,9.5,2273.9
2278.0,101.476646,3653.892578,195.669128,2031.249878,57.374565,-1567.542847,0.298459,0.292362,0.236433,0.214379,9.5,2274.0
2278.1,101.477005,3603.008545,216.12352,2028.749878,59.11512,-282.790039,0.294601,0.287735,0.232548,0.210804,9.5,2274.1
2278.2,101.465317,3555.463623,218.456223,2028.749878,61.187134,-265.886475,0.294027,0.287075,0.232006,0.210302,9.5,2274.2
2278.3,101.478043,3426.625488,220.541321,2028.749878,62.645767,-1852.875122,0.297024,0.290735,0.235113,0.213156,9.5,2274.3
2278.4,101.468445,3510.553223,243.995331,2026.249878,62.525475,537.73877,0.301761,0.296488,0.23998,0.21763,9.5,2274.4
2278.5,101.471069,3447.876953,165.809708,2023.749878,63.075665,-432.223145,0.306004,0.301622,0.244314,0.221615,9.5,2274.5
2278.6,101.467819,3480.345215,190.697189,2022.499878,64.064178,-970.486816,0.30811,0.304138,0.246422,0.223556,9.5,2274.6
2278.7,101.482185,3393.606201,206.724319,2021.249878,64.664207,-224.580811,0.307508,0.303388,0.24578,0.222967,9.5,2274.7
2278.8,101.474258,3573.840576,211.30278,2016.249878,64.643997,629.689209,0.305365,0.30078,0.243571,0.220938,9.5,2274.8
2278.9,101.461685,3585.23291,229.463028,2012.499878,65.146355,1437.701904,0.303465,0.298464,0.241607,0.219133,9.5,2274.9
2279.0,101.46907,3428.148926,192.09465,2008.749878,65.979042,-2327.658936,0.305241,0.300594,0.243397,0.220779,9.5,2275.0
2279.1,101.463737,3735.473389,220.708267,2029.999878,64.677292,-1038.930176,0.308692,0.304767,0.246918,0.224017,9.5,2275.1
2279.2,101.474472,3674.278809,187.97377,2029.999878,62.417278,1811.666504,0.313923,0.3111,0.252264,0.228932,9.5,2275.2
2279.3,101.470238,3479.533691,216.830093,2028.749878,61.361195,1615.604492,0.315771,0.313324,0.254136,0.230654,9.5,2275.3
2279.4,101.463501,3572.768311,199.111267,2027.499878,61.864098,42.727295,0.317206,0.315057,0.255597,0.231997,9.5,2275.4
2279.5,101.465141,3662.246582,214.611313,2028.749878,63.063023,-1773.90918,0.315848,0.313394,0.254184,0.230699,9.5,2275.5
2279.6,101.470238,3579.277588,193.9478,2026.249878,64.746422,463.635498,0.313828,0.310957,0.25213,0.22881,9.5,2275.6
2279.7,101.465378,3706.725342,215.160934,2028.749878,66.028465,1427.773804,0.309089,0.305221,0.247288,0.224359,9.5,2275.7
2279.8,101.466064,3726.343018,213.335419,2027.499878,66.339127,1056.569092,0.30286,0.297724,0.240978,0.218554,9.5,2275.8
2279.9,101.466537,3600.105469,211.888458,2029.999878,64.749481,410.281494,0.295945,0.289395,0.233965,0.212104,9.5,2275.9
2280.0,101.482483,3522.675537,248.787109,2029.999878,63.316399,103.598511,0.28797,0.279856,0.225964,0.204738,9.5,2276.0
2280.1,101.466537,3524.402832,202.302444,2028.749878,62.048386,718.843323,0.279871,0.270244,0.217935,0.197339,9.5,2276.1
2280.2,101.468597,3591.909912,236.791153,2028.749878,62.200016,416.763123,0.271586,0.260487,0.209818,0.189852,9.5,2276.2
2280.3,101.478317,3734.830078,233.497055,2028.749878,62.50349,-74.087952,0.266816,0.254901,0.205187,0.185577,9.5,2276.3
2280.4,101.460815,3638.538574,248.804306,2027.499878,63.696171,-864.340637,0.266683,0.254806,0.205136,0.185523,9.5,2276.4
2280.5,101.463295,3677.535889,274.449799,2026.249878,63.390038,-213.451172,0.272255,0.261453,0.210703,0.19065,9.5,2276.5
2280.6,101.474525,3551.133789,220.829514,2024.999878,63.610905,444.091431,0.282173,0.273254,0.220575,0.199744,9.5,2276.6
2280.7,101.458763,3594.539307,190.694336,2026.249878,62.589924,-91.473145,0.295163,0.28871,0.233504,0.211655,9.5,2276.7
2280.8,101.461861,3801.569824,218.900574,2024.999878,63.525215,-432.107178,0.310772,0.307516,0.24935,0.226238,9.5,2276.8
2280.9,101.462128,3742.483643,233.462616,2026.249878,64.089539,-34.187744,0.321555,0.320597,0.260416,0.236414,9.5,2276.9
2281.0,101.453781,3816.921387,180.651108,2027.499878,66.631271,-55.490601,0.326125,0.326243,0.265243,0.240847,9.5,2277.0
2281.1,101.464752,3797.566895,208.941727,2028.749878,68.712067,-107.233643,0.322292,0.32163,0.261361,0.237276,9.5,2277.1
2281.2,101.4534,3569.853271,180.670517,2029.999878,71.903664,644.697937,0.317137,0.315399,0.256104,0.232442,9.5,2277.2
2281.3,101.453545,3588.607178,252.196716,2029.999878,73.731888,209.660889,0.310651,0.307442,0.24933,0.226219,9.5,2277.3
2281.4,101.454292,3533.866943,236.757126,2031.249878,73.975014,631.927551,0.307357,0.303334,0.245799,0.222978,9.5,2277.4
2281.5,101.465614,3635.018066,198.975174,2029.999878,71.752159,-373.250854,0.305894,0.301456,0.244158,0.221474,9.5,2277.5
2281.6,101.459534,3544.22583,190.690536,2028.749878,68.58017,-1139.416626,0.30684,0.302604,0.245129,0.222366,9.5,2277.6
2281.7,101.462845,3738.669434,207.420364,2026.249878,65.914261,287.167969,0.304216,0.299488,0.242525,0.219967,9.5,2277.7
2281.8,101.462608,3739.323975,218.903076,2026.249878,63.628983,508.197998,0.295827,0.289485,0.234147,0.21225,9.5,2277.8
2281.9,101.468895,3787.015869,237.629456,2026.249878,62.805496,233.650269,0.282591,0.273724,0.220957,0.2001,9.5,2277.9
2282.0,101.476021,3924.061279,255.381592,2024.999878,62.770973,-34.802185,0.269551,0.258221,0.207994,0.188156,9.5,2278.0
2282.1,101.48439,3953.406494,266.2547,2021.249878,62.989445,304.809875,0.261083,0.248196,0.199631,0.180447,9.5,2278.1
2282.2,101.497269,3759.584717,267.65976,2021.249878,62.641121,-69.626892,0.257172,0.243592,0.195803,0.176916,9.5,2278.2
2282.3,101.508179,3986.273682,272.216858,2019.999878,61.37941,-432.202209,0.255554,0.241708,0.194245,0.175477,9.5,2278.3
2282.4,101.499863,4038.07959,257.062592,2022.499878,60.762352,-1498.93335,0.25316,0.238974,0.192006,0.173401,9.5,2278.4
2282.5,101.50898,4045.761719,248.638443,2021.249878,60.395107,594.55188,0.249516,0.234813,0.188601,0.170244,9.5,2278.5
2282.6,101.513092,3955.011963,290.269196,2021.249878,61.302036,2341.008545,0.244495,0.229061,0.183886,0.165876,9.5,2278.6
2282.7,101.513992,4016.504639,306.224792,2021.249878,61.981785,267.627563,0.239922,0.223802,0.179565,0.161876,9.5,2278.7
2282.8,101.510117,4194.713867,310.611877,2021.249878,63.206944,-16.507011,0.235031,0.218209,0.174985,0.15763,9.5,2278.8
2282.9,101.519295,4062.974609,267.866425,2018.749878,63.689205,11.377243,0.231465,0.214163,0.171684,0.154566,9.5,2278.9
2283.0,101.524597,4090.687988,292.503876,2018.749878,64.267441,-1.840561,0.228407,0.210715,0.16888,0.151961,9.5,2279.0
2283.1,101.507759,4016.442627,303.116272,2019.999878,64.171768,-0.638702,0.227609,0.209825,0.16816,0.15129,9.5,2279.1
2283.2,101.513214,4105.79834,351.977264,2019.999878,64.17791,0.219589,0.227778,0.210028,0.16833,0.151447,9.5,2279.2
2283.3,101.518433,4124.771973,285.068909,2018.749878,64.080765,0.284531,0.231448,0.214206,0.171744,0.154614,9.5,2279.3
2283.4,101.516556,4187.826172,286.301331,2018.749878,,-0.385437,0.237935,0.221597,0.177787,0.160218,9.5,2279.4
2283.5,101.517776,4121.805176,294.224304,2018.749878,,0.136475,0.246915,0.231845,0.186173,0.167993,9.5,2279.5
2283.6,101.517509,4266.251953,284.227448,2017.499878,,0.37352,0.254257,0.240252,0.193064,0.174378,9.5,2279.6
2283.7,101.516106,4268.005371,266.022247,2012.499878,,0.0,0.259414,0.246183,0.197936,0.178889,9.5,2279.7
2283.8,101.509224,4417.82666,291.238098,2011.249878,,,0.260477,0.247417,0.198954,0.17983,9.5,2279.8
2283.9,101.497505,4064.862793,272.632538,2011.249878,,,0.257367,0.243868,0.196051,0.177138,9.5,2279.9
2284.0,,3790.205566,263.745667,2006.249878,,,0.24965,0.235049,0.188829,0.170444,9.5,2280.0
2284.1,,3696.898926,267.19165,2011.249878,,,0.239679,0.223682,0.179533,0.161823,9.5,2280.1
2284.2,,3783.568115,309.689392,2012.499878,,,0.229109,0.211652,0.169702,0.152703,9.5,2280.2
2284.3,,3808.996094,293.384827,2012.499878,,,0.219529,0.200802,0.160858,0.144491,9.5,2280.3
2284.4,,3871.154297,280.487885,2011.249878,,,0.212853,0.193266,0.154725,0.138793,9.5,2280.4
2284.5,,3874.102783,320.368225,2011.249878,,,0.209857,0.18991,0.152005,0.136261,9.5,2280.5
2284.6,,3889.604736,304.161407,2013.749878,,,0.210234,0.19033,0.152345,0.136578,9.5,2280.6
2284.7,,3843.854492,312.909607,1989.999878,,,0.211788,0.192063,0.153747,0.137884,9.5,2280.7
2284.8,,3774.028076,283.037476,2013.749878,,,0.214393,0.194962,0.156088,0.140066,9.5,2280.8
2284.9,,3810.240723,291.577911,1982.499878,,,0.216716,0.197546,0.158175,0.142011,9.5,2280.9
2285.0,,3878.729736,292.370667,1959.999878,,,0.218678,0.199728,0.159938,0.143653,9.5,2281.0
2285.1,,3924.618896,,1884.999878,,,0.219243,0.200358,0.160447,0.144127,9.5,2281.1
2285.2,,,,1883.749878,,,,,,,9.5,2281.2
2285.3,,,,1854.999878,,,,,,,9.5,2281.3
2285.4,,,,1851.249878,,,,,,,9.5,2281.4
2285.5,,,,1847.499878,,,,,,,9.5,2281.5
2285.6,,,,1843.749878,,,,,,,9.5,2281.6
2285.7,,,,1838.749878,,,,,,,9.5,2281.7
2285.8,,,,1842.499878,,,,,,,9.5,2281.8
2285.9,,,,,,,,,,,9.5,2281.9
