DEPT,gr_cps,GRCC,TENS,mss
2119.925,,,,2115.925
2119.95,,,,2115.95
2119.975,,,,2115.975
2120.0,,,,2116.0
2120.025,,,,2116.025
2120.05,,,,2116.05
2120.075,,,,2116.075
2120.1,,,,2116.1
2120.125,,,,2116.125
2120.15,,,,2116.15
2120.175,,-2.945736,,2116.175
2120.2,,-2.93,,2116.2
2120.225,,4.999,,2116.225
2120.25,,-6.083,,2116.25
2120.275,,4.053,,2116.275
2120.3,,-4.139,,2116.3
2120.325,,1.034119,,2116.325
2120.35,,1.033,,2116.35
2120.375,,-0.85,,2116.375
2120.4,,-4.123,,2116.4
2120.425,,-7.006,,2116.425
2120.45,,2.977,,2116.45
2120.475,,0.188,,2116.475
2120.5,,1.383,,2116.5
2120.525,,-5.190797,,2116.525
2120.55,,-4.5091,,2116.55
2120.575,,-4.554,,2116.575
2120.6,,4.23,,2116.6
2120.625,,-7.646,,2116.625
2120.65,,-5.399,,2116.65
2120.675,,4.098,,2116.675
2120.7,,2.897,,2116.7
2120.725,,-7.741,,2116.725
2120.75,,-3.196382,,2116.75
2120.775,,-3.824,,2116.775
2120.8,,0.487,,2116.8
2120.825,,-3.892,,2116.825
2120.85,,-2.425,,2116.85
2120.875,,1.891,,2116.875
2120.9,,-7.341,,2116.9
2120.925,,-0.147,,2116.925
2120.95,,-4.773,,2116.95
2120.975,,1.382,,2116.975
2121.0,,-2.744383,,2117.0
2121.025,,-2.946,,2117.025
2121.05,,0.877,,2117.05
2121.075,,3.401,,2117.075
2121.1,,-4.113,,2117.1
2121.125,,-9.151,,2117.125
2121.15,,-0.906,,2117.15
2121.175,,3.569,,2117.175
2121.2,,6.008,,2117.2
2121.225,,1.298,,2117.225
2121.25,,-9.843,,2117.25
2121.275,,-3.066,,2117.275
2121.3,,-6.416,,2117.3
2121.325,,-3.824,,2117.325
2121.35,,2.475,,2117.35
2121.375,,5.369,,2117.375
2121.4,,-5.529363,,2117.4
2121.425,,-5.68,,2117.425
2121.45,,-2.378543,,2117.45
2121.475,,-2.258,,2117.475
2121.5,,0.881899,,2117.5
2121.525,50.797253,0.578,,2117.525
2121.55,51.634579,-1.799,,2117.55
2121.575,52.264565,3.217,,2117.575
2121.6,52.687214,-10.323,,2117.6
2121.625,53.077965,-2.478,,2117.625
2121.65,53.325176,-4.80202,,2117.65
2121.675,53.676056,-4.762,,2117.675
2121.7,53.939209,2.14,,2117.7
2121.725,53.923271,-1.35,,2117.725
2121.75,53.723907,0.414448,,2117.75
2121.775,53.412903,0.402,,2117.775
2121.8,53.085953,-1.963,,2117.8
2121.825,52.479881,-10.959,,2117.825
2121.85,52.033306,-1.363,,2117.85
2121.875,51.650532,1.438,,2117.875
2121.9,51.251801,-1.786,,2117.9
2121.925,50.661686,2.993,,2117.925
2121.95,49.936001,0.821,,2117.95
2121.975,49.27412,-2.075,,2117.975
2122.0,48.93121,-7.958,,2118.0
2122.025,48.540455,-5.982,,2118.025
2122.05,48.436787,-7.095,,2118.05
2122.075,48.317169,-0.939,,2118.075
2122.1,48.261345,2.823,,2118.1
2122.125,48.221474,-4.937,,2118.125
2122.15,48.32515,5.183,,2118.15
2122.175,48.476665,-3.564,,2118.175
2122.2,48.883366,-11.675,831.249939,2118.2
2122.225,49.313988,5.427,832.499939,2118.225
2122.25,49.79245,2.655,832.499939,2118.25
2122.275,50.063583,-9.212,833.749939,2118.275
2122.3,50.565983,-2.713,833.749939,2118.3
2122.325,50.876991,7.38,833.749939,2118.325
2122.35,51.443176,-2.543,832.499939,2118.35
2122.375,52.128975,-5.709,833.749939,2118.375
2122.4,52.942375,-1.853,833.749939,2118.4
2122.425,53.644123,-4.967,833.749939,2118.425
2122.45,54.058796,8.32,832.499939,2118.45
2122.475,54.282078,-5.06,833.749939,2118.475
2122.5,54.601059,-7.676,832.499939,2118.5
2122.525,54.776489,-0.707,832.499939,2118.525
2122.55,55.159264,6.143,832.499939,2118.55
2122.575,55.350647,-6.801329,832.499939,2118.575
2122.6,55.542027,-6.226868,831.249939,2118.6
2122.625,55.40646,-6.941,831.249939,2118.625
2122.65,55.143299,8.219,832.499939,2118.65
2122.675,54.624958,3.692,832.499939,2118.675
2122.7,54.337883,1.191,832.499939,2118.7
2122.725,54.369785,-9.469,832.499939,2118.725
2122.75,54.672829,-0.943,831.249939,2118.75
2122.775,54.904095,0.212,831.249939,2118.775
2122.8,55.055618,10.176,831.249939,2118.8
2122.825,54.728664,-14.249,831.249939,2118.825
2122.85,54.481464,-12.23,831.249939,2118.85
2122.875,54.114647,-0.276051,829.999939,2118.875
2122.9,53.757103,0.634,829.999939,2118.9
2122.925,53.726513,2.125,828.749939,2118.925
2122.95,53.695915,10.295,829.999939,2118.95
2122.975,53.473938,-6.304,828.749939,2118.975
2123.0,53.079765,4.435,828.749939,2119.0
2123.025,52.455315,1.451,827.499939,2119.025
2123.05,51.849419,-12.191,827.499939,2119.05
2123.075,51.408218,-0.922,826.249939,2119.075
2123.1,51.328793,0.922585,826.249939,2119.1
2123.125,51.341648,0.517,824.999939,2119.125
2123.15,51.53384,-1.686,824.999939,2119.15
2123.175,51.590462,-2.936,824.999939,2119.175
2123.2,51.168613,-4.198,824.999939,2119.2
2123.225,50.891605,-3.15,824.999939,2119.225
2123.25,50.627125,-6.351,824.999939,2119.25
2123.275,50.280952,-2.603,823.749939,2119.275
2123.3,50.226254,-0.60088,823.749939,2119.3
2123.325,50.336906,-0.601,824.999939,2119.325
2123.35,50.41338,-2.431,824.999939,2119.35
2123.375,50.415806,-8.307,824.999939,2119.375
2123.4,50.12188,5.35,824.999939,2119.4
2123.425,49.729809,0.807,824.999939,2119.425
2123.45,49.735016,-1.353,824.999939,2119.45
2123.475,50.063087,-7.628,824.999939,2119.475
2123.5,50.314522,-0.395,824.999939,2119.5
2123.525,50.577995,-2.714334,824.999939,2119.525
2123.55,50.999332,-2.534,826.249939,2119.55
2123.575,51.384373,-5.84,826.249939,2119.575
2123.6,51.538319,-0.331,826.249939,2119.6
2123.625,51.567764,-1.489,826.249939,2119.625
2123.65,51.631081,-2.954,827.499939,2119.65
2123.675,51.787476,-4.756,826.249939,2119.675
2123.7,51.721226,-3.185,826.249939,2119.7
2123.725,51.71619,-1.646,826.249939,2119.725
2123.75,51.774273,0.319,826.249939,2119.75
2123.775,52.015148,-4.817,824.999939,2119.775
2123.8,52.149578,-1.477,824.999939,2119.8
2123.825,52.243488,0.218,824.999939,2119.825
2123.85,52.300442,4.796,824.999939,2119.85
2123.875,52.550098,-3.306,823.749939,2119.875
2123.9,53.117584,-5.557,823.749939,2119.9
2123.925,53.618019,0.208,823.749939,2119.925
2123.95,54.140915,-4.428,823.749939,2119.95
2123.975,55.013699,-1.774,823.749939,2119.975
2124.0,55.788853,-4.51,823.749939,2120.0
2124.025,56.385311,-0.971416,823.749939,2120.025
2124.05,56.507538,-1.294,824.999939,2120.05
2124.075,56.702999,1.582,824.999939,2120.075
2124.1,57.151527,5.539,824.999939,2120.1
2124.125,57.49297,-5.307,824.999939,2120.125
2124.15,57.768646,-2.683,824.999939,2120.15
2124.175,58.015549,-7.993,824.999939,2120.175
2124.2,58.148514,-0.588,824.999939,2120.2
2124.225,58.387272,0.642719,823.749939,2120.225
2124.25,58.406311,0.667,824.999939,2120.25
2124.275,58.262608,-1.720405,823.749939,2120.275
2124.3,58.265705,-1.624506,822.499939,2120.3
2124.325,58.555878,-1.082,822.499939,2120.325
2124.35,58.813492,1.29,822.499939,2120.35
2124.375,58.835133,-1.166,822.499939,2120.375
2124.4,58.702187,-4.743,822.499939,2120.4
2124.425,58.488506,-1.03,821.249939,2120.425
2124.45,58.074802,-2.572,821.249939,2120.45
2124.475,57.57975,5.355,821.249939,2120.475
2124.5,57.035854,3.209,821.249939,2120.5
2124.525,56.719807,-2.738,821.249939,2120.525
2124.55,56.371204,-10.162,822.499939,2120.55
2124.575,55.679546,-3.779141,822.499939,2120.575
2124.6,55.028564,-4.286,823.749939,2120.6
2124.625,54.663692,2.202,824.999939,2120.625
2124.65,54.172028,-0.717,824.999939,2120.65
2124.675,53.712925,-2.739,824.999939,2120.675
2124.7,53.278221,0.077,826.249939,2120.7
2124.725,52.778431,-2.24356,826.249939,2120.725
2124.75,52.482071,-2.169,826.249939,2120.75
2124.775,52.169441,7.499,826.249939,2120.775
2124.8,51.596413,-2.103,827.499939,2120.8
2124.825,51.121033,-8.767,827.499939,2120.825
2124.85,50.832806,-1.182,827.499939,2120.85
2124.875,50.520176,-2.54,828.749939,2120.875
2124.9,50.108582,0.601,828.749939,2120.9
2124.925,49.815639,-6.362,827.499939,2120.925
2124.95,49.669167,-3.515,827.499939,2120.95
2124.975,49.514565,2.84,827.499939,2120.975
2125.0,49.416924,-0.987,826.249939,2121.0
2125.025,49.538975,-5.761,826.249939,2121.025
2125.05,49.693588,-9.338,827.499939,2121.05
2125.075,50.027206,1.043785,827.499939,2121.075
2125.1,50.173668,1.559,826.249939,2121.1
2125.125,50.613087,5.857,827.499939,2121.125
2125.15,51.011806,0.72,827.499939,2121.15
2125.175,51.264061,-7.12,827.499939,2121.175
2125.2,51.451221,6.09,827.499939,2121.2
2125.225,51.524452,-7.468,828.749939,2121.225
2125.25,51.630249,-5.196,828.749939,2121.25
2125.275,52.020832,-6.489,828.749939,2121.275
2125.3,52.281235,0.774,828.749939,2121.3
2125.325,52.387012,-3.598,828.749939,2121.325
2125.35,52.460258,6.687,828.749939,2121.35
2125.375,52.427711,0.849,828.749939,2121.375
2125.4,52.037128,-5.908,828.749939,2121.4
2125.425,51.719776,-2.61,827.499939,2121.425
2125.45,51.443108,6.525,827.499939,2121.45
2125.475,51.207138,-2.089,827.499939,2121.475
2125.5,50.808414,-23.834,826.249939,2121.5
2125.525,50.450382,3.218,826.249939,2121.525
2125.55,50.124897,1.832,826.249939,2121.55
2125.575,49.734306,11.047,826.249939,2121.575
2125.6,49.254215,8.758,826.249939,2121.6
2125.625,48.76598,-49.07,826.249939,2121.625
2125.65,48.554417,-80.406998,826.249939,2121.65
2125.675,48.627651,151.723007,826.249939,2121.675
2125.7,48.521858,-41.969002,826.249939,2121.7
2125.725,48.399796,-150.552002,824.999939,2121.725
2125.75,48.277752,75.897003,824.999939,2121.75
2125.775,48.220783,-11.064,824.999939,2121.775
2125.8,48.147549,0.058,826.249939,2121.8
2125.825,47.765091,-4.325,824.999939,2121.825
2125.85,47.382645,-12.83,824.999939,2121.85
2125.875,47.18734,-3.851,826.249939,2121.875
2125.9,47.179203,12.711,826.249939,2121.9
2125.925,47.171066,-8.131,827.499939,2121.925
2125.95,47.097828,-1.065,828.749939,2121.95
2125.975,47.317528,0.553288,828.749939,2121.975
2126.0,47.65929,1.108,829.999939,2122.0
2126.025,47.67556,4.347488,829.999939,2122.025
2126.05,47.887131,4.421,831.249939,2122.05
2126.075,47.976643,-4.518,829.999939,2122.075
2126.1,48.098701,-15.902,829.999939,2122.1
2126.125,48.285862,-1.028026,831.249939,2122.125
2126.15,48.424198,-0.153,831.249939,2122.15
2126.175,48.660179,-3.877,831.249939,2122.175
2126.2,48.806648,3.879,829.999939,2122.2
2126.225,48.863613,-2.171,831.249939,2122.225
2126.25,49.034496,-4.538,829.999939,2122.25
2126.275,49.075195,7.604,829.999939,2122.275
2126.3,49.465775,3.486,828.749939,2122.3
2126.325,49.807541,-10.647,828.749939,2122.325
2126.35,50.539894,2.002,827.499939,2122.35
2126.375,51.434978,4.849,827.499939,2122.375
2126.4,52.289394,-10.327,827.499939,2122.4
2126.425,53.143806,-3.356,827.499939,2122.425
2126.45,53.73782,-5.494,828.749939,2122.45
2126.475,54.299278,-0.932802,828.749939,2122.475
2126.5,54.942108,-0.808,829.999939,2122.5
2126.525,55.433922,2.344998,831.249939,2122.525
2126.55,56.042572,2.345,829.999939,2122.55
2126.575,56.823406,-13.295,829.999939,2122.575
2126.6,57.453888,-1.769819,828.749939,2122.6
2126.625,57.826885,-1.783,828.749939,2122.625
2126.65,57.903046,-5.218,827.499939,2122.65
2126.675,57.99028,-0.095,826.249939,2122.675
2126.7,58.11235,2.295,826.249939,2122.7
2126.725,57.971096,-5.727,824.999939,2122.725
2126.75,57.995525,3.588,823.749939,2122.75
2126.775,58.022881,-9.053,823.749939,2122.775
2126.8,58.065208,6.718,823.749939,2122.8
2126.825,58.10965,-6.425,822.499939,2122.825
2126.85,57.732922,-3.196,822.499939,2122.85
2126.875,57.444729,2.97,822.499939,2122.875
2126.9,57.068798,0.734,822.499939,2122.9
2126.925,56.821129,-9.483,821.249939,2122.925
2126.95,56.413971,-0.109546,821.249939,2122.95
2126.975,56.095825,0.239,821.249939,2122.975
2127.0,55.911461,9.8,821.249939,2123.0
2127.025,55.507065,-4.409,821.249939,2123.025
2127.05,55.081997,-11.491,821.249939,2123.05
2127.075,54.548218,-0.027,819.999939,2123.075
2127.1,53.807907,-3.146,819.999939,2123.1
2127.125,53.476078,13.075,821.249939,2123.125
2127.15,53.278183,2.561,821.249939,2123.15
2127.175,53.068733,-13.306,822.499939,2123.175
2127.2,52.984756,-9.367,822.499939,2123.2
2127.225,52.960999,-2.70698,822.499939,2123.225
2127.25,52.822826,-1.804,822.499939,2123.25
2127.275,52.727131,2.799,822.499939,2123.275
2127.3,52.52776,-2.706892,822.499939,2123.3
2127.325,52.304466,-2.696,822.499939,2123.325
2127.35,51.977516,-3.98,823.749939,2123.35
2127.375,51.897766,-5.666,823.749939,2123.375
2127.4,51.594727,5.05,823.749939,2123.4
2127.425,51.331558,-1.299732,822.499939,2123.425
2127.45,51.076363,-0.606147,823.749939,2123.45
2127.475,50.76535,-1.407,823.749939,2123.475
2127.5,50.677624,-3.435,823.749939,2123.5
2127.525,50.310791,-5.091,822.499939,2123.525
2127.55,50.03167,-7.558,821.249939,2123.55
2127.575,50.15926,-0.592235,819.999939,2123.575
2127.6,50.047615,-1.081,819.999939,2123.6
2127.625,49.951916,-2.303,819.999939,2123.625
2127.65,49.696739,6.235,819.999939,2123.65
2127.675,49.497375,-0.117085,821.249939,2123.675
2127.7,49.202328,-0.055,819.999939,2123.7
2127.725,48.891323,1.238,821.249939,2123.725
2127.75,48.604248,-3.039,819.999939,2123.75
2127.775,48.253368,-1.124,821.249939,2123.775
2127.8,48.221474,-10.944,821.249939,2123.8
2127.825,48.43679,-2.180366,821.249939,2123.825
2127.85,48.221478,-2.99,821.249939,2123.85
2127.875,48.165661,-8.026,819.999939,2123.875
2127.9,48.548435,-1.203,819.999939,2123.9
2127.925,49.034885,6.301,818.749939,2123.925
2127.95,49.609051,-1.331209,819.999939,2123.95
2127.975,50.215115,-1.731,818.749939,2123.975
2128.0,51.020542,-5.984,818.749939,2124.0
2128.025,51.857861,5.181,818.749939,2124.025
2128.05,52.575573,-5.444,817.499939,2124.05
2128.075,53.349106,0.202,817.499939,2124.075
2128.1,54.03492,-1.710366,817.499939,2124.1
2128.125,55.015785,-0.961,817.499939,2124.125
2128.15,56.028545,-3.179,817.499939,2124.15
2128.175,56.706379,-13.206,816.249939,2124.175
2128.2,57.392181,10.337,817.499939,2124.2
2128.225,58.030136,3.347,817.499939,2124.225
2128.25,58.699993,1.803,817.499939,2124.25
2128.275,59.26619,-3.185,818.749939,2124.275
2128.3,59.489479,-11.072,818.749939,2124.3
2128.325,59.864281,2.263,818.749939,2124.325
2128.35,60.255032,-0.403,818.749939,2124.35
2128.375,60.23111,-6.169803,818.749939,2124.375
2128.4,60.007828,-6.045,819.999939,2124.4
2128.425,59.736694,-3.132,819.999939,2124.425
2128.45,59.417721,0.511,821.249939,2124.45
2128.475,59.090775,4.034,821.249939,2124.475
2128.5,58.755852,-5.685,821.249939,2124.5
2128.525,58.620285,4.366,821.249939,2124.525
2128.55,58.492691,-6.701,821.249939,2124.55
2128.575,58.588387,-8.791,819.999939,2124.575
2128.6,58.468769,-0.242,819.999939,2124.6
2128.625,58.396999,-4.414,819.999939,2124.625
2128.65,58.540539,3.677,819.999939,2124.65
2128.675,58.843567,-5.112,819.999939,2124.675
2128.7,59.170521,2.353,819.999939,2124.7
2128.725,59.306084,-1.384,819.999939,2124.725
2128.75,59.282158,-5.285,819.999939,2124.75
2128.775,59.43367,1.051,821.249939,2124.775
2128.8,59.449612,-6.552,819.999939,2124.8
2128.825,59.385807,-3.13,819.999939,2124.825
2128.85,59.417706,-5.484,819.999939,2124.85
2128.875,59.680859,-3.811,819.999939,2124.875
2128.9,59.880211,6.959,821.249939,2124.9
2128.925,60.055641,-2.387,821.249939,2124.925
2128.95,60.111458,-4.31043,821.249939,2124.95
2128.975,60.143345,-4.308,821.249939,2124.975
2129.0,60.143341,3.161,821.249939,2125.0
2129.025,60.414471,0.512,821.249939,2125.025
2129.05,60.422432,3.307,821.249939,2125.05
2129.075,60.486221,2.203,821.249939,2125.075
2129.1,60.534061,-4.351,821.249939,2125.1
2129.125,60.637722,-6.214,819.999939,2125.125
2129.15,60.629742,3.998,819.999939,2125.15
2129.175,60.565945,-10.671,819.999939,2125.175
2129.2,60.478222,-1.93,819.999939,2125.2
2129.225,60.669613,3.521,818.749939,2125.225
2129.25,60.868973,-4.374,819.999939,2125.25
2129.275,61.211876,-0.491,818.749939,2125.275
2129.3,61.634521,-1.87,818.749939,2125.3
2129.325,61.961475,3.669,818.749939,2125.325
2129.35,62.081093,-11.075,818.749939,2125.35
2129.375,62.168808,-8.708,818.749939,2125.375
2129.4,62.168808,-0.147,818.749939,2125.4
2129.425,62.128941,-5.624,817.499939,2125.425
2129.45,62.017303,4.912,817.499939,2125.45
2129.475,62.120972,2.593726,817.499939,2125.475
2129.5,61.825909,1.621,816.249939,2125.5
2129.525,61.538834,-0.378,816.249939,2125.525
2129.55,61.267708,-7.76,816.249939,2125.55
2129.575,60.581905,-0.875,816.249939,2125.575
2129.6,59.999775,-4.787,817.499939,2125.6
2129.625,59.250183,3.12,817.499939,2125.625
2129.65,58.484638,-9.831,817.499939,2125.65
2129.675,57.77491,-3.579,818.749939,2125.675
2129.7,56.913666,-1.61,818.749939,2125.7
2129.725,56.020527,3.318,818.749939,2125.725
2129.75,55.015743,-4.37,818.749939,2125.75
2129.775,53.987034,0.441,819.999939,2125.775
2129.8,53.05402,-1.11,818.749939,2125.8
2129.825,52.232643,1.44,818.749939,2125.825
2129.85,51.666458,-0.077,819.999939,2125.85
2129.875,51.187981,-9.511,818.749939,2125.875
2129.9,51.028492,-5.618,818.749939,2125.9
2129.925,51.203922,0.844,818.749939,2125.925
2129.95,50.908871,4.702,818.749939,2125.95
2129.975,50.805199,11.881,817.499939,2125.975
2130.0,50.781269,-3.72,817.499939,2126.0
2130.025,50.868992,-8.125,816.249939,2126.025
2130.05,51.299614,-6.412,816.249939,2126.05
2130.075,51.690353,-3.332,816.249939,2126.075
2130.1,52.384129,2.134,817.499939,2126.1
2130.125,52.990189,-15.432,816.249939,2126.125
2130.15,53.596249,-0.49,817.499939,2126.15
2130.175,54.04282,-4.119,817.499939,2126.175
2130.2,54.234207,0.74,817.499939,2126.2
2130.225,54.776466,-1.973229,817.499939,2126.225
2130.25,55.454304,-1.792,817.499939,2126.25
2130.275,56.251747,0.744,817.499939,2126.275
2130.3,56.977428,-10.964,817.499939,2126.3
2130.325,57.559566,-5.336,817.499939,2126.325
2130.35,58.061962,1.261,817.499939,2126.35
2130.375,58.119743,-0.669289,817.499939,2126.375
2130.4,58.169548,-0.624,816.249939,2126.4
2130.425,58.331005,-6.257,814.999939,2126.425
2130.45,58.540295,-4.919,814.999939,2126.45
2130.475,58.895084,-2.73,813.749939,2126.475
2130.5,59.092335,-0.238,814.999939,2126.5
2130.525,59.050346,1.277058,814.999939,2126.525
2130.55,59.197632,1.124,813.749939,2126.55
2130.575,59.196003,-4.027,813.749939,2126.575
2130.6,59.416195,-1.596,813.749939,2126.6
2130.625,59.763813,0.433,813.749939,2126.625
2130.65,60.176525,5.538,813.749939,2126.65
2130.675,60.64196,-2.985,813.749939,2126.675
2130.7,60.965813,-14.203,812.499939,2126.7
2130.725,61.305935,3.857,812.499939,2126.725
2130.75,61.56419,1.898,812.499939,2126.75
2130.775,62.012215,-8.274,812.499939,2126.775
2130.8,62.798248,4.219,812.499939,2126.8
2130.825,63.287937,-1.718,812.499939,2126.825
2130.85,64.164948,5.662,813.749939,2126.85
2130.875,64.754723,-11.349,813.749939,2126.875
2130.9,65.26149,-1.27,814.999939,2126.9
2130.925,65.801788,2.207,814.999939,2126.925
2130.95,66.197571,-4.297,814.999939,2126.95
2130.975,66.634689,-12.492403,816.249939,2126.975
2131.0,67.132507,-12.629,816.249939,2127.0
2131.025,67.343422,-0.939,816.249939,2127.025
2131.05,67.571259,0.747,816.249939,2127.05
2131.075,67.370102,-1.214,816.249939,2127.075
2131.1,67.033379,3.356,816.249939,2127.1
2131.125,66.434303,-3.623,814.999939,2127.125
2131.15,65.964462,-0.05,814.999939,2127.15
2131.175,65.474762,-4.213607,816.249939,2127.175
2131.2,64.921921,-4.704,814.999939,2127.2
2131.225,64.13604,-0.495,814.999939,2127.225
2131.25,63.03833,7.197,814.999939,2127.25
2131.275,61.513573,-6.713465,814.999939,2127.275
2131.3,60.081268,-7.026,814.999939,2127.3
2131.325,58.461464,-0.689,816.249939,2127.325
2131.35,56.914913,-2.102,814.999939,2127.35
2131.375,55.506691,4.594,813.749939,2127.375
2131.4,54.098469,2.016,814.999939,2127.4
2131.425,52.885532,-7.463,813.749939,2127.425
2131.45,51.630608,-0.816,813.749939,2127.45
2131.475,50.335651,-5.951,813.749939,2127.475
2131.5,49.431282,-7.848,813.749939,2127.5
2131.525,48.552937,-0.216,813.749939,2127.525
2131.55,48.10638,4.208,812.499939,2127.55
2131.575,47.797646,-5.292,812.499939,2127.575
2131.6,47.82254,-8.82,812.499939,2127.6
2131.625,48.018322,4.985,812.499939,2127.625
2131.65,48.272362,-1.348,811.249939,2127.65
2131.675,48.535843,-9.177,811.249939,2127.675
2131.7,48.864426,-3.685,809.999939,2127.7
2131.725,49.559177,1.293,808.749939,2127.725
2131.75,50.328297,6.375,808.749939,2127.75
2131.775,51.227623,-10.909,808.749939,2127.775
2131.8,52.182278,-0.053,807.499939,2127.8
2131.825,53.071815,1.41,806.249939,2127.825
2131.85,53.986279,-2.817,806.249939,2127.85
2131.875,54.754257,-4.538,804.999939,2127.875
2131.9,55.310669,5.047,804.999939,2127.9
2131.925,56.012241,3.628,804.999939,2127.925
2131.95,56.802677,-9.916,804.999939,2127.95
2131.975,57.088615,-1.924,804.999939,2127.975
2132.0,57.310757,-8.838,803.749939,2128.0
2132.025,57.654461,0.049,803.749939,2128.025
2132.05,57.941692,-8.788,803.749939,2128.05
2132.075,58.350994,1.924,803.749939,2128.075
2132.1,58.597546,5.179,804.999939,2128.1
2132.125,58.892918,0.107,804.999939,2128.125
2132.15,59.098797,-7.22,804.999939,2128.15
2132.175,59.491817,-2.404,806.249939,2128.175
2132.2,59.665146,-1.037,806.249939,2128.2
2132.225,59.837814,-11.578,806.249939,2128.225
2132.25,60.352261,1.879,807.499939,2128.25
2132.275,60.702644,0.396,807.499939,2128.275
2132.3,61.061176,-4.256,806.249939,2128.3
2132.325,61.419231,0.144,806.249939,2128.325
2132.35,61.809807,-2.392,806.249939,2128.35
2132.375,62.135307,0.289,803.749939,2128.375
2132.4,62.403839,-3.056,803.749939,2128.4
2132.425,62.721199,-4.412,803.749939,2128.425
2132.45,63.030403,2.161,803.749939,2128.45
2132.475,63.160606,4.628,803.749939,2128.475
2132.5,63.225704,-0.088,803.749939,2128.5
2132.525,63.046688,-7.262,802.499939,2128.525
2132.55,62.704937,1.284,803.749939,2128.55
2132.575,62.355019,-4.64,803.749939,2128.575
2132.6,61.923748,-5.953,803.749939,2128.6
2132.625,61.427399,-3.532,803.749939,2128.625
2132.65,60.906609,-0.908,803.749939,2128.65
2132.675,60.426525,5.301,803.749939,2128.675
2132.7,59.987122,-15.866,803.749939,2128.7
2132.725,59.563976,-4.327,804.999939,2128.725
2132.75,59.466343,-2.29,803.749939,2128.75
2132.775,59.165264,0.315,803.749939,2128.775
2132.8,59.002533,-0.979,804.999939,2128.8
2132.825,58.742146,0.782,804.999939,2128.825
2132.85,58.465485,2.131,803.749939,2128.85
2132.875,58.196968,0.882,803.749939,2128.875
2132.9,58.115601,-9.847,802.499939,2128.9
2132.925,58.22953,-5.322,802.499939,2128.925
2132.95,58.538746,-2.165,802.499939,2128.95
2132.975,58.701496,-0.509,801.249939,2128.975
2133.0,58.774738,-6.121,801.249939,2129.0
2133.025,58.872398,-2.478,799.999939,2129.025
2133.05,58.97818,1.014,799.999939,2129.05
2133.075,58.961899,2.854,798.749939,2129.075
2133.1,59.206028,0.211,798.749939,2129.1
2133.125,59.401325,-5.585,799.999939,2129.125
2133.15,59.34436,0.998,798.749939,2129.15
2133.175,59.11652,2.911,799.999939,2129.175
2133.2,58.677109,-7.307,799.999939,2129.2
2133.225,57.977303,-1.364,799.999939,2129.225
2133.25,57.521622,1.304155,801.249939,2129.25
2133.275,57.220531,0.64,801.249939,2129.275
2133.3,56.976414,-9.602,802.499939,2129.3
2133.325,57.008957,-6.084,802.499939,2129.325
2133.35,56.984539,4.818,802.499939,2129.35
2133.375,56.764828,-1.957,803.749939,2129.375
2133.4,56.536972,-7.373,803.749939,2129.4
2133.425,56.333553,-3.391,804.999939,2129.425
2133.45,56.309128,-7.646,806.249939,2129.45
2133.475,56.520699,-0.251,806.249939,2129.475
2133.5,56.618336,-4.097,807.499939,2129.5
2133.525,56.699718,0.424,808.749939,2129.525
2133.55,56.618336,-2.752862,808.749939,2129.55
2133.575,56.260307,-2.747,808.749939,2129.575
2133.6,55.829033,3.246,808.749939,2129.6
2133.625,55.772064,-2.68,807.499939,2129.625
2133.65,55.812763,-7.448,807.499939,2129.65
2133.675,55.853439,3.079,808.749939,2129.675
2133.7,55.959248,0.613,808.749939,2129.7
2133.725,55.942978,4.178,807.499939,2129.725
2133.75,55.633766,3.108,808.749939,2129.75
2133.775,55.446629,-3.765,808.749939,2129.775
2133.8,55.031628,-14.798,809.999939,2129.8
2133.825,54.575962,-4.441,809.999939,2129.825
2133.85,54.258602,4.412508,809.999939,2129.85
2133.875,53.900578,4.182,809.999939,2129.875
2133.9,53.355392,-4.373,809.999939,2129.9
2133.925,52.777668,1.775,809.999939,2129.925
2133.95,52.32198,-6.543,809.999939,2129.95
2133.975,51.9851,-0.628,811.249939,2129.975
2134.0,51.573032,-2.041,811.249939,2130.0
2134.025,51.705181,-3.921,811.249939,2130.025
2134.05,51.929611,-1.344,811.249939,2130.05
2134.075,52.270237,-3.095,811.249939,2130.075
2134.1,52.419804,1.043,811.249939,2130.1
2134.125,52.563995,-0.423,811.249939,2130.125
2134.15,52.783051,5.558,811.249939,2130.15
2134.175,53.125793,-5.663,809.999939,2130.175
2134.2,53.407665,-7.346,809.999939,2130.2
2134.225,53.539169,-1.026415,809.999939,2130.225
2134.25,53.588657,-1.065,809.999939,2130.25
2134.275,53.620884,-3.653,808.749939,2130.275
2134.3,53.366039,6.103,809.999939,2130.3
2134.325,53.029976,-11.394,808.749939,2130.325
2134.35,52.671463,1.562,808.749939,2130.35
2134.375,52.57333,10.127,808.749939,2130.375
2134.4,52.305813,-18.32,809.999939,2130.4
2134.425,51.717331,-6.596,809.999939,2130.425
2134.45,51.003872,10.529,809.999939,2130.45
2134.475,50.446987,-0.307,809.999939,2130.475
2134.5,49.798302,1.08,811.249939,2130.5
2134.525,49.297554,13.129,811.249939,2130.525
2134.55,48.961494,-4.849,811.249939,2130.55
2134.575,48.565548,-72.237999,811.249939,2130.575
2134.6,48.14307,246.856003,811.249939,2130.6
2134.625,47.660702,-69.155998,812.499939,2130.625
2134.65,47.126415,-229.716003,812.499939,2130.65
2134.675,46.821926,110.171997,813.749939,2130.675
2134.7,46.667816,-14.941,812.499939,2130.7
2134.725,46.610691,-4.335,813.749939,2130.725
2134.75,46.642593,4.526,814.999939,2130.75
2134.775,46.833981,-15.244,814.999939,2130.775
2134.8,46.969543,-9.95,814.999939,2130.8
2134.825,46.961567,23.502001,814.999939,2130.825
2134.85,47.097134,-14.352,814.999939,2130.85
2134.875,47.304466,-6.091,814.999939,2130.875
2134.9,47.743061,7.568,814.999939,2130.9
2134.925,48.428856,-0.368,814.999939,2130.925
2134.95,49.114658,-7.773,814.999939,2130.95
2134.975,49.66489,3.327,813.749939,2130.975
2135.0,50.151325,-9.503958,814.999939,2131.0
2135.025,50.398529,-9.503,814.999939,2131.025
2135.05,50.677628,5.079,814.999939,2131.05
2135.075,50.980656,1.282485,816.249939,2131.075
2135.1,51.315582,1.278,814.999939,2131.1
2135.125,51.602669,-1.500501,814.999939,2131.125
2135.15,51.985443,-1.345,814.999939,2131.15
2135.175,52.232651,-4.959,814.999939,2131.175
2135.2,52.288467,1.138193,814.999939,2131.2
2135.225,52.152901,1.736,814.999939,2131.225
2135.25,52.344284,-2.356,816.249939,2131.25
2135.275,52.344276,-4.516,816.249939,2131.275
2135.3,52.727058,-4.516,816.249939,2131.3
2135.325,53.125774,-0.419,816.249939,2131.325
2135.35,53.596272,-3.19,816.249939,2131.35
2135.375,54.122581,-0.666,816.249939,2131.375
2135.4,54.425613,4.997,816.249939,2131.4
2135.425,54.537251,-10.012,816.249939,2131.425
2135.45,54.832306,3.896,816.249939,2131.45
2135.475,54.96788,-13.018,814.999939,2131.475
2135.5,55.334705,-4.863062,814.999939,2131.5
2135.525,55.701538,-4.877,814.999939,2131.525
2135.55,56.140129,5.758,814.999939,2131.55
2135.575,56.315567,-0.858,814.999939,2131.575
2135.6,56.379356,3.677,813.749939,2131.6
2135.625,56.156071,-5.174771,813.749939,2131.625
2135.65,56.004559,-5.175,813.749939,2131.65
2135.675,56.124172,-6.332,814.999939,2131.675
2135.7,56.355434,7.186,814.999939,2131.7
2135.725,56.339497,-4.153,816.249939,2131.725
2135.75,56.706329,-0.955,816.249939,2131.75
2135.775,56.746204,5.513,816.249939,2131.775
2135.8,56.562798,3.515,816.249939,2131.8
2135.825,56.27573,-15.559,817.499939,2131.825
2135.85,55.924866,1.247,818.749939,2131.85
2135.875,55.733486,-1.297,818.749939,2131.875
2135.9,55.829189,-4.176,818.749939,2131.9
2135.925,55.7654,-1.288,819.999939,2131.925
2135.95,55.621864,2.583634,818.749939,2131.95
2135.975,55.39061,2.556,819.999939,2131.975
2136.0,55.255047,4.863,819.999939,2132.0
2136.025,54.959995,-0.273,819.999939,2132.025
2136.05,54.99987,-1.443,818.749939,2132.05
2136.075,55.095566,-4.932,819.999939,2132.075
2136.1,55.406578,-16.489,819.999939,2132.1
2136.125,55.733536,-0.222,819.999939,2132.125
2136.15,55.948849,-2.64,819.999939,2132.15
2136.175,56.028595,0.138,819.999939,2132.175
2136.2,56.108341,-5.082,819.999939,2132.2
2136.225,56.172142,3.809,819.999939,2132.225
2136.25,56.299736,-4.175,818.749939,2132.25
2136.275,56.363533,3.885,818.749939,2132.275
2136.3,56.331635,-9.759,818.749939,2132.3
2136.325,56.180119,0.976,818.749939,2132.325
2136.35,56.036575,-0.795,818.749939,2132.35
2136.375,55.74152,3.559,818.749939,2132.375
2136.4,55.590004,-1.679,819.999939,2132.4
2136.425,55.39064,-10.653,819.999939,2132.425
2136.45,55.079624,-0.677,818.749939,2132.45
2136.475,54.800514,-3.663,818.749939,2132.475
2136.5,54.473557,-7.415,818.749939,2132.5
2136.525,53.979137,1.57499,818.749939,2132.525
2136.55,53.676105,1.575,819.999939,2132.55
2136.575,53.349148,-3.944,819.999939,2132.575
2136.6,53.078014,-0.788912,818.749939,2132.6
2136.625,52.727127,0.09296,818.749939,2132.625
2136.65,52.38422,1.051,818.749939,2132.65
2136.675,52.0732,-0.839,818.749939,2132.675
2136.7,51.618645,0.921,818.749939,2132.7
2136.725,51.283707,-3.298,818.749939,2132.725
2136.75,51.108257,-5.760468,818.749939,2132.75
2136.775,51.156101,-5.761,817.499939,2132.775
2136.8,51.419243,0.789,817.499939,2132.8
2136.825,51.714291,-1.522,817.499939,2132.825
2136.85,52.033253,-4.83,817.499939,2132.85
2136.875,52.20071,10.145,817.499939,2132.875
2136.9,52.511703,-6.399,817.499939,2132.9
2136.925,53.03801,-8.154,817.499939,2132.925
2136.95,53.341034,4.106,817.499939,2132.95
2136.975,53.883293,0.919,818.749939,2132.975
2137.0,54.425552,-2.718,818.749939,2133.0
2137.025,54.800346,-0.685,819.999939,2133.025
2137.05,55.007675,-8.84,819.999939,2133.05
2137.075,55.159195,1.426,819.999939,2133.075
2137.1,55.063496,-6.727,821.249939,2133.1
2137.125,55.071472,-4.142,821.249939,2133.125
2137.15,55.24691,-5.732,821.249939,2133.15
2137.175,55.4702,-0.411,822.499939,2133.175
2137.2,55.661594,-2.504,822.499939,2133.2
2137.225,55.797169,2.51,822.499939,2133.225
2137.25,55.932743,1.072,823.749939,2133.25
2137.275,55.845036,-0.558,823.749939,2133.275
2137.3,55.605816,-7.74,823.749939,2133.3
2137.325,55.398495,3.217,824.999939,2133.325
2137.35,55.231037,-6.326,824.999939,2133.35
2137.375,54.92802,4.221,824.999939,2133.375
2137.4,54.521336,-0.008,824.999939,2133.4
2137.425,54.210342,-2.932,824.999939,2133.425
2137.45,53.755814,0.161184,824.999939,2133.45
2137.475,53.365074,1.129,824.999939,2133.475
2137.5,53.173698,-1.259,824.999939,2133.5
2137.525,53.006241,-4.22,824.999939,2133.525
2137.55,52.98233,5.964,824.999939,2133.55
2137.575,53.27739,-2.365,824.999939,2133.575
2137.6,53.548523,-10.303,824.999939,2133.6
2137.625,53.572453,-7.232,824.999939,2133.625
2137.65,53.931305,-1.758,826.249939,2133.65
2137.675,54.274204,1.882,826.249939,2133.675
2137.7,54.481533,-2.419106,826.249939,2133.7
2137.725,54.641018,-2.672,826.249939,2133.725
2137.75,54.991879,-5.106,826.249939,2133.75
2137.775,55.390591,-2.049,826.249939,2133.775
2137.8,55.765381,0.541825,826.249939,2133.8
2137.825,56.188019,0.551516,826.249939,2133.825
2137.85,56.666969,0.585,826.249939,2133.85
2137.875,57.209709,-0.634,826.249939,2133.875
2137.9,57.816246,-13.715,826.249939,2133.9
2137.925,58.311142,0.439,826.249939,2133.925
2137.95,58.648014,-11.287,824.999939,2133.95
2137.975,58.857944,-2.789,824.999939,2133.975
2138.0,58.972836,7.922,824.999939,2134.0
2138.025,58.985912,-7.306,823.749939,2134.025
2138.05,58.689934,-2.399,823.749939,2134.05
2138.075,58.40633,-0.395,823.749939,2134.075
2138.1,58.092129,3.747,823.749939,2134.1
2138.125,57.357719,-10.819,823.749939,2134.125
2138.15,56.645126,-2.468,823.749939,2134.15
2138.175,56.064682,-1.381,823.749939,2134.175
2138.2,55.474144,1.165,824.999939,2134.2
2138.225,54.837551,-2.078,826.249939,2134.225
2138.25,54.25547,3.681,826.249939,2134.25
2138.275,53.820683,2.546,826.249939,2134.275
2138.3,53.240334,-6.853,826.249939,2134.3
2138.325,53.048122,-2.172,827.499939,2134.325
2138.35,52.843872,-0.754,827.499939,2134.35
2138.375,52.60968,-8.386,827.499939,2134.375
2138.4,52.517387,4.878,827.499939,2134.4
2138.425,52.480278,3.499,827.499939,2134.425
2138.45,52.443802,-4.121,827.499939,2134.45
2138.475,52.550228,-5.306,828.749939,2134.475
2138.5,52.630211,-8.76,828.749939,2134.5
2138.525,52.89769,0.17,828.749939,2134.525
2138.55,53.20813,-1.308617,827.499939,2134.55
2138.575,53.514656,-1.309,828.749939,2134.575
2138.6,53.760326,2.302,828.749939,2134.6
2138.625,53.934383,-0.838,828.749939,2134.625
2138.65,54.209667,4.824,828.749939,2134.65
2138.675,54.513596,-0.802434,828.749939,2134.675
2138.7,54.788551,-0.781,827.499939,2134.7
2138.725,54.78783,-3.703,827.499939,2134.725
2138.75,54.614929,-12.958,827.499939,2134.75
2138.775,54.500679,-5.992,827.499939,2134.775
2138.8,53.971436,2.734,827.499939,2134.8
2138.825,53.192322,6.348,827.499939,2134.825
2138.85,52.346142,-5.029,827.499939,2134.85
2138.875,51.574032,-7.183,826.249939,2134.875
2138.9,50.718433,-5.805,827.499939,2134.9
2138.925,49.691944,1.891,827.499939,2134.925
2138.95,48.66547,0.757,827.499939,2134.95
2138.975,47.624172,-4.153,828.749939,2134.975
2139.0,46.812679,-1.835105,828.749939,2135.0
2139.025,46.050488,-2.181,828.749939,2135.025
2139.05,45.589386,2.414901,828.749939,2135.05
2139.075,45.274738,2.415,828.749939,2135.075
2139.1,45.233898,5.83,827.499939,2135.1
2139.125,45.192406,-10.517,826.249939,2135.125
2139.15,44.897839,-12.591,826.249939,2135.15
2139.175,44.737053,-3.489853,824.999939,2135.175
2139.2,44.936253,-2.689,824.999939,2135.2
2139.225,45.306328,5.968,824.999939,2135.225
2139.25,45.733372,-0.034,824.999939,2135.25
2139.275,46.249912,-4.696,823.749939,2135.275
2139.3,46.803795,0.381,823.749939,2135.3
2139.325,47.276302,-2.075,823.749939,2135.325
2139.35,47.72488,5.199,823.749939,2135.35
2139.375,48.296021,-2.154,823.749939,2135.375
2139.4,48.867142,-11.982,823.749939,2135.4
2139.425,49.72308,2.349,823.749939,2135.425
2139.45,50.577541,-9.166,823.749939,2135.45
2139.475,51.316139,4.286,822.499939,2135.475
2139.5,52.040089,0.507,823.749939,2135.5
2139.525,52.593155,-10.995,823.749939,2135.525
2139.55,53.064846,1.277,824.999939,2135.55
2139.575,53.327835,3.482,826.249939,2135.575
2139.6,53.712883,-3.697,824.999939,2135.6
2139.625,54.382244,-5.885,826.249939,2135.625
2139.65,54.831421,0.143181,826.249939,2135.65
2139.675,55.150391,0.441,826.249939,2135.675
2139.7,55.152031,-2.429,826.249939,2135.7
2139.725,55.015316,-9.591,826.249939,2135.725
2139.75,54.797253,6.488,827.499939,2135.75
2139.775,54.536861,-2.551733,826.249939,2135.775
2139.8,54.357853,-3.236385,827.499939,2135.8
2139.825,54.235794,-3.298,827.499939,2135.825
2139.85,54.341587,-9.727,826.249939,2135.85
2139.875,54.626392,3.047,827.499939,2135.875
2139.9,54.528755,6.079,827.499939,2135.9
2139.925,54.577587,3.901,826.249939,2135.925
2139.95,54.577579,2.208665,826.249939,2135.95
2139.975,54.518997,2.419,826.249939,2135.975
2140.0,54.501102,-4.638,826.249939,2136.0
2140.025,54.645947,-1.479,826.249939,2136.025
2140.05,54.823349,-8.995394,826.249939,2136.05
2140.075,54.805458,-8.505,826.249939,2136.075
2140.1,54.738735,1.691,826.249939,2136.1
2140.125,54.704563,-3.481,826.249939,2136.125
2140.15,54.393734,-1.167,826.249939,2136.15
2140.175,54.440922,6.175,826.249939,2136.175
2140.2,54.528801,0.539,826.249939,2136.2
2140.225,54.689919,-5.72,826.249939,2136.225
2140.25,55.186287,-9.38,826.249939,2136.25
2140.275,55.723335,4.975,824.999939,2136.275
2140.3,56.073227,-2.178,824.999939,2136.3
2140.325,56.219685,3.387,824.999939,2136.325
2140.35,56.423107,-10.089,823.749939,2136.35
2140.375,56.724178,-0.253,823.749939,2136.375
2140.4,56.829956,5.546,823.749939,2136.4
2140.425,56.976421,0.727,823.749939,2136.425
2140.45,57.082203,-5.52,822.499939,2136.45
2140.475,57.179852,-1.802,823.749939,2136.475
2140.5,57.301903,-12.236,822.499939,2136.5
2140.525,57.228668,3.963,822.499939,2136.525
2140.55,57.204262,-0.065,822.499939,2136.55
2140.575,57.171715,2.105,822.499939,2136.575
2140.6,57.106613,-2.284,821.249939,2136.6
2140.625,57.155437,-11.77,822.499939,2136.625
2140.65,56.903191,2.286,822.499939,2136.65
2140.675,56.585854,3.971,821.249939,2136.675
2140.7,56.423096,-5.624597,822.499939,2136.7
2140.725,56.032524,-5.488,822.499939,2136.725
2140.75,55.80468,4.857,822.499939,2136.75
2140.775,55.755856,-3.755,823.749939,2136.775
2140.8,55.894192,0.255,823.749939,2136.8
2140.825,55.869778,-1.956,823.749939,2136.825
2140.85,55.86977,-11.054,823.749939,2136.85
2140.875,56.016243,1.586,824.999939,2136.875
2140.9,56.219666,-2.069363,824.999939,2136.9
2140.925,56.602119,-2.22,826.249939,2136.925
2140.95,57.082211,4.208,824.999939,2136.95
2140.975,57.513481,0.027,824.999939,2136.975
2141.0,58.140041,-10.031,824.999939,2137.0
2141.025,58.498066,4.105,824.999939,2137.025
2141.05,58.782852,-0.992,824.999939,2137.05
2141.075,58.994427,-7.429,824.999939,2137.075
2141.1,59.393143,1.475,824.999939,2137.1
2141.125,59.930199,5.444,826.249939,2137.125
2141.15,60.442833,0.918,826.249939,2137.15
2141.175,60.914795,-11.08,826.249939,2137.175
2141.2,61.435566,-2.203,824.999939,2137.2
2141.225,61.883102,2.949,824.999939,2137.225
2141.25,61.997021,3.957,824.999939,2137.25
2141.275,61.777317,-2.303,824.999939,2137.275
2141.3,61.606426,-10.552,826.249939,2137.3
2141.325,61.360851,-7.413,826.249939,2137.325
2141.35,61.155937,4.366,826.249939,2137.35
2141.375,60.861538,4.366,827.499939,2137.375
2141.4,60.353607,-0.931,827.499939,2137.4
2141.425,59.801575,-5.396,827.499939,2137.425
2141.45,59.240768,-3.652264,828.749939,2137.45
2141.475,58.650169,-3.668,828.749939,2137.475
2141.5,58.151859,-7.395,828.749939,2137.5
2141.525,57.858273,-2.733,827.499939,2137.525
2141.55,57.851776,-5.659,828.749939,2137.55
2141.575,58.006397,3.471,828.749939,2137.575
2141.6,58.109753,-4.931,827.499939,2137.6
2141.625,58.072182,1.157,827.499939,2137.625
2141.65,57.987415,-3.505,826.249939,2137.65
2141.675,57.851879,4.934,824.999939,2137.675
2141.7,57.722019,-3.105438,824.999939,2137.7
2141.725,57.796585,-2.982225,824.999939,2137.725
2141.75,57.95332,-3.523,824.999939,2137.75
2141.775,58.053917,-6.417,824.999939,2137.775
2141.8,58.180878,6.01,826.249939,2137.8
2141.825,58.218327,-0.64104,824.999939,2137.825
2141.85,58.088802,-0.575218,824.999939,2137.85
2141.875,58.011032,-0.547,824.999939,2137.875
2141.9,58.166134,-6.042,824.999939,2137.9
2141.925,58.296669,0.849,824.999939,2137.925
2141.95,58.520779,-3.305,824.999939,2137.95
2141.975,58.808517,4.581,826.249939,2137.975
2142.0,58.804455,-9.349,826.249939,2138.0
2142.025,58.875568,0.854,826.249939,2138.025
2142.05,58.983799,2.145691,827.499939,2138.05
2142.075,59.02367,1.325,827.499939,2138.075
2142.1,59.070702,-3.882,827.499939,2138.1
2142.125,59.16346,-4.969,828.749939,2138.125
2142.15,59.497402,-1.329,828.749939,2138.15
2142.175,59.577148,-4.583,828.749939,2138.175
2142.2,59.728661,1.396,829.999939,2138.2
2142.225,59.999794,-4.074,829.999939,2138.225
2142.25,60.342705,-12.455,828.749939,2138.25
2142.275,60.733459,-1.758,828.749939,2138.275
2142.3,60.87701,-10.495,828.749939,2138.3
2142.325,60.95676,2.429911,829.999939,2138.325
2142.35,61.116253,1.75,828.749939,2138.35
2142.375,61.180054,-2.684,828.749939,2138.375
2142.4,60.972713,-4.068197,829.999939,2138.4
2142.425,60.542084,-4.193,828.749939,2138.425
2142.45,60.247028,2.391,828.749939,2138.45
2142.475,59.848301,-0.027,828.749939,2138.475
2142.5,59.258186,-1.971,828.749939,2138.5
2142.525,58.317192,-3.054,828.749939,2138.525
2142.55,57.336315,-8.701,828.749939,2138.55
2142.575,56.698349,-0.117,828.749939,2138.575
2142.6,56.05241,6.636,827.499939,2138.6
2142.625,55.231037,-5.975,828.749939,2138.625
2142.65,54.656872,1.409,828.749939,2138.65
2142.675,54.074734,-4.742,828.749939,2138.675
2142.7,53.572346,-2.89,828.749939,2138.7
2142.725,52.966282,-4.643,828.749939,2138.725
2142.75,52.59148,0.311,828.749939,2138.75
2142.775,52.320339,-4.792,828.749939,2138.775
2142.8,52.336288,-3.147341,827.499939,2138.8
2142.825,52.479832,-3.147,827.499939,2138.825
2142.85,52.471863,4.961,826.249939,2138.85
2142.875,52.727047,-2.557,826.249939,2138.875
2142.9,53.046036,-6.017,826.249939,2138.9
2142.925,53.25338,-10.277,824.999939,2138.925
2142.95,53.827549,4.526,826.249939,2138.95
2142.975,54.337925,-3.142,826.249939,2138.975
2143.0,54.872219,-4.287,824.999939,2139.0
2143.025,55.342728,-8.086,824.999939,2139.025
2143.05,55.72551,0.975844,826.249939,2139.05
2143.075,55.972725,0.976,824.999939,2139.075
2143.1,56.315632,4.634789,824.999939,2139.1
2143.125,56.546894,4.641,826.249939,2139.125
2143.15,56.730309,1.729,826.249939,2139.15
2143.175,56.786129,7.122,826.249939,2139.175
2143.2,56.825989,-6.187,826.249939,2139.2
2143.225,56.658527,-4.045,827.499939,2139.225
2143.25,56.650543,5.401,827.499939,2139.25
2143.275,56.610676,-13.872,827.499939,2139.275
2143.3,56.530922,-1.533,827.499939,2139.3
2143.325,56.347504,0.83,828.749939,2139.325
2143.35,56.395348,-2.149,828.749939,2139.35
2143.375,56.188015,-5.290163,828.749939,2139.375
2143.4,56.092323,-5.287,828.749939,2139.4
2143.425,56.012573,1.381446,827.499939,2139.425
2143.45,55.964733,1.829,828.749939,2139.45
2143.475,56.052464,-5.111,828.749939,2139.475
2143.5,56.347519,-1.55,827.499939,2139.5
2143.525,56.499039,2.46,827.499939,2139.525
2143.55,56.81802,-3.218,827.499939,2139.55
2143.575,56.825993,-6.267,826.249939,2139.575
2143.6,56.94561,-1.351,824.999939,2139.6
2143.625,57.049278,1.164,824.999939,2139.625
2143.65,57.280537,0.003,824.999939,2139.65
2143.675,57.440022,-15.211,824.999939,2139.675
2143.7,57.296478,2.139,826.249939,2139.7
2143.725,57.13699,-7.69,826.249939,2139.725
2143.75,57.041286,1.835,824.999939,2139.75
2143.775,56.626614,10.192,824.999939,2139.775
2143.8,56.092323,-7.346,824.999939,2139.8
2143.825,55.103489,-3.333,824.999939,2139.825
2143.85,54.497425,3.205,824.999939,2139.85
2143.875,53.803646,-23.233999,824.999939,2139.875
2143.9,52.902527,5.609,824.999939,2139.9
2143.925,52.041283,13.335,823.749939,2139.925
2143.95,51.29966,-2.924,824.999939,2139.95
2143.975,50.701569,3.451,824.999939,2139.975
2144.0,50.374622,-6.879,824.999939,2140.0
2144.025,49.951977,-71.589996,823.749939,2140.025
2144.05,49.848309,108.462997,823.749939,2140.05
2144.075,49.864262,59.924999,822.499939,2140.075
2144.1,50.151344,-32.299,821.249939,2140.1
2144.125,50.326778,-75.888,821.249939,2140.125
2144.15,50.805252,59.804001,821.249939,2140.15
2144.175,51.467136,-11.423,819.999939,2140.175
2144.2,52.152946,-4.213,819.999939,2140.2
2144.225,52.655342,-3.155,821.249939,2140.225
2144.25,53.253433,-15.941,818.749939,2140.25
2144.275,53.971142,16.781,818.749939,2140.275
2144.3,54.88821,-4.785,818.749939,2140.3
2144.325,55.773376,-17.179001,818.749939,2140.325
2144.35,56.578796,-2.092,818.749939,2140.35
2144.375,57.400169,1.529,819.999939,2140.375
2144.4,58.261414,-0.718086,819.999939,2140.4
2144.425,59.034935,-1.541,818.749939,2140.425
2144.45,59.633022,3.842,819.999939,2140.45
2144.475,60.039722,-4.661,821.249939,2140.475
2144.5,60.278957,4.912,821.249939,2140.5
2144.525,60.294903,-6.504,822.499939,2140.525
2144.55,60.223133,-4.109,822.499939,2140.55
2144.575,59.928082,1.669,822.499939,2140.575
2144.6,59.617077,-6.925,824.999939,2140.6
2144.625,59.194424,-2.258,824.999939,2140.625
2144.65,58.684059,-0.022,823.749939,2140.65
2144.675,57.958382,-4.446,824.999939,2140.675
2144.7,57.352318,1.713,824.999939,2140.7
2144.725,57.033333,-3.135,824.999939,2140.725
2144.75,56.849918,-1.713,824.999939,2140.75
2144.775,56.825989,1.992,824.999939,2140.775
2144.8,57.05724,0.051,823.749939,2140.8
2144.825,57.065216,-6.971,823.749939,2140.825
2144.85,57.03331,-0.639,823.749939,2140.85
2144.875,56.825966,4.961,823.749939,2140.875
2144.9,56.762173,-2.562957,824.999939,2140.9
2144.925,56.937607,-3.366,823.749939,2140.925
2144.95,57.463917,-11.058,824.999939,2140.95
2144.975,57.966305,2.067,826.249939,2140.975
2145.0,58.396923,0.0,826.249939,2141.0
2145.025,58.596272,-3.414,826.249939,2141.025
2145.05,58.891323,-1.429,826.249939,2141.05
2145.075,59.058781,-3.068,826.249939,2141.075
2145.1,59.218266,4.27,826.249939,2141.1
2145.125,59.473442,-4.196,826.249939,2141.125
2145.15,59.856209,-6.786108,826.249939,2141.15
2145.175,59.999737,-6.797,824.999939,2141.175
2145.2,59.999733,-1.851,826.249939,2141.2
2145.225,59.577084,-0.292,826.249939,2141.225
2145.25,58.958321,1.729,826.249939,2141.25
2145.275,58.243874,-1.495,826.249939,2141.275
2145.3,57.768658,7.085,826.249939,2141.3
2145.325,57.269516,-4.66,826.249939,2141.325
2145.35,56.897972,2.083,826.249939,2141.35
2145.375,56.39085,-5.66,826.249939,2141.375
2145.4,55.692993,0.419,826.249939,2141.4
2145.425,54.839558,-3.142,826.249939,2141.425
2145.45,54.24131,-7.556,826.249939,2141.45
2145.475,53.580231,7.256,824.999939,2141.475
2145.5,53.279316,2.204,824.999939,2141.5
2145.525,52.721912,-1.950629,824.999939,2141.525
2145.55,52.167763,-1.92,824.999939,2141.55
2145.575,51.836735,-5.274,824.999939,2141.575
2145.6,51.411964,-7.64469,824.999939,2141.6
2145.625,50.959858,-7.589,826.249939,2141.625
2145.65,50.914291,-2.562,824.999939,2141.65
2145.675,50.995495,-0.082,824.999939,2141.675
2145.7,51.332535,-3.704,826.249939,2141.7
2145.725,51.605774,-5.548,826.249939,2141.725
2145.75,51.7952,-7.878,827.499939,2141.75
2145.775,52.102123,3.139,827.499939,2141.775
2145.8,52.667484,-0.371559,828.749939,2141.8
2145.825,53.072701,-0.523,828.749939,2141.825
2145.85,53.226807,-5.279,829.999939,2141.85
2145.875,53.608749,1.058,831.249939,2141.875
2145.9,53.892395,8.665,829.999939,2141.9
2145.925,53.884411,-7.308,829.999939,2141.925
2145.95,53.846642,-10.693,831.249939,2141.95
2145.975,53.551731,1.397,829.999939,2141.975
2146.0,53.498989,-6.463,828.749939,2142.0
2146.025,53.424763,-3.433,828.749939,2142.025
2146.05,52.973309,3.341,828.749939,2142.05
2146.075,52.636269,1.955976,828.749939,2142.075
2146.1,52.650749,1.282,828.749939,2142.1
2146.125,52.482635,-1.93,828.749939,2142.125
2146.15,52.050228,-2.95123,829.999939,2142.15
2146.175,51.778599,-2.393,829.999939,2142.175
2146.2,51.630669,-9.518,829.999939,2142.2
2146.225,51.502758,-4.51,831.249939,2142.225
2146.25,51.402164,3.19,831.249939,2142.25
2146.275,51.285336,-3.658,832.499939,2142.275
2146.3,51.458824,-1.378,832.499939,2142.3
2146.325,51.975052,2.438,832.499939,2142.325
2146.35,52.436104,-0.392271,832.499939,2142.35
2146.375,52.734425,-1.018,833.749939,2142.375
2146.4,53.228039,-7.413,832.499939,2142.4
2146.425,53.941826,1.774,832.499939,2142.425
2146.45,54.620476,0.151029,832.499939,2142.45
2146.475,55.284138,-0.032,832.499939,2142.475
2146.5,55.941151,-9.472,832.499939,2142.5
2146.525,56.660648,-10.668,832.499939,2142.525
2146.55,57.097767,-1.744,832.499939,2142.55
2146.575,57.30706,5.065,831.249939,2142.575
2146.6,57.336346,-0.746741,831.249939,2142.6
2146.625,57.267994,-0.735,831.249939,2142.625
2146.65,57.101997,6.858,831.249939,2142.65
2146.675,57.002403,-5.944,831.249939,2142.675
2146.7,56.766415,-0.477,831.249939,2142.7
2146.725,56.38657,-2.027,831.249939,2142.725
2146.75,55.81958,1.045,831.249939,2142.75
2146.775,55.237282,-8.226,831.249939,2142.775
2146.8,54.389053,-2.546,831.249939,2142.8
2146.825,53.530258,2.059,831.249939,2142.825
2146.85,52.704021,-7.498176,831.249939,2142.85
2146.875,51.942863,-7.831,832.499939,2142.875
2146.9,51.279366,-0.849,832.499939,2142.9
2146.925,50.781212,-4.348,833.749939,2142.925
2146.95,50.21666,-2.551,833.749939,2142.95
2146.975,49.683197,4.329,832.499939,2142.975
2147.0,49.136055,8.651,833.749939,2143.0
2147.025,48.938805,2.616,834.999939,2143.025
2147.05,48.709023,-10.091,834.999939,2143.05
2147.075,48.715195,-6.008,834.999939,2143.075
2147.1,48.949219,4.255728,834.999939,2143.1
2147.125,49.28088,4.474,834.999939,2143.125
2147.15,49.523041,0.617,836.249939,2143.15
2147.175,49.773331,-0.956,836.249939,2143.175
2147.2,49.955917,8.687,836.249939,2143.2
2147.225,50.211735,-12.974,834.999939,2143.225
2147.25,50.580513,4.704,834.999939,2143.25
2147.275,51.117554,9.754,834.999939,2143.275
2147.3,51.369801,-8.936,834.999939,2143.3
2147.325,51.475586,3.945,833.749939,2143.325
2147.35,51.630188,-6.461,833.749939,2143.35
2147.375,51.589489,1.868,832.499939,2143.375
2147.4,51.491837,-3.646293,832.499939,2143.4
2147.425,51.418598,-3.425,832.499939,2143.425
2147.45,51.402328,-9.127,832.499939,2143.45
2147.475,51.516247,1.844,832.499939,2143.475
2147.5,51.638313,-2.982,832.499939,2143.5
2147.525,51.695271,1.366,832.499939,2143.525
2147.55,51.744099,-0.256,832.499939,2143.55
2147.575,51.931267,4.958,832.499939,2143.575
2147.6,52.29744,-7.466,832.499939,2143.6
2147.625,52.639214,4.419,832.499939,2143.625
2147.65,52.948437,-12.421,832.499939,2143.65
2147.675,53.282082,-0.416,832.499939,2143.675
2147.7,53.420418,-6.085,832.499939,2143.7
2147.725,53.265812,-4.69,831.249939,2143.725
2147.75,52.850819,-9.113,831.249939,2143.75
2147.775,52.590439,1.933,831.249939,2143.775
2147.8,52.566013,-5.508,831.249939,2143.8
2147.825,52.395138,0.427,831.249939,2143.825
2147.85,52.297485,7.356,829.999939,2143.85
2147.875,52.094063,-12.434,829.999939,2143.875
2147.9,51.928703,8.596,829.999939,2143.9
2147.925,52.023746,0.756,828.749939,2143.925
2147.95,52.289669,-3.288,828.749939,2143.95
2147.975,52.750885,-12.69,827.499939,2143.975
2148.0,53.277191,-1.098,827.499939,2144.0
2148.025,53.966255,-6.907,827.499939,2144.025
2148.05,54.484425,6.902,828.749939,2144.05
2148.075,54.831722,-1.507,827.499939,2144.075
2148.1,55.309231,-6.894,828.749939,2144.1
2148.125,55.925037,-3.323,829.999939,2144.125
2148.15,56.858208,7.92,829.999939,2144.15
2148.175,57.956718,3.486,829.999939,2144.175
2148.2,59.185444,0.19,829.999939,2144.2
2148.225,60.37347,-10.497,829.999939,2144.225
2148.25,61.46386,1.883,831.249939,2144.25
2148.275,62.692577,3.07,831.249939,2144.275
2148.3,63.880623,-12.186,829.999939,2144.3
2148.325,65.060524,-0.480661,828.749939,2144.325
2148.35,66.175316,-0.485054,828.749939,2144.35
2148.375,67.406639,0.225,828.749939,2144.375
2148.4,68.361298,-8.917,829.999939,2144.4
2148.425,69.128807,-1.337,829.999939,2144.425
2148.45,69.538261,9.86,829.999939,2144.45
2148.475,69.980293,-10.888,829.999939,2144.475
2148.5,70.235138,-2.275,829.999939,2144.5
2148.525,70.489998,-5.779,829.999939,2144.525
2148.55,70.573967,-1.707,829.999939,2144.55
2148.575,70.421967,0.897,829.999939,2144.575
2148.6,70.229271,5.608,828.749939,2144.6
2148.625,69.776192,-6.13,829.999939,2144.625
2148.65,69.02758,-1.921,829.999939,2144.65
2148.675,68.21386,-3.181,829.999939,2144.675
2148.7,67.375725,-1.53,829.999939,2144.7
2148.725,66.830521,-2.782,829.999939,2144.725
2148.75,65.992393,1.904,829.999939,2144.75
2148.775,65.089172,3.684,829.999939,2144.775
2148.8,64.12085,-8.438,829.999939,2144.8
2148.825,63.445461,-4.014,829.999939,2144.825
2148.85,62.639877,-2.032,828.749939,2144.85
2148.875,61.655277,0.094,828.749939,2144.875
2148.9,60.573036,-1.517,828.749939,2144.9
2148.925,59.653534,-4.864,828.749939,2144.925
2148.95,58.766579,4.654,828.749939,2144.95
2148.975,58.001678,0.939,829.999939,2144.975
2149.0,57.041489,9.499,829.999939,2145.0
2149.025,56.211498,-3.94,829.999939,2145.025
2149.05,55.720821,-5.508,829.999939,2145.05
2149.075,55.35318,1.644,829.999939,2145.075
2149.1,54.723194,-7.7,829.999939,2145.1
2149.125,54.622459,-10.735,831.249939,2145.125
2149.15,54.614155,-2.417,829.999939,2145.15
2149.175,54.798531,3.967,831.249939,2145.175
2149.2,54.845573,-0.279,829.999939,2145.2
2149.225,54.983746,-8.212,829.999939,2145.225
2149.25,55.213215,1.944,829.999939,2145.25
2149.275,55.472633,-2.668,829.999939,2145.275
2149.3,55.434551,4.728,829.999939,2145.3
2149.325,55.224129,-12.285,829.999939,2145.325
2149.35,54.986366,-5.924,831.249939,2145.35
2149.375,55.132668,5.039,831.249939,2145.375
2149.4,55.118843,-1.148,831.249939,2145.4
2149.425,55.119659,3.463,832.499939,2145.425
2149.45,54.990295,-4.226467,832.499939,2145.45
2149.475,55.088116,-3.254178,832.499939,2145.475
2149.5,54.961346,-3.279,833.749939,2145.5
2149.525,54.641235,-7.185,833.749939,2145.525
2149.55,54.38884,3.083,833.749939,2145.55
2149.575,54.559574,-2.528,833.749939,2145.575
2149.6,54.589691,4.147,833.749939,2145.6
2149.625,54.654957,-9.499,833.749939,2145.625
2149.65,54.563995,-3.123,834.999939,2145.65
2149.675,54.390514,5.545691,833.749939,2145.675
2149.7,54.184326,4.79,833.749939,2145.7
2149.725,54.217205,-4.142658,834.999939,2145.725
2149.75,54.269947,-4.160996,832.499939,2145.75
2149.775,54.712616,-4.161836,832.499939,2145.775
2149.8,55.358543,-4.012,833.749939,2145.8
2149.825,56.22776,-7.866,833.749939,2145.825
2149.85,56.889648,-2.835,833.749939,2145.85
2149.875,57.742916,2.91,832.499939,2145.875
2149.9,58.548344,1.003,831.249939,2145.9
2149.925,59.353771,-7.077,831.249939,2145.925
2149.95,60.151218,-0.411,831.249939,2145.95
2149.975,61.163975,7.137,831.249939,2145.975
2150.0,62.089008,-4.258,832.499939,2146.0
2150.025,62.742908,1.786464,833.749939,2146.025
2150.05,63.141624,1.581,833.749939,2146.05
2150.075,63.380859,-6.632,833.749939,2146.075
2150.1,63.460606,5.198,833.749939,2146.1
2150.125,63.396812,2.396,832.499939,2146.125
2150.15,63.261242,-8.955,832.499939,2146.15
2150.175,63.253269,0.253,832.499939,2146.175
2150.2,63.11771,-1.956,832.499939,2146.2
2150.225,63.061882,1.733,832.499939,2146.225
2150.25,62.742908,-6.321,832.499939,2146.25
2150.275,62.312294,-1.23,832.499939,2146.275
2150.3,61.849789,-8.949,831.249939,2146.3
2150.325,61.211834,-4.967,831.249939,2146.325
2150.35,60.478184,-0.716,831.249939,2146.35
2150.375,59.688713,4.523,831.249939,2146.375
2150.4,59.042789,-0.504,829.999939,2146.4
2150.425,58.253323,-1.834,828.749939,2146.425
2150.45,57.288418,0.023,828.749939,2146.45
2150.475,56.44313,6.557,828.749939,2146.475
2150.5,55.645695,-13.4,827.499939,2146.5
2150.525,54.920025,-2.003,828.749939,2146.525
2150.55,54.449543,1.975002,828.749939,2146.55
2150.575,53.931206,1.515,828.749939,2146.575
2150.6,53.723869,5.885,828.749939,2146.6
2150.625,53.452751,-0.924,828.749939,2146.625
2150.65,53.085922,-7.876,831.249939,2146.65
2150.675,52.735054,0.096,829.999939,2146.675
2150.7,52.28051,-9.044,829.999939,2146.7
2150.725,51.88179,7.213,831.249939,2146.725
2150.75,51.491039,-1.352,831.249939,2146.75
2150.775,51.084343,-5.88302,831.249939,2146.775
2150.8,50.829166,-5.688501,831.249939,2146.8
2150.825,50.653736,-5.28,829.999939,2146.825
2150.85,50.518177,3.934,829.999939,2146.85
2150.875,50.47831,-2.681,829.999939,2146.875
2150.9,50.589954,-8.971,829.999939,2146.9
2150.925,50.885017,2.67369,829.999939,2146.925
2150.95,51.124256,3.129,829.999939,2146.95
2150.975,51.483112,-8.686,829.999939,2146.975
2151.0,52.041332,-6.755,829.999939,2147.0
2151.025,52.50386,4.361,829.999939,2147.025
2151.05,53.093975,-9.314,829.999939,2147.05
2151.075,53.588394,0.428,829.999939,2147.075
2151.1,53.875477,6.716,828.749939,2147.1
2151.125,54.202435,3.23,829.999939,2147.125
2151.15,54.42572,-6.948,828.749939,2147.15
2151.175,54.736729,-4.187,828.749939,2147.175
2151.2,54.840401,-9.043,828.749939,2147.2
2151.225,55.095581,2.561,828.749939,2147.225
2151.25,55.534172,-6.125,828.749939,2147.25
2151.275,55.725544,-0.942,827.499939,2147.275
2151.3,55.725536,-3.054,828.749939,2147.3
2151.325,55.677685,0.897,827.499939,2147.325
2151.35,55.518177,-0.467987,828.749939,2147.35
2151.375,55.677658,-0.472,828.749939,2147.375
2151.4,55.932823,-6.053,828.749939,2147.4
2151.425,56.219891,2.633,828.749939,2147.425
2151.45,56.435188,7.683,828.749939,2147.45
2151.475,56.746185,2.056,827.499939,2147.475
2151.5,56.7701,-15.884,826.249939,2147.5
2151.525,56.905663,2.296,826.249939,2147.525
2151.55,57.256527,-1.899,826.249939,2147.55
2151.575,57.990177,3.511,826.249939,2147.575
2151.6,58.819519,4.788,826.249939,2147.6
2151.625,59.720634,-6.546474,826.249939,2147.625
2151.65,60.422386,-6.077,824.999939,2147.65
2151.675,61.187935,-3.955,824.999939,2147.675
2151.7,61.730202,-7.548,824.999939,2147.7
2151.725,62.2645,-3.43,823.749939,2147.725
2151.75,62.878536,5.021,823.749939,2147.75
2151.775,63.675991,-2.178478,823.749939,2147.775
2151.8,64.282059,-2.13,823.749939,2147.8
2151.825,64.632942,-5.576,824.999939,2147.825
2151.85,64.48941,9.597,824.999939,2147.85
2151.875,64.170448,-4.581,824.999939,2147.875
2151.9,63.707932,-9.548,824.999939,2147.9
2151.925,63.189594,2.121,826.249939,2147.925
2151.95,62.463917,-10.182,826.249939,2147.95
2151.975,61.929638,1.665,826.249939,2147.975
2152.0,60.99662,-1.879,827.499939,2148.0
2152.025,59.936012,-11.728,827.499939,2148.025
2152.05,58.755783,0.689,826.249939,2148.05
2152.075,57.416077,9.137,826.249939,2148.075
2152.1,55.996613,-3.228,826.249939,2148.1
2152.125,54.90411,6.377,826.249939,2148.125
2152.15,53.795647,-4.115,826.249939,2148.15
2152.175,52.655296,-8.732,826.249939,2148.175
2152.2,51.379379,-5.524,826.249939,2148.2
2152.225,50.390541,-4.301,824.999939,2148.225
2152.25,49.337914,3.556,824.999939,2148.25
2152.275,48.684002,-3.65,824.999939,2148.275
2152.3,48.221489,4.775,824.999939,2148.3
2152.325,47.950359,2.02,824.999939,2148.325
2152.35,47.790871,-12.72,824.999939,2148.35
2152.375,48.125805,-6.153,824.999939,2148.375
2152.4,48.468712,-1.035033,823.749939,2148.4
2152.425,48.971115,-0.972,824.999939,2148.425
2152.45,49.784519,6.201,824.999939,2148.45
2152.475,50.717545,-2.82,824.999939,2148.475
2152.5,51.515003,3.749,824.999939,2148.5
2152.525,52.503849,-4.928,824.999939,2148.525
2152.55,53.548519,-0.129437,824.999939,2148.55
2152.575,54.593185,-0.161,824.999939,2148.575
2152.6,55.510258,-4.846,826.249939,2148.6
2152.625,56.730362,-2.61,826.249939,2148.625
2152.65,57.790974,-0.684,826.249939,2148.65
2152.675,58.915379,-5.897,826.249939,2148.675
2152.7,59.832447,-0.784,826.249939,2148.7
2152.725,60.577267,4.996,824.999939,2148.725
2152.75,61.24234,-11.918,824.999939,2148.75
2152.775,61.747925,-0.608,826.249939,2148.775
2152.8,62.014275,2.281,823.749939,2148.8
2152.825,62.065311,-4.25642,823.749939,2148.825
2152.85,61.765476,-3.675,823.749939,2148.85
2152.875,61.497536,-1.551,823.749939,2148.875
2152.9,60.950489,10.747,824.999939,2148.9
2152.925,60.251926,2.739,823.749939,2148.925
2152.95,59.68095,-1.495,824.999939,2148.95
2152.975,59.086048,-10.511,824.999939,2148.975
2153.0,58.384289,-7.374,824.999939,2149.0
2153.025,57.722393,-4.023,826.249939,2149.025
2153.05,57.052528,1.295,826.249939,2149.05
2153.075,56.605949,2.514,826.249939,2149.075
2153.1,56.063679,-7.476,827.499939,2149.1
2153.125,55.744694,-1.815,827.499939,2149.125
2153.15,55.306084,-7.476,828.749939,2149.15
2153.175,54.572426,-1.247,828.749939,2149.175
2153.2,53.971146,4.083,829.999939,2149.2
2153.225,53.050884,7.026,829.999939,2149.225
2153.25,52.398182,-1.085,829.999939,2149.25
2153.275,51.875015,0.963,831.249939,2149.275
2153.3,51.504669,-1.49,831.249939,2149.3
2153.325,51.250851,-14.248,831.249939,2149.325
2153.35,50.859997,-8.546,832.499939,2149.35
2153.375,50.52951,8.882,832.499939,2149.375
2153.4,50.108547,-0.761,832.499939,2149.4
2153.425,49.748611,-5.052,832.499939,2149.425
2153.45,49.686169,1.222,832.499939,2149.45
2153.475,49.470364,4.394,832.499939,2149.475
2153.5,49.493137,-0.001,833.749939,2149.5
2153.525,49.419731,4.19,832.499939,2149.525
2153.55,49.173492,-51.671001,832.499939,2149.55
2153.575,48.941246,-43.936001,833.749939,2149.575
2153.6,48.756523,193.397003,834.999939,2149.6
2153.625,48.5373,-207.134003,833.749939,2149.625
2153.65,48.645676,-55.701,834.999939,2149.65
2153.675,48.88295,29.259001,834.999939,2149.675
2153.7,49.506252,-13.92,834.999939,2149.7
2153.725,50.227192,-0.96369,836.249939,2149.725
2153.75,51.189003,-0.208,836.249939,2149.75
2153.775,51.979279,-19.922001,836.249939,2149.775
2153.8,52.718784,3.415,836.249939,2149.8
2153.825,53.62851,6.778,837.499939,2149.825
2153.85,54.589359,-2.571,837.499939,2149.85
2153.875,55.448631,-9.224,838.749939,2149.875
2153.9,56.336567,7.743,838.749939,2149.9
2153.925,57.019428,-0.266,838.749939,2149.925
2153.95,57.647625,-12.968,838.749939,2149.95
2153.975,57.875126,-4.362,838.749939,2149.975
2154.0,58.153419,0.854,838.749939,2150.0
2154.025,58.300201,8.563,838.749939,2150.025
2154.05,58.548855,-4.328,837.499939,2150.05
2154.075,58.813786,-14.248,837.499939,2150.075
2154.1,59.158642,-8.170129,838.749939,2150.1
2154.125,59.308182,-7.378,838.749939,2150.125
2154.15,59.417053,4.0,838.749939,2150.15
2154.175,59.428272,-1.764,839.999939,2150.175
2154.2,59.266335,-3.539,838.749939,2150.2
2154.225,59.014885,-5.281,839.999939,2150.225
2154.25,59.194702,3.4,839.999939,2150.25
2154.275,59.242374,-8.425,839.999939,2150.275
2154.3,59.224949,2.214,841.249939,2150.3
2154.325,59.069195,-2.499,841.249939,2150.325
2154.35,58.945995,2.997,842.499939,2150.35
2154.375,58.751026,0.905,842.499939,2150.375
2154.4,58.75264,3.695,842.499939,2150.4
2154.425,59.055347,-6.955029,842.499939,2150.425
2154.45,59.390617,-6.772,843.749939,2150.45
2154.475,59.829372,1.16,843.749939,2150.475
2154.5,60.37392,-1.215,843.749939,2150.5
2154.525,60.41396,-8.653,844.999939,2150.525
2154.55,60.459198,-4.872,844.999939,2150.55
2154.575,60.652382,-3.403,844.999939,2150.575
2154.6,60.91066,2.178,846.249939,2150.6
2154.625,61.071289,-0.512,846.249939,2150.625
2154.65,61.061039,-4.229,846.249939,2150.65
2154.675,61.149738,1.482,846.249939,2150.675
2154.7,61.043137,-0.604981,846.249939,2150.7
2154.725,60.741253,-0.605,846.249939,2150.725
2154.75,60.392487,-8.151,846.249939,2150.75
2154.775,60.043716,-9.969,847.499939,2150.775
2154.8,59.914661,-1.664,846.249939,2150.8
2154.825,59.834427,4.211,847.499939,2150.825
2154.85,59.589981,-3.986693,847.499939,2150.85
2154.875,59.247887,-3.996,846.249939,2150.875
2154.9,58.808155,-2.857193,846.249939,2150.9
2154.925,58.620663,-2.756,847.499939,2150.925
2154.95,58.251575,-0.527535,846.249939,2150.95
2154.975,57.752266,-0.215,846.249939,2150.975
2155.0,57.505222,6.932,846.249939,2151.0
2155.025,57.252968,0.129,847.499939,2151.025
2155.05,56.837971,-5.383,847.499939,2151.05
2155.075,56.38229,-6.989,847.499939,2151.075
2155.1,55.828957,-5.76,848.749939,2151.1
2155.125,55.487202,6.09,848.749939,2151.125
2155.15,55.015255,-9.829,848.749939,2151.15
2155.175,54.779278,-5.848,848.749939,2151.175
2155.2,54.421246,-0.702,847.499939,2151.2
2155.225,54.04694,7.425,846.249939,2151.225
2155.25,53.900475,1.968,846.249939,2151.25
2155.275,53.656361,-5.02,844.999939,2151.275
2155.3,53.493629,-10.039803,844.999939,2151.3
2155.325,53.371578,-10.492,843.749939,2151.325
2155.35,53.216976,0.329469,843.749939,2151.35
2155.375,53.111191,0.295,843.749939,2151.375
2155.4,52.745026,6.99,843.749939,2151.4
2155.425,52.574135,-2.998,843.749939,2151.425
2155.45,52.330029,-4.282,842.499939,2151.45
2155.475,52.175423,-2.343363,843.749939,2151.475
2155.5,51.972004,-2.341,844.999939,2151.5
2155.525,51.801121,-0.104,843.749939,2151.525
2155.55,51.500057,-2.31,843.749939,2151.55
2155.575,51.46751,-5.576,843.749939,2151.575
2155.6,51.426823,-7.045,842.499939,2151.6
2155.625,51.288502,6.376,843.749939,2151.625
2155.65,50.987411,-1.538817,843.749939,2151.65
2155.675,50.653801,-0.584551,843.749939,2151.675
2155.7,50.35273,-0.56,843.749939,2151.7
2155.725,49.856365,-9.285,843.749939,2151.725
2155.75,49.140301,-2.083,843.749939,2151.75
2155.775,48.440506,0.521,843.749939,2151.775
2155.8,47.805809,6.006,843.749939,2151.8
2155.825,47.472183,-5.573,843.749939,2151.825
2155.85,46.886303,-0.666771,843.749939,2151.85
2155.875,46.341125,-0.64,842.499939,2151.875
2155.9,46.056316,-5.754,842.499939,2151.9
2155.925,45.869167,6.154,842.499939,2151.925
2155.95,45.568081,-2.316,842.499939,2151.95
2155.975,45.185627,2.08,842.499939,2151.975
2156.0,44.925236,-4.9,841.249939,2152.0
2156.025,45.226311,-1.15668,841.249939,2152.025
2156.05,45.397175,-1.451567,839.999939,2152.05
2156.075,45.340199,-1.449,839.999939,2152.075
2156.1,45.096073,6.962,839.999939,2152.1
2156.125,44.819401,-3.642,839.999939,2152.125
2156.15,44.632244,-6.547,839.999939,2152.15
2156.175,44.28233,0.795,839.999939,2152.175
2156.2,44.062618,-0.803,837.499939,2152.2
2156.225,44.184673,-6.582,838.749939,2152.225
2156.25,44.290436,-0.194,837.499939,2152.25
2156.275,44.282303,-2.174,838.749939,2152.275
2156.3,43.875435,-5.668241,838.749939,2152.3
2156.325,43.663857,-5.867,838.749939,2152.325
2156.35,43.484837,0.724,838.749939,2152.35
2156.375,43.004723,-2.021,838.749939,2152.375
2156.4,42.719921,-1.018,838.749939,2152.4
2156.425,42.565311,-5.579,838.749939,2152.425
2156.45,42.5653,1.188,837.499939,2152.45
2156.475,42.378143,2.747,838.749939,2152.475
2156.5,41.800404,-9.474,838.749939,2152.5
2156.525,41.22266,1.169,837.499939,2152.525
2156.55,40.750706,-2.123512,837.499939,2152.55
2156.575,40.433357,-2.204,837.499939,2152.575
2156.6,40.050907,8.353,837.499939,2152.6
2156.625,39.725433,3.527,836.249939,2152.625
2156.65,39.725437,-3.557,836.249939,2152.65
2156.675,39.399307,-10.665,836.249939,2152.675
2156.7,39.008064,3.552779,836.249939,2152.7
2156.725,38.332024,3.63,836.249939,2152.725
2156.75,37.900097,-9.983,836.249939,2152.75
2156.775,37.744839,1.568,836.249939,2152.775
2156.8,37.687229,-1.681,836.249939,2152.8
2156.825,37.645889,-7.484,836.249939,2152.825
2156.85,37.677795,-4.055,836.249939,2152.85
2156.875,37.740288,3.662,834.999939,2152.875
2156.9,37.70937,-0.177,834.999939,2152.9
2156.925,37.842819,-3.888,836.249939,2152.925
2156.95,38.200211,-5.028,834.999939,2152.95
2156.975,38.681938,-2.055,834.999939,2152.975
2157.0,39.37035,7.303,836.249939,2153.0
2157.025,39.981636,-13.746,836.249939,2153.025
2157.05,40.669067,0.318,836.249939,2153.05
2157.075,41.417706,-0.81724,837.499939,2153.075
2157.1,42.138027,-0.895,837.499939,2153.1
2157.125,42.724255,-6.028,836.249939,2153.125
2157.15,43.422108,-0.640217,836.249939,2153.15
2157.175,44.119324,-1.555,834.999939,2153.175
2157.2,44.779747,0.329,834.999939,2153.2
2157.225,45.406334,3.381,834.999939,2153.225
2157.25,45.8386,-7.232,833.749939,2153.25
2157.275,46.02969,5.74,834.999939,2153.275
2157.3,46.300842,-5.747,833.749939,2153.3
2157.325,46.475647,-4.238,834.999939,2153.325
2157.35,46.457764,-0.902,834.999939,2153.35
2157.375,46.587814,-9.518,834.999939,2153.375
2157.4,46.752361,-4.679,834.999939,2153.4
2157.425,46.838455,-2.434,834.999939,2153.425
2157.45,46.937744,1.761,834.999939,2153.45
2157.475,46.990482,0.653,834.999939,2153.475
2157.5,47.272373,-4.711,836.249939,2153.5
2157.525,47.591034,4.315,836.249939,2153.525
2157.55,48.201977,-5.189,834.999939,2153.55
2157.575,48.815517,0.963,836.249939,2153.575
2157.6,49.497406,-7.601,834.999939,2153.6
2157.625,50.406483,-2.407,834.999939,2153.625
2157.65,51.19595,0.556112,836.249939,2153.65
2157.675,52.11301,-0.11,836.249939,2153.675
2157.7,52.934364,1.633,834.999939,2153.7
2157.725,53.763695,-1.439,834.999939,2153.725
2157.75,54.864159,-3.27,834.999939,2153.75
2157.775,55.797169,0.503158,834.999939,2153.775
2157.8,56.825859,0.530707,834.999939,2153.8
2157.825,57.758865,0.842,833.749939,2153.825
2157.85,58.540356,-6.24,834.999939,2153.85
2157.875,59.25806,-2.436,834.999939,2153.875
2157.9,59.784382,-0.817,834.999939,2153.9
2157.925,60.270821,-2.845,836.249939,2153.925
2157.95,60.565872,5.582,834.999939,2153.95
2157.975,60.797127,-12.822,836.249939,2153.975
2158.0,61.044342,-4.788,837.499939,2154.0
2158.025,61.092194,2.642,837.499939,2154.025
2158.05,61.148022,-4.922,837.499939,2154.05
2158.075,61.14006,-2.043293,838.749939,2154.075
2158.1,61.179939,-1.830159,838.749939,2154.1
2158.125,61.339436,-1.797,837.499939,2154.125
2158.15,61.467033,-13.685,838.749939,2154.15
2158.175,61.626534,-5.791,837.499939,2154.175
2158.2,61.841858,2.557,838.749939,2154.2
2158.225,61.897686,4.01,838.749939,2154.225
2158.25,61.993393,-18.407,839.999939,2154.25
2158.275,62.057201,0.353,839.999939,2154.275
2158.3,62.224674,-4.549,841.249939,2154.3
2158.325,62.376198,2.614425,841.249939,2154.325
2158.35,62.40012,2.817,842.499939,2154.35
2158.375,62.312397,-0.512,842.499939,2154.375
2158.4,62.12899,-6.121017,842.499939,2154.4
2158.425,62.041267,-5.283444,842.499939,2154.425
2158.45,61.985443,-5.297,842.499939,2154.45
2158.475,61.91367,1.053,842.499939,2154.475
2158.5,61.754177,3.334,842.499939,2154.5
2158.525,61.682396,-0.682,841.249939,2154.525
2158.55,61.483025,-4.246,841.249939,2154.55
2158.575,61.124165,-2.834,841.249939,2154.575
2158.6,60.661636,-1.304,841.249939,2154.6
2158.625,60.262909,-3.489537,842.499939,2154.625
2158.65,60.055573,-4.421,842.499939,2154.65
2158.675,59.832279,1.519,843.749939,2154.675
2158.7,59.672787,-2.517,843.749939,2154.7
2158.725,59.672787,0.147,843.749939,2154.725
2158.75,59.601006,-1.466,843.749939,2154.75
2158.775,59.616951,-5.767,844.999939,2154.775
2158.8,59.616943,-0.125,843.749939,2154.8
2158.825,59.712639,-2.448,844.999939,2154.825
2158.85,59.880104,7.09,844.999939,2154.85
2158.875,60.230984,-0.332,844.999939,2154.875
2158.9,60.549965,-3.377,844.999939,2154.9
2158.925,60.613758,-1.494,844.999939,2154.925
2158.95,60.502125,-3.667207,844.999939,2154.95
2158.975,60.294796,-3.032,844.999939,2154.975
2159.0,59.760513,-4.687,844.999939,2155.0
2159.025,59.313953,4.464,844.999939,2155.025
2159.05,58.715881,-7.273,843.749939,2155.05
2159.075,58.03009,-3.355,843.749939,2155.075
2159.1,57.312401,5.799,843.749939,2155.1
2159.125,56.459145,-4.04,843.749939,2155.125
2159.15,55.478291,3.80956,843.749939,2155.15
2159.175,54.337948,4.177,843.749939,2155.175
2159.2,53.197601,6.068,843.749939,2155.2
2159.225,52.160923,-8.499,843.749939,2155.225
2159.25,51.012604,4.095,843.749939,2155.25
2159.275,50.095535,0.273,844.999939,2155.275
2159.3,49.12265,-3.698,844.999939,2155.3
2159.325,48.388996,9.241,846.249939,2155.325
2159.35,47.567619,-5.994,844.999939,2155.35
2159.375,46.865864,-19.950001,846.249939,2155.375
2159.4,46.100319,-7.643,844.999939,2155.4
2159.425,45.366661,-1.401,846.249939,2155.425
2159.45,44.856285,0.519,846.249939,2155.45
2159.475,44.417683,-1.517,847.499939,2155.475
2159.5,44.210342,1.274,847.499939,2155.5
2159.525,44.090721,-8.979,847.499939,2155.525
2159.55,43.939201,6.631,848.749939,2155.55
2159.575,43.731857,-10.518,848.749939,2155.575
2159.6,43.436798,2.2,848.749939,2155.6
2159.625,43.365028,1.154,848.749939,2155.625
2159.65,43.301239,-4.007,848.749939,2155.65
2159.675,43.285286,-2.172,848.749939,2155.675
2159.7,43.301243,-9.533,847.499939,2155.7
2159.725,43.381001,6.324,846.249939,2155.725
2159.75,43.293293,1.129368,846.249939,2155.75
2159.775,43.006226,1.116,846.249939,2155.775
2159.8,42.838768,-4.712,846.249939,2155.8
2159.825,42.639416,-1.867789,846.249939,2155.825
2159.85,42.36829,-1.08,844.999939,2155.85
2159.875,42.384243,-7.725,844.999939,2155.875
2159.9,42.336395,-1.519,844.999939,2155.9
2159.925,42.288548,5.457,846.249939,2155.925
2159.95,42.320442,1.334923,844.999939,2155.95
2159.975,42.256634,2.178,846.249939,2155.975
2160.0,42.168907,-4.945,844.999939,2156.0
2160.025,42.432056,-8.881,844.999939,2156.025
2160.05,42.846722,-2.628,844.999939,2156.05
2160.075,43.19759,-6.531,844.999939,2156.075
2160.1,43.771748,-1.158,843.749939,2156.1
2160.125,44.832336,7.208,843.749939,2156.125
2160.15,45.621796,-8.215,843.749939,2156.15
2160.175,46.363407,-3.733067,843.749939,2156.175
2160.2,47.057175,-3.917,842.499939,2156.2
2160.225,47.623344,-0.086,843.749939,2156.225
2160.25,48.34901,3.281,843.749939,2156.25
2160.275,48.779621,-2.614,842.499939,2156.275
2160.3,49.210232,-12.065,842.499939,2156.3
2160.325,49.545151,1.521,842.499939,2156.325
2160.35,49.720581,-2.255,842.499939,2156.35
2160.375,49.768425,6.328,841.249939,2156.375
2160.4,49.481342,3.358,841.249939,2156.4
2160.425,49.433502,-0.47,841.249939,2156.425
2160.45,49.305912,-3.824,841.249939,2156.45
2160.475,49.106552,-7.609,841.249939,2156.475
2160.5,48.779602,-4.789,841.249939,2156.5
2160.525,48.42075,6.075,841.249939,2156.525
2160.55,48.301132,-4.534,841.249939,2156.55
2160.575,47.782791,-8.047,841.249939,2156.575
2160.6,46.977371,7.048,841.249939,2156.6
2160.625,46.459034,4.319,841.249939,2156.625
2160.65,45.86095,-1.898,841.249939,2156.65
2160.675,45.183117,-13.127,841.249939,2156.675
2160.7,44.50528,5.343,841.249939,2156.7
2160.725,44.074654,-4.931,841.249939,2156.725
2160.75,43.859337,-0.32,841.249939,2156.75
2160.775,43.86731,0.974,839.999939,2156.775
2160.8,43.923126,-7.712,841.249939,2156.8
2160.825,43.994892,2.65,839.999939,2156.825
2160.85,44.273994,-2.426,841.249939,2156.85
2160.875,44.888023,-6.454,839.999939,2156.875
2160.9,45.151173,-3.799,839.999939,2156.9
2160.925,45.525967,1.162,838.749939,2156.925
2160.95,46.028355,-0.289,837.499939,2156.95
2160.975,46.435699,-2.998,836.249939,2156.975
2161.0,46.603813,0.271,836.249939,2157.0
2161.025,46.693497,-8.751,836.249939,2157.025
2161.05,46.639626,1.934354,836.249939,2157.05
2161.075,46.362968,2.505,836.249939,2157.075
2161.1,45.958714,3.566,836.249939,2157.1
2161.125,45.58831,-9.639,834.999939,2157.125
2161.15,45.23386,-7.663,837.499939,2157.15
2161.175,45.235497,-1.093,836.249939,2157.175
2161.2,44.977879,2.816,836.249939,2157.2
2161.225,44.721561,-1.948,836.249939,2157.225
2161.25,44.242607,0.415059,837.499939,2157.25
2161.275,43.791489,0.912,837.499939,2157.275
2161.3,43.392113,-6.971,836.249939,2157.3
2161.325,43.122284,-4.28524,836.249939,2157.325
2161.35,42.872471,-4.275,836.249939,2157.35
2161.375,42.884354,3.955,836.249939,2157.375
2161.4,42.988346,-3.276,834.999939,2157.4
2161.425,43.031147,2.65,834.999939,2157.425
2161.45,42.910549,-3.369,833.749939,2157.45
2161.475,43.044483,-1.994,833.749939,2157.475
2161.5,43.117214,4.659,834.999939,2157.5
2161.525,43.577286,-1.286913,833.749939,2157.525
2161.55,44.24485,-0.89,833.749939,2157.55
2161.575,44.685215,-11.679,833.749939,2157.575
2161.6,45.270432,2.936,833.749939,2157.6
2161.625,46.040852,-5.26,832.499939,2157.625
2161.65,46.387482,-4.127,833.749939,2157.65
2161.675,46.590237,3.76,833.749939,2157.675
2161.7,46.729202,-3.002,832.499939,2157.7
2161.725,46.998371,5.491,832.499939,2157.725
2161.75,47.20911,-5.128,833.749939,2157.75
2161.775,47.447845,0.74,832.499939,2157.775
2161.8,47.539143,-8.413,833.749939,2157.8
2161.825,47.417068,-3.937,833.749939,2157.825
2161.85,47.356197,0.3,834.999939,2157.85
2161.875,47.186447,-4.821,833.749939,2157.875
2161.9,46.891388,-2.067571,834.999939,2157.9
2161.925,46.855419,-1.229,834.999939,2157.925
2161.95,46.806087,4.113,834.999939,2157.95
2161.975,46.687767,6.794,834.999939,2157.975
2162.0,46.315907,-11.697,834.999939,2158.0
2162.025,45.944675,3.734,834.999939,2158.025
2162.05,45.801292,-7.865,834.999939,2158.05
2162.075,45.575569,-13.643,834.999939,2158.075
2162.1,45.324127,-0.807,834.999939,2158.1
2162.125,45.154072,0.741353,833.749939,2158.125
2162.15,44.995892,0.767,834.999939,2158.15
2162.175,44.804504,-3.574,834.999939,2158.175
2162.2,44.644382,-0.015,833.749939,2158.2
2162.225,44.480328,5.423,833.749939,2158.225
2162.25,44.381386,0.75,833.749939,2158.25
2162.275,44.435097,2.747,833.749939,2158.275
2162.3,44.683449,-7.052,833.749939,2158.3
2162.325,44.7365,-5.716,833.749939,2158.325
2162.35,44.775726,-3.244,833.749939,2158.35
2162.375,44.995262,0.64,833.749939,2158.375
2162.4,45.231075,2.99,834.999939,2158.4
2162.425,45.433041,-2.4,834.999939,2158.425
2162.45,45.830303,-14.042,834.999939,2158.45
2162.475,46.251976,-5.657,834.999939,2158.475
2162.5,46.708157,-3.442,834.999939,2158.5
2162.525,47.294521,3.583,834.999939,2158.525
2162.55,47.89098,-4.29,833.749939,2158.55
2162.575,48.260906,8.226,834.999939,2158.575
2162.6,48.647102,-7.674209,834.999939,2158.6
2162.625,49.112865,-7.654,834.999939,2158.625
2162.65,49.505405,3.122,834.999939,2158.65
2162.675,49.735203,-2.735,834.999939,2158.675
2162.7,49.934402,-0.425,834.999939,2158.7
2162.725,50.133595,-7.359,834.999939,2158.725
2162.75,50.36729,-3.138,836.249939,2158.75
2162.775,50.373146,-2.092,834.999939,2158.775
2162.8,50.460369,6.798,836.249939,2158.8
2162.825,50.458096,-10.148,834.999939,2158.825
2162.85,50.356869,-4.575,834.999939,2158.85
2162.875,50.174271,3.773143,836.249939,2158.875
2162.9,49.958473,3.616,834.999939,2158.9
2162.925,49.596203,1.04,836.249939,2158.925
2162.95,49.331577,3.818,834.999939,2158.95
2162.975,48.959221,-83.622002,836.249939,2158.975
2163.0,48.391579,251.322998,836.249939,2159.0
2163.025,47.724316,-39.463001,836.249939,2159.025
2163.05,47.512753,-130.908997,837.499939,2159.05
2163.075,47.203537,98.231003,837.499939,2159.075
2163.1,46.975697,3.24,839.999939,2159.1
2163.125,46.861771,-6.011,839.999939,2159.125
2163.15,46.886181,-11.472,839.999939,2159.15
2163.175,47.138443,-3.595,839.999939,2159.175
2163.2,47.455788,6.453,841.249939,2159.2
2163.225,47.748734,4.575,841.249939,2159.225
2163.25,48.212543,-27.75,841.249939,2159.25
2163.275,48.432251,-6.177,841.249939,2159.275
2163.3,48.538025,7.229,841.249939,2159.3
2163.325,48.489197,0.823,842.499939,2159.325
2163.35,48.586838,-3.139,842.499939,2159.35
2163.375,48.619377,-6.027129,842.499939,2159.375
2163.4,48.773991,-5.235,843.749939,2159.4
2163.425,48.8228,2.744,843.749939,2159.425
2163.45,48.782108,-2.165,843.749939,2159.45
2163.475,48.611221,-4.097,843.749939,2159.475
2163.5,48.554256,0.486,844.999939,2159.5
2163.525,48.171806,-4.349,843.749939,2159.525
2163.55,47.952103,-7.735,844.999939,2159.55
2163.575,47.805622,-4.633,844.999939,2159.575
2163.6,47.651016,0.602,844.999939,2159.6
2163.625,47.179062,-5.827,844.999939,2159.625
2163.65,46.642002,-2.133,844.999939,2159.65
2163.675,45.934067,2.623,846.249939,2159.675
2163.7,45.087811,-2.24,846.249939,2159.7
2163.725,44.233414,4.928,846.249939,2159.725
2163.75,43.769608,-0.344,847.499939,2159.75
2163.775,43.224426,-5.827,847.499939,2159.775
2163.8,42.907085,-9.258,847.499939,2159.8
2163.825,42.51651,-2.952,847.499939,2159.825
2163.85,42.272404,3.423,847.499939,2159.85
2163.875,42.150364,6.088,848.749939,2159.875
2163.9,42.215473,-5.558,847.499939,2159.9
2163.925,42.288731,-4.055,847.499939,2159.925
2163.95,42.614223,-6.056,847.499939,2159.95
2163.975,43.102463,1.105,847.499939,2159.975
2164.0,43.590714,7.791,848.749939,2160.0
2164.025,44.005711,-3.414,847.499939,2160.025
2164.05,44.493954,-10.904,847.499939,2160.05
2164.075,45.047283,3.08,848.749939,2160.075
2164.1,46.06443,-2.418,848.749939,2160.1
2164.125,47.016483,3.955,848.749939,2160.125
2164.15,47.78138,-1.615,848.749939,2160.15
2164.175,48.684628,1.417,848.749939,2160.175
2164.2,49.685509,-8.205,848.749939,2160.2
2164.225,50.336479,-1.353,848.749939,2160.225
2164.25,51.125809,-3.97,848.749939,2160.25
2164.275,51.978245,2.451,848.749939,2160.275
2164.3,52.838833,-6.465,849.999939,2160.3
2164.325,53.552967,0.842,849.999939,2160.325
2164.35,53.941593,-0.827,851.249939,2160.35
2164.375,54.061703,-7.105,852.499939,2160.375
2164.4,54.043465,-0.908,852.499939,2160.4
2164.425,53.886906,-3.199,852.499939,2160.425
2164.45,53.41301,-0.258,851.249939,2160.45
2164.475,52.833302,1.811,852.499939,2160.475
2164.5,52.424488,-5.933,852.499939,2160.5
2164.525,51.820374,-4.197,852.499939,2160.525
2164.55,51.022926,-6.987,852.499939,2160.55
2164.575,49.834877,2.938697,852.499939,2160.575
2164.6,48.581741,3.151,852.499939,2160.6
2164.625,47.654095,-2.878,852.499939,2160.625
2164.65,46.718315,1.598,852.499939,2160.65
2164.675,45.813118,3.3,853.749939,2160.675
2164.7,45.046249,1.056,853.749939,2160.7
2164.725,44.230576,-8.074,853.749939,2160.725
2164.75,43.415539,-3.471,853.749939,2160.75
2164.775,42.626232,3.306,853.749939,2160.775
2164.8,41.898113,-3.632,852.499939,2160.8
2164.825,41.199944,-11.73,852.499939,2160.825
2164.85,40.717579,-3.738,852.499939,2160.85
2164.875,40.524246,-1.716,852.499939,2160.875
2164.9,40.343933,0.107,852.499939,2160.9
2164.925,40.159061,2.727,852.499939,2160.925
2164.95,40.182343,-6.245363,852.499939,2160.95
2164.975,40.169178,-6.248,852.499939,2160.975
2165.0,40.345448,-1.101752,852.499939,2161.0
2165.025,40.582909,-0.648,852.499939,2161.025
2165.05,40.886929,5.188,852.499939,2161.05
2165.075,41.223495,-9.811,852.499939,2161.075
2165.1,41.621925,-14.768,852.499939,2161.1
2165.125,41.963387,3.737,852.499939,2161.125
2165.15,42.152672,2.484,852.499939,2161.15
2165.175,42.325687,4.779,852.499939,2161.175
2165.2,42.573093,-7.064,851.249939,2161.2
2165.225,42.684917,-0.134,849.999939,2161.225
2165.25,42.722206,1.723,849.999939,2161.25
2165.275,42.7966,-3.351,849.999939,2161.275
2165.3,42.906788,-9.131,848.749939,2161.3
2165.325,42.915905,-1.737137,849.999939,2161.325
2165.35,42.839909,-2.165205,849.999939,2161.35
2165.375,42.767811,-2.654049,848.749939,2161.375
2165.4,42.734123,-3.33,848.749939,2161.4
2165.425,42.718334,-6.375,848.749939,2161.425
2165.45,42.777565,-2.971,848.749939,2161.45
2165.475,42.766979,-1.12,848.749939,2161.475
2165.5,42.822792,0.654,848.749939,2161.5
2165.525,43.014175,3.919,849.999939,2161.525
2165.55,43.301243,-5.854,848.749939,2161.55
2165.575,43.4687,-2.102,849.999939,2161.575
2165.6,43.636154,-0.641,849.999939,2161.6
2165.625,43.75576,-3.507142,849.999939,2161.625
2165.65,43.739803,-2.913,851.249939,2161.65
2165.675,43.971054,2.824,851.249939,2161.675
2165.7,44.274075,-1.354,851.249939,2161.7
2165.725,44.40963,0.274,849.999939,2161.725
2165.75,44.433548,-2.746,849.999939,2161.75
2165.775,44.361771,0.544,851.249939,2161.775
2165.8,44.393661,-7.521,849.999939,2161.8
2165.825,44.385685,3.502,849.999939,2161.825
2165.85,44.369736,-1.939,848.749939,2161.85
2165.875,44.242146,-13.466,849.999939,2161.875
2165.9,43.963039,4.533,848.749939,2161.9
2165.925,43.683929,-6.84,848.749939,2161.925
2165.95,43.18951,-8.986,849.999939,2161.95
2165.975,42.503704,-5.607154,848.749939,2161.975
2166.0,41.8498,-5.692291,849.999939,2162.0
2166.025,41.243744,-5.479,849.999939,2162.025
2166.05,40.597809,3.245,848.749939,2162.05
2166.075,39.792389,-5.885017,849.999939,2162.075
2166.1,38.931145,-5.928,849.999939,2162.1
2166.125,38.149647,1.583,849.999939,2162.125
2166.15,37.320305,5.24,849.999939,2162.15
2166.175,36.586651,2.098,849.999939,2162.175
2166.2,35.892876,-10.638,848.749939,2162.2
2166.225,35.183155,-2.62,849.999939,2162.225
2166.25,34.553173,6.185,849.999939,2162.25
2166.275,33.763706,-2.55505,849.999939,2162.275
2166.3,32.942337,-2.555,849.999939,2162.3
2166.325,32.208691,1.094,849.999939,2162.325
2166.35,31.65048,-3.98718,849.999939,2162.35
2166.375,31.12417,-3.974,849.999939,2162.375
2166.4,30.454321,1.524,848.749939,2162.4
2166.425,29.816362,-7.576,848.749939,2162.425
2166.45,29.329922,3.657029,849.999939,2162.45
2166.475,28.843481,3.749,849.999939,2162.475
2166.5,28.372988,-7.842,849.999939,2162.5
2166.525,28.077929,0.749,848.749939,2162.525
2166.55,27.974255,-7.262213,848.749939,2162.55
2166.575,27.902479,-7.262,848.749939,2162.575
2166.6,28.030064,2.166,849.999939,2162.6
2166.625,28.093853,4.848,848.749939,2162.625
2166.65,28.061949,-2.323,848.749939,2162.65
2166.675,28.317125,-4.907,848.749939,2162.675
2166.7,28.827484,-0.131,848.749939,2162.7
2166.725,29.361767,7.539,849.999939,2162.725
2166.75,29.991741,-8.866,848.749939,2162.75
2166.775,30.557922,-6.041,849.999939,2162.775
2166.8,30.980566,0.109,848.749939,2162.8
2166.825,31.443083,3.589,848.749939,2162.825
2166.85,31.969395,-2.578209,849.999939,2162.85
2166.875,32.280396,-2.978,849.999939,2162.875
2166.9,32.487728,-0.188,849.999939,2162.9
2166.925,32.798729,-5.744,851.249939,2162.925
2166.95,33.077831,2.33,851.249939,2162.95
2166.975,33.037956,-0.395102,849.999939,2162.975
2167.0,32.854538,0.181106,849.999939,2163.0
2167.025,32.663151,-0.326371,849.999939,2163.025
2167.05,32.726944,-0.08,848.749939,2163.05
2167.075,32.710999,-4.333,848.749939,2163.075
2167.1,32.671124,-8.604,848.749939,2163.1
2167.125,32.663147,-1.494,848.749939,2163.125
2167.15,32.65517,-4.598,848.749939,2163.15
2167.175,32.703011,-6.015,848.749939,2163.175
2167.2,32.623264,-1.468,848.749939,2163.2
2167.225,32.543522,1.544,847.499939,2163.225
2167.25,32.782749,-3.398,848.749939,2163.25
2167.275,33.253242,-1.806916,848.749939,2163.275
2167.3,33.787525,-1.81,848.749939,2163.3
2167.325,34.162323,-4.828,848.749939,2163.325
2167.35,34.664715,2.973208,848.749939,2163.35
2167.375,35.23888,2.422,847.499939,2163.375
2167.4,35.821018,-3.165,848.749939,2163.4
2167.425,36.403156,-7.832,848.749939,2163.425
2167.45,37.017197,1.528,848.749939,2163.45
2167.475,37.790726,4.519265,848.749939,2163.475
2167.5,38.540333,5.254,848.749939,2163.5
2167.525,39.098557,-7.533626,848.749939,2163.525
2167.55,39.425518,-7.374,849.999939,2163.55
2167.575,39.664768,1.481,849.999939,2163.575
2167.6,39.991734,-4.368324,849.999939,2163.6
2167.625,40.254902,-3.831,849.999939,2163.625
2167.65,40.39846,1.697,848.749939,2163.65
2167.675,40.717445,-8.622,848.749939,2163.675
2167.7,41.06834,-0.082,849.999939,2163.7
2167.725,41.355434,-4.401,848.749939,2163.725
2167.75,41.48304,-0.61,849.999939,2163.75
2167.775,41.602669,5.05,848.749939,2163.775
2167.8,41.913685,-2.279,848.749939,2163.8
2167.825,42.639374,-3.809,848.749939,2163.825
2167.85,43.396957,-6.655,849.999939,2163.85
2167.875,43.995049,2.472,849.999939,2163.875
2167.9,44.72073,8.395,849.999939,2163.9
2167.925,45.542103,-3.818811,851.249939,2163.925
2167.95,45.980701,-3.806,851.249939,2163.95
2167.975,46.4193,-0.831913,851.249939,2163.975
2168.0,46.921688,-0.435,851.249939,2164.0
2168.025,47.424076,-7.996,852.499939,2164.025
2168.05,47.894558,0.804162,853.749939,2164.05
2168.075,48.181637,1.616,852.499939,2164.075
2168.1,48.181637,-8.694,852.499939,2164.1
2168.125,48.117832,-3.142,852.499939,2164.125
2168.15,48.125805,3.333,853.749939,2164.15
2168.175,47.974285,-0.529,853.749939,2164.175
2168.2,47.727066,-2.078,852.499939,2164.2
2168.225,47.599472,-0.972,853.749939,2164.225
2168.25,47.376183,-10.043,853.749939,2164.25
2168.275,47.21669,-2.587815,852.499939,2164.275
2168.3,46.98542,-1.851,853.749939,2164.3
2168.325,46.754158,6.137,852.499939,2164.325
2168.35,46.674416,-10.455,853.749939,2164.35
2168.375,46.498978,-7.267,853.749939,2164.375
2168.4,46.403278,-0.247,852.499939,2164.4
2168.425,46.435177,3.304,853.749939,2164.425
2168.45,46.467075,7.02,853.749939,2164.45
2168.475,46.506962,1.835,853.749939,2164.475
2168.5,46.714306,-10.04,852.499939,2164.5
2168.525,46.953545,-11.45,853.749939,2164.525
2168.55,47.097092,-9.106,852.499939,2164.55
2168.575,47.408096,2.228,852.499939,2164.575
2168.6,47.719109,0.094,852.499939,2164.6
2168.625,47.774933,3.202,852.499939,2164.625
2168.65,47.926449,-1.255,852.499939,2164.65
2168.675,48.125813,-8.012,852.499939,2164.675
2168.7,48.197578,3.094,852.499939,2164.7
2168.725,48.285305,-2.553141,852.499939,2164.725
2168.75,48.429497,-3.06,853.749939,2164.75
2168.775,48.294575,-1.856,853.749939,2164.775
2168.8,48.25536,-5.749,853.749939,2164.8
2168.825,48.144367,0.091,853.749939,2164.825
2168.85,48.057301,7.765,853.749939,2164.85
2168.875,47.858585,-5.106,853.749939,2164.875
2168.9,47.821968,-6.295,853.749939,2164.9
2168.925,47.698112,-0.172151,852.499939,2164.925
2168.95,47.600132,-0.136,852.499939,2164.95
2168.975,47.505402,1.829,851.249939,2164.975
2169.0,47.528831,-0.886,851.249939,2165.0
2169.025,47.595848,-4.69,851.249939,2165.025
2169.05,47.709572,-0.68,849.999939,2165.05
2169.075,47.950897,5.578,849.999939,2165.075
2169.1,48.351704,-10.954,851.249939,2165.1
2169.125,48.603657,-9.022,851.249939,2165.125
2169.15,48.871555,3.391,851.249939,2165.15
2169.175,49.200657,5.79,852.499939,2165.175
2169.2,49.513317,-1.795,852.499939,2165.2
2169.225,49.719711,6.988,852.499939,2165.225
2169.25,50.281704,-2.526,852.499939,2165.25
2169.275,50.6777,-9.533,853.749939,2165.275
2169.3,51.133121,-19.105,852.499939,2165.3
2169.325,51.462086,-1.399,853.749939,2165.325
2169.35,51.615608,-6.941,853.749939,2165.35
2169.375,51.670849,-0.557,853.749939,2165.375
2169.4,51.898376,3.391,853.749939,2165.4
2169.425,52.092049,6.923,853.749939,2165.425
2169.45,52.122982,0.70539,853.749939,2165.45
2169.475,52.235126,0.626,853.749939,2165.475
2169.5,52.287727,-2.394998,853.749939,2165.5
2169.525,51.990582,-2.395,853.749939,2165.525
2169.55,51.757233,-5.674,853.749939,2165.55
2169.575,51.332493,-2.934,853.749939,2165.575
2169.6,51.200153,-7.785,853.749939,2165.6
2169.625,51.171482,0.682,853.749939,2165.625
2169.65,51.057686,2.464908,853.749939,2165.65
2169.675,50.880573,2.72,852.499939,2165.675
2169.7,50.625683,-4.579,852.499939,2165.7
2169.725,50.238468,-0.829079,852.499939,2165.725
2169.75,49.961422,0.005,852.499939,2165.75
2169.775,49.537251,-2.981,852.499939,2165.775
2169.8,49.215599,1.73457,852.499939,2165.8
2169.825,49.165081,1.378,851.249939,2165.825
2169.85,49.305954,-1.205,851.249939,2165.85
2169.875,49.297974,-5.136894,851.249939,2165.875
2169.9,49.042778,-4.961,849.999939,2165.9
2169.925,49.074669,-19.024,849.999939,2165.925
2169.95,48.875298,-2.631,849.999939,2165.95
2169.975,48.915176,7.058,849.999939,2165.975
2170.0,49.361744,-12.258,849.999939,2166.0
2170.025,50.055534,0.703,849.999939,2166.025
2170.05,50.988552,-7.598,849.999939,2166.05
2170.075,51.746136,-0.554817,848.749939,2166.075
2170.1,52.144867,-0.555,848.749939,2166.1
2170.125,52.471832,-2.779,848.749939,2166.125
2170.15,52.766907,-6.776,848.749939,2166.15
2170.175,53.205517,-2.828,848.749939,2166.175
2170.2,53.245407,-5.23,848.749939,2166.2
2170.225,53.412891,4.986,847.499939,2166.225
2170.25,53.763783,-5.521,846.249939,2166.25
2170.275,53.92329,-0.647,847.499939,2166.275
2170.3,53.668121,4.681,846.249939,2166.3
2170.325,53.397003,-5.441391,846.249939,2166.325
2170.35,53.15778,-6.328,789.999939,2166.35
2170.375,53.16576,4.544,789.999939,2166.375
2170.4,53.10994,-2.724,791.249939,2166.4
2170.425,53.341198,-9.29,789.999939,2166.425
2170.45,53.524605,-1.097,811.249939,2166.45
2170.475,53.867496,4.144,812.499939,2166.475
2170.5,53.795719,-10.843,812.499939,2166.5
2170.525,53.652164,-2.258,812.499939,2166.525
2170.55,53.548489,3.384,812.499939,2166.55
2170.575,53.715939,-4.587,813.749939,2166.575
2170.6,54.042881,1.55,813.749939,2166.6
2170.625,54.720699,-1.979,812.499939,2166.625
2170.65,55.318775,3.776,812.499939,2166.65
2170.675,56.331528,-7.289,813.749939,2166.675
2170.7,57.017326,-14.68,812.499939,2166.7
2170.725,57.551609,-3.949,813.749939,2166.725
2170.75,58.181583,3.881,813.749939,2166.75
2170.775,59.034847,0.85,813.749939,2166.775
2170.8,59.59306,-2.6,813.749939,2166.8
2170.825,60.25494,-0.734,813.749939,2166.825
2170.85,60.661644,-5.166,813.749939,2166.85
2170.875,60.773293,1.227,813.749939,2166.875
2170.9,60.502167,-9.866,813.749939,2166.9
2170.925,60.151299,1.556,813.749939,2166.925
2170.95,59.290058,4.173,812.499939,2166.95
2170.975,58.596283,-3.03,812.499939,2166.975
2171.0,58.05402,-6.005,812.499939,2167.0
2171.025,57.503784,1.083318,812.499939,2167.025
2171.05,57.113045,0.762,812.499939,2167.05
2171.075,56.618629,-1.881,812.499939,2167.075
2171.1,55.964733,-6.17,812.499939,2167.1
2171.125,55.366646,-3.2,812.499939,2167.125
2171.15,54.617043,5.887,812.499939,2167.15
2171.175,54.178444,-4.524,812.499939,2167.175
2171.2,53.803646,-2.299,813.749939,2167.2
2171.225,53.52454,-4.889585,813.749939,2167.225
2171.25,53.59631,-4.895,813.749939,2167.25
2171.275,53.532516,-2.536,812.499939,2167.275
2171.3,53.428852,3.300479,813.749939,2167.3
2171.325,53.500622,2.34,813.749939,2167.325
2171.35,53.80365,1.297,813.749939,2167.35
2171.375,54.170479,-6.987,812.499939,2167.375
2171.4,54.54528,-0.678425,812.499939,2167.4
2171.425,55.430454,-0.866,811.249939,2167.425
2171.45,56.196011,-13.337,811.249939,2167.45
2171.475,56.770176,1.31,811.249939,2167.475
2171.5,57.288525,-6.324,809.999939,2167.5
2171.525,57.312458,3.41,809.999939,2167.525
2171.55,57.503857,1.465,809.999939,2167.55
2171.575,57.567657,-3.131,809.999939,2167.575
2171.6,57.511845,-1.308,809.999939,2167.6
2171.625,57.575649,-3.544,809.999939,2167.625
2171.65,57.48793,-6.677,809.999939,2167.65
2171.675,57.208824,-3.298,811.249939,2167.675
2171.7,56.546944,1.277,811.249939,2167.7
2171.725,55.677731,-0.184247,811.249939,2167.725
2171.75,55.063698,-0.302,811.249939,2167.75
2171.775,54.537376,2.001904,811.249939,2167.775
2171.8,54.05891,1.622,811.249939,2167.8
2171.825,53.676136,-6.834721,811.249939,2167.825
2171.85,53.420956,-6.82,811.249939,2167.85
2171.875,53.157791,16.066,809.999939,2167.875
2171.9,52.559711,-10.632,809.999939,2167.9
2171.925,51.985554,-20.785,809.999939,2167.925
2171.95,51.642654,15.198,809.999939,2167.95
2171.975,51.51506,8.362,809.999939,2167.975
2172.0,51.467209,-0.366,809.999939,2168.0
2172.025,51.387459,2.314,811.249939,2168.025
2172.05,51.275806,-59.896999,809.999939,2168.05
2172.075,51.212002,91.514999,809.999939,2168.075
2172.1,51.068451,104.634003,809.999939,2168.1
2172.125,50.924896,-144.388,808.749939,2168.125
2172.15,51.004635,-0.834,808.749939,2168.15
2172.175,51.54689,13.884,808.749939,2168.175
2172.2,52.009399,-2.913,808.749939,2168.2
2172.225,52.447979,1.080116,808.749939,2168.225
2172.25,52.703152,1.689,808.749939,2168.25
2172.275,52.92643,-24.132,808.749939,2168.275
2172.3,53.061981,2.617,808.749939,2168.3
2172.325,53.134396,18.972,808.749939,2168.325
2172.35,53.350349,-15.625,808.749939,2168.35
2172.375,53.630093,-3.46,808.749939,2168.375
2172.4,53.686558,11.684,808.749939,2168.4
2172.425,53.57555,-6.204,808.749939,2168.425
2172.45,53.049873,1.915,808.749939,2168.45
2172.475,52.750416,-3.972,808.749939,2168.475
2172.5,52.371861,-13.356,808.749939,2168.5
2172.525,51.962059,4.241669,808.749939,2168.525
2172.55,51.643402,3.653,808.749939,2168.55
2172.575,51.323277,0.62,808.749939,2168.575
2172.6,51.066299,-8.51,808.749939,2168.6
2172.625,50.646252,-1.424,809.999939,2168.625
2172.65,49.955078,-9.491,808.749939,2168.65
2172.675,49.621284,6.852,808.749939,2168.675
2172.7,49.12101,-2.057488,808.749939,2168.7
2172.725,48.882423,-1.114,807.499939,2168.725
2172.75,48.759064,-4.765,808.749939,2168.75
2172.775,48.672325,1.425,808.749939,2168.775
2172.8,48.717075,-6.797,808.749939,2168.8
2172.825,48.642044,-9.856,808.749939,2168.825
2172.85,48.50127,5.632,808.749939,2168.85
2172.875,48.719181,-0.359,808.749939,2168.875
2172.9,49.205616,-8.594,809.999939,2168.9
2172.925,49.917934,-2.057,811.249939,2168.925
2172.95,50.514385,5.765,811.249939,2168.95
2172.975,51.224758,-1.572,811.249939,2168.975
2173.0,52.095284,-4.021,811.249939,2169.0
2173.025,52.745426,-9.892,811.249939,2169.025
2173.05,53.283447,2.08,812.499939,2169.05
2173.075,53.781437,-9.452,812.499939,2169.075
2173.1,54.542755,-3.127,812.499939,2169.1
2173.125,55.3978,5.538,812.499939,2169.125
2173.15,55.869102,-3.739376,812.499939,2169.15
2173.175,56.27042,-4.525,812.499939,2169.175
2173.2,56.555859,-2.15,813.749939,2169.2
2173.225,56.953278,2.694,813.749939,2169.225
2173.25,57.329533,-2.768371,813.749939,2169.25
2173.275,57.263779,-3.065086,813.749939,2169.275
2173.3,57.254341,-2.987707,814.999939,2169.3
2173.325,57.465588,-3.41105,813.749939,2169.325
2173.35,57.419369,-3.651,813.749939,2169.35
2173.375,57.13718,-1.278,813.749939,2169.375
2173.4,56.810875,-12.075,812.499939,2169.4
2173.425,56.443893,3.903252,812.499939,2169.425
2173.45,56.075935,4.854,812.499939,2169.45
2173.475,55.626614,-3.513,812.499939,2169.475
2173.5,54.998276,1.182,812.499939,2169.5
2173.525,54.493931,-5.866,812.499939,2169.525
2173.55,54.372036,-1.106,812.499939,2169.55
2173.575,53.922867,7.889,812.499939,2169.575
2173.6,53.264088,-6.454,813.749939,2169.6
2173.625,52.826313,-4.077,813.749939,2169.625
2173.65,52.518734,-7.336,813.749939,2169.65
2173.675,52.130096,-2.291,813.749939,2169.675
2173.7,51.546169,5.118,813.749939,2169.7
2173.725,50.906258,-5.576,812.499939,2169.725
2173.75,50.7383,-7.083,812.499939,2169.75
2173.775,50.554062,4.185091,812.499939,2169.775
2173.8,50.116592,3.473,812.499939,2169.8
2173.825,49.639755,7.609,812.499939,2169.825
2173.85,49.130844,-5.911811,811.249939,2169.85
2173.875,48.816738,-5.934,811.249939,2169.875
2173.9,48.575874,2.538,809.999939,2169.9
2173.925,48.107159,-0.565,809.999939,2169.925
2173.95,47.67963,6.173,809.999939,2169.95
2173.975,47.545029,-1.394,809.999939,2169.975
2174.0,47.303684,-16.323,809.999939,2170.0
2174.025,46.557827,-5.255,811.249939,2170.025
2174.05,45.975197,-0.039015,809.999939,2170.05
2174.075,45.70179,-0.009,809.999939,2170.075
2174.1,45.166679,-6.403,809.999939,2170.1
2174.125,44.826862,-2.178,809.999939,2170.125
2174.15,44.437263,-0.07,809.999939,2170.15
2174.175,43.917446,-2.635,811.249939,2170.175
2174.2,43.462746,-5.818,811.249939,2170.2
2174.225,42.861557,-2.815,811.249939,2170.225
2174.25,42.358028,-0.725,811.249939,2170.25
2174.275,41.968414,-8.421,812.499939,2170.275
2174.3,41.554401,-4.204,812.499939,2170.3
2174.325,41.139896,3.496,812.499939,2170.325
2174.35,40.644016,-2.481,812.499939,2170.35
2174.375,40.37598,1.736,813.749939,2170.375
2174.4,40.335785,-2.842,813.749939,2170.4
2174.425,40.270691,6.368,812.499939,2170.425
2174.45,40.205582,-3.896,812.499939,2170.45
2174.475,40.368328,-0.638667,812.499939,2170.475
2174.5,40.710087,0.16,812.499939,2170.5
2174.525,40.954201,-4.390695,812.499939,2170.525
2174.55,40.986748,-4.772,812.499939,2170.55
2174.575,41.49939,3.575,812.499939,2170.575
2174.6,41.979488,-7.741923,811.249939,2170.6
2174.625,42.606049,-8.585,811.249939,2170.625
2174.65,43.29771,0.438,809.999939,2170.65
2174.675,44.021923,2.629,809.999939,2170.675
2174.7,44.851913,-8.371,809.999939,2170.7
2174.725,45.893486,-1.04,809.999939,2170.725
2174.75,47.211708,-6.421,811.249939,2170.75
2174.775,48.635719,-5.262,809.999939,2170.775
2174.8,50.132961,2.403,811.249939,2170.8
2174.825,51.68716,7.986,811.249939,2170.825
2174.85,52.924023,-0.70443,809.999939,2170.85
2174.875,54.03067,-1.061,811.249939,2170.875
2174.9,55.031544,-5.56345,811.249939,2170.9
2174.925,56.032421,-5.742,809.999939,2170.925
2174.95,56.740356,-7.566,811.249939,2170.95
2174.975,57.301819,0.981023,809.999939,2170.975
2175.0,57.781914,0.987,809.999939,2171.0
2175.025,57.952785,-4.675,809.999939,2171.025
2175.05,57.847012,-7.265,809.999939,2171.05
2175.075,57.602898,-5.101,808.749939,2171.075
2175.1,57.163494,-1.49,807.499939,2171.1
2175.125,56.748508,2.861,807.499939,2171.125
2175.15,56.235863,9.571,807.499939,2171.15
2175.175,55.641853,-0.801,807.499939,2171.175
2175.2,54.608437,0.77497,807.499939,2171.2
2175.225,53.355309,0.88,807.499939,2171.225
2175.25,52.183556,-0.13,807.499939,2171.25
2175.275,51.101311,2.287,807.499939,2171.275
2175.3,49.897011,-2.351,807.499939,2171.3
2175.325,48.969376,-12.309,807.499939,2171.325
2175.35,48.237026,-2.771,807.499939,2171.35
2175.375,47.708126,7.72,808.749939,2171.375
2175.4,47.114117,4.876,808.749939,2171.4
2175.425,46.585205,0.838,807.499939,2171.425
2175.45,46.373642,-11.638,808.749939,2171.45
2175.475,46.373657,-8.335,808.749939,2171.475
2175.5,46.772381,-1.954,808.749939,2171.5
2175.525,47.057194,-0.774,808.749939,2171.525
2175.55,47.187393,-2.744,808.749939,2171.55
2175.575,47.342007,-0.065938,808.749939,2171.575
2175.6,47.439663,0.377,808.749939,2171.6
2175.625,47.634949,-3.332,809.999939,2171.625
2175.65,47.846527,-7.906,809.999939,2171.65
2175.675,48.351036,7.321,808.749939,2171.675
2175.7,48.879948,-0.592,808.749939,2171.7
2175.725,49.083378,-5.084207,808.749939,2171.725
2175.75,49.026417,-4.449,808.749939,2171.75
2175.775,49.042702,7.447,808.749939,2171.775
2175.8,49.075245,3.337,808.749939,2171.8
2175.825,48.945045,-6.289,808.749939,2171.825
2175.85,48.717197,-3.694,808.749939,2171.85
2175.875,48.359154,-4.83,808.749939,2171.875
2175.9,47.838371,-3.294,808.749939,2171.9
2175.925,47.10601,-5.703,807.499939,2171.925
2175.95,46.178371,0.236732,807.499939,2171.95
2175.975,45.421604,0.757,808.749939,2171.975
2176.0,44.738068,2.952,807.499939,2172.0
2176.025,44.485809,-10.658,807.499939,2172.025
2176.05,44.436989,0.566,807.499939,2172.05
2176.075,44.354305,2.632,808.749939,2172.075
2176.1,44.239071,0.123,808.749939,2172.1
2176.125,44.097488,-9.156,808.749939,2172.125
2176.15,43.919449,-2.493414,808.749939,2172.15
2176.175,43.863796,-2.353,808.749939,2172.175
2176.2,44.303852,-1.187,808.749939,2172.2
2176.225,44.805767,3.71,808.749939,2172.225
2176.25,45.141037,-0.1,808.749939,2172.25
2176.275,45.325443,1.289,807.499939,2172.275
2176.3,45.400803,-7.756,807.499939,2172.3
2176.325,45.308868,-3.732391,807.499939,2172.325
2176.35,45.37772,-3.731,807.499939,2172.35
2176.375,45.733654,3.128,806.249939,2172.375
2176.4,46.114006,-4.863,806.249939,2172.4
2176.425,46.657104,-8.342,807.499939,2172.425
2176.45,46.862328,-1.79,806.249939,2172.45
2176.475,46.92403,-0.624,806.249939,2172.475
2176.5,46.78294,-9.629,806.249939,2172.5
2176.525,46.543556,2.283,806.249939,2172.525
2176.55,46.507435,-0.369,806.249939,2172.55
2176.575,46.542431,-2.755,804.999939,2172.575
2176.6,46.706985,-0.398,804.999939,2172.6
2176.625,46.745235,1.065,806.249939,2172.625
2176.65,46.564106,-3.174,806.249939,2172.65
2176.675,46.243343,-1.072,804.999939,2172.675
2176.7,45.93446,1.619,804.999939,2172.7
2176.725,45.744034,-2.692,806.249939,2172.725
2176.75,45.501709,1.532,807.499939,2172.75
2176.775,45.456139,-2.264,807.499939,2172.775
2176.8,45.609776,-5.554,808.749939,2172.8
2176.825,45.63776,7.141,808.749939,2172.825
2176.85,45.56599,3.371,807.499939,2172.85
2176.875,45.43042,-9.439,808.749939,2172.875
2176.9,45.326752,-8.253,808.749939,2172.9
2176.925,45.382568,-5.649,808.749939,2172.925
2176.95,45.550026,4.608,808.749939,2172.95
2176.975,45.741413,-1.585,808.749939,2172.975
2177.0,45.964695,-7.602,808.749939,2173.0
2177.025,46.211899,0.228,808.749939,2173.025
2177.05,46.37936,-5.839,808.749939,2173.05
2177.075,46.483021,-1.882,808.749939,2173.075
2177.1,46.586678,3.638,808.749939,2173.1
2177.125,46.65844,2.036555,808.749939,2173.125
2177.15,46.602615,2.054,809.999939,2173.15
2177.175,46.634502,-4.237,809.999939,2173.175
2177.2,46.666397,-10.717,809.999939,2173.2
2177.225,46.793991,-0.81,809.999939,2173.225
2177.25,46.801952,-12.319,809.999939,2173.25
2177.275,46.674355,1.563,811.249939,2173.275
2177.3,46.467018,-1.652,811.249939,2173.3
2177.325,46.243729,1.661,811.249939,2173.325
2177.35,45.892849,0.277,811.249939,2173.35
2177.375,45.478168,4.933,811.249939,2173.375
2177.4,45.143238,-2.614,811.249939,2173.4
2177.425,44.712612,0.107466,811.249939,2173.425
2177.45,44.321857,0.356,811.249939,2173.45
2177.475,43.899208,-1.106,811.249939,2173.475
2177.5,43.348969,-2.29,811.249939,2173.5
2177.525,42.806705,-0.545285,811.249939,2173.525
2177.55,42.368114,-0.537,809.999939,2173.55
2177.575,41.977367,-3.352,811.249939,2173.575
2177.6,41.626492,-4.61251,811.249939,2173.6
2177.625,41.690289,-3.857162,811.249939,2173.625
2177.65,41.785988,-4.669,811.249939,2173.65
2177.675,41.897629,-7.779,811.249939,2173.675
2177.7,42.009274,0.8,812.499939,2173.7
2177.725,42.184719,-1.204,812.499939,2173.725
2177.75,42.431927,2.152,812.499939,2173.75
2177.775,42.910393,-0.084,812.499939,2173.775
2177.8,43.540379,-9.417,812.499939,2173.8
2177.825,44.218212,0.111889,812.499939,2173.825
2177.85,44.864147,0.094,812.499939,2173.85
2177.875,45.557926,2.971,812.499939,2173.875
2177.9,46.132092,-2.477,812.499939,2173.9
2177.925,46.865749,3.495,812.499939,2173.925
2177.95,47.567509,-9.316,812.499939,2173.95
2177.975,48.428753,-7.057,813.749939,2173.975
2178.0,49.066711,-5.697,814.999939,2174.0
2178.025,49.513283,-1.817984,814.999939,2174.025
2178.05,49.744541,-1.818,814.999939,2174.05
2178.075,49.832256,9.356,816.249939,2174.075
2178.1,49.585045,-0.369,816.249939,2174.1
2178.125,49.242142,-5.861,816.249939,2174.125
2178.15,48.891266,-7.545,816.249939,2174.15
2178.175,48.468613,-5.615,816.249939,2174.175
2178.2,47.886482,2.249,816.249939,2174.2
2178.225,47.304348,3.466,816.249939,2174.225
2178.25,46.714241,0.174,816.249939,2174.25
2178.275,46.092236,-6.293,816.249939,2174.275
2178.3,45.765285,-0.478,816.249939,2174.3
2178.325,45.741364,-7.553,816.249939,2174.325
2178.35,45.884914,-5.557,816.249939,2174.35
2178.375,46.339462,2.289,816.249939,2174.375
2178.4,46.786034,-4.516,816.249939,2174.4
2178.425,47.128941,-1.766291,816.249939,2174.425
2178.45,47.312351,-1.553,816.249939,2174.45
2178.475,47.519691,5.434,816.249939,2174.475
2178.5,47.750957,1.15,816.249939,2174.5
2178.525,48.101833,-3.128,816.249939,2174.525
2178.55,48.652081,-0.936,816.249939,2174.55
2178.575,49.026886,-7.19,814.999939,2174.575
2178.6,49.186386,-9.535,814.999939,2174.6
2178.625,49.33791,5.77,814.999939,2174.625
2178.65,49.401714,4.641,814.999939,2174.65
2178.675,49.632977,-2.102,814.999939,2174.675
2178.7,49.991821,1.798,814.999939,2174.7
2178.725,50.43042,-7.566,814.999939,2174.725
2178.75,50.797241,-1.437,813.749939,2174.75
2178.775,51.01255,-0.008,814.999939,2174.775
2178.8,50.82914,-2.086,813.749939,2174.8
2178.825,50.254971,-0.228,813.749939,2174.825
2178.85,49.680805,-13.055,813.749939,2174.85
2178.875,49.202328,2.036,813.749939,2174.875
2178.9,48.763718,4.251,812.499939,2174.9
2178.925,48.229427,-10.101,812.499939,2174.925
2178.95,47.703106,-2.907,812.499939,2174.95
2178.975,47.089062,-9.609,812.499939,2174.975
2179.0,46.395283,6.757,813.749939,2175.0
2179.025,45.789223,4.632,813.749939,2175.025
2179.05,45.374542,-4.69,812.499939,2175.05
2179.075,45.302769,-2.738677,812.499939,2175.075
2179.1,45.278843,-2.742,813.749939,2175.1
2179.125,45.430367,-0.484,813.749939,2175.125
2179.15,45.358593,-2.145,813.749939,2175.15
2179.175,45.127335,-0.19,813.749939,2175.175
2179.2,44.991772,-3.848,813.749939,2175.2
2179.225,44.736591,4.368,813.749939,2175.225
2179.25,44.69672,-5.02,814.999939,2175.25
2179.275,44.864193,-0.036,816.249939,2175.275
2179.3,45.151279,-10.233,814.999939,2175.3
2179.325,45.470264,7.225,816.249939,2175.325
2179.35,45.414444,-1.144,816.249939,2175.35
2179.375,45.438374,-8.232,816.249939,2175.375
2179.4,45.510147,-3.014,816.249939,2175.4
2179.425,45.79723,-9.413,814.999939,2175.425
2179.45,46.283676,-2.58,816.249939,2175.45
2179.475,46.961514,1.829,816.249939,2175.475
2179.5,47.735035,-1.174362,814.999939,2175.5
2179.525,48.373001,-1.131,814.999939,2175.525
2179.55,48.739826,-3.203,813.749939,2175.55
2179.575,49.250191,3.044559,814.999939,2175.575
2179.6,49.569168,3.273,814.999939,2175.6
2179.625,50.103455,-2.866975,813.749939,2175.625
2179.65,50.876976,-2.924,813.749939,2175.65
2179.675,51.443169,-7.162,813.749939,2175.675
2179.7,52.105057,-3.345,814.999939,2175.7
2179.725,52.408092,-4.503,813.749939,2175.725
2179.75,52.519737,-5.752,813.749939,2175.75
2179.775,52.551636,0.206,813.749939,2175.775
2179.8,52.40012,3.785,812.499939,2175.8
2179.825,52.535683,-1.508,812.499939,2175.825
2179.85,52.52771,6.41,812.499939,2175.85
2179.875,52.527714,-5.613,811.249939,2175.875
2179.9,52.535698,2.374,811.249939,2175.9
2179.925,52.384186,-4.805,812.499939,2175.925
2179.95,52.15292,-5.818,812.499939,2175.95
2179.975,51.674454,-1.326,812.499939,2175.975
2180.0,51.387367,-4.924,812.499939,2176.0
2180.025,51.451164,-1.494,811.249939,2176.025
2180.05,51.355469,2.151701,811.249939,2176.05
2180.075,51.33952,2.191,809.999939,2176.075
2180.1,51.323574,-7.852,809.999939,2176.1
2180.125,51.156105,1.169,809.999939,2176.125
2180.15,51.190598,8.521,809.999939,2176.15
2180.175,51.193188,-6.451,809.999939,2176.175
2180.2,51.243626,-0.073,808.749939,2176.2
2180.225,51.373814,4.786,808.749939,2176.225
2180.25,51.527927,-1.631,808.749939,2176.25
2180.275,51.650143,-9.704,808.749939,2176.275
2180.3,51.519775,-2.771,808.749939,2176.3
2180.325,51.520256,-7.661,808.749939,2176.325
2180.35,51.617893,-11.206,808.749939,2176.35
2180.375,51.591843,-5.192,809.999939,2176.375
2180.4,51.563026,6.127,809.999939,2176.4
2180.425,51.518909,2.758,811.249939,2176.425
2180.45,51.541843,-5.785,811.249939,2176.45
2180.475,51.481613,5.188,811.249939,2176.475
2180.5,51.201031,-8.333,812.499939,2176.5
2180.525,50.921749,-3.454,812.499939,2176.525
2180.55,50.678268,-6.42842,813.749939,2176.55
2180.575,50.308495,-6.3,813.749939,2176.575
2180.6,49.979904,-4.291,813.749939,2176.6
2180.625,49.419403,-5.794,813.749939,2176.625
2180.65,48.892101,6.748,813.749939,2176.65
2180.675,48.517452,5.073,813.749939,2176.675
2180.7,48.109604,-2.795,813.749939,2176.7
2180.725,47.80006,-4.378,813.749939,2176.725
2180.75,47.61013,-3.003158,813.749939,2176.75
2180.775,47.465118,-3.255443,813.749939,2176.775
2180.8,47.383251,-2.594797,813.749939,2176.8
2180.825,47.322868,-2.543,813.749939,2176.825
2180.85,47.44101,6.31,814.999939,2176.85
2180.875,47.382587,2.042,814.999939,2176.875
2180.9,47.379822,-5.451,816.249939,2176.9
2180.925,47.393497,1.281,814.999939,2176.925
2180.95,47.273067,7.26,814.999939,2176.95
2180.975,47.233364,2.659,816.249939,2176.975
2181.0,47.322559,-8.572,816.249939,2177.0
2181.025,47.570591,-5.466,814.999939,2177.025
2181.05,48.026932,-3.490719,814.999939,2177.05
2181.075,48.564644,-3.601,814.999939,2177.075
2181.1,49.101379,0.881,813.749939,2177.1
2181.125,49.516888,-4.937,814.999939,2177.125
2181.15,49.874756,-8.73,813.749939,2177.15
2181.175,50.402866,-5.656,814.999939,2177.175
2181.2,50.779789,-1.118,816.249939,2177.2
2181.225,51.197392,4.966,813.749939,2177.225
2181.25,51.566181,0.913,816.249939,2177.25
2181.275,51.665127,-1.713484,814.999939,2177.275
2181.3,51.648849,-2.48019,814.999939,2177.3
2181.325,51.3909,-2.509,813.749939,2177.325
2181.35,51.116039,-3.72,813.749939,2177.35
2181.375,50.717155,-6.338,813.749939,2177.375
2181.4,50.096619,2.187301,813.749939,2177.4
2181.425,49.672665,1.421,813.749939,2177.425
2181.45,49.181019,-5.697,813.749939,2177.45
2181.475,48.526619,1.873,813.749939,2177.475
2181.5,47.676929,9.817,813.749939,2177.5
2181.525,46.646275,-5.003,814.999939,2177.525
2181.55,45.477291,7.757,814.999939,2177.55
2181.575,44.106171,-18.681,813.749939,2177.575
2181.6,42.929211,-110.891998,816.249939,2177.6
2181.625,41.874954,259.949005,814.999939,2177.625
2181.65,40.94471,-16.459,816.249939,2177.65
2181.675,40.367622,-143.970993,816.249939,2177.675
2181.7,39.74984,83.585999,816.249939,2177.7
2181.725,39.41687,-26.969999,816.249939,2177.725
2181.75,39.417515,-3.238,816.249939,2177.75
2181.775,39.551617,-6.474,817.499939,2177.775
2181.8,39.940895,-11.074,817.499939,2177.8
2181.825,40.541748,-15.301,817.499939,2177.825
2181.85,41.42934,11.914,817.499939,2177.85
2181.875,42.584656,4.734,818.749939,2177.875
2181.9,43.71426,-4.488,817.499939,2177.9
2181.925,44.795033,-2.49106,817.499939,2177.925
2181.95,45.778152,-2.744471,817.499939,2177.95
2181.975,46.753151,-2.76,817.499939,2177.975
2182.0,47.632446,0.705,817.499939,2178.0
2182.025,48.50362,-4.016,817.499939,2178.025
2182.05,49.558674,-0.637,817.499939,2178.05
2182.075,50.539528,-4.537,817.499939,2178.075
2182.1,51.44714,-13.352,817.499939,2178.1
2182.125,52.124966,0.071,817.499939,2178.125
2182.15,52.533779,-5.724,817.499939,2178.15
2182.175,52.796131,0.644,817.499939,2178.175
2182.2,52.741127,-1.129,818.749939,2178.2
2182.225,52.669846,-0.004,818.749939,2178.225
2182.25,52.736908,-2.686,818.749939,2178.25
2182.275,52.68808,2.535,818.749939,2178.275
2182.3,52.736912,-3.365,818.749939,2178.3
2182.325,52.663685,0.211831,817.499939,2178.325
2182.35,52.492809,0.212,817.499939,2178.35
2182.375,52.232426,-1.907,817.499939,2178.375
2182.4,52.08596,5.51,817.499939,2178.4
2182.425,52.264988,-0.581,817.499939,2178.425
2182.45,52.696266,-10.080939,818.749939,2178.45
2182.475,53.632042,-10.56,818.749939,2178.475
2182.5,54.584103,5.153,818.749939,2178.5
2182.525,55.593105,-7.318,818.749939,2178.525
2182.55,56.520744,1.03,818.749939,2178.55
2182.575,57.269363,-2.011,818.749939,2178.575
2182.6,57.904064,1.485,817.499939,2178.6
2182.625,58.441128,-1.179,817.499939,2178.625
2182.65,59.189732,2.277221,817.499939,2178.65
2182.675,60.003445,2.254,817.499939,2178.675
2182.7,60.540497,-4.742,817.499939,2178.7
2182.725,60.662548,-22.150999,817.499939,2178.725
2182.75,60.524208,-3.847,817.499939,2178.75
2182.775,60.37772,4.155,817.499939,2178.775
2182.8,60.044098,2.265,818.749939,2178.8
2182.825,59.840672,-4.106987,818.749939,2178.825
2182.85,59.523312,-4.348,818.749939,2178.85
2182.875,59.262924,-0.661289,818.749939,2178.875
2182.9,58.872337,-0.661465,818.749939,2178.9
2182.925,58.205082,-0.974,818.749939,2178.925
2182.95,57.20422,4.961,819.999939,2178.95
2182.975,56.121971,-0.336,819.999939,2178.975
2183.0,55.031597,-5.514,818.749939,2179.0
2183.025,54.047005,-9.189,819.999939,2179.025
2183.05,53.200741,-0.715,819.999939,2179.05
2183.075,52.500957,3.977,819.999939,2179.075
2183.1,51.833706,-0.89858,821.249939,2179.1
2183.125,51.394306,-1.48,819.999939,2179.125
2183.15,51.011864,-3.774,819.999939,2179.15
2183.175,50.922352,4.883,819.999939,2179.175
2183.2,51.207157,0.781,821.249939,2179.2
2183.225,51.858147,-7.902,821.249939,2179.225
2183.25,52.468422,-1.308,821.249939,2179.25
2183.275,53.265873,-18.25,819.999939,2179.275
2183.3,53.85989,5.745,819.999939,2179.3
2183.325,54.551544,3.095,821.249939,2179.325
2183.35,55.153694,5.377,821.249939,2179.35
2183.375,55.528004,1.124,819.999939,2179.375
2183.4,55.77211,-6.557,821.249939,2179.4
2183.425,56.040634,-4.55,819.999939,2179.425
2183.45,56.406807,-8.849,819.999939,2179.45
2183.475,56.724155,-4.76,819.999939,2179.475
2183.5,56.756695,-2.862,818.749939,2179.5
2183.525,56.634628,3.161,818.749939,2179.525
2183.55,56.447475,0.83,818.749939,2179.55
2183.575,56.390514,2.162,818.749939,2179.575
2183.6,55.942966,-2.134,818.749939,2179.6
2183.625,55.462868,-3.201954,818.749939,2179.625
2183.65,54.950222,-4.016,818.749939,2179.65
2183.675,54.242287,-15.012,818.749939,2179.675
2183.7,53.314648,-2.73,818.749939,2179.7
2183.725,52.248676,-4.026,818.749939,2179.725
2183.75,51.280357,-1.206,818.749939,2179.75
2183.775,50.482922,-6.097,818.749939,2179.775
2183.8,49.815666,0.269,818.749939,2179.8
2183.825,49.115883,-3.351,817.499939,2179.825
2183.85,48.57069,2.798,816.249939,2179.85
2183.875,48.220802,0.547,816.249939,2179.875
2183.9,47.886677,-5.932,814.999939,2179.9
2183.925,47.485523,-0.767,813.749939,2179.925
2183.95,47.371441,-3.526,814.999939,2179.95
2183.975,47.608891,0.425,813.749939,2179.975
2184.0,48.13895,-4.524,813.749939,2180.0
2184.025,48.469158,-2.511,813.749939,2180.025
2184.05,48.658592,-6.735,816.249939,2180.05
2184.075,49.005562,-2.993,814.999939,2180.075
2184.1,49.445793,-0.443,816.249939,2180.1
2184.125,49.983337,2.849,814.999939,2180.125
2184.15,50.740906,-1.671,814.999939,2180.15
2184.175,51.742775,-9.328,814.999939,2180.175
2184.2,52.888653,2.726752,813.749939,2180.2
2184.225,53.774151,2.465,813.749939,2180.225
2184.25,54.43441,-6.669,814.999939,2180.25
2184.275,54.837536,-2.193,813.749939,2180.275
2184.3,55.144966,-3.464,813.749939,2180.3
2184.325,55.604076,1.784785,813.749939,2180.325
2184.35,56.126987,1.845,812.499939,2180.35
2184.375,56.609524,-2.35,812.499939,2180.375
2184.4,57.190365,-5.515,813.749939,2180.4
2184.425,57.429604,-3.419,812.499939,2180.425
2184.45,57.354427,0.22,812.499939,2180.45
2184.475,56.98159,-3.233,812.499939,2180.475
2184.5,56.801926,2.509,812.499939,2180.5
2184.525,56.634808,4.49,812.499939,2180.525
2184.55,56.312084,-3.211,812.499939,2180.55
2184.575,55.840462,2.38,812.499939,2180.575
2184.6,55.006405,-5.315,812.499939,2180.6
2184.625,53.857277,3.735,812.499939,2180.625
2184.65,52.457855,-0.544,812.499939,2180.65
2184.675,50.781265,-1.831741,812.499939,2180.675
2184.7,49.066757,-2.258,812.499939,2180.7
2184.725,47.416039,-7.305,812.499939,2180.725
2184.75,46.004559,0.7,812.499939,2180.75
2184.775,44.601044,3.763,811.249939,2180.775
2184.8,43.149689,-1.138,811.249939,2180.8
2184.825,41.570736,-5.894419,811.249939,2180.825
2184.85,40.015717,-5.828,811.249939,2180.85
2184.875,38.372978,-0.039,812.499939,2180.875
2184.9,36.881748,-1.493,812.499939,2180.9
2184.925,35.55798,2.629,812.499939,2180.925
2184.95,34.258137,-7.901,811.249939,2180.95
2184.975,32.96627,-6.784,811.249939,2180.975
2185.0,31.865791,-1.687,812.499939,2181.0
2185.025,30.845051,0.154814,812.499939,2181.025
2185.05,29.808369,0.296,812.499939,2181.05
2185.075,28.875351,4.539486,812.499939,2181.075
2185.1,28.093842,4.683,812.499939,2181.1
2185.125,27.543589,-13.457,812.499939,2181.125
2185.15,27.336239,-2.409,811.249939,2181.15
2185.175,27.168766,7.002,811.249939,2181.175
2185.2,27.096991,-1.01,811.249939,2181.2
2185.225,26.945471,-9.589,811.249939,2181.225
2185.25,26.913572,5.458,812.499939,2181.25
2185.275,26.722185,-2.343,812.499939,2181.275
2185.3,26.610542,-4.415,812.499939,2181.3
2185.325,26.65839,-1.882,813.749939,2181.325
2185.35,26.857754,-9.36,813.749939,2181.35
2185.375,27.120914,-0.334,814.999939,2181.375
2185.4,27.471798,-10.928,813.749939,2181.4
2185.425,28.077868,-1.356,813.749939,2181.425
2185.45,28.939117,10.379,813.749939,2181.45
2185.475,29.896059,2.802,813.749939,2181.475
2185.5,30.964649,1.719,814.999939,2181.5
2185.525,32.24057,-3.105534,813.749939,2181.525
2185.55,33.675983,-2.242,813.749939,2181.55
2185.575,35.390495,5.223148,813.749939,2181.575
2185.6,36.993374,5.81,813.749939,2181.6
2185.625,38.492584,-13.969,814.999939,2181.625
2185.65,40.159256,-6.483,814.999939,2181.65
2185.675,41.794033,-2.226,814.999939,2181.675
2185.7,43.476654,-7.771,814.999939,2181.7
2185.725,45.095482,-1.557,814.999939,2181.725
2185.75,46.618614,3.148,814.999939,2181.75
2185.775,48.25338,-3.104479,814.999939,2181.775
2185.8,49.617008,-3.276,814.999939,2181.8
2185.825,50.757359,-6.735,814.999939,2181.825
2185.85,51.770115,0.378,814.999939,2181.85
2185.875,52.758949,4.512,814.999939,2181.875
2185.9,53.668034,-7.243169,814.999939,2181.9
2185.925,54.290039,-7.241,814.999939,2181.925
2185.95,54.912045,2.141,814.999939,2181.95
2185.975,55.262917,-0.81,816.249939,2181.975
2186.0,55.549992,-2.515,816.249939,2182.0
2186.025,55.805172,13.08,816.249939,2182.025
2186.05,55.773285,-15.898,816.249939,2182.05
2186.075,55.86898,0.922,816.249939,2182.075
2186.1,56.172016,-4.798,816.249939,2182.1
2186.125,56.203918,-11.478,816.249939,2182.125
2186.15,56.403286,1.688,816.249939,2182.15
2186.175,56.315575,4.314,816.249939,2182.175
2186.2,56.259758,-1.362,816.249939,2182.2
2186.225,56.076351,2.024,816.249939,2182.225
2186.25,55.964718,-0.637938,816.249939,2182.25
2186.275,55.916882,-0.195,816.249939,2182.275
2186.3,56.060429,-9.724,814.999939,2182.3
2186.325,56.219929,-7.173,814.999939,2182.325
2186.35,56.499039,1.401,814.999939,2182.35
2186.375,56.810047,-0.157,814.999939,2182.375
2186.4,57.288521,1.639,814.999939,2182.4
2186.425,57.495861,-3.067,814.999939,2182.425
2186.45,58.21357,-5.469,816.249939,2182.45
2186.475,58.891399,-1.062,814.999939,2182.475
2186.5,59.537342,-4.044,816.249939,2182.5
2186.525,60.127453,-1.65,816.249939,2182.525
2186.55,60.58997,6.509,816.249939,2182.55
2186.575,60.861099,-6.647,817.499939,2182.575
2186.6,61.172096,-4.019,817.499939,2182.6
2186.625,61.188046,-0.621,817.499939,2182.625
2186.65,61.459175,-7.247,817.499939,2182.65
2186.675,61.666508,-1.024,817.499939,2182.675
2186.7,61.969524,-3.039,817.499939,2182.7
2186.725,62.097111,1.037939,816.249939,2182.725
2186.75,62.15292,1.517,816.249939,2182.75
2186.775,62.30442,6.788,816.249939,2182.775
2186.8,62.43998,-2.338,816.249939,2182.8
2186.825,62.511753,2.676,816.249939,2182.825
2186.85,62.408077,1.514,816.249939,2182.85
2186.875,62.487816,-7.520752,817.499939,2182.875
2186.9,62.392113,-7.259,817.499939,2182.9
2186.925,61.801987,-1.471,817.499939,2182.925
2186.95,61.203896,3.158,817.499939,2182.95
2186.975,60.765293,-4.995,817.499939,2182.975
2187.0,60.278843,-10.973,817.499939,2183.0
2187.025,59.999733,0.851,817.499939,2183.025
2187.05,59.784416,-5.306,817.499939,2183.05
2187.075,59.656818,-0.673,817.499939,2183.075
2187.1,59.465424,4.699,816.249939,2183.1
2187.125,59.449467,2.67,816.249939,2183.125
2187.15,59.337822,-0.775,816.249939,2183.15
2187.175,59.608952,2.584,816.249939,2183.175
2187.2,60.047546,-8.166,816.249939,2183.2
2187.225,60.526016,1.067,816.249939,2183.225
2187.25,60.876888,-7.54,817.499939,2183.25
2187.275,61.10017,2.391505,817.499939,2183.275
2187.3,61.219788,1.714434,817.499939,2183.3
2187.325,61.24371,1.693,817.499939,2183.325
2187.35,61.116123,4.115693,817.499939,2183.35
2187.375,61.37928,3.469,817.499939,2183.375
2187.4,61.754086,-3.79,817.499939,2183.4
2187.425,62.025219,-13.516,818.749939,2183.425
2187.45,62.073071,8.726,817.499939,2183.45
2187.475,61.921562,-9.350525,817.499939,2183.475
2187.5,61.482967,-9.345,817.499939,2183.5
2187.525,60.876919,-4.585,817.499939,2183.525
2187.55,60.534027,-2.658,816.249939,2183.55
2187.575,60.358593,-6.837,816.249939,2183.575
2187.6,60.071518,6.835,817.499939,2183.6
2187.625,59.912045,-3.247665,817.499939,2183.625
2187.65,59.5532,-3.505324,817.499939,2183.65
2187.675,58.955124,-2.968,817.499939,2183.675
2187.7,58.460712,1.59,817.499939,2183.7
2187.725,58.061996,-2.353,817.499939,2183.725
2187.75,57.918461,4.517,817.499939,2183.75
2187.775,57.878593,0.385,818.749939,2183.775
2187.8,58.006191,-5.677,818.749939,2183.8
2187.825,57.839386,1.637,818.749939,2183.825
2187.85,57.473213,-9.502,818.749939,2183.85
2187.875,57.011345,0.691,818.749939,2183.875
2187.9,56.541508,-0.982,818.749939,2183.9
2187.925,56.064175,1.551,818.749939,2183.925
2187.95,55.82608,-0.818,818.749939,2183.95
2187.975,55.644787,-6.288,817.499939,2183.975
2188.0,55.375771,-1.021667,817.499939,2184.0
2188.025,54.787777,-0.223,816.249939,2184.025
2188.05,54.199783,-4.812,816.249939,2184.05
2188.075,53.53204,-2.838,816.249939,2184.075
2188.1,52.976265,-5.955,816.249939,2184.1
2188.125,52.400475,9.732,816.249939,2184.125
2188.15,52.229912,-3.901,816.249939,2184.15
2188.175,51.956665,-12.291,816.249939,2184.175
2188.2,51.505375,1.484,816.249939,2184.2
2188.225,51.109741,5.449,816.249939,2184.225
2188.25,50.725655,-6.218678,816.249939,2184.25
2188.275,50.450119,-6.222,816.249939,2184.275
2188.3,50.466217,-1.554,816.249939,2184.3
2188.325,50.571339,-4.241,814.999939,2184.325
2188.35,50.66312,5.166,814.999939,2184.35
2188.375,50.870766,-0.311,816.249939,2184.375
2188.4,51.093384,-1.385,814.999939,2184.4
2188.425,51.059193,-10.067,814.999939,2184.425
2188.45,51.115318,-7.738,814.999939,2184.45
2188.475,51.330284,-3.234,814.999939,2184.475
2188.5,51.510101,-1.864,814.999939,2184.5
2188.525,51.715137,-0.01,813.749939,2184.525
2188.55,51.895779,1.272483,813.749939,2184.55
2188.575,52.093979,1.758,813.749939,2184.575
2188.6,52.420433,3.763,813.749939,2184.6
2188.625,52.479,0.922,812.499939,2184.625
2188.65,52.617001,2.657,812.499939,2184.65
2188.675,52.863052,-14.23,811.249939,2184.675
2188.7,53.030994,-9.229,812.499939,2184.7
2188.725,53.18869,1.143,811.249939,2184.725
2188.75,53.229202,-5.266,811.249939,2184.75
2188.775,53.201363,5.249,811.249939,2184.775
2188.8,53.098022,8.301,809.999939,2184.8
2188.825,53.192238,-3.503,809.999939,2184.825
2188.85,53.135445,3.57,809.999939,2184.85
2188.875,53.103054,-1.733,809.999939,2184.875
2188.9,53.481106,-8.182,811.249939,2184.9
2188.925,53.700649,-10.633,811.249939,2184.925
2188.95,53.88504,-0.694,811.249939,2184.95
2188.975,54.110119,-4.501,811.249939,2184.975
2189.0,54.333893,0.22,811.249939,2185.0
2189.025,54.647171,3.018,812.499939,2185.025
2189.05,54.862804,-7.047,812.499939,2185.05
2189.075,54.963383,-0.477,813.749939,2185.075
2189.1,54.884937,3.604,813.749939,2185.1
2189.125,54.807152,-8.808,813.749939,2185.125
2189.15,54.61544,-5.219,813.749939,2185.15
2189.175,54.4156,8.357,814.999939,2185.175
2189.2,54.10379,-2.593,816.249939,2185.2
2189.225,53.924763,-11.343,814.999939,2185.225
2189.25,53.648109,0.619,814.999939,2185.25
2189.275,53.22644,4.563,816.249939,2185.275
2189.3,52.567482,-4.787,814.999939,2185.3
2189.325,51.974293,-12.112,814.999939,2185.325
2189.35,51.250896,5.886,814.999939,2185.35
2189.375,50.519371,3.438,814.999939,2185.375
2189.4,49.960674,-2.093,814.999939,2185.4
2189.425,49.591732,1.073,814.999939,2185.425
2189.45,49.125137,-13.48,814.999939,2185.45
2189.475,48.715508,-6.036,816.249939,2185.475
2189.5,48.175697,6.784,816.249939,2185.5
2189.525,47.63588,-3.483,816.249939,2185.525
2189.55,47.257347,-1.798,816.249939,2185.55
2189.575,47.229992,-6.101,816.249939,2185.575
2189.6,47.267094,-10.625,816.249939,2185.6
2189.625,47.572723,-0.514,816.249939,2185.625
2189.65,48.032951,6.913,816.249939,2185.65
2189.675,48.312214,-1.279,816.249939,2185.675
2189.7,48.426132,0.023,816.249939,2185.7
2189.725,48.629566,-7.082,816.249939,2185.725
2189.75,49.060833,-1.046306,816.249939,2185.75
2189.775,49.680557,-1.067,816.249939,2185.775
2189.8,50.560673,-5.285,817.499939,2185.8
2189.825,51.424519,-0.724804,817.499939,2185.825
2189.85,52.09306,-0.643468,816.249939,2185.85
2189.875,52.598866,-0.644,817.499939,2185.875
2189.9,52.73851,-2.1,817.499939,2185.9
2189.925,52.739803,9.284,816.249939,2185.925
2189.95,53.009644,-10.237,817.499939,2185.95
2189.975,53.279476,-0.337,817.499939,2185.975
2190.0,53.524879,7.475,817.499939,2186.0
2190.025,53.62384,-4.382831,817.499939,2186.025
2190.05,53.599422,-4.385,817.499939,2186.05
2190.075,53.322762,3.202,817.499939,2186.075
2190.1,52.867062,-7.623,817.499939,2186.1
2190.125,52.289326,-5.222,818.749939,2186.125
2190.15,51.874332,-6.976,818.749939,2186.15
2190.175,51.849915,1.948,818.749939,2186.175
2190.2,51.939419,-3.129,818.749939,2186.2
2190.225,51.866184,4.536,818.749939,2186.225
2190.25,51.784821,-0.154031,818.749939,2186.25
2190.275,51.483746,-0.166585,817.499939,2186.275
2190.3,51.386097,-1.079,818.749939,2186.3
2190.325,51.288452,1.417522,818.749939,2186.325
2190.35,51.304726,1.466,818.749939,2186.35
2190.375,51.500019,-5.959,818.749939,2186.375
2190.4,51.890602,2.519,818.749939,2186.4
2190.425,51.939426,-7.532,819.999939,2186.425
2190.45,51.858059,0.155,819.999939,2186.45
2190.475,51.801094,3.496,821.249939,2186.475
2190.5,51.613953,-12.204,822.499939,2186.5
2190.525,51.27219,-5.232,822.499939,2186.525
2190.55,51.2071,-6.712,823.749939,2186.55
2190.575,50.85722,3.572,822.499939,2186.575
2190.6,50.442223,-5.751,822.499939,2186.6
2190.625,50.067924,2.955,822.499939,2186.625
2190.65,49.465782,-1.808,822.499939,2186.65
2190.675,48.774139,-5.725,822.499939,2186.675
2190.7,48.294064,5.659,822.499939,2186.7
2190.725,47.700047,1.593,822.499939,2186.725
2190.75,47.154881,-8.685,822.499939,2186.75
2190.775,46.650375,-3.114,821.249939,2186.775
2190.8,46.30862,9.887,821.249939,2186.8
2190.825,45.918045,-11.588,821.249939,2186.825
2190.85,45.755302,-9.373,821.249939,2186.85
2190.875,45.68206,10.259,822.499939,2186.875
2190.9,45.820396,-5.594,822.499939,2186.9
2190.925,46.105194,7.538,822.499939,2186.925
2190.95,46.276062,-20.429001,822.499939,2186.95
2190.975,46.520184,-126.634003,822.499939,2186.975
2191.0,46.845654,155.199005,822.499939,2187.0
2191.025,47.081619,-25.084,822.499939,2187.025
2191.05,47.439659,-160.257004,822.499939,2187.05
2191.075,47.765133,60.195,823.749939,2187.075
2191.1,48.106888,30.132999,823.749939,2187.1
2191.125,48.350998,-12.005,823.749939,2187.125
2191.15,48.619514,-0.465,822.499939,2187.15
2191.175,48.806648,3.78,822.499939,2187.175
2191.2,49.107719,-16.382999,821.249939,2187.2
2191.225,49.66917,-15.301,821.249939,2187.225
2191.25,50.222485,21.540001,821.249939,2187.25
2191.275,50.775806,-9.051,819.999939,2187.275
2191.3,51.150105,-5.871,819.999939,2187.3
2191.325,51.33725,4.956,819.999939,2187.325
2191.35,51.532543,11.455,819.999939,2187.35
2191.375,51.467438,-12.069,821.249939,2187.375
2191.4,51.288425,-10.069,822.499939,2187.4
2191.425,51.158226,2.846,821.249939,2187.425
2191.45,50.91412,1.717,822.499939,2187.45
2191.475,50.840889,0.257,822.499939,2187.475
2191.5,50.417763,-8.353,822.499939,2187.5
2191.525,50.027191,-0.299516,822.499939,2187.525
2191.55,49.669167,-0.333,821.249939,2187.55
2191.575,49.400654,-2.583,821.249939,2187.575
2191.6,49.132133,1.486,819.999939,2187.6
2191.625,48.920574,-4.397,821.249939,2187.625
2191.65,48.741566,2.251,819.999939,2187.65
2191.675,48.652073,5.646,819.999939,2187.675
2191.7,48.481529,-6.292,819.999939,2187.7
2191.725,48.267849,-0.718,819.999939,2187.725
2191.75,47.909988,-1.739,821.249939,2187.75
2191.775,47.824883,2.269,819.999939,2187.775
2191.8,47.887886,-11.012,819.999939,2187.8
2191.825,48.074566,-8.302,821.249939,2187.825
2191.85,48.385574,4.271,821.249939,2187.85
2191.875,48.927689,-0.997,819.999939,2187.875
2191.9,49.511787,1.922,821.249939,2187.9
2191.925,50.373859,6.712,821.249939,2187.925
2191.95,51.148045,-4.388,819.999939,2187.95
2191.975,52.063148,-9.562,821.249939,2187.975
2192.0,52.920822,-7.294,819.999939,2188.0
2192.025,53.714035,-6.248,819.999939,2188.025
2192.05,54.489681,0.983,819.999939,2188.05
2192.075,55.042049,-0.274,819.999939,2188.075
2192.1,55.400417,-3.235,818.749939,2188.1
2192.125,55.694336,6.842,818.749939,2188.125
2192.15,55.962868,10.395,818.749939,2188.15
2192.175,55.860188,-13.735,818.749939,2188.175
2192.2,55.615425,-8.334,818.749939,2188.2
2192.225,55.441795,-2.335,818.749939,2188.225
2192.25,55.110607,-4.791,818.749939,2188.25
2192.275,54.65575,0.558,818.749939,2188.275
2192.3,54.142307,5.118,819.999939,2188.3
2192.325,53.553665,-1.954,818.749939,2188.325
2192.35,52.992371,-0.062,818.749939,2188.35
2192.375,52.390381,-7.679,819.999939,2188.375
2192.4,51.681309,2.431,819.999939,2188.4
2192.425,50.752373,5.172,818.749939,2188.425
2192.45,50.21516,-2.503,818.749939,2188.45
2192.475,49.77179,-7.218385,818.749939,2188.475
2192.5,49.368286,-7.114,818.749939,2188.5
2192.525,49.060478,-2.855,818.749939,2188.525
2192.55,49.087593,-6.672,817.499939,2188.55
2192.575,49.146603,0.036,817.499939,2188.575
2192.6,49.157761,-1.867539,816.249939,2188.6
2192.625,49.08918,-1.590986,816.249939,2188.625
2192.65,49.3316,-1.496,816.249939,2188.65
2192.675,49.574017,1.423,816.249939,2188.675
2192.7,49.944031,2.65,816.249939,2188.7
2192.725,50.345936,-3.560645,816.249939,2188.725
2192.75,50.680855,-3.559,817.499939,2188.75
2192.775,50.920074,-2.35,817.499939,2188.775
2192.8,50.888168,-4.372,818.749939,2188.8
2192.825,50.760563,1.109,818.749939,2188.825
2192.85,50.601063,7.056,818.749939,2188.85
2192.875,50.313969,1.077,818.749939,2188.875
2192.9,50.19434,-16.101,819.999939,2188.9
2192.925,49.875347,1.455,818.749939,2188.925
2192.95,49.664803,-4.061,818.749939,2188.95
2192.975,49.302753,2.022,818.749939,2188.975
2193.0,48.653614,-3.413,818.749939,2189.0
2193.025,47.940685,-0.557,818.749939,2189.025
2193.05,47.163963,-8.255963,818.749939,2189.05
2193.075,46.658375,-8.257,819.999939,2189.075
2193.1,46.152786,3.916881,818.749939,2189.1
2193.125,45.567459,2.938844,818.749939,2189.125
2193.15,45.237312,2.939,817.499939,2189.15
2193.175,44.747681,-1.335,818.749939,2189.175
2193.2,44.226162,-6.102,818.749939,2189.2
2193.225,43.771614,0.907672,818.749939,2189.225
2193.25,43.444664,-0.037836,818.749939,2189.25
2193.275,43.436691,-0.005,818.749939,2189.275
2193.3,43.333027,-3.058,818.749939,2189.3
2193.325,43.484547,-9.059,818.749939,2189.325
2193.35,43.604176,-5.689644,819.999939,2189.35
2193.375,43.596214,-5.827,819.999939,2189.375
2193.4,43.476608,3.841,819.999939,2189.4
2193.425,43.229416,-0.959,819.999939,2189.425
2193.45,43.125763,5.779,818.749939,2189.45
2193.475,43.1497,0.58,818.749939,2189.475
2193.5,43.046043,2.526062,818.749939,2189.5
2193.525,42.974285,2.969,818.749939,2189.525
2193.55,42.615448,-6.393,818.749939,2189.55
2193.575,42.320404,-5.295,817.499939,2189.575
2193.6,41.833969,-9.736,817.499939,2189.6
2193.625,41.41132,-5.491,817.499939,2189.625
2193.65,41.124245,-0.484,816.249939,2189.65
2193.675,40.805256,7.045,818.749939,2189.675
2193.7,40.558052,-1.206164,817.499939,2189.7
2193.725,40.286919,-1.239,818.749939,2189.725
2193.75,39.920082,-7.032,819.999939,2189.75
2193.775,39.648941,-3.473,818.749939,2189.775
2193.8,39.3778,0.349,818.749939,2189.8
2193.825,39.202351,-1.755,818.749939,2189.825
2193.85,38.931206,-13.17,818.749939,2189.85
2193.875,38.787655,-6.398,818.749939,2189.875
2193.9,38.46867,-2.63,819.999939,2189.9
2193.925,38.125763,-0.354,821.249939,2189.925
2193.95,37.974239,-2.399,821.249939,2189.95
2193.975,37.830696,0.126852,821.249939,2189.975
2194.0,37.766895,-0.349,821.249939,2190.0
2194.025,37.79879,-2.773,821.249939,2190.025
2194.05,37.862583,-11.573,821.249939,2190.05
2194.075,37.958282,-4.536,821.249939,2190.075
2194.1,37.990181,1.52,822.499939,2190.1
2194.125,38.022079,-5.332,822.499939,2190.125
2194.15,38.006134,1.506,822.499939,2190.15
2194.175,37.95031,-3.771,822.499939,2190.175
2194.2,37.671204,-0.468,822.499939,2190.2
2194.225,37.519691,-15.236,823.749939,2190.225
2194.25,37.447922,0.129,823.749939,2190.25
2194.275,37.232609,3.621,822.499939,2190.275
2194.3,37.14489,-1.791641,824.999939,2190.3
2194.325,37.21666,-2.329047,823.749939,2190.325
2194.35,37.272484,-2.361828,823.749939,2190.35
2194.375,37.455894,-2.342127,823.749939,2190.375
2194.4,37.687153,-2.298,823.749939,2190.4
2194.425,37.870567,-5.772,823.749939,2190.425
2194.45,38.189548,-4.325,823.749939,2190.45
2194.475,38.63612,4.456,823.749939,2190.475
2194.5,39.146481,-6.353,823.749939,2190.5
2194.525,39.593048,7.352,823.749939,2190.525
2194.55,40.103413,-4.26189,823.749939,2190.55
2194.575,40.358601,-4.023,824.999939,2190.575
2194.6,40.581882,4.015,824.999939,2190.6
2194.625,40.868958,-1.918,824.999939,2190.625
2194.65,41.060341,4.568,824.999939,2190.65
2194.675,41.506912,-5.572,824.999939,2190.675
2194.7,41.793991,-12.878,824.999939,2190.7
2194.725,41.969433,-5.36,824.999939,2190.725
2194.75,42.03323,3.975,824.999939,2190.75
2194.775,41.969437,-2.599635,823.749939,2190.775
2194.8,41.889694,-2.339,823.749939,2190.8
2194.825,41.64249,4.946,823.749939,2190.825
2194.85,41.347435,-6.107,823.749939,2190.85
2194.875,40.80518,-8.278,824.999939,2190.875
2194.9,40.246971,-0.335,823.749939,2190.9
2194.925,39.816357,-2.017,823.749939,2190.925
2194.95,39.337894,5.943,823.749939,2190.95
2194.975,38.923225,-3.072067,823.749939,2190.975
2195.0,38.476654,-2.087,823.749939,2191.0
2195.025,38.014137,-3.24,823.749939,2191.025
2195.05,37.655293,-5.312,823.749939,2191.05
2195.075,37.089111,-6.534,822.499939,2191.075
2195.1,36.849876,-3.437,822.499939,2191.1
2195.125,36.72229,-1.406,822.499939,2191.125
2195.15,36.650524,0.834,822.499939,2191.15
2195.175,36.642551,-8.549,821.249939,2191.175
2195.2,36.538887,1.853,822.499939,2191.2
2195.225,36.435223,-0.739,822.499939,2191.225
2195.25,36.299656,-3.03,822.499939,2191.25
2195.275,36.180038,-0.703,821.249939,2191.275
2195.3,36.387367,-4.036,822.499939,2191.3
2195.325,36.66647,0.938177,822.499939,2191.325
2195.35,37.264545,0.222,822.499939,2191.35
2195.375,37.607441,-8.586,823.749939,2191.375
2195.4,37.758949,-2.659,823.749939,2191.4
2195.425,37.942348,4.832,823.749939,2191.425
2195.45,38.125759,2.375,823.749939,2191.45
2195.475,38.277271,4.817,822.499939,2191.475
2195.5,38.412834,-5.906,822.499939,2191.5
2195.525,38.699917,-4.857,822.499939,2191.525
2195.55,39.09864,-1.66,822.499939,2191.55
2195.575,39.186363,10.916,822.499939,2191.575
2195.6,39.290035,3.555,821.249939,2191.6
2195.625,39.329899,-4.023,821.249939,2191.625
2195.65,39.401672,-15.412,819.999939,2191.65
2195.675,39.537235,-0.815872,819.999939,2191.675
2195.7,39.609009,-0.128,819.999939,2191.7
2195.725,39.680775,-3.936247,819.999939,2191.725
2195.75,39.768494,-4.054,819.999939,2191.75
2195.775,39.824318,-8.441,818.749939,2191.775
2195.8,39.999756,-1.436,819.999939,2191.8
2195.825,40.047607,1.366,818.749939,2191.825
2195.85,40.286842,4.36,818.749939,2191.85
2195.875,40.366589,-1.929753,818.749939,2191.875
2195.9,40.318748,-1.812,818.749939,2191.9
2195.925,40.079514,0.75,818.749939,2191.925
2195.95,39.93597,2.059,817.499939,2191.95
2195.975,39.840279,-4.468,816.249939,2191.975
2196.0,39.441555,2.265,816.249939,2192.0
2196.025,39.074722,-0.037,816.249939,2192.025
2196.05,38.660046,-6.356,814.999939,2192.05
2196.075,38.006134,0.922,814.999939,2192.075
2196.1,37.321625,-3.578,816.249939,2192.1
2196.125,36.637119,-12.12,814.999939,2192.125
2196.15,36.080204,-2.887,813.749939,2192.15
2196.175,35.523289,1.018,814.999939,2192.175
2196.2,35.030174,6.21,813.749939,2192.2
2196.225,34.650002,0.069,813.749939,2192.225
2196.25,34.273083,-5.631,813.749939,2192.25
2196.275,33.932621,-2.712,813.749939,2192.275
2196.3,33.640648,-3.791,812.499939,2192.3
2196.325,33.206116,-1.393,813.749939,2192.325
2196.35,33.086983,-4.532573,812.499939,2192.35
2196.375,33.163792,-4.526,813.749939,2192.375
2196.4,33.447289,-7.567,813.749939,2192.4
2196.425,33.685871,0.549,813.749939,2192.425
2196.45,34.104443,-3.19,813.749939,2192.45
2196.475,34.789108,0.555618,813.749939,2192.475
2196.5,35.444473,0.838168,814.999939,2192.5
2196.525,36.115467,0.093,816.249939,2192.525
2196.55,36.831707,4.761,816.249939,2192.55
2196.575,37.48415,-5.403,814.999939,2192.575
2196.6,38.250515,-3.302,816.249939,2192.6
2196.625,38.881802,-4.99,816.249939,2192.625
2196.65,39.475983,-3.053937,816.249939,2192.65
2196.675,39.996273,-2.667,816.249939,2192.675
2196.7,40.437149,5.573,817.499939,2192.7
2196.725,40.796322,-2.115,817.499939,2192.725
2196.75,41.080807,5.292,817.499939,2192.75
2196.775,41.4683,-9.605,818.749939,2192.775
2196.8,41.902992,2.548,819.999939,2192.8
2196.825,42.409615,-12.87,818.749939,2192.825
2196.85,42.915585,3.463,819.999939,2192.85
2196.875,43.311214,-2.186,819.999939,2192.875
2196.9,43.597317,-6.925,821.249939,2192.9
2196.925,43.915974,4.112,821.249939,2192.925
2196.95,44.046982,-3.501,822.499939,2192.95
2196.975,44.174736,4.215,822.499939,2192.975
2197.0,44.365955,-3.952,822.499939,2193.0
2197.025,44.72805,-11.363,822.499939,2193.025
2197.05,44.982746,1.832,822.499939,2193.05
2197.075,45.123505,-0.261005,822.499939,2193.075
2197.1,45.270466,-0.274,822.499939,2193.1
2197.125,45.483814,-3.436,822.499939,2193.125
2197.15,45.737198,-8.765,822.499939,2193.15
2197.175,45.852081,5.024,822.499939,2193.175
2197.2,45.770378,-2.762,822.499939,2193.2
2197.225,45.579468,-1.684,822.499939,2193.225
2197.25,45.169998,-9.205,822.499939,2193.25
2197.275,44.6619,3.823,822.499939,2193.275
2197.3,43.852718,5.297,822.499939,2193.3
2197.325,42.864044,-3.808,822.499939,2193.325
2197.35,41.940456,-0.439,822.499939,2193.35
2197.375,41.139423,-2.548,822.499939,2193.375
2197.4,40.076698,0.709,822.499939,2193.4
2197.425,39.047169,-2.458,823.749939,2193.425
2197.45,38.181042,-7.941,822.499939,2193.45
2197.475,37.316212,1.508,823.749939,2193.475
2197.5,36.607948,4.076,822.499939,2193.5
2197.525,36.314999,-3.113,823.749939,2193.525
2197.55,36.119701,-17.021999,823.749939,2193.55
2197.575,35.989502,-2.479,822.499939,2193.575
2197.6,35.958908,1.440288,822.499939,2193.6
2197.625,35.896416,1.440305,822.499939,2193.625
2197.65,35.858498,0.646,821.249939,2193.65
2197.675,36.049728,-0.555,821.249939,2193.675
2197.7,36.364967,1.497,822.499939,2193.7
2197.725,36.681507,-2.653,822.499939,2193.725
2197.75,37.32354,-6.589,823.749939,2193.75
2197.775,37.892334,-5.119,823.749939,2193.775
2197.8,38.331436,2.029321,823.749939,2193.8
2197.825,38.542686,1.873,823.749939,2193.825
2197.85,38.753941,-0.144,823.749939,2193.85
2197.875,39.095394,-10.967,823.749939,2193.875
2197.9,39.696583,-4.329,824.999939,2193.9
2197.925,40.036728,-0.292,824.999939,2193.925
2197.95,40.334885,3.917,826.249939,2193.95
2197.975,40.460209,-0.165,824.999939,2193.975
2198.0,40.388947,-3.894,826.249939,2194.0
2198.025,40.089825,-8.703,826.249939,2194.025
2198.05,39.815121,-4.275,826.249939,2194.05
2198.075,39.571018,2.826,824.999939,2194.075
2198.1,39.424557,0.949,824.999939,2194.1
2198.125,39.343193,-6.647,824.999939,2194.125
2198.15,39.164181,-0.696874,823.749939,2194.15
2198.175,38.765465,-1.022,823.749939,2194.175
2198.2,38.627144,-2.035,823.749939,2194.2
2198.225,38.301655,-3.909,822.499939,2194.225
2198.25,38.098225,-2.104,823.749939,2194.25
2198.275,38.204002,-0.945,822.499939,2194.275
2198.3,38.586452,-3.649,822.499939,2194.3
2198.325,38.84684,2.547,822.499939,2194.325
2198.35,38.944473,-0.375,822.499939,2194.35
2198.375,38.781715,-3.987708,822.499939,2194.375
2198.4,38.716606,-3.605,823.749939,2194.4
2198.425,38.724735,0.235,822.499939,2194.425
2198.45,38.684032,-4.617868,822.499939,2194.45
2198.475,38.822353,-5.332,822.499939,2194.475
2198.5,39.090874,3.831,822.499939,2194.5
2198.525,39.408218,7.65,823.749939,2194.525
2198.55,39.481438,-7.511177,823.749939,2194.55
2198.575,39.473286,-6.795,823.749939,2194.575
2198.6,39.611603,-0.536,823.749939,2194.6
2198.625,39.880127,-2.184,823.749939,2194.625
2198.65,40.539223,-4.739,822.499939,2194.65
2198.675,41.003036,4.952,822.499939,2194.675
2198.7,41.3936,-2.868,822.499939,2194.7
2198.725,41.865562,-4.698907,822.499939,2194.725
2198.75,41.946915,-4.704,822.499939,2194.75
2198.775,41.979469,-0.31101,821.249939,2194.775
2198.8,42.166618,-0.311,821.249939,2194.8
2198.825,42.516514,-1.474637,821.249939,2194.825
2198.85,42.833874,-1.367,821.249939,2194.85
2198.875,43.086124,0.702,821.249939,2194.875
2198.9,43.273285,1.93,821.249939,2194.9
2198.925,43.322105,0.423,821.249939,2194.925
2198.95,43.175644,-0.941,821.249939,2194.95
2198.975,43.126835,-2.578,822.499939,2194.975
2199.0,42.972237,1.12,822.499939,2195.0
2199.025,42.866463,-2.532,823.749939,2195.025
2199.05,42.776955,1.116,823.749939,2195.05
2199.075,42.410786,-6.4,822.499939,2195.075
2199.1,41.946968,-8.448,823.749939,2195.1
2199.125,41.418056,1.93,822.499939,2195.125
2199.15,40.921688,-2.588,822.499939,2195.15
2199.175,40.457878,-7.084,823.749939,2195.175
2199.2,40.002201,4.347,822.499939,2195.2
2199.225,39.774364,-0.873,822.499939,2195.225
2199.25,39.286129,2.442,821.249939,2195.25
2199.275,38.732788,-3.838,819.999939,2195.275
2199.3,38.285236,0.873,819.999939,2195.3
2199.325,38.130627,-15.241,821.249939,2195.325
2199.35,38.008568,-3.177,819.999939,2195.35
2199.375,38.024845,0.497,821.249939,2195.375
2199.4,37.976017,-5.271,821.249939,2195.4
2199.425,37.862095,-2.017,819.999939,2195.425
2199.45,37.683067,1.034,819.999939,2195.45
2199.475,37.536594,-0.913,819.999939,2195.475
2199.5,37.585419,1.835,821.249939,2195.5
2199.525,37.699329,10.378,819.999939,2195.525
2199.55,37.845806,-1.111,818.749939,2195.55
2199.575,37.951591,-0.026,819.999939,2195.575
2199.6,37.634243,-2.511223,818.749939,2195.6
2199.625,37.381989,-2.688,818.749939,2195.625
2199.65,37.015812,-11.36,818.749939,2195.65
2199.675,36.812386,2.941171,817.499939,2195.675
2199.7,36.608955,2.177,817.499939,2195.7
2199.725,36.519451,-4.479,817.499939,2195.725
2199.75,36.527596,-6.925,816.249939,2195.75
2199.775,36.429955,-3.435,816.249939,2195.775
2199.8,36.234665,-9.854,814.999939,2195.8
2199.825,36.332314,-1.436,816.249939,2195.825
2199.85,36.324184,5.042,814.999939,2195.85
2199.875,36.641544,-0.546,813.749939,2195.875
2199.9,37.0891,-3.597,813.749939,2195.9
2199.925,37.552929,0.098,813.749939,2195.925
2199.95,37.886555,-6.844,813.749939,2195.95
2199.975,38.33411,-1.775,812.499939,2195.975
2200.0,38.879314,2.182,812.499939,2196.0
2200.025,39.522156,-2.858,812.499939,2196.025
2200.05,39.977848,-6.417,812.499939,2196.05
2200.075,40.921764,-2.098,812.499939,2196.075
2200.1,41.59716,2.507,813.749939,2196.1
2200.125,42.383221,3.823,813.749939,2196.125
2200.15,43.001331,1.96,813.749939,2196.15
2200.175,43.582325,-0.541,813.749939,2196.175
2200.2,44.200752,6.026,813.749939,2196.2
2200.225,44.702332,-15.195,813.749939,2196.225
2200.25,45.022282,-22.073999,814.999939,2196.25
2200.275,45.159325,13.211,814.999939,2196.275
2200.3,45.159008,5.921,813.749939,2196.3
2200.325,45.316864,-5.066,814.999939,2196.325
2200.35,45.273575,2.018,814.999939,2196.35
2200.375,45.249817,4.239,814.999939,2196.375
2200.4,45.272278,-108.978996,814.999939,2196.4
2200.425,45.297337,241.115005,814.999939,2196.425
2200.45,45.272278,-52.841,814.999939,2196.45
2200.475,45.340946,-209.544006,814.999939,2196.475
2200.5,45.393036,110.907997,814.999939,2196.5
2200.525,45.768009,-11.602,814.999939,2196.525
2200.55,45.979576,3.433,814.999939,2196.55
2200.575,46.107491,-0.606,814.999939,2196.575
2200.6,46.239319,-4.569,817.499939,2196.6
2200.625,46.279358,-11.042,817.499939,2196.625
2200.65,46.116619,5.558425,817.499939,2196.65
2200.675,45.933361,5.746,817.499939,2196.675
2200.7,45.833763,-6.248,814.999939,2196.7
2200.725,45.659309,2.722,814.999939,2196.725
2200.75,45.378094,-8.929,816.249939,2196.75
2200.775,45.086124,-4.901,814.999939,2196.775
2200.8,44.509041,1.569,814.999939,2196.8
2200.825,43.939766,3.139,814.999939,2196.825
2200.85,43.285206,-4.49806,814.999939,2196.85
2200.875,42.567505,-4.4,813.749939,2196.875
2200.9,41.817905,4.666,813.749939,2196.9
2200.925,41.235771,-2.601,814.999939,2196.925
2200.95,40.446304,-5.72056,814.999939,2196.95
2200.975,39.800373,-5.722,816.249939,2196.975
2201.0,39.05875,-2.522,816.249939,2197.0
2201.025,38.285225,3.528,816.249939,2197.025
2201.05,37.782837,1.597,816.249939,2197.05
2201.075,37.535618,-8.582,817.499939,2197.075
2201.1,37.320305,-3.837178,817.499939,2197.1
2201.125,37.53561,-3.232,817.499939,2197.125
2201.15,37.719021,-2.007,817.499939,2197.15
2201.175,38.030022,0.096,817.499939,2197.175
2201.2,38.524437,-2.308,816.249939,2197.2
2201.225,39.098587,-8.031,816.249939,2197.225
2201.25,39.5611,0.524,817.499939,2197.25
2201.275,40.087406,6.252,817.499939,2197.275
2201.3,40.773201,-3.759,817.499939,2197.3
2201.325,41.395195,-1.971,817.499939,2197.325
2201.35,41.762024,-9.653,818.749939,2197.35
2201.375,42.543522,-6.751,818.749939,2197.375
2201.4,42.966167,-2.919,818.749939,2197.4
2201.425,43.388813,10.138,818.749939,2197.425
2201.45,43.588181,-0.616,819.999939,2197.45
2201.475,43.819443,-8.279,819.999939,2197.475
2201.5,44.114494,-1.332758,821.249939,2197.5
2201.525,44.329811,-1.459,819.999939,2197.525
2201.55,44.481339,-2.667,819.999939,2197.55
2201.575,44.600967,0.587,822.499939,2197.575
2201.6,44.593002,-2.982,821.249939,2197.6
2201.625,44.680729,-4.601,822.499939,2197.625
2201.65,44.513275,-1.557234,822.499939,2197.65
2201.675,44.481384,-1.057,823.749939,2197.675
2201.7,44.545189,-6.471,822.499939,2197.7
2201.725,44.73658,-4.579,823.749939,2197.725
2201.75,44.943924,3.501,823.749939,2197.75
2201.775,45.031658,-0.586,823.749939,2197.775
2201.8,45.183182,-3.273,824.999939,2197.8
2201.825,45.653675,-0.886,823.749939,2197.825
2201.85,45.741398,-6.63,824.999939,2197.85
2201.875,45.924809,0.826,824.999939,2197.875
2201.9,46.187973,-2.958,824.999939,2197.9
2201.925,46.419224,-9.372,826.249939,2197.925
2201.95,46.490997,5.584,824.999939,2197.95
2201.975,46.498978,0.744,824.999939,2197.975
2202.0,46.411255,9.443,824.999939,2198.0
2202.025,46.068352,-6.869,823.749939,2198.025
2202.05,45.853039,-9.148,823.749939,2198.05
2202.075,45.63773,-2.002461,823.749939,2198.075
2202.1,45.262928,-1.453,823.749939,2198.1
2202.125,45.127365,-0.038,823.749939,2198.125
2202.15,44.704723,-8.584,823.749939,2198.15
2202.175,44.202335,0.279,822.499939,2198.175
2202.2,43.63615,-7.427,823.749939,2198.2
2202.225,43.3092,-0.433,824.999939,2198.225
2202.25,43.069962,2.732,823.749939,2198.25
2202.275,42.942375,0.595,824.999939,2198.275
2202.3,42.70314,-5.822,823.749939,2198.3
2202.325,42.647316,-2.972,823.749939,2198.325
2202.35,42.559589,4.023,823.749939,2198.35
2202.375,42.439968,0.398,823.749939,2198.375
2202.4,42.368191,-0.889,823.749939,2198.4
2202.425,42.551598,-3.128,823.749939,2198.425
2202.45,42.798805,6.526,823.749939,2198.45
2202.475,43.173603,-1.47,823.749939,2198.475
2202.5,43.452709,-9.544,822.499939,2198.5
2202.525,43.572327,-1.377,823.749939,2198.525
2202.55,43.644089,-3.559,823.749939,2198.55
2202.575,43.931168,-1.78661,823.749939,2198.575
2202.6,43.915222,-1.866,824.999939,2198.6
2202.625,43.96307,5.213,824.999939,2198.625
2202.65,44.122562,-4.626,824.999939,2198.65
2202.675,44.250164,-9.844,826.249939,2198.675
2202.7,43.994976,-5.248,826.249939,2198.7
2202.725,43.739792,4.877,824.999939,2198.725
2202.75,43.341064,1.807,824.999939,2198.75
2202.775,43.053986,5.785,826.249939,2198.775
2202.8,42.83868,-5.683,824.999939,2198.8
2202.825,42.65527,4.191,824.999939,2198.825
2202.85,42.416031,-8.042,826.249939,2198.85
2202.875,42.288437,-10.717,824.999939,2198.875
2202.9,42.033253,4.693,824.999939,2198.9
2202.925,41.570732,-0.636,824.999939,2198.925
2202.95,41.235802,-8.259,824.999939,2198.95
2202.975,41.203899,2.935,826.249939,2198.975
2203.0,41.179981,-0.679,824.999939,2199.0
2203.025,41.108215,-8.715,824.999939,2199.025
2203.05,40.821136,-0.57,826.249939,2199.05
2203.075,40.725445,3.141,824.999939,2199.075
2203.1,40.661652,-6.167,824.999939,2199.1
2203.125,40.454311,-9.705,824.999939,2199.125
2203.15,40.286854,0.11,824.999939,2199.15
2203.175,40.246986,10.642,824.999939,2199.175
2203.2,40.199154,-0.107,824.999939,2199.2
2203.225,40.374603,-2.585,824.999939,2199.225
2203.25,40.526131,0.099,823.749939,2199.25
2203.275,40.765373,-9.062,823.749939,2199.275
2203.3,40.972721,2.768,822.499939,2199.3
2203.325,41.203995,0.991,823.749939,2199.325
2203.35,41.27578,-7.977,823.749939,2199.35
2203.375,41.475151,-2.102,823.749939,2199.375
2203.4,41.977554,-5.505,822.499939,2199.4
2203.425,42.376286,1.3,822.499939,2199.425
2203.45,42.695267,-4.816,822.499939,2199.45
2203.475,43.109936,-1.835595,822.499939,2199.475
2203.5,43.205624,-1.754,823.749939,2199.5
2203.525,43.404984,-6.985,823.749939,2199.525
2203.55,43.572445,-3.577,823.749939,2199.55
2203.575,43.947239,0.572,822.499939,2199.575
2203.6,44.641014,-4.327,822.499939,2199.6
2203.625,45.294914,1.247,822.499939,2199.625
2203.65,45.83717,-4.092,821.249939,2199.65
2203.675,46.411327,-1.235,821.249939,2199.675
2203.7,46.682457,1.906,821.249939,2199.7
2203.725,46.849922,-4.134,819.999939,2199.725
2203.75,46.929665,4.132,821.249939,2199.75
2203.775,47.152954,-0.017,821.249939,2199.775
2203.8,47.328396,-3.54451,821.249939,2199.8
2203.825,47.408142,-3.450333,821.249939,2199.825
2203.85,47.280552,-4.249,821.249939,2199.85
2203.875,46.80209,-0.344,822.499939,2199.875
2203.9,46.235909,-1.721247,822.499939,2199.9
2203.925,45.62188,-1.781,822.499939,2199.925
2203.95,44.880257,-5.514,822.499939,2199.95
2203.975,44.537357,-4.44,822.499939,2199.975
2204.0,44.314075,-2.699,822.499939,2200.0
2204.025,44.058891,2.925,821.249939,2200.025
2204.05,43.676117,1.599,821.249939,2200.05
2204.075,43.165745,-6.749,821.249939,2200.075
2204.1,42.631458,1.159,821.249939,2200.1
2204.125,42.463989,4.395,822.499939,2200.125
2204.15,42.145004,1.33,822.499939,2200.15
2204.175,42.129044,-7.5,823.749939,2200.175
2204.2,42.208778,-3.460925,823.749939,2200.2
2204.225,42.192822,-4.204,823.749939,2200.225
2204.25,41.969536,1.264,822.499939,2200.25
2204.275,41.857883,0.245,823.749939,2200.275
2204.3,41.802055,3.454,823.749939,2200.3
2204.325,41.825977,-8.614,823.749939,2200.325
2204.35,41.92963,-3.651,823.749939,2200.35
2204.375,42.12101,-1.808,823.749939,2200.375
2204.4,42.136955,-5.673,822.499939,2200.4
2204.425,42.304417,1.62,822.499939,2200.425
2204.45,42.296436,-9.577,823.749939,2200.45
2204.475,42.160866,-1.567,822.499939,2200.475
2204.5,41.945557,-2.931,822.499939,2200.5
2204.525,41.786556,4.598,821.249939,2200.525
2204.55,41.659454,2.673,821.249939,2200.55
2204.575,41.676384,-3.313,821.249939,2200.575
2204.6,41.438129,-9.451,821.249939,2200.6
2204.625,41.263676,2.817,821.249939,2200.625
2204.65,40.961628,1.102,819.999939,2200.65
2204.675,40.565182,-1.366,819.999939,2200.675
2204.7,40.200634,4.937,819.999939,2200.7
2204.725,39.965137,-3.013,821.249939,2200.725
2204.75,39.699699,-9.584,822.499939,2200.75
2204.775,39.521976,-1.106,821.249939,2200.775
2204.8,39.307144,1.213707,821.249939,2200.8
2204.825,39.016472,1.525,821.249939,2200.825
2204.85,38.656147,-3.464,819.999939,2200.85
2204.875,38.425362,-5.677,819.999939,2200.875
2204.9,38.230381,-1.993,819.999939,2200.9
2204.925,38.168198,-0.458469,819.999939,2200.925
2204.95,38.171764,-0.424,819.999939,2200.95
2204.975,38.257687,-5.502,819.999939,2200.975
2205.0,38.306335,-0.331,819.999939,2201.0
2205.025,38.129745,-1.718567,819.999939,2201.025
2205.05,38.062847,-1.347,822.499939,2201.05
2205.075,38.124195,8.008,822.499939,2201.075
2205.1,38.315079,-6.564,822.499939,2201.1
2205.125,38.442818,2.509,822.499939,2201.125
2205.15,38.699463,-9.019,822.499939,2201.15
2205.175,38.826557,-0.924,822.499939,2201.175
2205.2,38.919643,-12.123,822.499939,2201.2
2205.225,38.945679,-2.456,821.249939,2201.225
2205.25,38.985054,1.622,822.499939,2201.25
2205.275,38.8018,-10.315,821.249939,2201.275
2205.3,38.970726,-2.834885,822.499939,2201.3
2205.325,39.184074,-2.333,822.499939,2201.325
2205.35,39.394176,2.808,822.499939,2201.35
2205.375,39.373837,1.511,823.749939,2201.375
2205.4,39.34893,0.468,823.749939,2201.4
2205.425,39.191227,4.871,823.749939,2201.425
2205.45,39.128571,-7.419,823.749939,2201.45
2205.475,39.063469,-3.916,823.749939,2201.475
2205.5,39.259396,-0.47,824.999939,2201.5
2205.525,39.261353,-4.687,823.749939,2201.525
2205.55,39.456638,-5.744453,824.999939,2201.55
2205.575,39.489178,-5.976,823.749939,2201.575
2205.6,39.372318,5.002,823.749939,2201.6
2205.625,39.318928,2.062,823.749939,2201.625
2205.65,39.315666,-4.311805,823.749939,2201.65
2205.675,39.344955,-3.893,822.499939,2201.675
2205.7,39.506397,-2.452,822.499939,2201.7
2205.725,39.702339,-6.308,824.999939,2201.725
2205.75,40.028481,5.014,824.999939,2201.75
2205.775,40.189926,7.98,823.749939,2201.775
2205.8,40.318172,-2.893,823.749939,2201.8
2205.825,40.546024,-5.739,824.999939,2201.825
2205.85,40.937279,0.701,823.749939,2201.85
2205.875,41.380276,-9.504,824.999939,2201.875
2205.9,41.955761,0.656487,826.249939,2201.9
2205.925,42.579395,0.63,824.999939,2201.925
2205.95,43.268139,10.107,824.999939,2201.95
2205.975,43.663296,-18.936001,826.249939,2201.975
2206.0,44.055199,2.834,827.499939,2202.0
2206.025,44.221218,-1.422255,827.499939,2202.025
2206.05,44.25703,-1.426,827.499939,2202.05
2206.075,44.410351,-0.27919,826.249939,2202.075
2206.1,44.174053,-0.28,826.249939,2202.1
2206.125,43.855724,-9.333,824.999939,2202.125
2206.15,43.472298,1.994896,824.999939,2202.15
2206.175,42.827175,1.313,826.249939,2202.175
2206.2,42.182041,-3.1,824.999939,2202.2
2206.225,41.536926,-5.506,824.999939,2202.225
2206.25,40.924347,-8.338,824.999939,2202.25
2206.275,40.442612,8.226702,824.999939,2202.275
2206.3,39.893818,8.204,824.999939,2202.3
2206.325,39.312477,-3.623734,826.249939,2202.325
2206.35,38.646835,-3.193071,826.249939,2202.35
2206.375,38.045315,-3.362,826.249939,2202.375
2206.4,37.362427,-1.796,827.499939,2202.4
2206.425,36.58189,-5.901,827.499939,2202.425
2206.45,36.029202,-0.208,827.499939,2202.45
2206.475,35.248665,-5.248,827.499939,2202.475
2206.5,34.30537,-4.087,827.499939,2202.5
2206.525,33.655037,-1.617654,827.499939,2202.525
2206.55,33.004051,-1.471,827.499939,2202.55
2206.575,32.580902,2.117,828.749939,2202.575
2206.6,32.450691,3.223,827.499939,2202.6
2206.625,32.548332,-11.871,828.749939,2202.625
2206.65,32.743618,-6.126,828.749939,2202.65
2206.675,32.906357,-4.894,829.999939,2202.675
2206.7,33.264381,5.766,828.749939,2202.7
2206.725,33.654968,-0.653794,828.749939,2202.725
2206.75,34.078098,-0.655,829.999939,2202.75
2206.775,34.729084,-4.986797,828.749939,2202.775
2206.8,35.347515,-4.935,828.749939,2202.8
2206.825,35.835747,-2.483,828.749939,2202.825
2206.85,36.38908,4.703,828.749939,2202.85
2206.875,36.877312,-0.351711,828.749939,2202.875
2206.9,37.267902,-0.397,827.499939,2202.9
2206.925,37.658493,-5.856,827.499939,2202.925
2206.95,38.244366,-3.855,827.499939,2202.95
2206.975,39.090641,-10.52,828.749939,2202.975
2207.0,39.676521,-2.732749,828.749939,2203.0
2207.025,40.1973,-2.692,828.749939,2203.025
2207.05,40.685528,-4.913029,828.749939,2203.05
2207.075,41.141212,-4.614,828.749939,2203.075
2207.1,41.531796,4.906,828.749939,2203.1
2207.125,41.857285,-5.544,827.499939,2203.125
2207.15,42.410622,-9.755,828.749939,2203.15
2207.175,42.898861,3.639,827.499939,2203.175
2207.2,43.452198,2.287,827.499939,2203.2
2207.225,43.972988,-10.476,827.499939,2203.225
2207.25,44.168285,3.06,827.499939,2203.25
2207.275,44.428692,-1.831,826.249939,2203.275
2207.3,45.014584,-6.15,826.249939,2203.3
2207.325,45.307518,-1.696,826.249939,2203.325
2207.35,45.567928,0.838951,826.249939,2203.35
2207.375,45.958523,0.163,826.249939,2203.375
2207.4,46.284019,4.042,826.249939,2203.4
2207.425,46.284031,-4.652,826.249939,2203.425
2207.45,46.153839,-6.299252,824.999939,2203.45
2207.475,46.088741,-6.305,824.999939,2203.475
2207.5,46.056202,-0.003,826.249939,2203.5
2207.525,46.153847,3.14,824.999939,2203.525
2207.55,46.023651,-6.404,826.249939,2203.55
2207.575,45.698174,-0.125,826.249939,2203.575
2207.6,45.665623,-1.617,826.249939,2203.6
2207.625,45.242496,2.787,826.249939,2203.625
2207.65,44.884449,-5.615884,827.499939,2203.65
2207.675,44.461315,-5.657,827.499939,2203.675
2207.7,44.070724,1.104,826.249939,2203.7
2207.725,43.973072,4.297,826.249939,2203.725
2207.75,43.875423,2.394,826.249939,2203.75
2207.775,43.68013,-10.271604,826.249939,2203.775
2207.8,43.615032,-9.659,826.249939,2203.8
2207.825,43.615032,0.92,826.249939,2203.825
2207.85,43.647591,-3.161,826.249939,2203.85
2207.875,43.647598,0.364,827.499939,2203.875
2207.9,44.103291,-2.792738,826.249939,2203.9
2207.925,44.266041,-3.729,826.249939,2203.925
2207.95,44.493904,-12.325,826.249939,2203.95
2207.975,44.88451,0.054,826.249939,2203.975
2208.0,44.949612,1.859,826.249939,2204.0
2208.025,45.144928,0.236,824.999939,2204.025
2208.05,45.372784,-5.45419,824.999939,2204.05
2208.075,45.242596,-5.488,826.249939,2204.075
2208.1,45.372803,-0.778,823.749939,2204.1
2208.125,45.307709,-4.157,824.999939,2204.125
2208.15,45.144974,0.558,823.749939,2204.15
2208.175,44.982239,-4.699,823.749939,2204.175
2208.2,44.884586,-0.906,823.749939,2204.2
2208.225,44.77066,-2.034,824.999939,2204.225
2208.25,44.331249,0.018,823.749939,2204.25
2208.275,44.054581,1.777,823.749939,2204.275
2208.3,43.647709,-1.683,824.999939,2204.3
2208.325,43.159458,2.067,823.749939,2204.325
2208.35,42.760727,-0.259775,823.749939,2204.35
2208.375,42.231796,-0.277,823.749939,2204.375
2208.4,42.11787,-9.971,823.749939,2204.4
2208.425,42.003944,-11.002,823.749939,2204.425
2208.45,41.564518,-6.668,823.749939,2204.45
2208.475,41.255295,1.641,822.499939,2204.475
2208.5,40.978619,2.977,822.499939,2204.5
2208.525,40.994888,-3.026,822.499939,2204.525
2208.55,41.092541,3.572,822.499939,2204.55
2208.575,41.300198,-0.794289,822.499939,2204.575
2208.6,41.686878,-0.749,822.499939,2204.6
2208.625,42.102207,-3.796,822.499939,2204.625
2208.65,42.639923,-8.593,822.499939,2204.65
2208.675,42.889587,-2.508,822.499939,2204.675
2208.7,43.151619,3.828,821.249939,2204.7
2208.725,43.67144,0.993,822.499939,2204.725
2208.75,43.993359,5.32,822.499939,2204.75
2208.775,44.295105,-6.636,822.499939,2204.775
2208.8,44.57473,2.367,822.499939,2204.8
2208.825,44.666195,-7.042,821.249939,2204.825
2208.85,44.61121,-8.439,822.499939,2204.85
2208.875,44.366447,-6.664,822.499939,2204.875
2208.9,44.161728,-3.651164,821.249939,2204.9
2208.925,43.833313,-3.684,822.499939,2204.925
2208.95,43.634453,1.634,822.499939,2204.95
2208.975,43.242249,4.476,822.499939,2204.975
2209.0,42.622189,-6.534,822.499939,2205.0
2209.025,42.132023,-1.939,821.249939,2205.025
2209.05,41.442799,0.768,821.249939,2205.05
2209.075,40.576523,-2.583,821.249939,2205.075
2209.1,39.825783,-3.69,821.249939,2205.1
2209.125,38.887566,-5.418,821.249939,2205.125
2209.15,38.200947,7.154,821.249939,2205.15
2209.175,37.581379,-4.392,821.249939,2205.175
2209.2,36.939846,-7.58,822.499939,2205.2
2209.225,36.205864,3.556,822.499939,2205.225
2209.25,35.574417,8.819,822.499939,2205.25
2209.275,35.013271,-7.613,822.499939,2205.275
2209.3,34.64645,0.857,822.499939,2205.3
2209.325,34.450012,-4.493,822.499939,2205.325
2209.35,34.353828,-3.32914,822.499939,2205.35
2209.375,34.377758,-2.504,822.499939,2205.375
2209.4,34.752563,3.915,823.749939,2205.4
2209.425,34.872185,-6.538,822.499939,2205.425
2209.45,34.896114,-5.309,821.249939,2205.45
2209.475,35.039658,2.042,821.249939,2205.475
2209.5,35.358639,8.312,822.499939,2205.5
2209.525,35.908878,3.272,821.249939,2205.525
2209.55,36.650505,-5.275,821.249939,2205.55
2209.575,37.328339,-8.481,822.499939,2205.575
2209.6,38.101864,2.058,822.499939,2205.6
2209.625,38.684006,-8.795,821.249939,2205.625
2209.65,39.042854,-5.37,821.249939,2205.65
2209.675,39.26614,0.648,821.249939,2205.675
2209.7,39.664867,-1.641,822.499939,2205.7
2209.725,40.127392,-6.661,822.499939,2205.725
2209.75,40.581947,10.575,822.499939,2205.75
2209.775,40.829163,3.935,821.249939,2205.775
2209.8,40.988659,-18.389999,822.499939,2205.8
2209.825,41.180058,1.096,822.499939,2205.825
2209.85,41.148167,6.955,822.499939,2205.85
2209.875,40.892994,-9.481,823.749939,2205.875
2209.9,40.765411,12.840815,822.499939,2205.9
2209.925,40.924908,12.104,823.749939,2205.925
2209.95,41.060482,-113.370003,823.749939,2205.95
2209.975,41.020615,217.089005,824.999939,2205.975
2210.0,40.78936,-97.428001,823.749939,2206.0
2210.025,40.59798,-138.151001,823.749939,2206.025
2210.05,40.438492,100.383003,823.749939,2206.05
2210.075,40.135464,-19.594999,823.749939,2206.075
2210.1,39.832432,-3.567,823.749939,2206.1
2210.125,39.656998,0.193,824.999939,2206.125
2210.15,39.656998,-15.584,824.999939,2206.15
2210.175,39.864334,-1.889,826.249939,2206.175
2210.2,39.99192,22.361,826.249939,2206.2
2210.225,39.967995,-3.323,826.249939,2206.225
2210.25,40.119499,-26.851,826.249939,2206.25
2210.275,40.398598,4.903,827.499939,2206.275
2210.3,40.613892,1.017,827.499939,2206.3
2210.325,40.988682,-6.655,827.499939,2206.325
2210.35,41.634602,1.848,827.499939,2206.35
2210.375,42.344311,-0.79,827.499939,2206.375
2210.4,43.022129,-4.742,827.499939,2206.4
2210.425,43.620197,1.513,827.499939,2206.425
2210.45,44.106617,6.621,827.499939,2206.45
2210.475,44.513298,0.244,826.249939,2206.475
2210.5,44.880108,-11.625,827.499939,2206.5
2210.525,45.167175,-0.899,827.499939,2206.525
2210.55,45.613735,-5.394,827.499939,2206.55
2210.575,46.0284,-12.688,826.249939,2206.575
2210.6,46.379265,2.79834,826.249939,2206.6
2210.625,46.74609,2.574,826.249939,2206.625
2210.65,46.698235,-4.596,826.249939,2206.65
2210.675,46.714176,1.407,826.249939,2206.675
2210.7,47.112892,-5.275,826.249939,2206.7
2210.725,47.455791,-2.896389,824.999939,2206.725
2210.75,47.942238,-2.172,824.999939,2206.75
2210.775,48.556274,-4.331,824.999939,2206.775
2210.8,49.170319,-8.734,826.249939,2206.8
2210.825,49.561069,-4.597,826.249939,2206.825
2210.85,49.856133,5.682,824.999939,2206.85
2210.875,50.055511,0.034,824.999939,2206.875
2210.9,50.111343,-1.389,824.999939,2206.9
2210.925,50.358562,-2.409,823.749939,2206.925
2210.95,50.573883,0.784,822.499939,2206.95
2210.975,50.613777,-1.006,822.499939,2206.975
2211.0,50.581894,1.659,823.749939,2207.0
2211.025,50.29483,3.845,822.499939,2207.025
2211.05,49.975861,-8.683,822.499939,2207.05
2211.075,49.69677,-14.66,822.499939,2207.075
2211.1,49.306034,-0.661007,822.499939,2207.1
2211.125,49.226299,-0.703984,822.499939,2207.125
2211.15,49.194416,-0.704,822.499939,2207.15
2211.175,48.907349,-5.245,822.499939,2207.175
2211.2,48.612305,6.099,822.499939,2207.2
2211.225,48.301308,-0.061,821.249939,2207.225
2211.25,47.942467,-5.296,821.249939,2207.25
2211.275,47.567673,1.01,822.499939,2207.275
2211.3,47.384266,-0.009,821.249939,2207.3
2211.325,47.424145,-21.16,822.499939,2207.325
2211.35,47.328457,2.773,822.499939,2207.35
2211.375,47.472004,0.434,822.499939,2207.375
2211.4,47.432133,-4.503,822.499939,2207.4
2211.425,47.440105,1.4,822.499939,2207.425
2211.45,47.631496,8.692,823.749939,2207.45
2211.475,47.990345,-8.428,824.999939,2207.475
2211.5,48.237556,1.76,823.749939,2207.5
2211.525,48.420967,-10.547,823.749939,2207.525
2211.55,48.61235,-2.785,823.749939,2207.55
2211.575,48.771835,-6.406879,822.499939,2207.575
2211.6,48.588413,-6.375,822.499939,2207.6
2211.625,48.452839,-1.46,823.749939,2207.625
2211.65,48.285366,3.971332,822.499939,2207.65
2211.675,48.054092,4.019,822.499939,2207.675
2211.7,47.663334,-8.423069,822.499939,2207.7
2211.725,47.152954,-7.494,822.499939,2207.725
2211.75,46.562832,7.023,822.499939,2207.75
2211.775,46.020554,-1.468,822.499939,2207.775
2211.8,45.510178,1.964,822.499939,2207.8
2211.825,45.231064,-5.247,822.499939,2207.825
2211.85,44.904102,-2.679,822.499939,2207.85
2211.875,44.617016,-8.071,823.749939,2207.875
2211.9,44.345882,-5.676,822.499939,2207.9
2211.925,44.002968,-1.372,822.499939,2207.925
2211.95,43.564365,1.46,822.499939,2207.95
2211.975,43.420818,-1.329,822.499939,2207.975
2212.0,43.404865,0.183,822.499939,2208.0
2212.025,43.460693,7.205,822.499939,2208.025
2212.05,43.739803,-2.729,822.499939,2208.05
2212.075,44.146503,-4.594234,822.499939,2208.075
2212.1,44.298016,-4.604,822.499939,2208.1
2212.125,44.449532,2.442,822.499939,2208.125
2212.15,44.935966,-10.897,821.249939,2208.15
2212.175,45.358612,-0.346,821.249939,2208.175
2212.2,45.821129,5.809,821.249939,2208.2
2212.225,46.506939,-8.664,821.249939,2208.225
2212.25,47.184761,-3.584,821.249939,2208.25
2212.275,47.79879,-2.067,821.249939,2208.275
2212.3,48.293198,5.454,821.249939,2208.3
2212.325,48.54837,1.012,819.999939,2208.325
2212.35,48.86734,-1.182043,821.249939,2208.35
2212.375,49.154415,-0.379,821.249939,2208.375
2212.4,49.377697,1.381,821.249939,2208.4
2212.425,49.409588,-0.261,821.249939,2208.425
2212.45,49.561092,-1.31,821.249939,2208.45
2212.475,49.648808,2.527,821.249939,2208.475
2212.5,49.425518,-8.651,821.249939,2208.5
2212.525,48.8992,-2.368,821.249939,2208.525
2212.55,48.372879,-7.286,821.249939,2208.55
2212.575,48.101753,5.783,821.249939,2208.575
2212.6,47.894413,-2.62019,821.249939,2208.6
2212.625,47.304306,-3.402436,822.499939,2208.625
2212.65,46.873688,-3.434,822.499939,2208.65
2212.675,46.379276,-6.03,822.499939,2208.675
2212.7,45.661583,1.002,823.749939,2208.7
2212.725,44.696678,4.126,822.499939,2208.725
2212.75,43.667976,1.725,823.749939,2208.75
2212.775,42.726997,-3.826,823.749939,2208.775
2212.8,42.08905,2.094,823.749939,2208.8
2212.825,41.530834,-7.773,823.749939,2208.825
2212.85,40.781235,-2.438,823.749939,2208.85
2212.875,40.111385,-9.458,823.749939,2208.875
2212.9,39.69672,-1.605,823.749939,2208.9
2212.925,39.058762,0.422,823.749939,2208.925
2212.95,38.675987,1.608419,824.999939,2208.95
2212.975,38.548393,1.609957,824.999939,2208.975
2213.0,38.580288,1.609,824.999939,2209.0
2213.025,38.676628,0.244,826.249939,2209.025
2213.05,38.677277,-1.857785,826.249939,2209.05
2213.075,38.422741,-1.918,826.249939,2209.075
2213.1,38.247948,-14.101,824.999939,2209.1
2213.125,38.073158,-1.677,824.999939,2209.125
2213.15,37.946209,0.479,826.249939,2209.15
2213.175,37.821857,-4.09,824.999939,2209.175
2213.2,37.857002,-6.245,824.999939,2209.2
2213.225,37.897354,0.048,824.999939,2209.225
2213.25,37.937702,4.401,824.999939,2209.25
2213.275,37.980007,-1.125,824.999939,2209.275
2213.3,37.862827,0.857,826.249939,2209.3
2213.325,37.970882,-5.727,827.499939,2209.325
2213.35,38.130692,-1.355,826.249939,2209.35
2213.375,38.101711,4.202,827.499939,2209.375
2213.4,38.10854,-3.66,827.499939,2209.4
2213.425,37.796391,-0.311,827.499939,2209.425
2213.45,37.385937,-6.331,827.499939,2209.45
2213.475,36.945545,-4.545,827.499939,2209.475
2213.5,36.390583,2.618,827.499939,2209.5
2213.525,35.903324,-3.052,827.499939,2209.525
2213.55,35.577503,-0.921943,827.499939,2209.55
2213.575,35.406948,-0.949,827.499939,2209.575
2213.6,35.271542,-3.936,827.499939,2209.6
2213.625,35.132233,-5.077,827.499939,2209.625
2213.65,35.036053,-0.295,828.749939,2209.65
2213.675,34.842232,-2.175,828.749939,2209.675
2213.7,34.709599,-4.91,828.749939,2209.7
2213.725,34.515778,3.36,828.749939,2209.725
2213.75,34.290054,-4.446,828.749939,2209.75
2213.775,34.209496,-1.45,828.749939,2209.775
2213.8,34.126335,3.273,829.999939,2209.8
2213.825,34.041218,4.759,829.999939,2209.825
2213.85,34.154331,-11.442,829.999939,2209.85
2213.875,34.197781,-2.831,829.999939,2209.875
2213.9,34.453133,2.679002,829.999939,2209.9
2213.925,34.79229,2.564,831.249939,2209.925
2213.95,35.322178,-1.645996,829.999939,2209.95
2213.975,35.932144,-1.649621,831.249939,2209.975
2214.0,36.50695,-1.858,832.499939,2210.0
2214.025,37.1436,0.819,831.249939,2210.025
2214.05,37.624344,-3.77,832.499939,2210.05
2214.075,38.007439,-0.341,831.249939,2210.075
2214.1,38.279541,-3.569,831.249939,2210.1
2214.125,38.537811,-0.587,831.249939,2210.125
2214.15,38.924328,-7.425051,831.249939,2210.15
2214.175,39.244438,-6.515,832.499939,2210.175
2214.2,39.659603,5.605,832.499939,2210.2
2214.225,39.847576,-0.27,832.499939,2210.225
2214.25,40.053123,-5.998,832.499939,2210.25
2214.275,40.323761,-0.476,832.499939,2210.275
2214.3,40.545586,-6.326,833.749939,2210.3
2214.325,40.692879,0.954,833.749939,2210.325
2214.35,40.953102,-2.655,832.499939,2210.35
2214.375,41.063938,2.654,832.499939,2210.375
2214.4,41.156712,-3.78051,832.499939,2210.4
2214.425,41.090641,-3.782,831.249939,2210.425
2214.45,40.977058,-2.37,831.249939,2210.45
2214.475,40.700066,-3.844,833.749939,2210.475
2214.5,40.562702,2.174,832.499939,2210.5
2214.525,40.311436,-0.13,832.499939,2210.525
2214.55,39.962509,1.946,832.499939,2210.55
2214.575,39.776329,6.847,832.499939,2210.575
2214.6,39.624004,-0.11,832.499939,2210.6
2214.625,39.393242,-5.667,832.499939,2210.625
2214.65,39.162468,-7.303,833.749939,2210.65
2214.675,38.768299,-3.536,833.749939,2210.675
2214.7,38.536232,-0.471,833.749939,2210.7
2214.725,38.254028,-1.839,832.499939,2210.725
2214.75,38.037579,-3.222,832.499939,2210.75
2214.775,37.747894,1.003,832.499939,2210.775
2214.8,37.557156,-3.37,832.499939,2210.8
2214.825,37.448769,-1.542,831.249939,2210.825
2214.85,37.332245,6.216,831.249939,2210.85
2214.875,37.280815,-9.765324,829.999939,2210.875
2214.9,37.325081,-8.929,829.999939,2210.9
2214.925,37.483269,-2.363,829.999939,2210.925
2214.95,37.869946,8.843,829.999939,2210.95
2214.975,38.035618,-2.152012,831.249939,2210.975
2215.0,38.4454,-2.347,829.999939,2211.0
2215.025,38.944695,-5.968,829.999939,2211.025
2215.05,39.395172,-10.383,829.999939,2211.05
2215.075,39.665325,1.65,831.249939,2211.075
2215.1,39.918224,-1.241,831.249939,2211.1
2215.125,40.146729,2.447,831.249939,2211.125
2215.15,40.407768,-0.202236,831.249939,2211.15
2215.175,40.571159,0.603,831.249939,2211.175
2215.2,40.807789,-3.365,832.499939,2211.2
2215.225,40.783382,-10.035,831.249939,2211.225
2215.25,40.832211,-4.929,832.499939,2211.25
2215.275,40.563686,1.784,832.499939,2211.275
2215.3,40.108006,-0.283955,832.499939,2211.3
2215.325,39.855762,-0.286,832.499939,2211.325
2215.35,39.863907,-6.301667,831.249939,2211.35
2215.375,39.872051,-5.363,831.249939,2211.375
2215.4,40.026661,-0.455,831.249939,2211.4
2215.425,40.08363,3.058,831.249939,2211.425
2215.45,40.189415,-3.479898,831.249939,2211.45
2215.475,40.2952,-2.741,829.999939,2211.475
2215.5,40.34404,2.425,829.999939,2211.5
2215.525,40.539333,-5.24,831.249939,2211.525
2215.55,40.938053,-2.911,829.999939,2211.55
2215.575,41.499519,1.597,829.999939,2211.575
2215.6,42.052853,4.906,829.999939,2211.6
2215.625,42.671276,-4.797,828.749939,2211.625
2215.65,43.257149,-11.805,829.999939,2211.65
2215.675,43.590778,11.393,828.749939,2211.675
2215.7,44.087139,-0.857,828.749939,2211.7
2215.725,44.502125,-7.656,827.499939,2211.725
2215.75,45.112411,-6.494366,827.499939,2211.75
2215.775,46.007496,-7.304,826.249939,2211.775
2215.8,46.642189,-1.56656,826.249939,2211.8
2215.825,46.951405,-1.746,826.249939,2211.825
2215.85,47.032768,2.669,826.249939,2211.85
2215.875,46.80492,-1.364321,827.499939,2211.875
2215.9,46.511986,-1.208,827.499939,2211.9
2215.925,46.227173,-3.618,826.249939,2211.925
2215.95,45.909824,1.426,826.249939,2211.95
2215.975,45.641289,-7.382,826.249939,2211.975
2216.0,45.185612,-2.626,824.999939,2212.0
2216.025,44.575333,1.26,824.999939,2212.025
2216.05,43.672089,-3.593,824.999939,2212.05
2216.075,42.882786,0.4,824.999939,2212.075
2216.1,42.044659,5.341,824.999939,2212.1
2216.125,41.401817,-7.976812,826.249939,2212.125
2216.15,40.799675,-8.169,824.999939,2212.15
2216.175,40.164978,1.295,826.249939,2212.175
2216.2,39.514,-0.34,826.249939,2212.2
2216.225,38.789795,3.119,826.249939,2212.225
2216.25,37.821472,0.104,827.499939,2212.25
2216.275,37.129818,-6.555,828.749939,2212.275
2216.3,36.37307,3.951,828.749939,2212.3
2216.325,35.746502,-8.891,828.749939,2212.325
2216.35,35.136215,5.798,828.749939,2212.35
2216.375,34.867691,-6.234,829.999939,2212.375
2216.4,34.623573,-10.642,828.749939,2212.4
2216.425,34.436424,3.857,828.749939,2212.425
2216.45,34.298092,0.168,829.999939,2212.45
2216.475,34.322502,-2.908661,829.999939,2212.475
2216.5,34.477116,-2.415,829.999939,2212.5
2216.525,34.85891,0.538,828.749939,2212.525
2216.55,35.069817,-1.953,828.749939,2212.55
2216.575,35.362095,-6.501,828.749939,2212.575
2216.6,35.589272,-0.344,828.749939,2212.6
2216.625,35.905956,-1.489,828.749939,2212.625
2216.65,36.19009,-6.798,828.749939,2212.65
2216.675,36.555595,0.728,827.499939,2212.675
2216.7,36.986195,3.114,827.499939,2212.7
2216.725,37.367977,1.783,828.749939,2212.725
2216.75,37.505642,-6.618,827.499939,2212.75
2216.775,37.740955,-14.175,828.749939,2212.775
2216.8,37.976921,-1.481,828.749939,2212.8
2216.825,38.326809,7.345,828.749939,2212.825
2216.85,38.432583,2.183,828.749939,2212.85
2216.875,38.701107,-4.939,828.749939,2212.875
2216.9,38.847576,-2.788556,828.749939,2212.9
2216.925,38.798744,-2.811,828.749939,2212.925
2216.95,38.61158,5.376471,827.499939,2212.95
2216.975,38.391869,5.392,827.499939,2212.975
2217.0,38.203403,-6.538,827.499939,2213.0
2217.025,38.104454,5.845,827.499939,2213.025
2217.05,37.972958,0.58,827.499939,2213.05
2217.075,37.872055,-16.07,827.499939,2213.075
2217.1,37.769203,-5.361,827.499939,2213.1
2217.125,37.855793,4.262,828.749939,2213.125
2217.15,37.74448,-1.621,828.749939,2213.15
2217.175,37.663113,2.065,828.749939,2213.175
2217.2,37.676144,-0.807,828.749939,2213.2
2217.225,37.91116,-9.979,827.499939,2213.225
2217.25,38.126968,-1.433,828.749939,2213.25
2217.275,38.30698,3.26,828.749939,2213.275
2217.3,38.580723,-4.009115,828.749939,2213.3
2217.325,38.865864,-4.693,828.749939,2213.325
2217.35,38.816887,-3.048,828.749939,2213.35
2217.375,38.958649,1.418478,827.499939,2213.375
2217.4,39.10236,0.768077,827.499939,2213.4
2217.425,39.279278,0.767,828.749939,2213.425
2217.45,39.519993,-4.711,828.749939,2213.45
2217.475,39.681622,-6.515,829.999939,2213.475
2217.5,39.907043,-1.716523,828.749939,2213.5
2217.525,40.084621,-1.702,831.249939,2213.525
2217.55,40.071461,1.064,829.999939,2213.55
2217.575,39.900764,-1.337839,829.999939,2213.575
2217.6,39.621674,-1.252694,831.249939,2213.6
2217.625,39.547802,-1.232,831.249939,2213.625
2217.65,39.348942,2.538,831.249939,2213.65
2217.675,39.057652,-4.69,831.249939,2213.675
2217.7,38.689861,-1.337812,831.249939,2213.7
2217.725,38.436962,-1.046,831.249939,2213.725
2217.75,38.267067,-7.54,832.499939,2213.75
2217.775,37.812046,0.32,832.499939,2213.775
2217.8,37.56826,1.856,832.499939,2213.8
2217.825,37.735081,3.936,833.749939,2213.825
2217.85,37.727116,-7.722,833.749939,2213.85
2217.875,37.65535,-4.947,832.499939,2213.875
2217.9,37.74308,-7.715,832.499939,2213.9
2217.925,37.703209,0.965,832.499939,2213.925
2217.95,37.806873,-2.752,832.499939,2213.95
2217.975,37.894592,-1.497,833.749939,2213.975
2218.0,37.902565,2.207,833.749939,2214.0
2218.025,38.038124,-0.804,833.749939,2214.025
2218.05,38.301277,-8.828,833.749939,2214.05
2218.075,38.388996,-0.47951,832.499939,2214.075
2218.1,38.2295,-0.481,833.749939,2214.1
2218.125,38.277336,1.37,832.499939,2214.125
2218.15,38.516563,-0.15,832.499939,2214.15
2218.175,38.580345,-4.279,833.749939,2214.175
2218.2,38.676029,1.152,833.749939,2214.2
2218.225,38.691971,-3.471,833.749939,2214.225
2218.25,38.851456,-5.296,833.749939,2214.25
2218.275,38.755756,0.964121,833.749939,2214.275
2218.3,38.349052,1.25,833.749939,2214.3
2218.325,38.038044,4.096,834.999939,2214.325
2218.35,37.854626,-3.743,834.999939,2214.35
2218.375,37.54361,-11.465,836.249939,2214.375
2218.4,37.431965,3.523,836.249939,2214.4
2218.425,37.144882,-2.911,834.999939,2214.425
2218.45,36.817928,-1.709,834.999939,2214.45
2218.475,36.602627,-11.981,834.999939,2214.475
2218.5,36.387321,17.049999,833.749939,2214.5
2218.525,36.187962,-10.679,833.749939,2214.525
2218.55,36.179989,-28.378,832.499939,2214.55
2218.575,36.475052,26.177999,833.749939,2214.575
2218.6,36.73822,2.901,833.749939,2214.6
2218.625,37.001385,-6.445,833.749939,2214.625
2218.65,37.392147,3.644,833.749939,2214.65
2218.675,37.551647,-55.883999,833.749939,2214.675
2218.7,37.758984,108.615997,833.749939,2214.7
2218.725,37.942398,97.481003,834.999939,2214.725
2218.75,38.014168,-259.828003,836.249939,2214.75
2218.775,38.157711,116.101997,836.249939,2214.775
2218.8,38.44479,28.184,836.249939,2214.8
2218.825,38.692001,0.865,834.999939,2214.825
2218.85,38.883389,-4.608026,836.249939,2214.85
2218.875,38.779716,-4.551,834.999939,2214.875
2218.9,38.660091,-23.606001,833.749939,2214.9
2218.925,38.564396,22.837,834.999939,2214.925
2218.95,38.484642,10.586,833.749939,2214.95
2218.975,38.468685,-17.716,832.499939,2214.975
2219.0,38.564373,-3.905,832.499939,2215.0
2219.025,38.628166,3.674,832.499939,2215.025
2219.05,38.548412,-2.234493,832.499939,2215.05
2219.075,38.229427,-2.613,831.249939,2215.075
2219.1,38.109802,-1.381,833.749939,2215.1
2219.125,38.022076,-6.471485,832.499939,2215.125
2219.15,38.038017,-6.490366,833.749939,2215.15
2219.175,38.03801,-7.3,833.749939,2215.175
2219.2,38.23737,4.158,833.749939,2215.2
2219.225,38.580273,1.852,833.749939,2215.225
2219.25,38.827484,-5.139,834.999939,2215.25
2219.275,38.851402,-1.404,833.749939,2215.275
2219.3,39.074688,7.454,833.749939,2215.3
2219.325,39.242146,0.488,833.749939,2215.325
2219.35,39.856178,-1.289,833.749939,2215.35
2219.375,40.438313,-8.045,833.749939,2215.375
2219.4,40.940701,4.203,832.499939,2215.4
2219.425,41.474987,-4.227,832.499939,2215.425
2219.45,42.009274,-2.596,832.499939,2215.45
2219.475,42.447868,-1.292,831.249939,2215.475
2219.5,42.886463,4.197,831.249939,2215.5
2219.525,43.460625,0.433,831.249939,2215.525
2219.55,44.194279,-2.42,831.249939,2215.55
2219.575,44.569092,0.268,829.999939,2215.575
2219.6,45.135284,1.544,829.999939,2215.6
2219.625,45.534019,-11.538,829.999939,2215.625
2219.65,45.805164,-6.1,828.749939,2215.65
2219.675,45.924789,-0.360581,829.999939,2215.675
2219.7,46.187958,-0.431,829.999939,2215.7
2219.725,46.514919,4.223,828.749939,2215.725
2219.75,46.682392,-3.279,829.999939,2215.75
2219.775,46.722275,-16.362,828.749939,2215.775
2219.8,46.849876,-12.379,828.749939,2215.8
2219.825,46.690395,-4.331,828.749939,2215.825
2219.85,46.722305,-0.673,829.999939,2215.85
2219.875,46.770161,2.883,828.749939,2215.875
2219.9,46.634602,-2.883,828.749939,2215.9
2219.925,46.467144,-5.091,828.749939,2215.925
2219.95,46.243855,2.485,828.749939,2215.95
2219.975,45.940826,-0.788,828.749939,2215.975
2220.0,45.486282,3.814,828.749939,2216.0
2220.025,45.047684,-5.12,828.749939,2216.025
2220.05,44.64098,-9.607,828.749939,2216.05
2220.075,43.947197,4.253,828.749939,2216.075
2220.1,43.580353,-5.843,827.499939,2216.1
2220.125,43.245411,-0.014,827.499939,2216.125
2220.15,42.870598,2.579,827.499939,2216.15
2220.175,42.352245,-2.738258,827.499939,2216.175
2220.2,41.865791,-3.349,827.499939,2216.2
2220.225,41.666416,-4.588642,827.499939,2216.225
2220.25,41.371349,-4.72,827.499939,2216.25
2220.275,41.164005,-3.517,828.749939,2216.275
2220.3,41.100193,1.74369,828.749939,2216.3
2220.325,40.972591,1.688,828.749939,2216.325
2220.35,41.132072,-2.65,827.499939,2216.35
2220.375,41.443073,1.226,828.749939,2216.375
2220.4,41.722183,-0.017,828.749939,2216.4
2220.425,42.120903,5.116,828.749939,2216.425
2220.45,42.647217,1.697,827.499939,2216.45
2220.475,43.157585,-6.715,828.749939,2216.475
2220.5,43.87529,-7.779,828.749939,2216.5
2220.525,44.784382,-10.66,827.499939,2216.525
2220.55,45.789169,-4.75,827.499939,2216.55
2220.575,46.586628,-2.105,826.249939,2216.575
2220.6,47.384079,9.145,826.249939,2216.6
2220.625,48.05394,0.506,826.249939,2216.625
2220.65,48.532413,-1.848,826.249939,2216.65
2220.675,48.915192,-7.785,826.249939,2216.675
2220.7,49.074692,-4.924,827.499939,2216.7
2220.725,49.282036,6.786,827.499939,2216.725
2220.75,49.441536,3.656,827.499939,2216.75
2220.775,49.3937,-9.66,827.499939,2216.775
2220.8,49.122574,-7.659,827.499939,2216.8
2220.825,48.564362,2.116,827.499939,2216.825
2220.85,47.990196,-1.705,827.499939,2216.85
2220.875,47.38414,-4.613,827.499939,2216.875
2220.9,46.778072,1.564,827.499939,2216.9
2220.925,46.09227,-0.393077,827.499939,2216.925
2220.95,45.677589,-0.403,827.499939,2216.95
2220.975,44.959877,-3.359,827.499939,2216.975
2221.0,44.146477,-2.281,827.499939,2217.0
2221.025,43.269276,1.441,827.499939,2217.025
2221.05,42.280434,-9.64,828.749939,2217.05
2221.075,41.419182,-4.407,828.749939,2217.075
2221.1,40.685528,-1.435,828.749939,2217.1
2221.125,40.047565,1.117329,829.999939,2217.125
2221.15,39.632893,1.481908,828.749939,2217.15
2221.175,39.250111,1.737,829.999939,2217.175
2221.2,39.074669,-2.109,828.749939,2217.2
2221.225,38.883278,-7.774,829.999939,2217.225
2221.25,38.963013,-0.576,828.749939,2217.25
2221.275,39.266037,2.029,829.999939,2217.275
2221.3,39.664764,3.192,829.999939,2217.3
2221.325,39.983738,-3.01,829.999939,2217.325
2221.35,40.318672,-0.102,829.999939,2217.35
2221.375,40.621716,-3.412,829.999939,2217.375
2221.4,41.08424,-0.15,829.999939,2217.4
2221.425,41.498924,-3.68,829.999939,2217.425
2221.45,41.897663,-1.065,831.249939,2217.45
2221.475,42.105671,0.9,831.249939,2217.475
2221.5,42.249878,-7.331,831.249939,2217.5
2221.525,42.633327,-2.624,832.499939,2217.525
2221.55,42.842308,0.868,832.499939,2217.55
2221.575,43.091156,-10.808,832.499939,2217.575
2221.6,43.499496,-2.008,833.749939,2217.6
2221.625,43.805141,-3.262,833.749939,2217.625
2221.65,44.095814,-4.321,833.749939,2217.65
2221.675,44.133263,-5.82,833.749939,2217.675
2221.7,44.028465,-0.596,832.499939,2217.7
2221.725,43.913582,3.923,833.749939,2217.725
2221.75,43.702343,-4.42,833.749939,2217.75
2221.775,43.561413,-2.215485,833.749939,2217.775
2221.8,43.409088,-2.174,832.499939,2217.8
2221.825,43.31958,5.784,831.249939,2217.825
2221.85,43.1609,-0.903,831.249939,2217.85
2221.875,42.780884,-5.08,831.249939,2217.875
2221.9,42.28418,-0.469,831.249939,2217.9
2221.925,41.933296,-1.911,831.249939,2217.925
2221.95,41.808933,0.268,832.499939,2217.95
2221.975,41.815434,-0.88,832.499939,2217.975
2222.0,41.644531,-3.937,831.249939,2218.0
2222.025,41.635078,-9.675,831.249939,2218.025
2222.05,41.470524,-3.826,832.499939,2218.05
2222.075,41.239574,3.126,832.499939,2218.075
2222.1,41.109688,-2.832633,831.249939,2218.1
2222.125,41.189415,-3.798,831.249939,2218.125
2222.15,41.590721,5.464,831.249939,2218.15
2222.175,42.034676,2.573,831.249939,2218.175
2222.2,42.362759,4.749,831.249939,2218.2
2222.225,42.804108,-7.235,831.249939,2218.225
2222.25,43.209011,-2.399,831.249939,2218.25
2222.275,43.786095,1.268,832.499939,2218.275
2222.3,44.527866,-0.768,832.499939,2218.3
2222.325,45.428974,4.429,832.499939,2218.325
2222.35,46.394535,-8.215,831.249939,2218.35
2222.375,47.276264,-0.630533,832.499939,2218.375
2222.4,48.074684,-0.299,833.749939,2218.4
2222.425,48.610764,-13.141229,832.499939,2218.425
2222.45,49.112991,-13.531,832.499939,2218.45
2222.475,49.598942,2.315,832.499939,2218.475
2222.5,49.984631,-4.74,832.499939,2218.5
2222.525,50.451698,-2.921,832.499939,2218.525
2222.55,50.790531,1.181,832.499939,2218.55
2222.575,50.774254,-0.059,832.499939,2218.575
2222.6,50.587082,-3.39,832.499939,2218.6
2222.625,50.172077,2.732,832.499939,2218.625
2222.65,49.824131,-0.479,833.749939,2218.65
2222.675,49.459904,-4.254,832.499939,2218.675
2222.7,49.014297,5.174,833.749939,2218.7
2222.725,48.634438,8.665,832.499939,2218.725
2222.75,48.319687,-7.205,833.749939,2218.75
2222.775,47.82592,-8.332,832.499939,2218.775
2222.8,47.210091,-7.082,833.749939,2218.8
2222.825,46.657398,-3.223,834.999939,2218.825
2222.85,46.195534,2.484,834.999939,2218.85
2222.875,45.701115,-3.019465,836.249939,2218.875
2222.9,45.304333,-3.012,834.999939,2218.9
2222.925,44.938805,3.199,834.999939,2218.925
2222.95,44.662788,-0.328,834.999939,2218.95
2222.975,44.728535,-4.815,834.999939,2218.975
2223.0,44.875652,-0.983,834.999939,2219.0
2223.025,45.121716,5.637,834.999939,2219.025
2223.05,45.531834,-4.44,833.749939,2219.05
2223.075,45.982632,-10.19,834.999939,2219.075
2223.1,46.628727,-3.101,833.749939,2219.1
2223.125,47.405003,-4.141,834.999939,2219.125
2223.15,48.21384,-6.903,836.249939,2219.15
2223.175,49.478355,-0.265,834.999939,2219.175
2223.2,50.416737,2.129,834.999939,2219.2
2223.225,51.08659,0.232,836.249939,2219.225
2223.25,51.577415,7.166,836.249939,2219.25
2223.275,51.921791,5.803,834.999939,2219.275
2223.3,52.118389,-5.107,836.249939,2219.3
2223.325,52.216026,-3.777,834.999939,2219.325
2223.35,52.411304,-8.238,834.999939,2219.35
2223.375,52.42757,-3.604,834.999939,2219.375
2223.4,52.411304,-0.425415,833.749939,2219.4
2223.425,52.354343,-0.831,834.999939,2219.425
2223.45,51.597595,4.851,833.749939,2219.45
2223.475,51.003582,-9.377,833.749939,2219.475
2223.5,50.735058,-7.007,834.999939,2219.5
2223.525,50.43399,-2.619,833.749939,2219.525
2223.55,50.222424,3.43419,833.749939,2219.55
2223.575,49.815575,3.468,834.999939,2219.575
2223.6,49.343628,-4.079,833.749939,2219.6
2223.625,48.708942,-6.45,834.999939,2219.625
2223.65,47.699932,2.203,834.999939,2219.65
2223.675,46.666531,-1.813,833.749939,2219.675
2223.7,45.869095,-4.620637,834.999939,2219.7
2223.725,45.315784,-4.623,833.749939,2219.725
2223.75,44.786877,2.468509,834.999939,2219.75
2223.775,44.209137,2.264303,833.749939,2219.775
2223.8,43.794151,2.052,834.999939,2219.8
2223.825,43.379169,-9.673,833.749939,2219.825
2223.85,43.257114,-1.195,834.999939,2219.85
2223.875,43.159492,-5.833,833.749939,2219.875
2223.9,43.192043,-2.478,834.999939,2219.9
2223.925,43.468723,-6.965,834.999939,2219.925
2223.95,43.672146,1.363,834.999939,2219.95
2223.975,43.289692,4.569,833.749939,2219.975
2224.0,42.956081,-4.775,833.749939,2220.0
2224.025,42.671265,2.28334,834.999939,2220.025
2224.05,42.386456,2.283,834.999939,2220.05
2224.075,42.085384,-2.051,833.749939,2220.075
2224.1,41.890083,-7.354,833.749939,2220.1
2224.125,41.580853,-0.736,834.999939,2220.125
2224.15,41.434376,-2.863,833.749939,2220.15
2224.175,41.076321,-6.367,834.999939,2220.175
2224.2,40.848473,2.128,833.749939,2220.2
2224.225,40.95425,-5.827,833.749939,2220.225
2224.25,41.385506,-2.964,832.499939,2220.25
2224.275,41.719131,2.676,832.499939,2220.275
2224.3,41.889996,-3.701,832.499939,2220.3
2224.325,41.914402,3.027,832.499939,2220.325
2224.35,41.914391,-9.784,831.249939,2220.35
2224.375,41.751629,3.364,829.999939,2220.375
2224.4,41.881828,-2.358,829.999939,2220.4
2224.425,42.036423,-7.45,828.749939,2220.425
2224.45,42.500244,-2.671,827.499939,2220.45
2224.475,42.915234,0.319,827.499939,2220.475
2224.5,42.89896,-3.554,827.499939,2220.5
2224.525,42.947777,-5.267,828.749939,2220.525
2224.55,43.045418,-1.415,827.499939,2220.55
2224.575,43.265129,-3.154,827.499939,2220.575
2224.6,43.517384,1.033,826.249939,2220.6
2224.625,43.6964,-0.797,827.499939,2220.625
2224.65,44.086994,3.098,827.499939,2220.65
2224.675,44.217171,-2.428,827.499939,2220.675
2224.7,44.005608,-0.645715,827.499939,2220.7
2224.725,43.533642,-0.654,827.499939,2220.725
2224.75,43.126781,10.546,828.749939,2220.75
2224.775,43.012859,-3.833,827.499939,2220.775
2224.8,42.931492,7.289,828.749939,2220.8
2224.825,42.931496,0.11,829.999939,2220.825
2224.85,43.029156,-3.70376,828.749939,2220.85
2224.875,42.931503,-3.714,828.749939,2220.875
2224.9,42.964054,-2.099,828.749939,2220.9
2224.925,42.833862,5.638,829.999939,2220.925
2224.95,42.801323,-21.370001,829.999939,2220.95
2224.975,43.159367,-0.158,829.999939,2220.975
2225.0,43.54995,-3.523,828.749939,2221.0
2225.025,43.826633,0.869928,827.499939,2221.025
2225.05,43.908016,0.918,828.749939,2221.05
2225.075,43.989384,-7.017,829.999939,2221.075
2225.1,44.184692,-2.19067,829.999939,2221.1
2225.125,44.087044,-2.282111,829.999939,2221.125
2225.15,44.217247,-2.294463,829.999939,2221.15
2225.175,44.249798,-2.30923,829.999939,2221.175
2225.2,44.380005,-1.751,829.999939,2221.2
2225.225,44.510197,0.575,831.249939,2221.225
2225.25,44.314911,-1.111,832.499939,2221.25
2225.275,44.184711,1.283,831.249939,2221.275
2225.3,43.997555,-5.998042,831.249939,2221.3
2225.325,43.615097,-6.52,831.249939,2221.325
2225.35,43.314022,-3.877,831.249939,2221.35
2225.375,42.524719,-2.789871,831.249939,2221.375
2225.4,41.881874,-2.333,829.999939,2221.4
2225.425,41.141392,-4.555,831.249939,2221.425
2225.45,40.238159,-0.641,831.249939,2221.45
2225.475,39.220997,2.12,831.249939,2221.475
2225.5,38.183662,0.052,832.499939,2221.5
2225.525,37.371563,-5.963,832.499939,2221.525
2225.55,36.556221,-3.482,831.249939,2221.55
2225.575,35.776997,3.032,831.249939,2221.575
2225.6,35.44825,-1.593,831.249939,2221.6
2225.625,35.128613,7.071,831.249939,2221.625
2225.65,35.098671,-4.024,831.249939,2221.65
2225.675,35.225613,-1.371,831.249939,2221.675
2225.7,35.387878,-10.616,831.249939,2221.7
2225.725,35.902317,-0.619,832.499939,2221.725
2225.75,36.509857,-7.29,831.249939,2221.75
2225.775,37.092987,1.023,832.499939,2221.775
2225.8,37.772446,-3.166,831.249939,2221.8
2225.825,38.563889,-4.546,832.499939,2221.825
2225.85,39.583817,-0.332,832.499939,2221.85
2225.875,40.571198,1.126,832.499939,2221.875
2225.9,41.46484,-0.890521,831.249939,2221.9
2225.925,42.45483,-1.851,832.499939,2221.925
2225.95,43.317543,0.309,831.249939,2221.95
2225.975,44.20142,-2.953555,831.249939,2221.975
2226.0,44.796913,-3.159595,832.499939,2222.0
2226.025,45.36441,-3.791,831.249939,2222.025
2226.05,46.039005,3.262,831.249939,2222.05
2226.075,46.42651,4.386,831.249939,2222.075
2226.1,46.545822,-13.106,831.249939,2222.1
2226.125,46.603287,-4.451,831.249939,2222.125
2226.15,46.408161,2.186,831.249939,2222.15
2226.175,46.144531,7.388,831.249939,2222.175
2226.2,45.596413,-2.943959,832.499939,2222.2
2226.225,44.979126,-2.391,831.249939,2222.225
2226.25,44.274124,-7.247,831.249939,2222.25
2226.275,43.763763,-10.21,832.499939,2222.275
2226.3,43.093914,-0.606,831.249939,2222.3
2226.325,42.200775,5.76,831.249939,2222.325
2226.35,41.371429,1.635,832.499939,2222.35
2226.375,40.637775,-7.447,832.499939,2222.375
2226.4,39.872223,5.711,832.499939,2222.4
2226.425,39.377811,7.072,833.749939,2222.425
2226.45,38.835548,-5.628,833.749939,2222.45
2226.475,38.452774,-23.608,832.499939,2222.475
2226.5,38.093914,-0.616,832.499939,2222.5
2226.525,37.591522,-4.826,832.499939,2222.525
2226.55,36.977489,5.466,832.499939,2222.55
2226.575,36.491043,2.31,831.249939,2222.575
2226.6,36.036491,5.406,831.249939,2222.6
2226.625,35.518147,-6.159,831.249939,2222.625
2226.65,35.127392,-9.967,831.249939,2222.65
2226.675,34.768532,-4.707,831.249939,2222.675
2226.7,34.194359,-9.07,831.249939,2222.7
2226.725,33.771706,1.488,832.499939,2222.725
2226.75,33.349049,-10.041,832.499939,2222.75
2226.775,32.990189,-2.61,832.499939,2222.775
2226.8,32.838661,-1.241,832.499939,2222.8
2226.825,32.734982,1.338,832.499939,2222.825
2226.85,32.854591,-4.605,832.499939,2222.85
2226.875,32.958256,-11.31,833.749939,2222.875
2226.9,32.918381,2.623852,832.499939,2222.9
2226.925,32.846603,3.378512,832.499939,2222.925
2226.95,32.934322,3.334,832.499939,2222.95
2226.975,33.109764,-3.181,832.499939,2222.975
2227.0,33.428738,-1.077,832.499939,2223.0
2227.025,33.859356,-5.161,832.499939,2223.025
2227.05,34.194286,-7.112921,832.499939,2223.05
2227.075,34.497318,-7.355,831.249939,2223.075
2227.1,34.896046,4.901,831.249939,2223.1
2227.125,35.167183,-0.934,832.499939,2223.125
2227.15,35.462238,-6.095,831.249939,2223.15
2227.175,36.219814,6.113986,831.249939,2223.175
2227.2,37.073082,6.355,831.249939,2223.2
2227.225,37.926357,-8.757,831.249939,2223.225
2227.25,38.763676,-1.992,831.249939,2223.25
2227.275,39.585049,-10.023,832.499939,2223.275
2227.3,40.167194,0.731,833.749939,2223.3
2227.325,40.781231,3.649,833.749939,2223.325
2227.35,41.506905,-4.698,833.749939,2223.35
2227.375,42.408016,4.663,836.249939,2223.375
2227.4,43.532413,-6.182,834.999939,2223.4
2227.425,44.505295,-2.28,836.249939,2223.425
2227.45,45.326664,-7.685,834.999939,2223.45
2227.475,45.845001,2.758,834.999939,2223.475
2227.5,46.187908,-2.591,833.749939,2223.5
2227.525,46.626503,0.424,833.749939,2223.525
2227.55,46.905613,-2.199,833.749939,2223.55
2227.575,47.368141,-8.563,834.999939,2223.575
2227.6,47.734974,2.144,834.999939,2223.6
2227.625,48.141678,-0.104,834.999939,2223.625
2227.65,47.990173,2.123,833.749939,2223.65
2227.675,47.360203,-4.028,834.999939,2223.675
2227.7,46.714283,-5.955,836.249939,2223.7
2227.725,46.092281,1.491,834.999939,2223.725
2227.75,45.613819,-6.19,834.999939,2223.75
2227.775,45.278885,-0.595,834.999939,2223.775
2227.8,44.848267,0.872,836.249939,2223.8
2227.825,44.25816,-3.565,836.249939,2223.825
2227.85,43.388939,-0.196977,836.249939,2223.85
2227.875,42.455925,0.349,836.249939,2223.875
2227.9,41.355446,5.023,834.999939,2223.9
2227.925,40.422428,-19.665001,834.999939,2223.925
2227.95,39.728642,2.543,834.999939,2223.95
2227.975,39.242191,0.75666,833.749939,2223.975
2228.0,38.660049,0.757,833.749939,2224.0
2228.025,38.269295,9.257789,832.499939,2224.025
2228.05,37.631325,8.47,832.499939,2224.05
2228.075,36.96146,-82.494003,832.499939,2224.075
2228.1,36.498932,122.057999,831.249939,2224.1
2228.125,36.37133,57.165001,832.499939,2224.125
2228.15,36.626499,-226.173996,829.999939,2224.15
2228.175,36.969395,97.197998,829.999939,2224.175
2228.2,37.240524,19.007999,828.749939,2224.2
2228.225,37.304317,-13.443,829.999939,2224.225
2228.25,37.288372,-6.073,828.749939,2224.25
2228.275,37.176731,0.666,828.749939,2224.275
2228.3,36.985348,-1.339571,829.999939,2224.3
2228.325,36.945484,-0.501,829.999939,2224.325
2228.35,36.833851,4.813,831.249939,2224.35
2228.375,36.738167,-14.428,829.999939,2224.375
2228.4,36.626534,-0.392,829.999939,2224.4
2228.425,36.38731,1.868,829.999939,2224.425
2228.45,36.044415,3.574,829.999939,2224.45
2228.475,35.908855,-5.475,829.999939,2224.475
2228.5,35.773296,-10.455,828.749939,2224.5
2228.525,35.765331,-5.656,828.749939,2224.525
2228.55,35.789265,1.692,829.999939,2224.55
2228.575,35.717499,0.073,829.999939,2224.575
2228.6,35.50219,-6.03,829.999939,2224.6
2228.625,35.342701,-3.826,829.999939,2224.625
2228.65,35.015747,-1.058,829.999939,2224.65
2228.675,34.720695,-3.725,829.999939,2224.675
2228.7,34.553226,1.414,829.999939,2224.7
2228.725,34.481461,-1.489,829.999939,2224.725
2228.75,34.298046,-5.383,829.999939,2224.75
2228.775,34.321968,-2.437,829.999939,2224.775
2228.8,34.409687,-0.84,831.249939,2224.8
2228.825,34.728664,2.981,829.999939,2224.825
2228.85,35.22308,-0.632,831.249939,2224.85
2228.875,35.861038,-2.489,831.249939,2224.875
2228.9,36.451145,-9.905,831.249939,2224.9
2228.925,37.113026,-1.165,831.249939,2224.925
2228.95,37.695164,6.561,831.249939,2224.95
2228.975,38.181602,-7.739691,832.499939,2224.975
2229.0,38.731834,-6.919,831.249939,2225.0
2229.025,39.345863,-4.947,831.249939,2225.025
2229.05,39.848255,-0.353,831.249939,2225.05
2229.075,40.60582,8.919,831.249939,2225.075
2229.1,41.339466,1.836,831.249939,2225.1
2229.125,41.913624,-7.144,831.249939,2225.125
2229.15,42.455887,0.738,831.249939,2225.15
2229.175,43.061943,6.805,831.249939,2225.175
2229.2,43.668003,2.11,831.249939,2225.2
2229.225,44.481396,-4.828382,831.249939,2225.225
2229.25,45.326683,-5.456,831.249939,2225.25
2229.275,45.884892,-1.095,829.999939,2225.275
2229.3,46.347401,7.187,829.999939,2225.3
2229.325,46.746117,-6.751,829.999939,2225.325
2229.35,46.762058,-1.01597,828.749939,2225.35
2229.375,46.63446,-1.331,828.749939,2225.375
2229.4,46.506863,-5.475,829.999939,2225.4
2229.425,46.251675,4.171,828.749939,2225.425
2229.45,45.900787,-6.589146,829.999939,2225.45
2229.475,45.549904,-6.528,828.749939,2225.475
2229.5,45.023582,-4.213,828.749939,2225.5
2229.525,44.425495,6.982,828.749939,2225.525
2229.55,43.667923,-3.121,831.249939,2225.55
2229.575,42.782753,-16.704,829.999939,2225.575
2229.6,41.96138,-8.096,831.249939,2225.6
2229.625,41.243679,-0.964,831.249939,2225.625
2229.65,40.398388,7.975,829.999939,2225.65
2229.675,39.4893,-8.378,829.999939,2225.675
2229.7,38.404778,-2.027331,828.749939,2225.7
2229.725,37.392033,-1.305,828.749939,2225.725
2229.75,36.53878,5.539,829.999939,2225.75
2229.775,35.541985,2.119,827.499939,2225.775
2229.8,34.393673,-6.276,829.999939,2225.8
2229.825,33.492573,-9.526,828.749939,2225.825
2229.85,32.878555,-4.743,828.749939,2225.85
2229.875,32.392128,3.494,828.749939,2225.875
2229.9,31.770138,-6.859,829.999939,2225.9
2229.925,31.355482,1.314,829.999939,2225.925
2229.95,31.071672,-1.888812,831.249939,2225.95
2229.975,31.154688,-2.081,831.249939,2225.975
2230.0,31.301491,3.903,832.499939,2226.0
2230.025,31.3526,-7.853,832.499939,2226.025
2230.05,31.5977,-5.524,832.499939,2226.05
2230.075,32.196281,4.855,832.499939,2226.075
2230.1,32.854092,3.428,832.499939,2226.1
2230.125,33.741047,-3.278,832.499939,2226.125
2230.15,34.612053,5.777,832.499939,2226.15
2230.175,35.824493,-8.592,832.499939,2226.175
2230.2,36.986969,-4.655,833.749939,2226.2
2230.225,38.086292,0.139,833.749939,2226.225
2230.25,39.221416,-1.868709,833.749939,2226.25
2230.275,40.415619,-1.866,832.499939,2226.275
2230.3,41.653595,-1.866,832.499939,2226.3
2230.325,42.861469,-8.52,834.999939,2226.325
2230.35,43.781605,2.065,833.749939,2226.35
2230.375,44.650478,3.701,834.999939,2226.375
2230.4,45.180519,2.073,834.999939,2226.4
2230.425,45.714142,-6.351,833.749939,2226.425
2230.45,45.875408,1.659,833.749939,2226.45
2230.475,45.913799,-7.233,833.749939,2226.475
2230.5,45.982132,-3.772,833.749939,2226.5
2230.525,45.823933,3.104,834.999939,2226.525
2230.55,45.603245,0.18,833.749939,2226.55
2230.575,45.283432,-3.271,833.749939,2226.575
2230.6,44.636349,-2.235,834.999939,2226.6
2230.625,43.940765,1.135,833.749939,2226.625
2230.65,43.241272,-0.872,833.749939,2226.65
2230.675,42.391083,-4.706,833.749939,2226.675
2230.7,41.489468,5.666,833.749939,2226.7
2230.725,40.551075,-5.810106,833.749939,2226.725
2230.75,39.835972,-5.986,833.749939,2226.75
2230.775,39.087013,-0.469534,833.749939,2226.775
2230.8,38.237976,-0.221,833.749939,2226.8
2230.825,37.287388,-5.156665,833.749939,2226.825
2230.85,36.628761,-5.367,834.999939,2226.85
2230.875,36.227276,1.47156,833.749939,2226.875
2230.9,35.855408,1.651,833.749939,2226.9
2230.925,35.728313,-6.591,834.999939,2226.925
2230.95,35.765263,1.664778,833.749939,2226.95
2230.975,35.736473,1.428,832.499939,2226.975
2231.0,36.034462,-0.617,833.749939,2227.0
2231.025,35.96579,-3.64,833.749939,2227.025
2231.05,36.027317,-8.439006,833.749939,2227.05
2231.075,36.3009,-8.431,833.749939,2227.075
2231.1,36.704029,1.215,833.749939,2227.1
2231.125,36.710392,-4.964914,833.749939,2227.125
2231.15,36.915302,-5.027,833.749939,2227.15
2231.175,37.133881,1.872,834.999939,2227.175
2231.2,37.339443,4.783,833.749939,2227.2
2231.225,37.4454,-1.185281,833.749939,2227.225
2231.25,37.648346,-1.470105,833.749939,2227.25
2231.275,37.591553,-1.723,832.499939,2227.275
2231.3,37.999714,-3.211,832.499939,2227.3
2231.325,38.236996,-1.07,832.499939,2227.325
2231.35,38.491848,-5.568,832.499939,2227.35
2231.375,38.649055,-2.869,833.749939,2227.375
2231.4,38.864513,3.045207,832.499939,2227.4
2231.425,39.013584,3.364,833.749939,2227.425
2231.45,39.280476,-1.774,833.749939,2227.45
2231.475,39.350128,-5.587,833.749939,2227.475
2231.5,39.690742,-3.784005,832.499939,2227.5
2231.525,39.772274,-3.112,833.749939,2227.525
2231.55,39.967083,0.019,832.499939,2227.55
2231.575,40.079857,-2.201,833.749939,2227.575
2231.6,40.330971,5.397,833.749939,2227.6
2231.625,40.287197,0.956,833.749939,2227.625
2231.65,40.376213,2.57,833.749939,2227.65
2231.675,40.535213,-6.604,833.749939,2227.675
2231.7,40.631069,0.361638,832.499939,2227.7
2231.725,40.466541,0.405,832.499939,2227.725
2231.75,40.603729,-4.561537,832.499939,2227.75
2231.775,40.537022,-4.511,831.249939,2227.775
2231.8,40.763241,-9.556,831.249939,2227.8
2231.825,41.005737,3.586255,831.249939,2227.825
2231.85,40.971569,3.59,829.999939,2227.85
2231.875,40.750237,1.452,829.999939,2227.875
2231.9,40.691654,-1.347,829.999939,2227.9
2231.925,40.484001,-4.346,829.999939,2227.925
2231.95,40.129864,-17.393,831.249939,2227.95
2231.975,39.69241,-1.344,829.999939,2227.975
2232.0,39.465214,0.467038,829.999939,2228.0
2232.025,39.001389,1.171,829.999939,2228.025
2232.05,38.553833,-9.17099,829.999939,2228.05
2232.075,38.008633,-9.171,829.999939,2228.075
2232.1,37.585495,-3.44,829.999939,2228.1
2232.125,37.113525,1.213,829.999939,2228.125
2232.15,36.600872,2.991,829.999939,2228.15
2232.175,36.12077,-4.14,829.999939,2228.175
2232.2,35.835964,4.187,828.749939,2228.2
2232.225,35.722034,-5.973,828.749939,2228.225
2232.25,35.518593,6.433,827.499939,2228.25
2232.275,35.233784,-12.505,828.749939,2228.275
2232.3,34.900154,-9.585,828.749939,2228.3
2232.325,34.582794,-5.905,828.749939,2228.325
2232.35,34.232887,1.879,829.999939,2228.35
2232.375,33.858578,0.325,831.249939,2228.375
2232.4,33.79348,-3.04,829.999939,2228.4
2232.425,33.972492,-10.111,829.999939,2228.425
2232.45,34.10268,-0.795,829.999939,2228.45
2232.475,34.216606,-5.155,829.999939,2228.475
2232.5,34.273567,4.05173,831.249939,2228.5
2232.525,34.566509,4.269,831.249939,2228.525
2232.55,34.908276,-9.268,831.249939,2228.55
2232.575,35.176804,-3.271673,831.249939,2228.575
2232.6,35.494156,-3.495299,831.249939,2228.6
2232.625,36.039349,-3.0,831.249939,2228.625
2232.65,36.503166,-4.6,831.249939,2228.65
2232.675,36.820522,-1.361699,832.499939,2228.675
2232.7,36.999538,-1.44,832.499939,2228.7
2232.725,37.300613,-0.334,833.749939,2228.725
2232.75,37.39011,-4.267,833.749939,2228.75
2232.775,37.59354,-0.880445,833.749939,2228.775
2232.8,37.862064,-0.92887,833.749939,2228.8
2232.825,38.163136,-0.775,834.999939,2228.825
2232.85,38.423519,-3.067,834.999939,2228.85
2232.875,38.602528,5.006,836.249939,2228.875
2232.9,38.586254,2.141,834.999939,2228.9
2232.925,38.618793,-3.856,834.999939,2228.925
2232.95,38.700157,-10.95,834.999939,2228.95
2232.975,38.838478,-2.57,833.749939,2228.975
2233.0,39.001221,-5.501,833.749939,2229.0
2233.025,39.408077,4.045,833.749939,2229.025
2233.05,39.928856,3.015,833.749939,2229.05
2233.075,40.319427,-4.28842,833.749939,2229.075
2233.1,40.539131,-4.263821,833.749939,2229.1
2233.125,40.775105,-4.606754,832.499939,2229.125
2233.15,41.173832,-4.937,833.749939,2229.15
2233.175,41.564415,3.884223,833.749939,2229.175
2233.2,41.857353,4.306,834.999939,2229.2
2233.225,42.109612,-8.815,834.999939,2229.225
2233.25,42.166569,-7.279,834.999939,2229.25
2233.275,42.02824,4.713,834.999939,2229.275
2233.3,41.930603,-7.091,834.999939,2229.3
2233.325,41.735317,-2.084,834.999939,2229.325
2233.35,41.540039,1.346,836.249939,2229.35
2233.375,41.401722,0.10612,834.999939,2229.375
2233.4,41.279675,0.290559,834.999939,2229.4
2233.425,40.89724,0.305101,833.749939,2229.425
2233.45,40.522938,-0.470217,833.749939,2229.45
2233.475,39.953346,-1.385,833.749939,2229.475
2233.5,39.196594,-10.122,833.749939,2229.5
2233.525,38.439842,4.419,833.749939,2229.525
2233.55,37.878384,-5.647,833.749939,2229.55
2233.575,37.186733,-4.264,834.999939,2229.575
2233.6,36.364876,-7.87,833.749939,2229.6
2233.625,35.363995,6.002,833.749939,2229.625
2233.65,34.436344,-1.427,832.499939,2229.65
2233.675,33.622616,3.417366,833.749939,2229.675
2233.7,33.109974,4.227,833.749939,2229.7
2233.725,32.792618,-0.913,833.749939,2229.725
2233.75,32.735649,-7.722,834.999939,2229.75
2233.775,32.654274,-3.782,834.999939,2229.775
2233.8,32.751915,-0.293971,832.499939,2229.8
2233.825,32.879498,-0.477,833.749939,2229.825
2233.85,32.947521,-3.084,833.749939,2229.85
2233.875,33.17828,-7.954,834.999939,2229.875
2233.9,33.594742,1.502,833.749939,2229.9
2233.925,33.856598,-0.991,833.749939,2229.925
2233.95,34.226521,-7.104,833.749939,2229.95
2233.975,34.647541,1.342,834.999939,2229.975
2234.0,34.967014,-8.394,834.999939,2230.0
2234.025,35.217487,-2.310758,836.249939,2230.025
2234.05,35.780106,-2.611,834.999939,2230.05
2234.075,36.32515,-1.536,834.999939,2230.075
2234.1,36.932686,5.172,836.249939,2230.1
2234.125,37.498894,0.447,833.749939,2230.125
2234.15,37.947926,-7.597,832.499939,2230.15
2234.175,38.351875,-3.375,832.499939,2230.175
2234.2,38.850216,-1.96,833.749939,2230.2
2234.225,39.380451,0.751,832.499939,2230.225
2234.25,39.895714,-2.274766,832.499939,2230.25
2234.275,40.360832,-2.775,832.499939,2230.275
2234.3,40.762821,-0.109647,832.499939,2230.3
2234.325,41.18401,-0.498,831.249939,2230.325
2234.35,41.537491,7.234,832.499939,2230.35
2234.375,41.740116,-9.595,831.249939,2230.375
2234.4,42.098652,3.727,832.499939,2230.4
2234.425,42.31657,-6.052,831.249939,2230.425
2234.45,42.316406,0.007,833.749939,2230.45
2234.475,42.544086,-4.755,832.499939,2230.475
2234.5,42.743767,-0.879,832.499939,2230.5
2234.525,42.641407,-2.445,832.499939,2230.525
2234.55,42.751266,1.156,833.749939,2230.55
2234.575,42.799934,-7.807,832.499939,2230.575
2234.6,42.864544,4.057,831.249939,2230.6
2234.625,43.030052,-2.02,832.499939,2230.625
2234.65,43.030052,2.623,832.499939,2230.65
2234.675,43.03006,-5.522,832.499939,2230.675
2234.7,42.998165,0.884,832.499939,2230.7
2234.725,43.061962,8.219,833.749939,2230.725
2234.75,42.934376,1.915,833.749939,2230.75
2234.775,42.647293,-0.618,832.499939,2230.775
2234.8,42.31237,-4.834,833.749939,2230.8
2234.825,41.658466,-9.346,833.749939,2230.825
2234.85,41.084301,8.393,833.749939,2230.85
2234.875,40.382545,0.341035,834.999939,2230.875
2234.9,39.744583,0.267,833.749939,2230.9
2234.925,39.393703,-9.586,834.999939,2230.925
2234.95,38.660049,-5.012,833.749939,2230.95
2234.975,37.95829,-1.422059,834.999939,2230.975
2235.0,37.447914,-1.411,833.749939,2231.0
2235.025,36.746155,3.397,834.999939,2231.025
2235.05,36.108189,-2.892139,834.999939,2231.05
2235.075,35.549969,-2.405,834.999939,2231.075
2235.1,35.159214,-12.746,833.749939,2231.1
2235.125,34.784409,-4.653631,833.749939,2231.125
2235.15,34.313911,-5.481,833.749939,2231.15
2235.175,33.71582,0.116,834.999939,2231.175
2235.2,33.149628,3.525,834.999939,2231.2
2235.225,32.774826,-1.076276,834.999939,2231.225
2235.25,32.495716,-0.356,836.249939,2231.25
2235.275,32.248508,-1.582526,836.249939,2231.275
2235.3,32.320278,-2.052,836.249939,2231.3
2235.325,32.360149,5.512,836.249939,2231.325
2235.35,32.519646,-3.488,837.499939,2231.35
2235.375,32.44788,-0.955,837.499939,2231.375
2235.4,32.328266,9.384,836.249939,2231.4
2235.425,32.400043,-1.885,836.249939,2231.425
2235.45,32.408024,-16.242001,836.249939,2231.45
2235.475,32.128922,-2.281,836.249939,2231.475
2235.5,32.1688,-6.383008,836.249939,2231.5
2235.525,32.224632,-6.374,834.999939,2231.525
2235.55,32.248566,-2.863,836.249939,2231.55
2235.575,32.041237,-0.123,836.249939,2231.575
2235.6,31.929594,2.036,836.249939,2231.6
2235.625,31.873775,-11.15,837.499939,2231.625
2235.65,32.13694,0.209,837.499939,2231.65
2235.675,32.55162,2.507,837.499939,2231.675
2235.7,32.806812,-0.002,837.499939,2231.7
2235.725,33.36504,-2.125,837.499939,2231.725
2235.75,34.034904,-5.045879,836.249939,2231.75
2235.775,34.385788,-5.311,836.249939,2231.775
2235.8,34.848312,2.921857,836.249939,2231.8
2235.825,35.573997,3.079,836.249939,2231.825
2235.85,36.530945,-2.418,834.999939,2231.85
2235.875,37.440048,-7.786,834.999939,2231.875
2235.9,38.253452,-4.706,836.249939,2231.9
2235.925,39.034962,-0.769,834.999939,2231.925
2235.95,39.776592,-3.566,834.999939,2231.95
2235.975,40.518219,3.277,836.249939,2231.975
2236.0,41.036552,-3.221,836.249939,2232.0
2236.025,41.602734,9.36,836.249939,2232.025
2236.05,42.232716,1.934,837.499939,2232.05
2236.075,42.798904,-5.686,834.999939,2232.075
2236.1,42.958389,-3.344,834.999939,2232.1
2236.125,42.926491,-4.84,834.999939,2232.125
2236.15,42.687252,0.504,836.249939,2232.15
2236.175,42.830791,-10.665,834.999939,2232.175
2236.2,42.798897,-2.201,836.249939,2232.2
2236.225,42.910534,-6.458,836.249939,2232.225
2236.25,43.149769,-4.817,834.999939,2232.25
2236.275,43.46875,3.59,834.999939,2232.275
2236.3,43.436855,-0.151,836.249939,2232.3
2236.325,43.309258,-8.05,834.999939,2232.325
2236.35,43.213554,-0.327,834.999939,2232.35
2236.375,43.245441,-7.02,834.999939,2232.375
2236.4,43.277321,-0.575,836.249939,2232.4
2236.425,43.532494,-3.901,834.999939,2232.425
2236.45,43.357044,1.418,833.749939,2232.45
2236.475,43.261341,-3.316,833.749939,2232.475
2236.5,42.830715,-0.289,834.999939,2232.5
2236.525,42.400078,-5.141,833.749939,2232.525
2236.55,41.809959,2.57,833.749939,2232.55
2236.575,41.50692,0.515258,833.749939,2232.575
2236.6,41.42717,0.619,833.749939,2232.6
2236.625,41.275646,3.968,832.499939,2232.625
2236.65,40.773251,2.134,832.499939,2232.65
2236.675,40.270855,-9.998,831.249939,2232.675
2236.7,39.449474,-2.826,831.249939,2232.7
2236.725,38.659996,0.379,831.249939,2232.725
2236.75,37.679123,-2.062574,831.249939,2232.75
2236.775,36.825848,-2.379568,829.999939,2232.775
2236.8,36.036369,-2.368,829.999939,2232.8
2236.825,35.502075,-4.331,829.999939,2232.825
2236.85,35.047535,2.997,831.249939,2232.85
2236.875,34.569073,-3.945,831.249939,2232.875
2236.9,34.130482,-2.159958,832.499939,2232.9
2236.925,34.042774,-1.638,831.249939,2232.925
2236.95,34.082661,-3.661,831.249939,2232.95
2236.975,34.513298,-4.679,831.249939,2232.975
2237.0,34.816341,-1.612,831.249939,2233.0
2237.025,35.326725,0.335,831.249939,2233.025
2237.05,35.964703,-6.049,831.249939,2233.05
2237.075,36.31559,0.362,829.999939,2233.075
2237.1,36.570786,-4.068,829.999939,2233.1
2237.125,36.746231,-0.344738,829.999939,2233.125
2237.15,36.754211,-0.518,829.999939,2233.15
2237.175,36.762192,2.231,829.999939,2233.175
2237.2,36.658531,4.691,831.249939,2233.2
2237.225,36.554867,-1.217761,831.249939,2233.225
2237.25,36.379429,-0.656,833.749939,2233.25
2237.275,36.299683,1.223,831.249939,2233.275
2237.3,35.821209,-3.173,832.499939,2233.3
2237.325,35.135395,-5.702,832.499939,2233.325
2237.35,34.5373,-0.943,832.499939,2233.35
2237.375,33.875416,-6.042768,832.499939,2233.375
2237.4,33.229477,-6.045,832.499939,2233.4
2237.425,32.743027,10.887,832.499939,2233.425
2237.45,32.057217,-5.449,832.499939,2233.45
2237.475,31.618607,-16.357,832.499939,2233.475
2237.5,31.243799,11.346,832.499939,2233.5
2237.525,30.773298,-9.723,832.499939,2233.525
2237.55,30.334702,0.563,832.499939,2233.55
2237.575,30.183187,7.658,833.749939,2233.575
2237.6,30.207115,3.206,833.749939,2233.6
2237.625,30.39851,-113.880997,833.749939,2233.625
2237.65,30.717491,248.880997,834.999939,2233.65
2237.675,31.084318,-24.528,833.749939,2233.675
2237.7,31.546846,-255.285004,833.749939,2233.7
2237.725,32.176838,133.895004,836.249939,2233.725
2237.75,32.623417,-15.22,834.999939,2233.75
2237.775,33.085945,2.234,834.999939,2233.775
2237.8,33.644169,3.464,836.249939,2233.8
2237.825,34.202393,-19.452,834.999939,2233.825
2237.85,34.792507,-11.538,836.249939,2233.85
2237.875,35.159332,25.264,834.999939,2233.875
2237.9,35.33477,-4.056,836.249939,2233.9
2237.925,35.382622,-14.608,834.999939,2233.925
2237.95,35.263012,1.629108,834.999939,2233.95
2237.975,34.95998,1.6,834.999939,2233.975
2238.0,34.609104,-4.953,834.999939,2234.0
2238.025,34.274178,-0.507,834.999939,2234.025
2238.05,33.955196,1.013,834.999939,2234.05
2238.075,33.572418,-7.514,834.999939,2234.075
2238.1,33.157738,-11.316,834.999939,2234.1
2238.125,32.743065,-1.072,833.749939,2234.125
2238.15,32.455982,2.812786,834.999939,2234.15
2238.175,32.073208,2.98,834.999939,2234.175
2238.2,31.690434,-0.323438,834.999939,2234.2
2238.225,31.475122,-0.424,834.999939,2234.225
2238.25,31.332882,-4.528,834.999939,2234.25
2238.275,31.206589,-0.607,834.999939,2234.275
2238.3,31.06435,1.244,834.999939,2234.3
2238.325,30.730726,3.494,834.999939,2234.325
2238.35,30.524691,-6.31,834.999939,2234.35
2238.375,30.286764,-3.738,832.499939,2234.375
2238.4,30.176422,0.909741,834.999939,2234.4
2238.425,30.274717,0.909617,834.999939,2234.425
2238.45,30.412888,0.95,834.999939,2234.45
2238.475,30.551052,-6.533,834.999939,2234.475
2238.5,30.739019,-4.927859,834.999939,2234.5
2238.525,30.622652,-4.421,836.249939,2234.525
2238.55,30.606539,-0.186528,834.999939,2234.55
2238.575,30.558523,-0.259,834.999939,2234.575
2238.6,30.382915,-5.591,836.249939,2234.6
2238.625,30.113565,-3.695012,834.999939,2234.625
2238.65,29.941864,-3.249,834.999939,2234.65
2238.675,29.611973,3.691,836.249939,2234.675
2238.7,29.07605,-6.227,834.999939,2234.7
2238.725,28.5966,-5.13,836.249939,2234.725
2238.75,28.022106,4.182,836.249939,2234.75
2238.775,27.398466,0.694,836.249939,2234.775
2238.8,27.031311,-0.996,837.499939,2234.8
2238.825,26.631609,-2.466,837.499939,2234.825
2238.85,26.265106,-0.111,838.749939,2234.85
2238.875,25.898605,1.754,838.749939,2234.875
2238.9,25.273666,-6.290331,838.749939,2234.9
2238.925,24.582983,-6.879,838.749939,2234.925
2238.95,23.906944,-3.002,838.749939,2234.95
2238.975,23.165154,0.077,839.999939,2234.975
2239.0,22.518406,4.102,839.999939,2235.0
2239.025,21.86775,-2.339,839.999939,2235.025
2239.05,21.153301,-5.406,838.749939,2235.05
2239.075,20.567743,-1.554,839.999939,2235.075
2239.1,20.044025,-2.972,838.749939,2235.1
2239.125,19.486456,-0.598,838.749939,2235.125
2239.15,19.184717,-5.236,838.749939,2235.15
2239.175,19.009918,-6.245,838.749939,2235.175
2239.2,18.996559,-4.355,838.749939,2235.2
2239.225,19.159945,2.840334,838.749939,2235.225
2239.25,19.483469,2.466,838.749939,2235.25
2239.275,19.773794,-0.973,838.749939,2235.275
2239.3,19.992189,-7.643,839.999939,2235.3
2239.325,20.320278,-2.979758,839.999939,2235.325
2239.35,20.712164,-3.160879,838.749939,2235.35
2239.375,21.151407,-3.211,838.749939,2235.375
2239.4,21.623848,2.479,838.749939,2235.4
2239.425,21.983997,5.537,839.999939,2235.425
2239.45,22.538139,-6.537,838.749939,2235.45
2239.475,22.986668,-8.14,839.999939,2235.475
2239.5,23.273102,-1.297,838.749939,2235.5
2239.525,23.525684,-2.400541,838.749939,2235.525
2239.55,23.777946,-2.926156,838.749939,2235.55
2239.575,24.053646,-2.926,837.499939,2235.575
2239.6,24.282799,-0.269,838.749939,2235.6
2239.625,24.351814,1.797,838.749939,2235.625
2239.65,24.471119,-0.906189,838.749939,2235.65
2239.675,24.492779,-0.884,838.749939,2235.675
2239.7,24.49914,0.963,838.749939,2235.7
2239.725,24.345352,-6.385,838.749939,2235.725
2239.75,24.168293,-2.971,838.749939,2235.75
2239.775,24.146481,0.586,838.749939,2235.775
2239.8,24.113281,-3.612577,838.749939,2235.8
2239.825,24.049801,-3.179419,838.749939,2235.825
2239.85,24.15151,-2.525,838.749939,2235.85
2239.875,24.253206,0.309,837.499939,2235.875
2239.9,24.435955,1.987,838.749939,2235.9
2239.925,24.358959,-3.699,838.749939,2235.925
2239.95,24.388229,-7.708,837.499939,2235.95
2239.975,24.450052,2.133,838.749939,2235.975
2240.0,24.626448,-1.547,837.499939,2236.0
2240.025,24.786249,-0.518,838.749939,2236.025
2240.05,24.938883,-4.822,838.749939,2236.05
2240.075,25.040424,2.691,839.999939,2236.075
2240.1,25.140659,-5.172,839.999939,2236.1
2240.125,25.092958,-6.487,839.999939,2236.125
2240.15,24.947611,-4.443,838.749939,2236.15
2240.175,24.622278,2.515,838.749939,2236.175
2240.2,24.589233,-1.448,839.999939,2236.2
2240.225,24.547573,-2.655,838.749939,2236.225
2240.25,24.585327,1.481,838.749939,2236.25
2240.275,24.441456,-6.183486,839.999939,2236.275
2240.3,24.337297,-6.327,839.999939,2236.3
2240.325,24.020599,3.318,838.749939,2236.325
2240.35,23.735798,0.546,838.749939,2236.35
2240.375,23.483553,-3.912,838.749939,2236.375
2240.4,23.394045,2.79,838.749939,2236.4
2240.425,23.337097,-1.166,838.749939,2236.425
2240.45,23.475433,0.761,837.499939,2236.45
2240.475,23.434755,-2.558,837.499939,2236.475
2240.5,23.410345,-8.489,837.499939,2236.5
2240.525,23.304565,-2.982826,837.499939,2236.525
2240.55,23.361536,-3.540927,836.249939,2236.55
2240.575,23.394089,-3.345,836.249939,2236.575
2240.6,23.475471,1.672,837.499939,2236.6
2240.625,23.564987,-6.451,836.249939,2236.625
2240.65,23.817249,-1.756,837.499939,2236.65
2240.675,23.906767,2.493,834.999939,2236.675
2240.7,24.02883,4.15,836.249939,2236.7
2240.725,23.92305,-4.869,836.249939,2236.725
2240.75,23.833546,-2.628,836.249939,2236.75
2240.775,23.735909,1.588,837.499939,2236.775
2240.8,23.703363,-3.11,836.249939,2236.8
2240.825,23.638275,-4.703,836.249939,2236.825
2240.85,23.670826,-2.192551,836.249939,2236.85
2240.875,23.752209,-2.205,836.249939,2236.875
2240.9,23.825441,2.615,836.249939,2236.9
2240.925,23.638281,-0.686,836.249939,2236.925
2240.95,23.483675,0.628,836.249939,2236.95
2240.975,23.312794,2.868941,836.249939,2236.975
2241.0,23.15819,2.372,836.249939,2237.0
2241.025,23.011721,-8.647,837.499939,2237.025
2241.05,22.873396,-10.868,837.499939,2237.05
2241.075,22.653694,-1.297454,836.249939,2237.075
2241.1,22.490952,-1.529,836.249939,2237.1
2241.125,22.141048,-2.981,836.249939,2237.125
2241.15,21.726049,1.055863,836.249939,2237.15
2241.175,21.37615,0.206,836.249939,2237.175
2241.2,21.188993,-4.721,836.249939,2237.2
2241.225,21.164576,5.718,836.249939,2237.225
2241.25,21.188982,1.093,836.249939,2237.25
2241.275,21.31917,-3.265,837.499939,2237.275
2241.3,21.441221,-4.523,837.499939,2237.3
2241.325,21.416805,-5.719,837.499939,2237.325
2241.35,21.37611,-1.047,838.749939,2237.35
2241.375,21.343563,1.625,837.499939,2237.375
2241.4,21.367973,-6.511,837.499939,2237.4
2241.425,21.392387,-9.025,838.749939,2237.425
2241.45,21.441212,3.232,838.749939,2237.45
2241.475,21.506313,1.905,838.749939,2237.475
2241.5,21.367985,-7.197,837.499939,2237.5
2241.525,21.213375,-0.794,837.499939,2237.525
2241.55,21.164543,3.308,837.499939,2237.55
2241.575,21.083164,-2.37,837.499939,2237.575
2241.6,21.099426,1.147,837.499939,2237.6
2241.625,21.099415,-9.808,837.499939,2237.625
2241.65,20.969213,-5.243,837.499939,2237.65
2241.675,20.904102,-0.250402,836.249939,2237.675
2241.7,20.806444,-0.258,837.499939,2237.7
2241.725,20.55418,1.054,837.499939,2237.725
2241.75,20.32633,-1.312134,836.249939,2237.75
2241.775,20.36701,-1.583517,836.249939,2237.775
2241.8,20.44838,-1.256585,836.249939,2237.8
2241.825,20.301912,-1.397,836.249939,2237.825
2241.85,20.22868,-6.926,836.249939,2237.85
2241.875,20.187996,-2.17,836.249939,2237.875
2241.9,20.26123,-0.99,837.499939,2237.9
2241.925,20.310055,3.356,836.249939,2237.925
2241.95,20.456524,-1.576,836.249939,2237.95
2241.975,20.765738,-2.796,836.249939,2237.975
2242.0,21.148191,-1.566048,837.499939,2238.0
2242.025,21.376045,-0.61139,837.499939,2238.025
2242.05,21.50625,0.113,837.499939,2238.05
2242.075,21.70155,-2.729616,837.499939,2238.075
2242.1,21.970083,-2.745707,837.499939,2238.1
2242.125,22.295584,-3.67,837.499939,2238.125
2242.15,22.652985,-9.279,836.249939,2238.15
2242.175,22.97784,2.828,837.499939,2238.175
2242.2,23.294552,8.836,838.749939,2238.2
2242.225,23.447878,-12.008,838.749939,2238.225
2242.25,23.470343,-10.494,838.749939,2238.25
2242.275,23.361959,-2.277505,839.999939,2238.275
2242.3,23.398741,-2.297,839.999939,2238.3
2242.325,23.263987,0.969139,839.999939,2238.325
2242.35,23.230457,1.903,839.999939,2238.35
2242.375,23.283838,-7.005,838.749939,2238.375
2242.4,23.22134,-0.818,838.749939,2238.4
2242.425,22.930994,-2.928674,839.999939,2238.425
2242.45,22.543001,-2.943,839.999939,2238.45
2242.475,22.21002,-0.561469,839.999939,2238.475
2242.5,21.925856,-1.125,839.999939,2238.5
2242.525,21.767984,-0.07,839.999939,2238.525
2242.55,21.601332,2.57,841.249939,2238.55
2242.575,21.505957,1.015,841.249939,2238.575
2242.6,21.418074,-1.86,841.249939,2238.6
2242.625,21.040504,-6.522,842.499939,2238.625
2242.65,20.567238,-3.086,841.249939,2238.65
2242.675,20.110901,-5.884,841.249939,2238.675
2242.7,19.816004,-1.441,841.249939,2238.7
2242.725,19.576284,2.959,842.499939,2238.725
2242.75,19.475542,-4.56,841.249939,2238.75
2242.775,19.45553,2.652,841.249939,2238.775
2242.8,19.470669,-5.241,841.249939,2238.8
2242.825,19.505013,1.428,839.999939,2238.825
2242.85,19.372385,2.715,839.999939,2238.85
2242.875,19.371258,0.259,839.999939,2238.875
2242.9,19.564772,-6.561,839.999939,2238.9
2242.925,19.839333,-1.995,839.999939,2238.925
2242.95,20.14579,-6.200201,839.999939,2238.95
2242.975,20.677488,-5.538,839.999939,2238.975
2243.0,21.124075,3.106,838.749939,2239.0
2243.025,21.538759,-0.882,839.999939,2239.025
2243.05,21.778008,-3.027,839.999939,2239.05
2243.075,21.921562,-5.165,838.749939,2239.075
2243.1,22.17675,-0.345719,838.749939,2239.1
2243.125,22.55953,-0.565727,838.749939,2239.125
2243.15,22.910412,-0.555,839.999939,2239.15
2243.175,23.261292,-5.475,839.999939,2239.175
2243.2,23.540403,-1.118,838.749939,2239.2
2243.225,23.72382,-3.156,839.999939,2239.225
2243.25,23.620155,2.196,839.999939,2239.25
2243.275,23.580284,-0.71,839.999939,2239.275
2243.3,23.460667,-5.821,839.999939,2239.3
2243.325,23.45269,-1.971,839.999939,2239.325
2243.35,23.588255,2.593,839.999939,2239.35
2243.375,23.691925,0.953,839.999939,2239.375
2243.4,23.843441,-2.586,838.749939,2239.4
2243.425,23.899265,-1.221,839.999939,2239.425
2243.45,23.7318,-7.446,838.749939,2239.45
2243.475,23.612183,-3.080139,839.999939,2239.475
2243.5,23.492563,-4.014,839.999939,2239.5
2243.525,23.484587,2.234,838.749939,2239.525
2243.55,23.6042,-5.272988,839.999939,2239.55
2243.575,23.707865,-5.268,838.749939,2239.575
2243.6,23.899252,-2.596,838.749939,2239.6
2243.625,23.915207,-1.286984,839.999939,2239.625
2243.65,23.947113,-1.625,839.999939,2239.65
2243.675,23.867373,-2.857,839.999939,2239.675
2243.7,24.074709,4.407,839.999939,2239.7
2243.725,24.441542,0.386,839.999939,2239.725
2243.75,24.816351,-7.777,839.999939,2239.75
2243.775,25.286852,-2.779,839.999939,2239.775
2243.8,25.709507,0.966771,839.999939,2239.8
2243.825,26.020521,0.967,839.999939,2239.825
2243.85,26.38736,-2.711,841.249939,2239.85
2243.875,26.69837,-6.765,841.249939,2239.875
2243.9,27.136969,-0.678,839.999939,2239.9
2243.925,27.591515,4.926,839.999939,2239.925
2243.95,28.022135,-5.299,839.999939,2239.95
2243.975,28.29327,-1.497,839.999939,2239.975
2244.0,28.596298,-6.679,839.999939,2240.0
2244.025,28.963121,-2.288,839.999939,2240.025
2244.05,29.313995,-6.456,839.999939,2240.05
2244.075,29.545256,-0.235,838.749939,2240.075
2244.1,29.967901,-3.029301,839.999939,2240.1
2244.125,30.382566,-3.031,838.749939,2240.125
2244.15,30.797235,2.313,838.749939,2240.15
2244.175,31.052416,-6.819,839.999939,2240.175
2244.2,31.371393,0.133,838.749939,2240.2
2244.225,31.650497,-1.313163,838.749939,2240.225
2244.25,31.90568,-1.397,839.999939,2240.25
2244.275,32.160862,-3.539,838.749939,2240.275
2244.3,32.224655,1.002,838.749939,2240.3
2244.325,32.242195,-7.906,838.749939,2240.325
2244.35,32.194351,-0.568714,838.749939,2240.35
2244.375,31.977448,-0.56,838.749939,2240.375
2244.4,31.688776,1.759,838.749939,2240.4
2244.425,31.317175,-1.866,838.749939,2240.425
2244.45,30.990227,-3.329,837.499939,2240.45
2244.475,30.676043,-1.734,837.499939,2240.475
2244.5,30.36186,1.268,838.749939,2240.5
2244.525,30.004614,-3.864,839.999939,2240.525
2244.55,29.583578,-2.151,839.999939,2240.55
2244.575,29.286942,0.462,839.999939,2240.575
2244.6,28.944056,-0.997,839.999939,2240.6
2244.625,28.760658,1.874033,841.249939,2240.625
2244.65,28.48316,1.811,841.249939,2240.65
2244.675,28.312519,-5.245,841.249939,2240.675
2244.7,28.272657,-1.602,842.499939,2240.7
2244.725,28.25672,-4.762,842.499939,2240.725
2244.75,28.140303,3.778,842.499939,2240.75
2244.775,28.05578,-0.983492,842.499939,2240.775
2244.8,28.038244,-0.795,843.749939,2240.8
2244.825,28.173819,2.262711,843.749939,2240.825
2244.85,28.290255,2.308,843.749939,2240.85
2244.875,28.443369,-8.344,843.749939,2240.875
2244.9,28.768728,-6.979,844.999939,2240.9
2244.925,29.264738,-1.171,843.749939,2240.925
2244.95,29.569359,-8.373,843.749939,2240.95
2244.975,29.775097,5.197,843.749939,2240.975
2245.0,30.090881,7.845,843.749939,2241.0
2245.025,30.382738,5.364,844.999939,2241.025
2245.05,30.655457,-8.232,844.999939,2241.05
2245.075,30.898397,-6.760262,844.999939,2241.075
2245.1,30.969091,-6.587,844.999939,2241.1
2245.125,31.086033,1.236597,846.249939,2241.125
2245.15,31.10523,1.321,847.499939,2241.15
2245.175,30.929852,-4.492,847.499939,2241.175
2245.2,30.626883,0.148,848.749939,2241.2
2245.225,30.360598,-11.079,848.749939,2241.225
2245.25,30.04965,0.72,848.749939,2241.25
2245.275,29.662148,-3.724,848.749939,2241.275
2245.3,29.131105,5.956,848.749939,2241.3
2245.325,28.571354,4.707,848.749939,2241.325
2245.35,28.041378,-4.821,848.749939,2241.35
2245.375,27.371052,-12.103,848.749939,2241.375
2245.4,26.614965,-3.057,848.749939,2241.4
2245.425,25.964598,5.638,847.499939,2241.425
2245.45,25.413109,0.943,846.249939,2241.45
2245.475,24.843134,-9.588,846.249939,2241.475
2245.5,24.361534,-5.12,846.249939,2241.5
2245.525,24.034731,2.755,846.249939,2241.525
2245.55,23.682896,11.396,844.999939,2241.55
2245.575,23.471411,2.697,844.999939,2241.575
2245.6,23.374826,-5.375,843.749939,2241.6
2245.625,23.499573,-9.066,843.749939,2241.625
2245.65,23.818306,9.082,844.999939,2241.65
2245.675,24.266579,1.505,844.999939,2241.675
2245.7,24.842449,-2.867795,844.999939,2241.7
2245.725,25.399187,-3.802246,844.999939,2241.725
2245.75,25.957228,-2.941,843.749939,2241.75
2245.775,26.725859,-6.354,844.999939,2241.775
2245.8,27.663872,-4.983,843.749939,2241.8
2245.825,28.620543,5.657,846.249939,2241.825
2245.85,29.727848,-5.03062,846.249939,2241.85
2245.875,30.800648,-4.382,846.249939,2241.875
2245.9,31.687269,-7.407,847.499939,2241.9
2245.925,32.5765,-1.874,847.499939,2241.925
2245.95,33.431877,-0.115704,846.249939,2241.95
2245.975,34.222809,-0.117,846.249939,2241.975
2246.0,34.93301,-2.366013,846.249939,2242.0
2246.025,35.672512,-2.366,843.749939,2242.025
2246.05,36.21801,-5.866,843.749939,2242.05
2246.075,36.47123,3.233,843.749939,2242.075
2246.1,36.594902,1.734,842.499939,2242.1
2246.125,36.798649,-2.571,843.749939,2242.125
2246.15,36.902794,-7.441,843.749939,2242.15
2246.175,36.845501,-3.239,843.749939,2242.175
2246.2,36.915142,-6.148,844.999939,2242.2
2246.225,37.016689,3.981,844.999939,2242.225
2246.25,36.892345,5.576,844.999939,2242.25
2246.275,36.556438,-2.969712,843.749939,2242.275
2246.3,36.222485,-2.887,841.249939,2242.3
2246.325,35.98423,-5.938919,841.249939,2242.325
2246.35,35.973164,-6.212,839.999939,2242.35
2246.375,35.992699,0.338,818.749939,2242.375
2246.4,35.637928,-6.81,818.749939,2242.4
2246.425,35.448502,3.812305,817.499939,2242.425
2246.45,35.518166,3.431,786.249939,2242.45
2246.475,35.48888,-2.48,839.999939,2242.475
2246.5,35.460247,-0.322,839.999939,2242.5
2246.525,35.725204,-6.625,839.999939,2242.525
2246.55,36.234276,-11.92,838.749939,2242.55
2246.575,36.708202,-3.384,838.749939,2242.575
2246.6,37.035656,4.371,838.749939,2242.6
2246.625,37.169773,1.161,839.999939,2242.625
2246.65,37.468571,-0.001,838.749939,2242.65
2246.675,37.863716,1.754,839.999939,2242.675
2246.7,38.095463,-0.682,838.749939,2242.7
2246.725,38.129971,1.544,838.749939,2242.725
2246.75,38.166416,-6.357,839.999939,2242.75
2246.775,38.169666,7.526,839.999939,2242.775
2246.8,37.912525,4.653,839.999939,2242.8
2246.825,37.394989,-5.297,839.999939,2242.825
2246.85,37.042145,-11.354,839.999939,2242.85
2246.875,36.803219,2.233,841.249939,2242.875
2246.9,36.464703,8.405,841.249939,2242.9
2246.925,35.898338,-9.5,841.249939,2242.925
2246.95,35.268185,-4.312,841.249939,2242.95
2246.975,34.507832,-9.874,839.999939,2242.975
2247.0,33.714264,-12.33,839.999939,2243.0
2247.025,32.869934,1.826,839.999939,2243.025
2247.05,31.927952,-1.117,839.999939,2243.05
2247.075,31.067348,3.394283,841.249939,2243.075
2247.1,30.483406,3.174,841.249939,2243.1
2247.125,29.897512,-45.948002,841.249939,2243.125
2247.15,29.150183,-106.18,841.249939,2243.15
2247.175,28.402853,202.147995,841.249939,2243.175
2247.2,27.883362,-33.584,841.249939,2243.2
2247.225,27.591721,-160.184006,841.249939,2243.225
2247.25,27.462822,88.393997,841.249939,2243.25
2247.275,27.529224,-10.953,842.499939,2243.275
2247.3,27.660725,-0.005,842.499939,2243.3
2247.325,27.727125,8.121,842.499939,2243.325
2247.35,27.679607,-7.184,842.499939,2243.35
2247.375,27.640232,-20.346001,842.499939,2243.375
2247.4,27.405561,19.291,843.749939,2243.4
2247.425,27.364885,-2.566,843.749939,2243.425
2247.45,27.552055,-15.112,843.749939,2243.45
2247.475,27.674128,4.637,843.749939,2243.475
2247.5,27.763653,-3.978,843.749939,2243.5
2247.525,27.853176,-8.675,843.749939,2243.525
2247.55,27.861332,-1.444,843.749939,2243.55
2247.575,28.015957,0.33,843.749939,2243.575
2247.6,28.170584,-3.441,843.749939,2243.6
2247.625,28.585585,-0.895537,844.999939,2243.625
2247.65,29.155205,-1.679,843.749939,2243.65
2247.675,30.017754,1.508463,844.999939,2243.675
2247.7,30.945398,2.022,844.999939,2243.7
2247.725,31.905596,3.824,844.999939,2243.725
2247.75,32.703037,-9.601,844.999939,2243.75
2247.775,33.40284,-5.346,844.999939,2243.775
2247.8,34.265377,0.119,844.999939,2243.8
2247.825,35.233704,-2.451,844.999939,2243.825
2247.85,36.031151,-0.778,844.999939,2243.85
2247.875,36.975063,-2.573,843.749939,2243.875
2247.9,37.691143,-5.274,843.749939,2243.9
2247.925,38.179379,0.173,843.749939,2243.925
2247.95,38.374676,1.814,843.749939,2243.95
2247.975,38.309578,-4.883079,843.749939,2243.975
2248.0,38.114285,-4.227298,843.749939,2244.0
2248.025,37.984097,-4.234881,843.749939,2244.025
2248.05,37.626068,-4.236,843.749939,2244.05
2248.075,37.137836,2.239,842.499939,2244.075
2248.1,36.494999,4.746,842.499939,2244.1
2248.125,35.827751,-7.292,842.499939,2244.125
2248.15,34.981483,-4.591,842.499939,2244.15
2248.175,33.972466,-1.887677,842.499939,2244.175
2248.2,32.963455,-1.585,842.499939,2244.2
2248.225,32.10091,1.619,841.249939,2244.225
2248.25,31.433664,-3.342,841.249939,2244.25
2248.275,30.603674,0.619,841.249939,2244.275
2248.3,29.814369,-1.166,841.249939,2244.3
2248.325,29.155249,-3.601,841.249939,2244.325
2248.35,28.479856,2.863,842.499939,2244.35
2248.375,27.86956,-6.109,842.499939,2244.375
2248.4,27.177889,-10.008,842.499939,2244.4
2248.425,26.714064,-3.837,842.499939,2244.425
2248.45,26.51063,0.483023,843.749939,2244.45
2248.475,26.404839,0.483,843.749939,2244.475
2248.5,26.217672,3.220549,843.749939,2244.5
2248.525,25.997953,3.241,843.749939,2244.525
2248.55,25.940983,2.201,843.749939,2244.55
2248.575,25.924702,-1.107,843.749939,2244.575
2248.6,25.940962,-5.483,843.749939,2244.6
2248.625,26.006058,2.806,843.749939,2244.625
2248.65,25.973505,0.072,843.749939,2244.65
2248.675,25.89213,-4.03,843.749939,2244.675
2248.7,25.729385,1.191536,842.499939,2244.7
2248.725,25.534084,1.397,842.499939,2244.725
2248.75,25.436434,-1.224,842.499939,2244.75
2248.775,25.371334,5.195,842.499939,2244.775
2248.8,25.306232,-10.646,842.499939,2244.8
2248.825,25.208586,-6.155,842.499939,2244.825
2248.85,25.062113,-2.598042,842.499939,2244.85
2248.875,25.15976,-3.12,842.499939,2244.875
2248.9,25.192308,-0.569,842.499939,2244.9
2248.925,25.289953,8.474,843.749939,2244.925
2248.95,25.420149,-7.734,843.749939,2244.95
2248.975,25.50153,-0.878,842.499939,2244.975
2249.0,25.517809,-10.619,842.499939,2245.0
2249.025,25.30625,-4.245,842.499939,2245.025
2249.05,25.078419,5.095,842.499939,2245.05
2249.075,24.785492,12.132,841.249939,2245.075
2249.1,24.525118,-4.44,841.249939,2245.1
2249.125,24.427488,-6.222,841.249939,2245.125
2249.15,24.18339,-13.02,839.999939,2245.15
2249.175,23.874189,-3.447,839.999939,2245.175
2249.2,23.499893,5.486,839.999939,2245.2
2249.225,23.060493,2.381,838.749939,2245.225
2249.25,22.653643,-7.534,839.999939,2245.25
2249.275,22.311893,0.067,838.749939,2245.275
2249.3,22.067785,2.620596,838.749939,2245.3
2249.325,22.002701,2.828,838.749939,2245.325
2249.35,21.97016,0.725,838.749939,2245.35
2249.375,21.937614,-7.141,838.749939,2245.375
2249.4,21.87252,-2.004,838.749939,2245.4
2249.425,21.937616,-0.734,838.749939,2245.425
2249.45,22.100367,-6.305388,839.999939,2245.45
2249.475,22.490953,-6.602,839.999939,2245.475
2249.5,23.107435,-3.27076,839.999939,2245.5
2249.525,23.91725,-3.072,839.999939,2245.525
2249.55,25.044743,0.667,839.999939,2245.55
2249.575,26.106485,2.648,839.999939,2245.575
2249.6,27.002226,1.616,839.999939,2245.6
2249.625,28.151199,-1.801,841.249939,2245.625
2249.65,29.330109,-7.002,839.999939,2245.65
2249.675,30.489828,-4.998,839.999939,2245.675
2249.7,31.645641,12.731,841.249939,2245.7
2249.725,33.05534,-6.623,841.249939,2245.725
2249.75,34.491726,4.821,841.249939,2245.75
2249.775,35.991253,-0.005,841.249939,2245.775
2249.8,37.117447,-9.554,841.249939,2245.8
2249.825,37.92271,4.521,841.249939,2245.825
2249.85,38.982513,-4.304,841.249939,2245.85
2249.875,40.169907,4.017,841.249939,2245.875
2249.9,41.195206,-5.915,841.249939,2245.9
2249.925,42.203899,-7.765,841.249939,2245.925
2249.95,43.034557,5.299,842.499939,2245.95
2249.975,43.801411,-4.722,842.499939,2245.975
2250.0,44.150993,-1.693,842.499939,2246.0
2250.025,44.087845,1.07,843.749939,2246.025
2250.05,44.023411,4.622,843.749939,2246.05
2250.075,44.170856,-2.9,843.749939,2246.075
2250.1,44.226513,-0.072,843.749939,2246.1
2250.125,44.157188,-3.135,843.749939,2246.125
2250.15,44.075817,-1.199,843.749939,2246.15
2250.175,43.999004,-4.107,843.749939,2246.175
2250.2,43.876293,-8.299,843.749939,2246.2
2250.225,43.693691,4.895,843.749939,2246.225
2250.25,43.448597,8.476,843.749939,2246.25
2250.275,43.510437,-2.201,843.749939,2246.275
2250.3,43.731773,-8.808327,843.749939,2246.3
2250.325,43.636078,-8.806235,842.499939,2246.325
2250.35,43.444687,-8.001,842.499939,2246.35
2250.375,43.285194,-3.042,842.499939,2246.375
2250.4,43.173542,4.235,841.249939,2246.4
2250.425,42.982151,2.341,841.249939,2246.425
2250.45,42.599373,-3.615,841.249939,2246.45
2250.475,42.280392,-2.258,841.249939,2246.475
2250.5,42.184696,-10.454,841.249939,2246.5
2250.525,42.089005,1.181,841.249939,2246.525
2250.55,41.801922,-0.43,841.249939,2246.55
2250.575,41.642433,0.914402,841.249939,2246.575
2250.6,41.642433,0.588,841.249939,2246.6
2250.625,41.674339,-3.188316,841.249939,2246.625
2250.65,41.801937,-3.343,842.499939,2246.65
2250.675,41.64246,4.822,842.499939,2246.675
2250.7,41.451084,-0.361,842.499939,2246.7
2250.725,41.482998,-16.870001,842.499939,2246.725
2250.75,41.451103,-8.771,841.249939,2246.75
2250.775,41.451115,-5.972,841.249939,2246.775
2250.8,41.339485,7.559,841.249939,2246.8
2250.825,41.307598,5.455,841.249939,2246.825
2250.85,41.339508,-3.552,841.249939,2246.85
2250.875,41.371418,-4.901,842.499939,2246.875
2250.9,41.658501,0.85,842.499939,2246.9
2250.925,41.96154,7.037,842.499939,2246.925
2250.95,42.44001,-7.431,842.499939,2246.95
2250.975,42.918484,-3.653,842.499939,2246.975
2251.0,43.237469,3.767,842.499939,2247.0
2251.025,43.76379,-0.15,842.499939,2247.025
2251.05,44.290108,-2.734485,842.499939,2247.05
2251.075,45.087563,-2.767,841.249939,2247.075
2251.1,45.853115,3.047,841.249939,2247.1
2251.125,46.459171,-2.101594,841.249939,2247.125
2251.15,47.017384,-2.169,841.249939,2247.15
2251.175,47.49585,-17.687,841.249939,2247.175
2251.2,47.862671,-5.25,841.249939,2247.2
2251.225,48.357086,0.998,841.249939,2247.225
2251.25,48.915287,3.967,841.249939,2247.25
2251.275,49.680817,-0.075,841.249939,2247.275
2251.3,50.127377,-5.773,841.249939,2247.3
2251.325,50.286861,2.916,841.249939,2247.325
2251.35,50.350643,1.226018,842.499939,2247.35
2251.375,50.350632,0.946,842.499939,2247.375
2251.4,50.430374,4.718,842.499939,2247.4
2251.425,50.653648,-5.881,842.499939,2247.425
2251.45,50.79718,7.028,842.499939,2247.45
2251.475,51.195892,1.844,842.499939,2247.475
2251.5,51.243729,0.571,842.499939,2247.5
2251.525,51.068283,-1.183,842.499939,2247.525
2251.55,50.366528,0.609,842.499939,2247.55
2251.575,49.808308,-2.384,841.249939,2247.575
2251.6,49.28199,-5.565,841.249939,2247.6
2251.625,48.851368,3.377,841.249939,2247.625
2251.65,48.340988,-7.53429,841.249939,2247.65
2251.675,47.750874,-7.422,839.999939,2247.675
2251.7,47.160759,-3.375,841.249939,2247.7
2251.725,46.331413,-9.282,841.249939,2247.725
2251.75,45.278786,-14.296,841.249939,2247.75
2251.775,44.561089,0.27,841.249939,2247.775
2251.8,44.162373,1.562,841.249939,2247.8
2251.825,43.986938,-9.483,841.249939,2247.825
2251.85,43.71582,4.035,841.249939,2247.85
2251.875,43.763676,5.79,841.249939,2247.875
2251.9,43.620152,4.164,842.499939,2247.9
2251.925,43.795601,-8.484,841.249939,2247.925
2251.95,43.747757,-6.725,841.249939,2247.95
2251.975,43.572334,0.172989,841.249939,2247.975
2252.0,43.47665,-0.533,841.249939,2248.0
2252.025,43.668037,-2.29368,841.249939,2248.025
2252.05,43.763741,-1.966,842.499939,2248.05
2252.075,43.795647,-3.262,842.499939,2248.075
2252.1,44.018936,3.208,843.749939,2248.1
2252.125,44.306019,0.542,843.749939,2248.125
2252.15,44.497406,-8.833,843.749939,2248.15
2252.175,44.593102,-4.984,844.999939,2248.175
2252.2,44.656902,3.639,843.749939,2248.2
2252.225,45.135368,-4.099,844.999939,2248.225
2252.25,45.773327,-7.145,844.999939,2248.25
2252.275,46.57077,2.547,843.749939,2248.275
2252.3,47.192783,-2.211,843.749939,2248.3
2252.325,48.054024,1.162,843.749939,2248.325
2252.35,48.787674,-1.075,844.999939,2248.35
2252.375,49.585125,-9.63,844.999939,2248.375
2252.4,50.43042,6.572,843.749939,2248.4
2252.425,51.243824,-0.935,846.249939,2248.425
2252.45,52.408096,-4.287,844.999939,2248.45
2252.475,53.715908,0.182,846.249939,2248.475
2252.5,54.83234,-1.793,846.249939,2248.5
2252.525,55.741432,-3.471,847.499939,2248.525
2252.55,56.475086,2.743293,847.499939,2248.55
2252.575,57.001408,2.793,848.749939,2248.575
2252.6,57.272545,-3.257,848.749939,2248.6
2252.625,57.543682,-16.84,848.749939,2248.625
2252.65,57.655331,-11.167,848.749939,2248.65
2252.675,57.910515,3.651,848.749939,2248.675
2252.7,58.006214,-5.226,848.749939,2248.7
2252.725,57.719139,-1.234,848.749939,2248.725
2252.75,56.985493,-2.805492,848.749939,2248.75
2252.775,56.267784,-2.617,848.749939,2248.775
2252.8,55.518188,-7.198,848.749939,2248.8
2252.825,54.75264,-2.56,848.749939,2248.825
2252.85,53.92329,3.271,847.499939,2248.85
2252.875,52.934444,-3.654,847.499939,2248.875
2252.9,52.13699,-0.651,847.499939,2248.9
2252.925,51.195995,4.100559,847.499939,2248.925
2252.95,49.904114,4.172,847.499939,2248.95
2252.975,48.771721,6.663,847.499939,2248.975
2253.0,47.830723,2.63,848.749939,2249.0
2253.025,47.216675,-1.075335,848.749939,2249.025
2253.05,46.602631,-0.198,848.749939,2249.05
2253.075,46.195923,4.156,848.749939,2249.075
2253.1,45.948704,-5.614,848.749939,2249.1
2253.125,45.860977,-2.715,848.749939,2249.125
2253.15,45.709457,-7.853,848.749939,2249.15
2253.175,45.526043,0.891938,848.749939,2249.175
2253.2,45.518059,0.861,849.999939,2249.2
2253.225,45.605774,-5.039,848.749939,2249.225
2253.25,45.629696,7.707,849.999939,2249.25
2253.275,45.47818,-4.900678,848.749939,2249.275
2253.3,45.222996,-4.9,849.999939,2249.3
2253.325,45.079449,-6.8,848.749939,2249.325
2253.35,44.840214,-3.522,848.749939,2249.35
2253.375,44.569073,6.517,848.749939,2249.375
2253.4,44.28199,-1.97,849.999939,2249.4
2253.425,44.090599,-9.833,849.999939,2249.425
2253.45,43.707825,-3.747,849.999939,2249.45
2253.475,43.165558,0.876,849.999939,2249.475
2253.5,42.599365,-0.987,849.999939,2249.5
2253.525,42.049118,-6.229,849.999939,2249.525
2253.55,41.64241,0.242694,849.999939,2249.55
2253.575,40.948624,0.342,849.999939,2249.575
2253.6,40.031555,-3.783,849.999939,2249.6
2253.625,39.018787,-4.927,849.999939,2249.625
2253.65,37.718941,6.087,849.999939,2249.65
2253.675,36.323402,0.556,849.999939,2249.675
2253.7,34.991661,4.578,851.249939,2249.7
2253.725,33.628021,-2.810857,852.499939,2249.725
2253.75,32.328178,-2.93,852.499939,2249.75
2253.775,31.052265,-5.783,853.749939,2249.775
2253.8,29.728508,-3.7,853.749939,2249.8
2253.825,28.213366,-15.31,853.749939,2249.825
2253.85,26.921503,0.596,853.749939,2249.85
2253.875,25.884829,6.684,853.749939,2249.875
2253.9,25.039541,-4.662,853.749939,2249.9
2253.925,24.449438,0.511,853.749939,2249.925
2253.95,24.194267,-3.561,853.749939,2249.95
2253.975,24.002892,-5.496,852.499939,2249.975
2254.0,23.971006,-0.378985,852.499939,2250.0
2254.025,23.971016,-0.409,852.499939,2250.025
2254.05,24.369751,-2.002,852.499939,2250.05
2254.075,24.927971,3.223,852.499939,2250.075
2254.1,25.77327,0.218,851.249939,2250.1
2254.125,26.682365,-1.661,851.249939,2250.125
2254.15,27.705055,-7.368,851.249939,2250.15
2254.175,28.807489,2.628,851.249939,2250.175
2254.2,29.973722,-3.645,851.249939,2250.2
2254.225,30.980457,-6.518,851.249939,2250.225
2254.25,32.019093,1.337,851.249939,2250.25
2254.275,32.962032,-5.214,851.249939,2250.275
2254.3,33.984722,-2.928,851.249939,2250.3
2254.325,34.417297,0.04553,851.249939,2250.325
2254.35,34.821232,0.008,851.249939,2250.35
2254.375,35.002529,-4.055,851.249939,2250.375
2254.4,35.121986,-0.749,849.999939,2250.4
2254.425,34.90456,1.668,851.249939,2250.425
2254.45,34.554985,-2.568355,851.249939,2250.45
2254.475,34.271809,-2.925217,849.999939,2250.475
2254.5,34.15398,-3.84,851.249939,2250.5
2254.525,33.897163,-6.324,851.249939,2250.525
2254.55,33.837601,0.176,851.249939,2250.55
2254.575,33.69894,4.57,851.249939,2250.575
2254.6,33.751667,-0.747,852.499939,2250.6
2254.625,33.545959,-7.279,852.499939,2250.625
2254.65,33.374424,-4.707,852.499939,2250.65
2254.675,33.2029,0.699805,852.499939,2250.675
2254.7,33.226658,0.281,852.499939,2250.7
2254.725,33.145279,-4.534,852.499939,2250.725
2254.75,32.935661,-2.282,852.499939,2250.75
2254.775,32.644997,-5.65,852.499939,2250.775
2254.8,32.462067,1.202,852.499939,2250.8
2254.825,31.984898,5.968,852.499939,2250.825
2254.85,31.669174,-4.232,852.499939,2250.85
2254.875,31.579983,-6.482,852.499939,2250.875
2254.9,31.749224,-5.093,852.499939,2250.9
2254.925,31.969248,-2.672,852.499939,2250.925
2254.95,32.189915,-4.257,853.749939,2250.95
2254.975,32.113743,3.528,853.749939,2250.975
2255.0,31.969221,5.058,853.749939,2251.0
2255.025,31.659349,-4.112,854.999939,2251.025
2255.05,31.266479,-0.429847,854.999939,2251.05
2255.075,30.969299,-0.446,854.999939,2251.075
2255.1,30.898008,-7.046885,854.999939,2251.1
2255.125,30.744045,-7.133,854.999939,2251.125
2255.15,30.524982,-0.953,853.749939,2251.15
2255.175,30.108025,4.063,853.749939,2251.175
2255.2,29.798809,-6.034,853.749939,2251.2
2255.225,29.55209,-4.103,853.749939,2251.225
2255.25,29.470057,4.83,852.499939,2251.25
2255.275,29.616524,2.519,852.499939,2251.275
2255.3,29.892527,-10.339,852.499939,2251.3
2255.325,30.196857,-7.398,851.249939,2251.325
2255.35,30.274641,-5.216,851.249939,2251.35
2255.375,30.319878,-7.728,851.249939,2251.375
2255.4,30.285051,-1.562,851.249939,2251.4
2255.425,29.988533,1.197463,851.249939,2251.425
2255.45,29.857357,0.414,851.249939,2251.45
2255.475,29.754177,1.525,849.999939,2251.475
2255.5,29.650997,-0.223,849.999939,2251.5
2255.525,29.579063,-4.083,851.249939,2251.525
2255.55,29.376934,4.051,849.999939,2251.55
2255.575,29.14291,-2.23,849.999939,2251.575
2255.6,28.977564,0.142,851.249939,2251.6
2255.625,28.909859,-1.095,851.249939,2251.625
2255.65,28.891626,-3.27,851.249939,2251.65
2255.675,28.838898,1.122,851.249939,2251.675
2255.7,28.88381,-4.129,851.249939,2251.7
2255.725,28.730831,-7.695,851.249939,2251.725
2255.75,28.451555,-6.3,852.499939,2251.75
2255.775,28.270584,2.945,852.499939,2251.775
2255.8,27.996199,1.658,852.499939,2251.8
2255.825,27.786259,-0.501,852.499939,2251.825
2255.85,27.706522,-6.681,852.499939,2251.85
2255.875,27.626778,-2.474,852.499939,2251.875
2255.9,27.515789,3.742,852.499939,2251.9
2255.925,27.290226,-4.144,852.499939,2251.925
2255.95,27.167515,-17.697001,852.499939,2251.95
2255.975,27.04611,1.18581,853.749939,2251.975
2256.0,27.089407,1.131,852.499939,2252.0
2256.025,27.263544,-0.02,853.749939,2252.025
2256.05,27.502123,-1.612207,852.499939,2252.05
2256.075,27.672686,-1.931,852.499939,2252.075
2256.1,27.843245,-3.453,853.749939,2252.1
2256.125,27.867334,3.771,854.999939,2252.125
2256.15,27.729322,1.281,854.999939,2252.15
2256.175,27.558767,-6.1,854.999939,2252.175
2256.2,27.421412,-9.783,854.999939,2252.2
2256.225,27.215052,6.989,856.249939,2252.225
2256.25,26.976147,-0.761,856.249939,2252.25
2256.275,26.735933,-4.634,857.499939,2252.275
2256.3,26.397423,-2.76,857.499939,2252.3
2256.325,25.70088,-1.161,858.749939,2252.325
2256.35,25.00433,4.42,858.749939,2252.35
2256.375,24.437984,-2.534,858.749939,2252.375
2256.4,23.953009,-1.423,858.749939,2252.4
2256.425,23.53183,5.745,858.749939,2252.425
2256.45,23.255819,-7.687,858.749939,2252.45
2256.475,23.052395,-19.795,858.749939,2252.475
2256.5,22.800146,9.671,858.749939,2252.5
2256.525,22.385149,6.284,858.749939,2252.525
2256.55,21.970154,-4.3,858.749939,2252.55
2256.575,21.490065,7.292,858.749939,2252.575
2256.6,21.302904,3.739,858.749939,2252.6
2256.625,21.245949,-123.501999,858.749939,2252.625
2256.65,21.058792,272.618011,858.749939,2252.65
2256.675,21.115755,-43.596001,857.499939,2252.675
2256.7,21.270361,-221.468002,857.499939,2252.7
2256.725,21.311049,165.733994,857.499939,2252.725
2256.75,21.180851,4.451,858.749939,2252.75
2256.775,21.034374,-1.443,858.749939,2252.775
2256.8,21.180834,6.223,858.749939,2252.8
2256.825,21.392399,-25.024,858.749939,2252.825
2256.85,21.620234,-1.882,858.749939,2252.85
2256.875,21.652773,37.452,858.749939,2252.875
2256.9,21.652761,-38.712002,858.749939,2252.9
2256.925,21.636473,-8.094,858.749939,2252.925
2256.95,21.302835,2.055,858.749939,2252.95
2256.975,20.887819,-2.489,859.999939,2252.975
2257.0,20.6681,2.281,859.999939,2253.0
2257.025,20.480932,-10.711,859.999939,2253.025
2257.05,20.440229,-4.207,861.249939,2253.05
2257.075,20.204239,-8.306,859.999939,2253.075
2257.1,20.000799,2.819,861.249939,2253.1
2257.125,19.943829,-0.85,861.249939,2253.125
2257.15,19.740389,-4.736,861.249939,2253.15
2257.175,19.764795,5.428,861.249939,2253.175
2257.2,19.870577,-5.417,861.249939,2253.2
2257.225,20.244881,-10.667,861.249939,2253.225
2257.25,20.570372,5.818,861.249939,2253.25
2257.275,20.733116,-1.109,861.249939,2253.275
2257.3,21.123709,-7.359,861.249939,2253.3
2257.325,21.416651,-6.125,861.249939,2253.325
2257.35,21.904892,6.565,862.499939,2253.35
2257.375,22.425674,9.658,862.499939,2253.375
2257.4,23.076668,2.312318,863.749939,2253.4
2257.425,23.939217,3.169,863.749939,2253.425
2257.45,24.622755,-13.294,863.749939,2253.45
2257.475,25.208641,-3.746,863.749939,2253.475
2257.5,25.761992,7.75,863.749939,2253.5
2257.525,26.3967,-2.11,863.749939,2253.525
2257.55,27.32435,-16.388,863.749939,2253.55
2257.575,28.28455,-7.602,863.749939,2253.575
2257.6,29.456314,1.794,864.999939,2253.6
2257.625,30.628078,-4.284,863.749939,2253.625
2257.65,31.734747,3.551,864.999939,2253.65
2257.675,32.678673,-1.355,863.749939,2253.675
2257.7,33.785328,0.624,863.749939,2253.7
2257.725,35.071011,-3.938293,862.499939,2253.725
2257.75,36.551983,-3.879,863.749939,2253.75
2257.775,37.96785,0.296,863.749939,2253.775
2257.8,39.513924,-1.468,862.499939,2253.8
2257.825,40.954205,-3.563,862.499939,2253.825
2257.85,42.069,0.235,862.499939,2253.85
2257.875,42.955956,-10.378,862.499939,2253.875
2257.9,43.908001,-0.188,862.499939,2253.9
2257.925,44.876316,-5.803,862.499939,2253.925
2257.95,46.039936,-0.32,862.499939,2253.95
2257.975,47.008263,-4.773,862.499939,2253.975
2258.0,47.781284,3.823,861.249939,2254.0
2258.025,48.326462,-0.375,861.249939,2254.025
2258.05,48.855385,-14.358,862.499939,2254.05
2258.075,49.107632,0.140676,862.499939,2254.075
2258.1,49.20528,0.415616,862.499939,2254.1
2258.125,49.368015,-0.164,862.499939,2254.125
2258.15,49.660954,-1.173,863.749939,2254.15
2258.175,49.8237,-4.423,863.749939,2254.175
2258.2,50.198021,-0.417,863.749939,2254.2
2258.225,50.45842,2.452,863.749939,2254.225
2258.25,50.718815,3.994,862.499939,2254.25
2258.275,51.218765,-2.926,863.749939,2254.275
2258.3,51.791965,-0.916,863.749939,2254.3
2258.325,52.348885,-3.968,863.749939,2254.325
2258.35,52.938347,-11.288,864.999939,2254.35
2258.375,53.674286,1.508,864.999939,2254.375
2258.4,54.475311,-3.775,863.749939,2254.4
2258.425,55.113598,-1.258,863.749939,2254.425
2258.45,55.813076,2.500581,863.749939,2254.45
2258.475,56.312061,2.567,863.749939,2254.475
2258.5,56.643414,-4.61,863.749939,2254.5
2258.525,56.888191,-6.99,863.749939,2254.525
2258.55,56.954601,-8.67132,863.749939,2254.55
2258.575,57.201664,-8.732,864.999939,2254.575
2258.6,57.313961,4.248,864.999939,2254.6
2258.625,57.5187,0.088,864.999939,2254.625
2258.65,57.299324,-7.301,866.249939,2254.65
2258.675,56.815662,-4.874,866.249939,2254.675
2258.7,56.246056,9.469,866.249939,2254.7
2258.725,55.482468,-2.481,867.499939,2254.725
2258.75,54.271,-6.568373,867.499939,2254.75
2258.775,53.011684,-6.452,867.499939,2254.775
2258.8,51.963303,-2.497,868.749939,2254.8
2258.825,50.849804,-5.342,868.749939,2254.825
2258.85,49.300804,7.034,868.749939,2254.85
2258.875,47.883312,4.287,868.749939,2254.875
2258.9,46.289085,-0.969,868.749939,2254.9
2258.925,45.004398,-2.441401,867.499939,2254.925
2258.95,43.920197,-2.431,867.499939,2254.95
2258.975,43.004284,0.896029,867.499939,2254.975
2259.0,42.158031,0.289,867.499939,2255.0
2259.025,41.762897,-5.529,867.499939,2255.025
2259.05,41.341068,-2.431106,866.249939,2255.05
2259.075,41.050091,-2.424326,866.249939,2255.075
2259.1,40.667969,-2.41,864.999939,2255.1
2259.125,40.643559,-1.072,866.249939,2255.125
2259.15,40.446316,3.874,866.249939,2255.15
2259.175,40.462269,-1.051,864.999939,2255.175
2259.2,40.446331,-7.602,864.999939,2255.2
2259.225,40.717461,-2.001,864.999939,2255.225
2259.25,41.036442,-4.676,864.999939,2255.25
2259.275,41.355427,-1.481,864.999939,2255.275
2259.3,41.674404,3.77,866.249939,2255.3
2259.325,42.216671,-5.639,866.249939,2255.325
2259.35,42.439957,-3.706,867.499939,2255.35
2259.375,42.774887,-0.23,866.249939,2255.375
2259.4,42.93438,12.862,867.499939,2255.4
2259.425,43.109818,-3.244,867.499939,2255.425
2259.45,43.125767,-9.696,867.499939,2255.45
2259.475,43.301201,-1.397,867.499939,2255.475
2259.5,43.253353,-5.673,868.749939,2255.5
2259.525,43.030071,-7.998,868.749939,2255.525
2259.55,42.551605,-0.232,868.749939,2255.55
2259.575,41.913647,9.633,868.749939,2255.575
2259.6,41.116196,-0.119,867.499939,2255.6
2259.625,40.462284,-10.655,867.499939,2255.625
2259.65,39.632935,0.966815,867.499939,2255.65
2259.675,38.931175,0.803,867.499939,2255.675
2259.7,38.229416,-3.338,867.499939,2255.7
2259.725,37.687149,-12.479,867.499939,2255.725
2259.75,36.953495,-0.416,867.499939,2255.75
2259.775,36.411224,4.621,867.499939,2255.775
2259.8,35.9487,3.129,868.749939,2255.8
2259.825,35.932747,-6.848,868.749939,2255.825
2259.85,36.076286,-4.018,868.749939,2255.85
2259.875,36.283615,1.869,868.749939,2255.875
2259.9,36.443104,-5.652483,868.749939,2255.9
2259.925,36.985367,-5.619,869.999939,2255.925
2259.95,37.368141,3.098,868.749939,2255.95
2259.975,37.750912,-3.953,869.999939,2255.975
2260.0,38.277225,-8.27,869.999939,2256.0
2260.025,38.963028,3.102,868.749939,2256.025
2260.05,39.585041,-1.025,869.999939,2256.05
2260.075,40.334637,4.799,869.999939,2256.075
2260.1,41.116142,-1.55804,868.749939,2256.1
2260.125,41.801949,-1.581,868.749939,2256.125
2260.15,42.455864,-12.762,869.999939,2256.15
2260.175,43.23737,5.639,868.749939,2256.175
2260.2,43.907227,-1.259,869.999939,2256.2
2260.225,44.704681,-6.863,869.999939,2256.225
2260.25,45.502125,-2.079,868.749939,2256.25
2260.275,46.187939,-4.589,868.749939,2256.275
2260.3,46.650455,3.867,868.749939,2256.3
2260.325,46.857796,-6.186,868.749939,2256.325
2260.35,47.128933,6.312,868.749939,2256.35
2260.375,47.400059,1.264,868.749939,2256.375
2260.4,47.63929,-15.877,868.749939,2256.4
2260.425,47.878517,-6.113,868.749939,2256.425
2260.45,48.117748,-0.006,868.749939,2256.45
2260.475,48.213436,7.195,868.749939,2256.475
2260.5,48.13369,-7.61,868.749939,2256.5
2260.525,48.117741,-0.239,869.999939,2256.525
2260.55,48.133682,-4.311,869.999939,2256.55
2260.575,48.277222,5.993,869.999939,2256.575
2260.6,48.612137,-7.615,869.999939,2256.6
2260.625,48.771622,-2.265,868.749939,2256.625
2260.65,48.771614,-0.348,869.999939,2256.65
2260.675,48.628071,-6.252,869.999939,2256.675
2260.7,48.452629,-2.079,869.999939,2256.7
2260.725,48.053905,0.179,871.249939,2256.725
2260.75,47.607338,-13.427,871.249939,2256.75
2260.775,47.272411,-9.688,871.249939,2256.775
2260.8,47.128868,1.813,871.249939,2256.8
2260.825,46.793945,3.316,871.249939,2256.825
2260.85,46.299534,2.169538,871.249939,2256.85
2260.875,45.72538,2.7,871.249939,2256.875
2260.9,45.215023,-0.741,871.249939,2256.9
2260.925,44.513283,-4.602,871.249939,2256.925
2260.95,44.178364,-8.749,871.249939,2256.95
2260.975,43.891296,-4.02081,871.249939,2256.975
2261.0,43.763714,-4.019,872.499939,2257.0
2261.025,43.58828,0.61063,872.499939,2257.025
2261.05,43.365005,0.37702,872.499939,2257.05
2261.075,43.077934,-0.331,872.499939,2257.075
2261.1,42.902496,-4.815,872.499939,2257.1
2261.125,42.918453,2.993,873.749939,2257.125
2261.15,43.046051,-1.198,873.749939,2257.15
2261.175,43.23745,6.715,873.749939,2257.175
2261.2,43.492626,-9.369,873.749939,2257.2
2261.225,43.604267,-8.151933,872.499939,2257.225
2261.25,43.859455,-9.137,873.749939,2257.25
2261.275,44.018936,-1.331,873.749939,2257.275
2261.3,44.226276,0.082,872.499939,2257.3
2261.325,44.577148,2.502703,872.499939,2257.325
2261.35,44.848278,2.505,873.749939,2257.35
2261.375,45.055614,-6.06,873.749939,2257.375
2261.4,45.231037,-3.49,873.749939,2257.4
2261.425,45.119377,7.772,873.749939,2257.425
2261.45,45.02367,0.324,872.499939,2257.45
2261.475,45.119354,-3.195,871.249939,2257.475
2261.5,45.422375,-1.705,871.249939,2257.5
2261.525,45.454262,-4.41,871.249939,2257.525
2261.55,45.406403,4.913,871.249939,2257.55
2261.575,45.374496,-5.561,871.249939,2257.575
2261.6,45.119301,-6.833,869.999939,2257.6
2261.625,44.880054,-4.413,869.999939,2257.625
2261.65,44.577019,-1.566528,869.999939,2257.65
2261.675,44.449425,-1.602,869.999939,2257.675
2261.7,44.577011,-10.938,871.249939,2257.7
2261.725,44.704601,-4.022,871.249939,2257.725
2261.75,44.768394,2.983,872.499939,2257.75
2261.775,44.52916,-0.97,872.499939,2257.775
2261.8,44.449421,3.951088,873.749939,2257.8
2261.825,44.449421,3.816,873.749939,2257.825
2261.85,44.513222,-9.247,873.749939,2257.85
2261.875,44.832211,2.738,873.749939,2257.875
2261.9,45.119289,-10.188515,873.749939,2257.9
2261.925,45.549923,-10.193,873.749939,2257.925
2261.95,45.837006,5.107,873.749939,2257.95
2261.975,45.996506,-3.744,874.999939,2257.975
2262.0,46.187901,-6.868666,873.749939,2258.0
2262.025,46.363346,-6.876,874.999939,2258.025
2262.05,46.778027,0.923038,873.749939,2258.05
2262.075,46.953476,1.545,873.749939,2258.075
2262.1,47.192711,-4.638,873.749939,2258.1
2262.125,47.527637,-1.45334,873.749939,2258.125
2262.15,47.591431,-1.947,873.749939,2258.15
2262.175,47.623337,5.248,873.749939,2258.175
2262.2,47.527637,-2.870215,873.749939,2258.2
2262.225,47.463844,-2.355,872.499939,2258.225
2262.25,47.655231,-1.338,872.499939,2258.25
2262.275,47.766872,-2.613748,872.499939,2258.275
2262.3,47.89447,-2.59,872.499939,2258.3
2262.325,47.926369,2.57,872.499939,2258.325
2262.35,48.213451,1.135,873.749939,2258.35
2262.375,48.516479,-0.316,873.749939,2258.375
2262.4,48.723824,-7.606089,873.749939,2258.4
2262.425,49.042809,-7.676,873.749939,2258.425
2262.45,49.297997,4.599,873.749939,2258.45
2262.475,49.521278,-9.889109,873.749939,2258.475
2262.5,49.648876,-9.889,873.749939,2258.5
2262.525,49.425587,0.003,873.749939,2258.525
2262.55,49.282047,-3.994,873.749939,2258.55
2262.575,49.170399,-1.255,873.749939,2258.575
2262.6,48.963058,0.451,873.749939,2258.6
2262.625,48.59623,-1.180543,873.749939,2258.625
2262.65,48.372944,-1.06,873.749939,2258.65
2262.675,48.085854,-2.643,872.499939,2258.675
2262.7,47.671169,0.34,871.249939,2258.7
2262.725,47.320278,-4.948,871.249939,2258.725
2262.75,47.001286,-3.062,869.999939,2258.75
2262.775,46.682301,2.86,868.749939,2258.775
2262.8,46.363308,-5.234,868.749939,2258.8
2262.825,45.789131,7.334,867.499939,2258.825
2262.85,45.13522,-6.696,867.499939,2258.85
2262.875,44.369659,-2.29,867.499939,2258.875
2262.9,43.53233,3.837,866.249939,2258.9
2262.925,42.439823,-7.458,866.249939,2258.925
2262.95,41.474907,3.631,867.499939,2258.95
2262.975,40.924667,-4.145,867.499939,2258.975
2263.0,40.374435,4.874,867.499939,2259.0
2263.025,40.047482,3.015,867.499939,2259.025
2263.05,39.596199,-0.396,867.499939,2259.05
2263.075,39.176815,-5.591,867.499939,2259.075
2263.1,39.076408,-9.51,867.499939,2259.1
2263.125,38.896908,-0.565,868.749939,2259.125
2263.15,39.020443,4.697,868.749939,2259.15
2263.175,39.311436,0.102,868.749939,2259.175
2263.2,39.602432,-9.36,868.749939,2259.2
2263.225,39.95982,-3.426,868.749939,2259.225
2263.25,40.062035,3.291,868.749939,2259.25
2263.275,40.164242,0.338,868.749939,2259.275
2263.3,40.138863,-1.732,868.749939,2259.3
2263.325,40.222847,-3.721,867.499939,2259.325
2263.35,40.354675,2.391,867.499939,2259.35
2263.375,40.36689,-4.958,867.499939,2259.375
2263.4,40.444191,1.4,867.499939,2259.4
2263.425,40.333366,9.327,867.499939,2259.425
2263.45,39.999901,-12.74,866.249939,2259.45
2263.475,39.862381,-10.406,866.249939,2259.475
2263.5,39.451126,-1.067,866.249939,2259.5
2263.525,38.942875,-3.019,866.249939,2259.525
2263.55,38.499725,-0.561,866.249939,2259.55
2263.575,37.899681,1.165,866.249939,2259.575
2263.6,37.319164,-2.778,867.499939,2259.6
2263.625,36.563213,5.064,867.499939,2259.625
2263.65,35.79929,1.679006,867.499939,2259.65
2263.675,35.099163,1.679,867.499939,2259.675
2263.7,34.399033,-7.605,867.499939,2259.7
2263.725,33.859039,-6.439005,868.749939,2259.725
2263.75,33.253952,-6.703,868.749939,2259.75
2263.775,32.79565,-3.029,868.749939,2259.775
2263.8,32.615314,-5.779,867.499939,2259.8
2263.825,32.630272,0.215,867.499939,2259.825
2263.85,32.966805,-1.874,867.499939,2259.85
2263.875,33.249973,7.304,867.499939,2259.875
2263.9,33.723221,-5.768,867.499939,2259.9
2263.925,34.36182,5.313,866.249939,2259.925
2263.95,35.093506,-8.447248,866.249939,2259.95
2263.975,35.776043,-8.295,866.249939,2259.975
2264.0,36.651283,-0.906,863.749939,2260.0
2264.025,37.589008,4.396,863.749939,2260.025
2264.05,38.653034,0.506,863.749939,2260.05
2264.075,39.405891,-6.773,863.749939,2260.075
2264.1,40.12685,2.316442,862.499939,2260.1
2264.125,40.833485,1.356025,862.499939,2260.125
2264.15,41.59024,0.864,862.499939,2260.15
2264.175,42.314453,-3.122,862.499939,2260.175
2264.2,43.233311,4.725,863.749939,2260.2
2264.225,44.186661,5.756,863.749939,2260.225
2264.25,45.185913,-8.262211,863.749939,2260.25
2264.275,45.924767,-8.256,863.749939,2260.275
2264.3,46.38826,-0.925,863.749939,2260.3
2264.325,46.560772,-9.329,862.499939,2260.325
2264.35,46.985538,-1.758,863.749939,2260.35
2264.375,47.34325,-6.073,863.749939,2260.375
2264.4,47.486134,-0.466,863.749939,2260.4
2264.425,47.597134,2.875,862.499939,2260.425
2264.45,48.066151,6.925,862.499939,2260.45
2264.475,48.175827,-7.966,862.499939,2260.475
2264.5,48.122116,-5.221,862.499939,2260.5
2264.525,48.133499,-6.523973,862.499939,2260.525
2264.55,48.405273,-5.978004,862.499939,2260.55
2264.575,48.725872,-5.978,862.499939,2260.575
2264.6,49.141186,5.851,862.499939,2260.6
2264.625,49.40189,-3.520661,862.499939,2260.625
2264.65,49.53241,-3.356,862.499939,2260.65
2264.675,49.369987,2.941,861.249939,2260.675
2264.7,49.20562,5.965,861.249939,2260.7
2264.725,48.911041,-2.105,861.249939,2260.725
2264.75,48.518841,-3.262,861.249939,2260.75
2264.775,48.290016,-4.91,861.249939,2260.775
2264.8,48.101887,-7.018,862.499939,2260.8
2264.825,47.742878,-3.982,861.249939,2260.825
2264.85,47.400127,2.598,861.249939,2260.85
2264.875,47.025806,-4.582,862.499939,2260.875
2264.9,46.651497,-0.726,862.499939,2260.9
2264.925,46.212101,3.211,862.499939,2260.925
2264.95,46.065636,-7.155,862.499939,2260.95
2264.975,46.019413,-0.367295,863.749939,2260.975
2265.0,45.908096,-0.318,863.749939,2261.0
2265.025,45.86187,-1.863,863.749939,2261.025
2265.05,45.7831,-3.525,863.749939,2261.05
2265.075,45.680901,4.997,862.499939,2261.075
2265.1,45.58683,-0.275,861.249939,2261.1
2265.125,45.63924,0.819,861.249939,2261.125
2265.15,45.724201,-0.859,861.249939,2261.15
2265.175,45.809147,-5.527,859.999939,2261.175
2265.2,45.959194,1.789414,859.999939,2261.2
2265.225,46.304535,2.288,858.749939,2261.225
2265.25,46.631004,-5.917,858.749939,2261.25
2265.275,46.819134,3.563,858.749939,2261.275
2265.3,47.072369,-8.25,858.749939,2261.3
2265.325,47.276779,-6.67,857.499939,2261.325
2265.35,47.236103,-1.428,857.499939,2261.35
2265.375,47.260509,-4.226,857.499939,2261.375
2265.4,46.991993,3.86,857.499939,2261.4
2265.425,46.739723,-3.005,857.499939,2261.425
2265.45,46.422379,5.437,858.749939,2261.45
2265.475,46.007393,-7.412,858.749939,2261.475
2265.5,45.397106,2.006,858.749939,2261.5
2265.525,44.672901,-0.385,858.749939,2261.525
2265.55,43.859196,-5.42551,858.749939,2261.55
2265.575,43.012924,-5.427,858.749939,2261.575
2265.6,42.052738,0.2,858.749939,2261.6
2265.625,41.287842,4.757,859.999939,2261.625
2265.65,40.39275,-4.886,859.999939,2261.65
2265.675,39.562763,-3.459,861.249939,2261.675
2265.7,38.749035,1.268195,861.249939,2261.7
2265.725,37.837677,2.026,861.249939,2261.725
2265.75,37.023956,-0.032,861.249939,2261.75
2265.775,36.14513,-4.518412,861.249939,2261.775
2265.8,35.363953,-4.518403,862.499939,2261.8
2265.825,34.875713,-4.655,862.499939,2261.825
2265.85,34.289833,-14.637,862.499939,2261.85
2265.875,33.834148,0.857,862.499939,2261.875
2265.9,33.394745,-1.112,862.499939,2261.9
2265.925,33.150631,-4.4,861.249939,2261.925
2265.95,32.939064,6.521,861.249939,2261.95
2265.975,32.760033,8.204,861.249939,2261.975
2266.0,32.873947,-8.349,861.249939,2262.0
2266.025,32.987869,-5.248,859.999939,2262.025
2266.05,33.459812,-0.29,859.999939,2262.05
2266.075,33.858528,-2.136,859.999939,2262.075
2266.1,34.354904,10.874,858.749939,2262.1
2266.125,34.916367,-11.451,858.749939,2262.125
2266.15,35.445278,-84.792,861.249939,2262.15
2266.175,35.860271,107.153999,861.249939,2262.175
2266.2,36.340355,-15.275,858.749939,2262.2
2266.225,36.950638,-231.470993,858.749939,2262.225
2266.25,37.723675,60.099998,858.749939,2262.25
2266.275,38.399059,19.472,858.749939,2262.275
2266.3,39.269753,-1.978,858.749939,2262.3
2266.325,39.782394,-0.295,858.749939,2262.325
2266.35,40.433372,3.881,857.499939,2262.35
2266.375,40.856503,-2.178,857.499939,2262.375
2266.4,41.312187,3.653,856.249939,2262.4
2266.425,41.767872,-8.873,856.249939,2262.425
2266.45,42.35376,-0.551274,854.999939,2262.45
2266.475,42.679249,-1.524,856.249939,2262.475
2266.5,43.069839,1.822,853.749939,2262.5
2266.525,43.297684,0.686,853.749939,2262.525
2266.55,43.72897,-6.873,853.749939,2262.55
2266.575,43.932396,1.897,853.749939,2262.575
2266.6,44.331123,-1.17,853.749939,2262.6
2266.625,44.567108,0.992,852.499939,2262.625
2266.65,44.737995,-7.647,853.749939,2262.65
2266.675,44.746151,-5.204,852.499939,2262.675
2266.7,44.656643,-4.169,852.499939,2262.7
2266.725,44.469494,-1.047908,852.499939,2262.725
2266.75,44.379986,-1.06,853.749939,2262.75
2266.775,44.095192,1.748748,853.749939,2262.775
2266.8,44.070793,1.725,853.749939,2262.8
2266.825,43.7453,-22.893999,853.749939,2262.825
2266.85,43.484913,-3.153,852.499939,2262.85
2266.875,43.126877,3.169,852.499939,2262.875
2266.9,42.825806,-0.668,853.749939,2262.9
2266.925,42.557301,-7.231,853.749939,2262.925
2266.95,42.418964,1.125,853.749939,2262.95
2266.975,42.280632,-4.535,853.749939,2262.975
2267.0,41.979557,-0.694,853.749939,2263.0
2267.025,41.483189,2.497,852.499939,2263.025
2267.05,40.921722,-9.153,852.499939,2263.05
2267.075,40.132416,-3.429,852.499939,2263.075
2267.1,39.473301,3.066216,852.499939,2263.1
2267.125,38.944378,3.071113,852.499939,2263.125
2267.15,38.675846,3.554982,851.249939,2263.15
2267.175,38.513107,3.835,851.249939,2263.175
2267.2,38.285263,-8.478,851.249939,2263.2
2267.225,38.089966,-5.995,849.999939,2263.225
2267.25,37.990364,0.876,851.249939,2263.25
2267.275,38.019005,-4.082,849.999939,2263.275
2267.3,38.369228,2.664,849.999939,2263.3
2267.325,38.973988,0.599,849.999939,2263.325
2267.35,39.349613,-4.816,849.999939,2263.35
2267.375,40.049091,0.023,848.749939,2263.375
2267.4,40.64571,-6.245285,851.249939,2263.4
2267.425,40.94614,-5.361,849.999939,2263.425
2267.45,41.273911,-2.522,849.999939,2263.45
2267.475,41.632271,-5.403,849.999939,2263.475
2267.5,42.051189,-1.924,848.749939,2263.5
2267.525,42.533241,6.056,848.749939,2263.525
2267.55,43.030602,2.452,848.749939,2263.55
2267.575,43.750587,-11.949,848.749939,2263.575
2267.6,44.18285,2.104,846.249939,2263.6
2267.625,44.549362,-5.466,846.249939,2263.625
2267.65,44.65126,0.127,846.249939,2263.65
2267.675,44.755753,-8.379,844.999939,2263.675
2267.7,44.827682,2.022,843.749939,2263.7
2267.725,44.77269,-0.659402,844.999939,2263.725
2267.75,44.653889,-0.333,844.999939,2263.75
2267.775,44.31377,5.602,843.749939,2263.775
2267.8,43.912437,-1.695595,843.749939,2263.8
2267.825,43.594761,-2.327,843.749939,2263.825
2267.85,42.577278,-6.579,843.749939,2263.85
2267.875,41.660065,-3.4,843.749939,2263.875
2267.9,40.926079,2.218,843.749939,2263.9
2267.925,40.100319,-6.016,843.749939,2263.925
2267.95,39.467892,2.296,842.499939,2263.95
2267.975,38.808128,-8.839,842.499939,2263.975
2268.0,38.214104,-2.602,842.499939,2264.0
2268.025,37.798782,4.72,843.749939,2264.025
2268.05,37.192715,-0.924,843.749939,2264.05
2268.075,36.74614,-3.591,843.749939,2264.075
2268.1,36.459053,-8.827434,843.749939,2264.1
2268.125,36.459049,-8.806,843.749939,2264.125
2268.15,36.618538,0.867,844.999939,2264.15
2268.175,36.985359,2.121,843.749939,2264.175
2268.2,37.352184,5.031,844.999939,2264.2
2268.225,37.527622,-2.563,844.999939,2264.225
2268.25,37.830654,-7.114,846.249939,2264.25
2268.275,37.8466,-0.883,844.999939,2264.275
2268.3,38.037983,-5.569706,846.249939,2264.3
2268.325,38.70784,-5.678,844.999939,2264.325
2268.35,39.226181,2.314546,846.249939,2264.35
2268.375,39.600979,2.315,846.249939,2264.375
2268.4,39.943882,-3.059,846.249939,2264.4
2268.425,40.063499,3.122,846.249939,2264.425
2268.45,40.087425,-7.521,846.249939,2264.45
2268.475,39.951862,4.885,846.249939,2264.475
2268.5,39.688702,13.634,846.249939,2264.5
2268.525,39.361752,-35.150002,847.499939,2264.525
2268.55,39.321888,4.443,846.249939,2264.55
2268.575,38.899246,17.917,847.499939,2264.575
2268.6,38.412807,8.481,847.499939,2264.6
2268.625,37.727001,12.541,847.499939,2264.625
2268.65,36.929558,-126.047997,848.749939,2264.65
2268.675,36.132114,161.311996,848.749939,2264.675
2268.7,35.494156,233.112,848.749939,2264.7
2268.725,34.919998,-474.265991,848.749939,2264.725
2268.75,34.473431,-158.675995,848.749939,2264.75
2268.775,33.899269,200.705002,848.749939,2264.775
2268.8,33.261311,-25.922001,848.749939,2264.8
2268.825,32.551586,-8.539,848.749939,2264.825
2268.85,32.160839,-6.024,848.749939,2264.85
2268.875,31.578705,0.339,848.749939,2264.875
2268.9,31.028469,4.555,847.499939,2264.9
2268.925,30.446335,-1.007,847.499939,2264.925
2268.95,29.991791,10.264,847.499939,2264.95
2268.975,29.537245,19.110001,847.499939,2264.975
2269.0,29.146488,-246.509995,848.749939,2265.0
2269.025,28.564346,338.747009,848.749939,2265.025
2269.05,28.237385,94.712997,848.749939,2265.05
2269.075,27.750935,-509.123993,848.749939,2265.075
2269.1,27.320309,87.459,848.749939,2265.1
2269.125,26.658422,23.413,849.999939,2265.125
2269.15,26.092232,-9.975,848.749939,2265.15
2269.175,25.653629,-7.844,849.999939,2265.175
2269.2,25.246918,-1.409,849.999939,2265.2
2269.225,24.967812,10.738,849.999939,2265.225
2269.25,24.656801,-6.965,849.999939,2265.25
2269.275,24.218203,-5.539,851.249939,2265.275
2269.3,23.939098,11.135,851.249939,2265.3
2269.325,23.468605,-8.598,851.249939,2265.325
2269.35,23.348986,5.637,852.499939,2265.35
2269.375,23.341009,-4.734195,852.499939,2265.375
2269.4,23.532396,-5.492,852.499939,2265.4
2269.425,23.787584,-4.471,852.499939,2265.425
2269.45,24.122519,3.561,853.749939,2265.45
2269.475,24.393661,-0.771,853.749939,2265.475
2269.5,24.664806,-5.171,853.749939,2265.5
2269.525,25.063541,3.51,853.749939,2265.525
2269.55,25.557972,-4.181,852.499939,2265.55
2269.575,26.291632,-2.869,852.499939,2265.575
2269.6,27.224653,4.673,853.749939,2265.6
2269.625,28.109829,-8.040072,853.749939,2265.625
2269.65,28.899309,-7.372,853.749939,2265.65
2269.675,29.497406,6.476,853.749939,2265.675
2269.7,29.999804,-37.581001,853.749939,2265.7
2269.725,30.581945,-33.696999,853.749939,2265.725
2269.75,31.323572,227.940002,853.749939,2265.75
2269.775,31.937601,-241.835007,853.749939,2265.775
2269.8,32.455936,-24.687,853.749939,2265.8
2269.825,32.942371,114.220001,853.749939,2265.825
2269.85,33.125778,-24.671,854.999939,2265.85
2269.875,33.333107,-12.773,856.249939,2265.875
2269.9,33.428791,5.928,856.249939,2265.9
2269.925,33.41283,-4.797,856.249939,2265.925
2269.95,33.492558,-2.832,856.249939,2265.95
2269.975,33.604183,4.187,856.249939,2265.975
2270.0,33.492523,-1.152,856.249939,2266.0
2270.025,33.31707,-6.035928,856.249939,2266.025
2270.05,33.077827,-6.036,854.999939,2266.05
2270.075,32.902378,-4.043,854.999939,2266.075
2270.1,32.583385,-2.813,854.999939,2266.1
2270.125,32.551476,2.84,854.999939,2266.125
2270.15,32.535519,-4.661,852.499939,2266.15
2270.175,32.710953,-1.924,853.749939,2266.175
2270.2,32.870434,-0.38,853.749939,2266.2
2270.225,32.998024,-9.699,852.499939,2266.225
2270.25,33.189415,3.001,852.499939,2266.25
2270.275,33.604084,-3.119,853.749939,2266.275
2270.3,34.114452,-4.366,852.499939,2266.3
2270.325,34.792286,4.06,852.499939,2266.325
2270.35,35.470123,0.586,853.749939,2266.35
2270.375,36.355301,-2.256,853.749939,2266.375
2270.4,37.240479,-0.381,853.749939,2266.4
2270.425,38.014015,-6.389,853.749939,2266.425
2270.45,38.659958,-10.543,853.749939,2266.45
2270.475,39.529186,-6.408,853.749939,2266.475
2270.5,40.462212,-2.643,853.749939,2266.5
2270.525,41.379288,0.109,854.999939,2266.525
2270.55,42.392063,4.958,853.749939,2266.55
2270.575,43.500534,-0.354,854.999939,2266.575
2270.6,44.441528,-2.866785,854.999939,2266.6
2270.625,45.414417,-2.927,854.999939,2266.625
2270.65,46.187943,-3.96,854.999939,2266.65
2270.675,46.817936,-0.6,854.999939,2266.675
2270.7,47.416019,-8.441,854.999939,2266.7
2270.725,48.014111,0.842,854.999939,2266.725
2270.75,48.452713,3.116,853.749939,2266.75
2270.775,48.891312,-7.391,853.749939,2266.775
2270.8,49.274086,0.95,853.749939,2266.8
2270.825,49.337883,-1.569947,853.749939,2266.825
2270.85,49.146492,-1.563,853.749939,2266.85
2270.875,48.891312,6.343,853.749939,2266.875
2270.9,48.699924,-0.161,853.749939,2266.9
2270.925,48.580307,-6.901,853.749939,2266.925
2270.95,48.285255,2.011,852.499939,2266.95
2270.975,48.08588,-2.464,853.749939,2266.975
2271.0,47.742977,-3.905,853.749939,2267.0
2271.025,47.176777,-5.506,853.749939,2267.025
2271.05,46.482998,-3.537,854.999939,2267.05
2271.075,45.573902,-0.804293,854.999939,2267.075
2271.1,44.776451,-0.493,854.999939,2267.1
2271.125,44.050774,-4.755,856.249939,2267.125
2271.15,43.468632,-5.88,856.249939,2267.15
2271.175,42.998138,4.422,856.249939,2267.175
2271.2,42.559544,0.222,856.249939,2267.2
2271.225,42.184738,-6.782,856.249939,2267.225
2271.25,41.490959,2.061,854.999939,2267.25
2271.275,40.845024,-10.927,854.999939,2267.275
2271.3,40.278839,-0.548,853.749939,2267.3
2271.325,39.80835,5.024,854.999939,2267.325
2271.35,39.561134,-0.082,853.749939,2267.35
2271.375,39.170387,-3.821,853.749939,2267.375
2271.4,38.835453,3.19557,852.499939,2267.4
2271.425,38.420776,2.839,852.499939,2267.425
2271.45,37.671165,-1.689401,852.499939,2267.45
2271.475,36.889664,-1.679,851.249939,2267.475
2271.5,36.076263,1.528,851.249939,2267.5
2271.525,35.54995,11.528,851.249939,2267.525
2271.55,35.087429,-115.844002,851.249939,2267.55
2271.575,34.640854,160.649002,849.999939,2267.575
2271.6,34.066685,83.422997,851.249939,2267.6
2271.625,33.364925,-301.542999,851.249939,2267.625
2271.65,32.599373,3.173,851.249939,2267.65
2271.675,31.833818,60.653,851.249939,2267.675
2271.7,31.132069,56.771999,851.249939,2267.7
2271.725,30.589804,262.070007,851.249939,2267.725
2271.75,30.238932,-429.204987,851.249939,2267.75
2271.775,30.160158,39.213001,851.249939,2267.775
2271.8,30.01759,80.415001,851.249939,2267.8
2271.825,29.938822,-257.720001,851.249939,2267.825
2271.85,29.955751,454.269012,851.249939,2267.85
2271.875,30.068373,163.279007,852.499939,2267.875
2271.9,30.324541,-345.48999,852.499939,2267.9
2271.925,30.676401,177.022003,852.499939,2267.925
2271.95,31.123951,17.219999,852.499939,2267.95
2271.975,31.507706,8.261,852.499939,2267.975
2272.0,31.731966,11.315,852.499939,2268.0
2272.025,31.895039,-101.629997,852.499939,2268.025
2272.05,31.817896,38.568001,852.499939,2268.05
2272.075,31.75671,32.279999,851.249939,2268.075
2272.1,31.719448,-35.076,852.499939,2268.1
2272.125,31.620337,-0.37,852.499939,2268.125
2272.15,31.33049,-1.402,852.499939,2268.15
2272.175,31.125589,-5.455,852.499939,2268.175
2272.2,31.052185,0.045,853.749939,2268.2
2272.225,30.791307,1.309463,853.749939,2268.225
2272.25,30.499504,0.526,853.749939,2268.25
2272.275,30.274096,-2.613,853.749939,2268.275
2272.3,29.954947,-13.169,853.749939,2268.3
2272.325,29.797894,-7.628,853.749939,2268.325
2272.35,29.758339,-3.014,853.749939,2268.35
2272.375,29.648306,1.811,853.749939,2268.375
2272.4,29.730967,0.708,853.749939,2268.4
2272.425,29.975075,3.919,853.749939,2268.425
2272.45,30.11828,-4.975,853.749939,2268.45
2272.475,30.422928,7.58,853.749939,2268.475
2272.5,30.78746,-3.747,854.999939,2268.5
2272.525,31.506462,-9.544,853.749939,2268.525
2272.55,32.370304,-1.871,853.749939,2268.55
2272.575,33.403561,4.425,852.499939,2268.575
2272.6,34.464165,-1.773,852.499939,2268.6
2272.625,35.610367,-3.278,853.749939,2268.625
2272.65,36.901424,1.0,852.499939,2268.65
2272.675,37.994579,-5.794,852.499939,2268.675
2272.7,39.084484,2.716,853.749939,2268.7
2272.725,40.305225,-7.963,852.499939,2268.725
2272.75,41.425068,-0.091,852.499939,2268.75
2272.775,42.577461,-1.413838,853.749939,2268.775
2272.8,43.372471,-1.417,853.749939,2268.8
2272.825,43.873562,-0.323,853.749939,2268.825
2272.85,44.259586,3.905,853.749939,2268.85
2272.875,44.649525,-2.551,853.749939,2268.875
2272.9,44.931408,-4.1,853.749939,2268.9
2272.925,45.083088,-5.628,853.749939,2268.925
2272.95,45.236065,-2.622,854.999939,2268.95
2272.975,45.39035,4.308988,854.999939,2268.975
2273.0,45.285538,4.114,854.999939,2269.0
2273.025,45.149483,-4.96,856.249939,2269.025
2273.05,44.948326,-6.086,856.249939,2269.05
2273.075,44.702583,0.034,856.249939,2269.075
2273.1,44.415482,-17.181,857.499939,2269.1
2273.125,43.742699,6.528,857.499939,2269.125
2273.15,42.940353,-2.52,858.749939,2269.15
2273.175,42.090816,-4.573,858.749939,2269.175
2273.2,41.077892,1.179,858.749939,2269.2
2273.225,40.131363,5.298,858.749939,2269.225
2273.25,39.15099,-0.087,858.749939,2269.25
2273.275,38.363956,-5.398,858.749939,2269.275
2273.3,37.526798,2.214,857.499939,2269.3
2273.325,36.632683,-4.303,857.499939,2269.325
2273.35,35.78381,-11.137,857.499939,2269.35
2273.375,35.044304,-1.796,857.499939,2269.375
2273.4,34.706772,1.621,858.749939,2269.4
2273.425,34.352318,2.725,858.749939,2269.425
2273.45,34.030411,-7.503,858.749939,2269.45
2273.475,33.871899,6.382,859.999939,2269.475
2273.5,33.58189,3.469,858.749939,2269.5
2273.525,33.194229,-1.737,859.999939,2269.525
2273.55,32.775326,-9.282,859.999939,2269.55
2273.575,32.4072,-3.385,859.999939,2269.575
2273.6,32.179371,5.272,859.999939,2269.6
2273.625,32.180019,-4.434,861.249939,2269.625
2273.65,32.324223,-1.932,861.249939,2269.65
2273.675,32.459637,-6.446,861.249939,2269.675
2273.7,32.546223,-4.865,859.999939,2269.7
2273.725,32.535156,-3.808,859.999939,2269.725
2273.75,32.557949,2.656,859.999939,2269.75
2273.775,32.842426,-6.929,859.999939,2269.775
2273.8,33.387302,2.187,859.999939,2269.8
2273.825,33.995975,-0.904,859.999939,2269.825
2273.85,34.506344,-3.221,859.999939,2269.85
2273.875,34.892704,6.229,858.749939,2269.875
2273.9,35.213303,-6.04,858.749939,2269.9
2273.925,35.371162,1.273,858.749939,2269.925
2273.95,35.333088,-3.35,858.749939,2269.95
2273.975,35.457748,-16.025999,858.749939,2269.975
2274.0,35.745159,-8.571,858.749939,2270.0
2274.025,36.063816,-2.164,858.749939,2270.025
2274.05,36.413734,-0.271,858.749939,2270.05
2274.075,36.861282,4.210678,858.749939,2270.075
2274.1,37.211182,4.21,858.749939,2270.1
2274.125,37.48785,-3.428,858.749939,2270.125
2274.15,37.788933,-7.029,858.749939,2270.15
2274.175,38.155109,0.211,858.749939,2270.175
2274.2,38.651482,7.443,858.749939,2270.2
2274.225,39.212952,-3.8,859.999939,2270.225
2274.25,39.676785,2.053,859.999939,2270.25
2274.275,40.238247,8.103,859.999939,2270.275
2274.3,40.669525,-14.075,859.999939,2270.3
2274.325,41.035702,-8.123,859.999939,2270.325
2274.35,41.336777,1.46412,858.749939,2270.35
2274.375,41.62159,1.502,858.749939,2270.375
2274.4,42.240025,-7.31,858.749939,2270.4
2274.425,42.972378,5.12,858.749939,2270.425
2274.45,43.574547,-0.045,859.999939,2270.45
2274.475,44.144157,-6.259454,858.749939,2270.475
2274.5,44.713764,-6.259,858.749939,2270.5
2274.525,45.250816,3.22148,858.749939,2270.525
2274.55,45.381012,3.481,858.749939,2270.55
2274.575,45.494938,-10.664,858.749939,2270.575
2274.6,45.616985,3.201,858.749939,2270.6
2274.625,45.706493,1.624,858.749939,2270.625
2274.65,45.796001,0.334,858.749939,2270.65
2274.675,45.625107,-6.739,858.749939,2270.675
2274.7,45.486771,0.754,858.749939,2270.7
2274.725,45.446068,-9.393,858.749939,2270.725
2274.75,45.24263,11.035,858.749939,2270.75
2274.775,45.006634,-1.9,858.749939,2270.775
2274.8,44.705536,-10.472,858.749939,2270.8
2274.825,44.583466,-0.02087,858.749939,2270.825
2274.85,44.575306,0.133,858.749939,2270.85
2274.875,44.428822,-5.145,858.749939,2270.875
2274.9,44.314892,-3.397,858.749939,2270.9
2274.925,44.152119,-5.724,858.749939,2270.925
2274.95,43.924259,7.069,857.499939,2270.95
2274.975,43.794029,-5.744,857.499939,2270.975
2275.0,43.566174,-4.638,857.499939,2271.0
2275.025,43.639404,3.417,857.499939,2271.025
2275.05,44.11948,-2.235,857.499939,2271.05
2275.075,44.729755,-0.031,857.499939,2271.075
2275.1,45.323761,1.702,856.249939,2271.1
2275.125,45.836395,-11.772,857.499939,2271.125
2275.15,46.51178,0.916345,857.499939,2271.15
2275.175,46.894226,1.623647,856.249939,2271.175
2275.2,47.406879,1.598,856.249939,2271.2
2275.225,47.984631,-5.879,857.499939,2271.225
2275.25,48.448467,-0.269,857.499939,2271.25
2275.275,48.912312,1.742,856.249939,2271.275
2275.3,49.368015,-5.041,857.499939,2271.3
2275.325,49.514496,-1.278,857.499939,2271.325
2275.35,49.628448,8.748,857.499939,2271.35
2275.375,49.595917,-12.483,858.749939,2271.375
2275.4,49.77496,-15.896,858.749939,2271.4
2275.425,50.051647,-3.459,858.749939,2271.425
2275.45,50.360886,1.167,859.999939,2271.45
2275.475,50.605015,5.473,859.999939,2271.475
2275.5,50.841003,-0.601361,858.749939,2271.5
2275.525,50.865437,-0.525451,858.749939,2271.525
2275.55,50.824757,-1.176,859.999939,2271.55
2275.575,50.751537,-8.687,859.999939,2271.575
2275.6,50.710861,-0.093097,859.999939,2271.6
2275.625,50.735271,-0.162,859.999939,2271.625
2275.65,51.052624,-7.742,859.999939,2271.65
2275.675,50.979382,0.29539,859.999939,2271.675
2275.7,50.613194,0.216,859.999939,2271.7
2275.725,50.426025,-9.151,859.999939,2271.725
2275.75,50.303947,1.308,859.999939,2271.75
2275.775,50.092365,9.95,859.999939,2271.775
2275.8,49.945881,3.782,859.999939,2271.8
2275.825,49.766853,-3.699,861.249939,2271.825
2275.85,49.652912,-7.403185,861.249939,2271.85
2275.875,49.620354,-8.14,861.249939,2271.875
2275.9,49.425037,2.3,861.249939,2271.9
2275.925,49.034451,-0.071,861.249939,2271.925
2275.95,48.936787,-7.78,861.249939,2271.95
2275.975,49.034416,-1.43,861.249939,2271.975
2276.0,48.8554,-4.569,861.249939,2272.0
2276.025,48.741459,5.059,861.249939,2272.025
2276.05,48.751884,2.268,859.999939,2272.05
2276.075,48.695232,-8.984318,861.249939,2272.075
2276.1,48.683506,-9.387,859.999939,2272.1
2276.125,48.728439,-1.491,859.999939,2272.125
2276.15,48.654881,-2.732,861.249939,2272.15
2276.175,48.740818,-4.309,861.249939,2272.175
2276.2,48.759045,3.48,859.999939,2272.2
2276.225,48.772713,-3.955,859.999939,2272.225
2276.25,48.716732,-7.862,858.749939,2272.25
2276.275,48.804287,3.377,858.749939,2272.275
2276.3,48.917885,-1.914,858.749939,2272.3
2276.325,48.968349,2.415038,859.999939,2272.325
2276.35,48.902931,3.119,858.749939,2272.35
2276.375,49.04517,-4.5,858.749939,2272.375
2276.4,48.996677,-3.128971,858.749939,2272.4
2276.425,48.723614,-3.428,858.749939,2272.425
2276.45,48.334984,-0.535,858.749939,2272.45
2276.475,48.244686,-8.202,857.499939,2272.475
2276.5,47.848751,1.987,858.749939,2272.5
2276.525,47.29723,-1.471305,858.749939,2272.525
2276.55,47.052647,-1.09,857.499939,2272.55
2276.575,46.730587,-6.987,858.749939,2272.575
2276.6,46.413746,-2.62,857.499939,2272.6
2276.625,46.281124,-3.881,858.749939,2272.625
2276.65,46.056709,2.446,858.749939,2272.65
2276.675,45.915302,-2.569731,858.749939,2272.675
2276.7,45.970482,-2.55,858.749939,2272.7
2276.725,46.207611,6.191,859.999939,2272.725
2276.75,46.327717,-6.934,859.999939,2272.75
2276.775,46.565331,4.586,859.999939,2272.775
2276.8,47.02623,-4.676,859.999939,2272.8
2276.825,47.360191,-2.073,859.999939,2272.825
2276.85,47.567535,0.218,859.999939,2272.85
2276.875,47.838673,-5.483,859.999939,2272.875
2276.9,48.237404,2.596,859.999939,2272.9
2276.925,48.58828,-0.794,859.999939,2272.925
2276.95,48.723843,-2.001,858.749939,2272.95
2276.975,49.066746,2.633,858.749939,2272.975
2277.0,49.282047,-8.612,858.749939,2273.0
2277.025,49.274075,-2.041,858.749939,2273.025
2277.05,49.266098,-10.75,859.999939,2273.05
2277.075,48.971039,0.441,858.749939,2273.075
2277.1,48.612186,2.467,858.749939,2273.1
2277.125,48.237389,0.256,858.749939,2273.125
2277.15,47.974232,-4.624,858.749939,2273.15
2277.175,47.551586,6.421,858.749939,2273.175
2277.2,47.14489,-9.199,859.999939,2273.2
2277.225,46.809967,1.294,858.749939,2273.225
2277.25,46.267708,-0.454,858.749939,2273.25
2277.275,45.789246,-6.056,858.749939,2273.275
2277.3,45.422421,1.211,858.749939,2273.3
2277.325,45.039646,-0.649,858.749939,2273.325
2277.35,44.848263,-7.476,858.749939,2273.35
2277.375,44.656876,-3.133,858.749939,2273.375
2277.4,44.369789,2.63,858.749939,2273.4
2277.425,44.034851,11.335,858.749939,2273.425
2277.45,43.795612,-8.429,858.749939,2273.45
2277.475,43.524475,2.021,858.749939,2273.475
2277.5,43.476624,3.956,858.749939,2273.5
2277.525,43.40485,-10.792,858.749939,2273.525
2277.55,43.47662,-13.899,858.749939,2273.55
2277.575,43.612183,-2.553,858.749939,2273.575
2277.6,43.986988,4.237987,858.749939,2273.6
2277.625,44.1385,4.143,857.499939,2273.625
2277.65,44.321907,-0.852,857.499939,2273.65
2277.675,44.569115,-7.674,857.499939,2273.675
2277.7,44.784431,0.866,857.499939,2273.7
2277.725,45.063541,8.995,857.499939,2273.725
2277.75,45.215065,-4.711,857.499939,2273.75
2277.775,45.302776,-8.63,857.499939,2273.775
2277.8,45.478218,-3.513,856.249939,2273.8
2277.825,45.382515,3.262,856.249939,2273.825
2277.85,45.302769,-5.179,857.499939,2273.85
2277.875,45.223022,-0.785,857.499939,2273.875
2277.9,45.334667,0.782083,858.749939,2273.9
2277.925,45.254921,0.957805,858.749939,2273.925
2277.95,45.462254,1.214,858.749939,2273.95
2277.975,45.398457,-6.163,858.749939,2273.975
2278.0,45.342632,-2.121,858.749939,2274.0
2278.025,45.334656,0.500445,858.749939,2274.025
2278.05,45.199093,0.321046,859.999939,2274.05
2278.075,44.967834,0.43,859.999939,2274.075
2278.1,44.959869,-0.596,859.999939,2274.1
2278.125,44.967838,-6.447,858.749939,2274.125
2278.15,44.59304,-9.884,858.749939,2274.15
2278.175,44.313931,1.729,858.749939,2274.175
2278.2,44.130512,-3.065,858.749939,2274.2
2278.225,43.691917,4.235,859.999939,2274.225
2278.25,43.492554,-4.924942,859.999939,2274.25
2278.275,43.34901,-4.904648,859.999939,2274.275
2278.3,43.317116,-4.025,859.999939,2274.3
2278.325,43.237366,-5.087,859.999939,2274.325
2278.35,43.093826,1.751,859.999939,2274.35
2278.375,42.695099,-5.013,859.999939,2274.375
2278.4,42.519657,-1.636,859.999939,2274.4
2278.425,42.408012,-5.024,859.999939,2274.425
2278.45,42.264465,0.33,859.999939,2274.45
2278.475,42.168766,4.98,859.999939,2274.475
2278.5,41.993324,3.648,859.999939,2274.5
2278.525,41.977367,-10.785,859.999939,2274.525
2278.55,41.738121,-2.4,861.249939,2274.55
2278.575,41.33939,-0.495,861.249939,2274.575
2278.6,41.116093,2.153,861.249939,2274.6
2278.625,41.14798,-1.137083,861.249939,2274.625
2278.65,41.275562,-1.112729,861.249939,2274.65
2278.675,41.100121,-0.487,861.249939,2274.675
2278.7,41.307449,-4.996893,861.249939,2274.7
2278.725,41.387192,-4.999,861.249939,2274.725
2278.75,41.291492,6.478,859.999939,2274.75
2278.775,41.371235,-0.869,859.999939,2274.775
2278.8,41.419075,-8.101,859.999939,2274.8
2278.825,41.722103,-10.987,858.749939,2274.825
2278.85,42.344116,-2.156,858.749939,2274.85
2278.875,42.902328,4.594,859.999939,2274.875
2278.9,43.332962,6.550317,858.749939,2274.9
2278.925,43.923073,6.229,858.749939,2274.925
2278.95,44.497234,-9.891,858.749939,2274.95
2278.975,45.05545,-2.467,858.749939,2274.975
2279.0,45.677464,-0.38,857.499939,2275.0
2279.025,46.586563,-2.222,858.749939,2275.025
2279.05,47.463764,-13.998,858.749939,2275.05
2279.075,48.117687,-6.524,858.749939,2275.075
2279.1,48.644012,-4.558,859.999939,2275.1
2279.125,48.947044,-2.483,858.749939,2275.125
2279.15,49.32983,-3.957,859.999939,2275.15
2279.175,49.521233,3.264,861.249939,2275.175
2279.2,49.505291,4.687,861.249939,2275.2
2279.225,49.489349,-0.306,861.249939,2275.225
2279.25,49.425571,0.913,861.249939,2275.25
2279.275,49.489376,2.364,861.249939,2275.275
2279.3,49.26609,-4.689,861.249939,2275.3
2279.325,48.979008,-0.36,861.249939,2275.325
2279.35,48.596237,-4.545,861.249939,2275.35
2279.375,48.165607,-8.194,859.999939,2275.375
2279.4,47.766888,0.008,859.999939,2275.4
2279.425,47.288418,4.579,861.249939,2275.425
2279.45,47.001331,-8.582,859.999939,2275.45
2279.475,46.570702,5.387,861.249939,2275.475
2279.5,46.203865,-2.961,861.249939,2275.5
2279.525,45.93272,-0.543405,861.249939,2275.525
2279.55,45.486141,-0.625,861.249939,2275.55
2279.575,45.326645,6.614,861.249939,2275.575
2279.6,45.199039,1.692271,861.249939,2275.6
2279.625,45.039547,1.476,861.249939,2275.625
2279.65,44.959793,-4.699,861.249939,2275.65
2279.675,44.991676,-9.878,861.249939,2275.675
2279.7,45.278751,0.447,861.249939,2275.7
2279.725,45.390388,2.11168,861.249939,2275.725
2279.75,45.69342,2.112,861.249939,2275.75
2279.775,46.18784,-6.049,861.249939,2275.775
2279.8,46.618462,3.721,861.249939,2275.8
2279.825,47.224525,-3.387559,861.249939,2275.825
2279.85,47.655155,-3.755,862.499939,2275.85
2279.875,47.926292,3.756,862.499939,2275.875
2279.9,48.484516,-1.438,862.499939,2275.9
2279.925,48.72377,-5.419,862.499939,2275.925
2279.95,48.851372,-6.561,861.249939,2275.95
2279.975,48.564304,-0.678956,859.999939,2275.975
2280.0,48.261288,-0.675601,859.999939,2276.0
2280.025,48.069912,-0.569779,859.999939,2276.025
2280.05,47.687149,-0.647,858.749939,2276.05
2280.075,47.208687,-1.825,858.749939,2276.075
2280.1,46.857819,-5.699,857.499939,2276.1
2280.125,46.618599,-10.35,857.499939,2276.125
2280.15,46.411274,-4.95,857.499939,2276.15
2280.175,45.948761,-2.376,857.499939,2276.175
2280.2,45.821178,1.501709,857.499939,2276.2
2280.225,45.534096,1.302,856.249939,2276.225
2280.25,45.247009,-3.144,856.249939,2276.25
2280.275,45.055626,14.591,857.499939,2276.275
2280.3,44.609058,-10.153,857.499939,2276.3
2280.325,44.258183,-24.728001,857.499939,2276.325
2280.35,44.066795,27.476999,858.749939,2276.35
2280.375,43.652119,-55.589001,858.749939,2276.375
2280.4,43.269341,84.612999,858.749939,2276.4
2280.425,43.301235,-1.029,858.749939,2276.425
2280.45,43.524517,-50.814999,858.749939,2276.45
2280.475,43.715908,-38.297001,858.749939,2276.475
2280.5,43.971092,-27.615,858.749939,2276.5
2280.525,44.290073,193.778,858.749939,2276.525
2280.55,44.768539,-162.964005,858.749939,2276.55
2280.575,45.390549,10.073,858.749939,2276.575
2280.6,45.853065,41.820999,858.749939,2276.6
2280.625,46.259766,-9.288,857.499939,2276.625
2280.65,46.698364,71.723,857.499939,2276.65
2280.675,47.20076,-42.530998,857.499939,2276.675
2280.7,47.448624,-99.709999,857.499939,2276.7
2280.725,47.792183,75.088997,857.499939,2276.725
2280.75,47.992207,17.790001,857.499939,2276.75
2280.775,48.339012,-35.745998,857.499939,2276.775
2280.8,48.816017,6.601,857.499939,2276.8
2280.825,49.201885,3.968,857.499939,2276.825
2280.85,49.523956,-3.901,857.499939,2276.85
2280.875,50.138313,5.106,857.499939,2276.875
2280.9,50.434669,-3.323,856.249939,2276.9
2280.925,50.683174,-8.675,856.249939,2276.925
2280.95,50.630596,0.334,856.249939,2276.95
2280.975,50.613178,1.76,856.249939,2276.975
2281.0,50.373123,-0.318,856.249939,2277.0
2281.025,50.168861,-1.8,857.499939,2277.025
2281.05,49.854267,-8.269,857.499939,2277.05
2281.075,49.477833,0.413,857.499939,2277.075
2281.1,49.094074,-9.215,857.499939,2277.1
2281.125,48.811859,-10.76,857.499939,2277.125
2281.15,48.38969,-3.256,857.499939,2277.15
2281.175,48.151905,0.601,857.499939,2277.175
2281.2,47.773182,-0.611555,857.499939,2277.2
2281.225,47.440998,-0.634,857.499939,2277.225
2281.25,47.040462,2.943,856.249939,2277.25
2281.275,46.671837,-2.356,856.249939,2277.275
2281.3,46.299301,1.990473,856.249939,2277.3
2281.325,46.120754,1.761,854.999939,2277.325
2281.35,45.777523,-7.578,854.999939,2277.35
2281.375,45.366253,2.96019,854.999939,2277.375
2281.4,44.96833,2.989,854.999939,2277.4
2281.425,44.611431,-7.738,853.749939,2277.425
2281.45,44.35022,-1.762079,853.749939,2277.45
2281.475,44.376099,-1.777,854.999939,2277.475
2281.5,44.400013,-11.229,853.749939,2277.5
2281.525,44.521584,0.516,854.999939,2277.525
2281.55,44.738194,-3.178,854.999939,2277.55
2281.575,44.920944,0.823,856.249939,2277.575
2281.6,44.806854,-4.735,854.999939,2277.6
2281.625,44.528084,-6.665,856.249939,2277.625
2281.65,44.418385,-0.203196,857.499939,2277.65
2281.675,44.450775,-0.171,857.499939,2277.675
2281.7,44.386818,-5.943,857.499939,2277.7
2281.725,44.259068,2.745,857.499939,2277.725
2281.75,44.001118,-0.519,858.749939,2277.75
2281.775,43.966446,3.281,858.749939,2277.775
2281.8,43.638844,2.185,858.749939,2277.8
2281.825,43.343784,-6.345,858.749939,2277.825
2281.85,43.244022,-2.653,858.749939,2277.85
2281.875,43.240604,3.072,858.749939,2277.875
2281.9,43.49757,-2.272,858.749939,2277.9
2281.925,43.460945,-5.743845,858.749939,2277.925
2281.95,43.100307,-5.665,858.749939,2277.95
2281.975,42.679932,0.711,858.749939,2277.975
2282.0,42.128075,-2.334,858.749939,2278.0
2282.025,41.444706,1.189,858.749939,2278.025
2282.05,40.602505,-0.556,858.749939,2278.05
2282.075,40.085793,-2.82,858.749939,2278.075
2282.1,39.552799,-11.935,858.749939,2278.1
2282.125,38.857075,-1.147,858.749939,2278.125
2282.15,38.131573,-3.843,858.749939,2278.15
2282.175,37.60136,-2.027,859.999939,2278.175
2282.2,37.136234,1.111,861.249939,2278.2
2282.225,36.96405,2.457,861.249939,2278.225
2282.25,36.691456,-6.589,861.249939,2278.25
2282.275,36.581608,-1.857,861.249939,2278.275
2282.3,36.489334,2.569,862.499939,2278.3
2282.325,36.364506,3.821,863.749939,2278.325
2282.35,36.240993,-5.933,863.749939,2278.35
2282.375,36.101196,-2.285,863.749939,2278.375
2282.4,36.124157,8.919,863.749939,2278.4
2282.425,36.245235,-2.031,863.749939,2278.425
2282.45,36.294548,-9.335,863.749939,2278.45
2282.475,36.408958,-7.952,862.499939,2278.475
2282.5,36.394466,-3.319,863.749939,2278.5
2282.525,36.538811,-5.463,862.499939,2278.525
2282.55,36.618065,2.58,862.499939,2278.55
2282.575,36.843781,5.964,862.499939,2278.575
2282.6,37.134602,-2.069,862.499939,2278.6
2282.625,37.293911,-5.663,862.499939,2278.625
2282.65,37.38813,-8.031,862.499939,2278.65
2282.675,37.628826,-4.927541,862.499939,2278.675
2282.7,37.639725,-4.926,862.499939,2278.7
2282.725,37.462006,-2.341,863.749939,2278.725
2282.75,37.414486,1.322,863.749939,2278.75
2282.775,37.316841,3.364,863.749939,2278.775
2282.8,37.316845,1.547,863.749939,2278.8
2282.825,37.414494,-9.954,863.749939,2278.825
2282.85,37.447044,-3.139184,864.999939,2278.85
2282.875,37.38195,-3.448,864.999939,2278.875
2282.9,37.349407,1.783962,866.249939,2278.9
2282.925,37.316853,1.455,866.249939,2278.925
2282.95,36.975101,-1.115,867.499939,2278.95
2282.975,36.877464,0.482,867.499939,2278.975
2283.0,36.893742,3.325,867.499939,2279.0
2283.025,36.731014,-1.821368,867.499939,2279.025
2283.05,36.486908,-1.864565,868.749939,2279.05
2283.075,36.112602,-2.323,868.749939,2279.075
2283.1,35.738293,-0.258,868.749939,2279.1
2283.125,35.298885,-3.677,868.749939,2279.125
2283.15,34.745567,-0.365,868.749939,2279.15
2283.175,34.452625,-2.663,868.749939,2279.175
2283.2,34.35498,-4.287,868.749939,2279.2
2283.225,34.192234,-8.184,868.749939,2279.225
2283.25,34.14341,7.289,868.749939,2279.25
2283.275,33.915554,-4.519,868.749939,2279.275
2283.3,33.57378,-0.876,868.749939,2279.3
2283.325,33.28083,2.675,868.749939,2279.325
2283.35,33.150631,-0.921,868.749939,2279.35
2283.375,33.085529,-7.373,868.749939,2279.375
2283.4,33.183178,3.296,868.749939,2279.4
2283.425,33.557476,2.279,867.499939,2279.425
2283.45,33.655121,3.663,868.749939,2279.45
2283.475,33.573738,-5.96,868.749939,2279.475
2283.5,33.476089,-7.055,869.999939,2279.5
2283.525,33.215698,-13.709,868.749939,2279.525
2283.55,33.215698,3.329,869.999939,2279.55
2283.575,33.280796,5.153,869.999939,2279.575
2283.6,33.459801,-8.598,869.999939,2279.6
2283.625,33.410969,-2.449,869.999939,2279.625
2283.65,32.890186,3.865,869.999939,2279.65
2283.675,32.174103,-4.605,868.749939,2279.675
2283.7,31.392927,-7.755,869.999939,2279.7
2283.725,30.497829,7.782,868.749939,2279.725
2283.75,29.78175,-2.629,868.749939,2279.75
2283.775,29.212145,-3.793,868.749939,2279.775
2283.8,28.854099,5.738,868.749939,2279.8
2283.825,28.30076,-4.906,868.749939,2279.825
2283.85,27.877617,6.085,867.499939,2279.85
2283.875,27.487034,-5.251,867.499939,2279.875
2283.9,27.226639,-10.429,867.499939,2279.9
2283.925,27.340553,1.096885,868.749939,2279.925
2283.95,27.779963,1.092,868.749939,2279.95
2283.975,28.365839,-9.278,868.749939,2279.975
2284.0,29.09005,-0.947,868.749939,2280.0
2284.025,29.651514,3.573,868.749939,2280.025
2284.05,30.229263,-5.245,868.749939,2280.05
2284.075,30.595444,5.545,868.749939,2280.075
2284.1,31.254578,-4.407,868.749939,2280.1
2284.125,32.027622,-3.044,868.749939,2280.125
2284.15,32.800667,4.364,867.499939,2280.15
2284.175,33.541157,-1.753,867.499939,2280.175
2284.2,34.249104,-4.966,868.749939,2280.2
2284.225,34.859398,-2.607,867.499939,2280.225
2284.25,35.648716,0.153,866.249939,2280.25
2284.275,36.267147,-4.769,867.499939,2280.275
2284.3,36.82048,7.966,867.499939,2280.3
2284.325,37.227345,-7.299,867.499939,2280.325
2284.35,37.601658,-8.939,866.249939,2280.35
2284.375,37.74617,-3.331,866.249939,2280.375
2284.4,37.744213,-4.515,866.249939,2280.4
2284.425,37.644608,-8.307,864.999939,2280.425
2284.45,37.431084,-1.698,864.999939,2280.45
2284.475,37.209419,-5.233,864.999939,2280.475
2284.5,36.792454,0.699,864.999939,2280.5
2284.525,36.147652,-2.319,864.999939,2280.525
2284.55,35.70628,0.763,864.999939,2280.55
2284.575,35.232357,6.345,863.749939,2280.575
2284.6,34.807259,-2.084,863.749939,2280.6
2284.625,34.577465,0.414,864.999939,2280.625
2284.65,34.382168,-1.248,864.999939,2280.65
2284.675,34.251965,-2.353,864.999939,2280.675
2284.7,34.024124,-4.143,864.999939,2280.7
2284.725,33.714916,-0.946,866.249939,2280.725
2284.75,33.283642,2.486,864.999939,2280.75
2284.775,33.078922,0.345,866.249939,2280.775
2284.8,32.773949,-8.61,866.249939,2280.8
2284.825,32.45628,-1.462,864.999939,2280.825
2284.85,32.268158,2.655,864.999939,2280.85
2284.875,32.1269,-6.084,864.999939,2280.875
2284.9,31.658205,6.421,864.999939,2280.9
2284.925,31.635441,-2.866,863.749939,2280.925
2284.95,31.706411,-10.32,863.749939,2280.95
2284.975,31.90498,1.972,863.749939,2280.975
2285.0,32.278,-1.562,862.499939,2281.0
2285.025,32.76918,-6.304,862.499939,2281.025
2285.05,33.161404,-8.203,861.249939,2281.05
2285.075,33.826382,-4.681,861.249939,2281.075
2285.1,34.329269,0.207,859.999939,2281.1
2285.125,34.894009,2.496,859.999939,2281.125
2285.15,35.48999,-4.59843,859.999939,2281.15
2285.175,36.279312,-4.598,859.999939,2281.175
2285.2,36.490562,5.783,861.249939,2281.2
2285.225,36.703762,1.266,861.249939,2281.225
2285.25,36.821918,-3.575061,861.249939,2281.25
2285.275,36.929016,-3.629,862.499939,2281.275
2285.3,36.840168,-1.224,863.749939,2281.3
2285.325,36.689484,-3.218,864.999939,2281.325
2285.35,36.332439,-0.661,863.749939,2281.35
2285.375,36.205196,-9.195,863.749939,2281.375
2285.4,35.665867,1.475,864.999939,2281.4
2285.425,35.257385,4.468,863.749939,2281.425
2285.45,34.884056,-5.321,863.749939,2281.45
2285.475,34.579079,-1.105,864.999939,2281.475
2285.5,34.03487,-5.948,864.999939,2281.5
2285.525,33.779694,1.136972,864.999939,2281.525
2285.55,33.396923,0.974,864.999939,2281.55
2285.575,33.221481,-9.448,864.999939,2281.575
2285.6,33.077934,-0.401,864.999939,2281.6
2285.625,32.870598,-5.904,864.999939,2281.625
2285.65,32.599457,-3.705,864.999939,2281.65
2285.675,32.727043,-1.366,863.749939,2281.675
2285.7,32.950325,-5.462,864.999939,2281.7
2285.725,33.205502,3.074,864.999939,2281.725
2285.75,33.683964,-5.814,864.999939,2281.75
2285.775,34.513298,1.879,863.749939,2281.775
2285.8,35.278835,5.496,864.999939,2281.8
2285.825,36.140064,-0.824,864.999939,2281.825
2285.85,36.905602,-2.362,864.999939,2281.85
2285.875,37.703037,-16.464001,864.999939,2281.875
2285.9,38.420731,3.34,864.999939,2281.9
2285.925,39.042732,1.584,864.999939,2281.925
2285.95,39.616882,-0.337,866.249939,2281.95
2285.975,40.111294,5.441,866.249939,2281.975
2286.0,40.44622,-2.525,866.249939,2282.0
2286.025,40.589756,-4.156,866.249939,2282.025
2286.05,40.589756,4.421,866.249939,2282.05
2286.075,40.462166,-2.800932,866.249939,2282.075
2286.1,40.494064,-3.786,866.249939,2282.1
2286.125,40.605717,-1.511,866.249939,2282.125
2286.15,40.669514,-12.76,866.249939,2282.15
2286.175,40.62167,-7.368,864.999939,2282.175
2286.2,40.765213,-2.106,863.749939,2282.2
2286.225,40.876862,2.987,863.749939,2282.225
2286.25,40.78117,-1.769,863.749939,2282.25
2286.275,40.749275,1.247,863.749939,2282.275
2286.3,40.844975,-7.442,863.749939,2282.3
2286.325,40.940674,-1.032,863.749939,2282.325
2286.35,41.132065,-5.878,863.749939,2282.35
2286.375,41.179916,-7.613,863.749939,2282.375
2286.4,41.243717,4.26,863.749939,2282.4
2286.425,41.291569,1.835694,863.749939,2282.425
2286.45,41.530807,1.558,864.999939,2282.45
2286.475,41.530811,-0.524,866.249939,2282.475
2286.5,41.578667,-5.958,867.499939,2282.5
2286.525,41.594624,-4.605,867.499939,2282.525
2286.55,41.514885,2.23,868.749939,2282.55
2286.575,41.371361,-3.316,868.749939,2282.575
2286.6,41.179974,3.128,869.999939,2282.6
2286.625,40.98859,-6.58,869.999939,2282.625
2286.65,40.813164,2.766,869.999939,2282.65
2286.675,40.462292,-12.355,871.249939,2282.675
2286.7,40.111427,2.124,871.249939,2282.7
2286.725,39.664867,-5.382,872.499939,2282.725
2286.75,39.457535,2.656043,872.499939,2282.75
2286.775,39.17046,1.853,872.499939,2282.775
2286.8,39.042877,-2.377192,872.499939,2282.8
2286.825,38.915287,-2.915669,872.499939,2282.825
2286.85,38.915287,-3.067573,872.499939,2282.85
2286.875,38.835541,-2.606,872.499939,2282.875
2286.9,38.915295,-5.175,872.499939,2282.9
2286.925,38.963139,2.769,872.499939,2282.925
2286.95,39.170475,-0.954,872.499939,2282.95
2286.975,39.393749,-5.836,872.499939,2282.975
2287.0,39.648922,-7.943,872.499939,2283.0
2287.025,39.904091,-2.566,872.499939,2283.025
2287.05,40.127365,5.79,872.499939,2283.05
2287.075,40.254944,0.941,872.499939,2283.075
2287.1,40.478222,-5.112,872.499939,2283.1
2287.125,40.510101,1.823,872.499939,2283.125
2287.15,40.589836,-17.278,873.749939,2283.15
2287.175,40.286777,1.038,872.499939,2283.175
2287.2,40.175114,3.032,873.749939,2283.2
2287.225,39.888012,-10.254,873.749939,2283.225
2287.25,39.656734,-18.6,873.749939,2283.25
2287.275,39.569008,3.972,873.749939,2283.275
2287.3,39.385593,6.74,873.749939,2283.3
2287.325,39.074585,0.02199,873.749939,2283.325
2287.35,38.82737,-0.042,872.499939,2283.35
2287.375,38.420662,-9.764,872.499939,2283.375
2287.4,38.06181,-4.523,871.249939,2283.4
2287.425,37.7827,3.016,871.249939,2283.425
2287.45,37.694981,-2.982,871.249939,2283.45
2287.475,37.543472,4.741,871.249939,2283.475
2287.5,37.455761,-3.677,871.249939,2283.5
2287.525,37.232479,-1.315,869.999939,2283.525
2287.55,36.961349,-0.048,869.999939,2283.55
2287.575,36.722118,-6.621,869.999939,2283.575
2287.6,36.801868,-5.322,869.999939,2283.6
2287.625,36.913525,-3.755,869.999939,2283.625
2287.65,37.248466,-2.053585,869.999939,2283.65
2287.675,37.503662,-1.33076,869.999939,2283.675
2287.7,37.695065,-1.479,869.999939,2283.7
2287.725,37.974178,-7.665,869.999939,2283.725
2287.75,38.045956,4.502088,869.999939,2283.75
2287.775,38.045963,4.367,869.999939,2283.775
2287.8,38.20546,-2.407,869.999939,2283.8
2287.825,38.396854,-6.746,869.999939,2283.825
2287.85,38.460659,-3.875,869.999939,2283.85
2287.875,38.604206,1.061,869.999939,2283.875
2287.9,38.715851,2.195,869.999939,2283.9
2287.925,38.668007,-4.759,869.999939,2283.925
2287.95,38.803577,0.294,869.999939,2283.95
2287.975,39.098637,-2.324,869.999939,2283.975
2288.0,39.337883,4.206,869.999939,2284.0
2288.025,39.497379,-5.079323,868.749939,2284.025
2288.05,39.696747,-5.382,868.749939,2284.05
2288.075,39.86422,-1.839,868.749939,2284.075
2288.1,40.095478,-6.64,868.749939,2284.1
2288.125,40.486221,-2.047972,868.749939,2284.125
2288.15,40.733433,-2.048,867.499939,2284.15
2288.175,40.916843,-0.770013,867.499939,2284.175
2288.2,41.100258,-0.766,867.499939,2284.2
2288.225,41.164047,-6.014,867.499939,2284.225
2288.25,41.235813,-0.278,866.249939,2284.25
2288.275,41.243782,-2.938,866.249939,2284.275
2288.3,41.475033,1.92,864.999939,2284.3
2288.325,41.86578,-2.651,864.999939,2284.325
2288.35,42.224628,3.441,864.999939,2284.35
2288.375,42.344246,-11.801,864.999939,2284.375
2288.4,42.400063,1.691,864.999939,2284.4
2288.425,42.272465,-4.157475,864.999939,2284.425
2288.45,42.081074,-4.1,864.999939,2284.45
2288.475,41.921577,4.17,864.999939,2284.475
2288.5,41.79398,-1.091,864.999939,2284.5
2288.525,41.56271,-0.048,864.999939,2284.525
2288.55,41.251701,-9.527,864.999939,2284.55
2288.575,40.908798,-2.912,863.749939,2284.575
2288.6,40.406403,-1.3,862.499939,2284.6
2288.625,39.808319,2.070015,862.499939,2284.625
2288.65,39.449467,2.019104,861.249939,2284.65
2288.675,38.994926,2.536,861.249939,2284.675
2288.7,38.723797,1.063,859.999939,2284.7
2288.725,38.484562,-14.522,859.999939,2284.725
2288.75,38.309128,-10.125,859.999939,2284.75
2288.775,38.149639,1.782,859.999939,2284.775
2288.8,37.99015,-4.974,858.749939,2284.8
2288.825,37.750919,1.018,858.749939,2284.825
2288.85,37.655228,3.777,858.749939,2284.85
2288.875,37.687122,1.173,858.749939,2284.875
2288.9,37.846611,-9.88,858.749939,2284.9
2288.925,37.878506,-1.174,858.749939,2284.925
2288.95,38.006092,0.715,858.749939,2284.95
2288.975,38.229382,-2.686,858.749939,2284.975
2289.0,38.436726,-1.57,858.749939,2285.0
2289.025,38.628117,-11.901,858.749939,2285.025
2289.05,38.64407,-6.942,858.749939,2285.05
2289.075,38.691921,-22.061001,859.999939,2285.075
2289.1,38.994953,97.053001,859.999939,2285.1
2289.125,39.090645,-46.995998,861.249939,2285.125
2289.15,39.186989,-16.226999,861.249939,2285.15
2289.175,39.253387,-95.469002,861.249939,2285.175
2289.2,39.319778,199.944,861.249939,2285.2
2289.225,39.290482,-1.879,861.249939,2285.225
2289.25,38.942211,-277.177002,861.249939,2285.25
2289.275,38.737469,70.667999,861.249939,2285.275
2289.3,38.548679,8.932,861.249939,2285.3
2289.325,38.327991,12.67,861.249939,2285.325
2289.35,38.011616,32.479,861.249939,2285.35
2289.375,37.599545,-101.749001,861.249939,2285.375
2289.4,37.219368,-0.389,861.249939,2285.4
2289.425,36.774742,48.060001,861.249939,2285.425
2289.45,36.455757,-28.162001,861.249939,2285.45
2289.475,36.216515,24.011999,861.249939,2285.475
2289.5,36.140663,-3.066,861.249939,2285.5
2289.525,36.128605,-11.802,861.249939,2285.525
2289.55,36.120453,1.312,862.499939,2285.55
2289.575,35.985359,-1.063,862.499939,2285.575
2289.6,35.916016,0.649036,862.499939,2285.6
2289.625,35.849274,0.762,862.499939,2285.625
2289.65,35.74934,-2.601,863.749939,2285.65
2289.675,35.780899,3.645,862.499939,2285.675
2289.7,35.845661,-0.024535,862.499939,2285.7
2289.725,35.831657,0.288,863.749939,2285.725
2289.75,35.711872,-14.139,863.749939,2285.75
2289.775,35.463196,-7.043,863.749939,2285.775
2289.8,35.376606,2.537,863.749939,2285.8
2289.825,35.257473,-6.304,864.999939,2285.825
2289.85,35.203434,-3.137,863.749939,2285.85
2289.875,35.30954,-0.035513,863.749939,2285.875
2289.9,35.510689,-0.007,863.749939,2285.9
2289.925,35.490505,2.856,863.749939,2285.925
2289.95,35.342083,-12.866,864.999939,2285.95
2289.975,35.289028,-5.548,864.999939,2285.975
2290.0,35.317997,-0.017,864.999939,2286.0
2290.025,35.309212,6.459,864.999939,2286.025
2290.05,35.426716,-1.505,863.749939,2286.05
2290.075,35.639927,7.821,864.999939,2286.075
2290.1,35.816673,-1.57,864.999939,2286.1
2290.125,36.024677,-15.81,864.999939,2286.125
2290.15,36.034775,-4.934,864.999939,2286.15
2290.175,36.013634,0.963,864.999939,2286.175
2290.2,36.182892,-3.785469,864.999939,2286.2
2290.225,36.249954,-3.751,864.999939,2286.225
2290.25,36.285435,-0.047,866.249939,2286.25
2290.275,36.352821,2.328,867.499939,2286.275
2290.3,36.393997,-2.664,867.499939,2286.3
2290.325,36.518517,1.118,868.749939,2286.325
2290.35,36.44772,-1.364,868.749939,2286.35
2290.375,36.34763,-4.158883,868.749939,2286.375
2290.4,36.341934,-3.765382,868.749939,2286.4
2290.425,36.46513,-3.841,868.749939,2286.425
2290.45,36.424606,3.206,869.999939,2286.45
2290.475,36.611595,0.909,869.999939,2286.475
2290.5,37.058975,-3.879,869.999939,2286.5
2290.525,37.522469,-0.908,869.999939,2286.525
2290.55,37.725563,0.295,869.999939,2286.55
2290.575,38.001736,-5.665,869.999939,2286.575
2290.6,38.034435,-3.314,869.999939,2286.6
2290.625,38.293671,-5.799,869.999939,2286.625
2290.65,38.485867,0.642,868.749939,2286.65
2290.675,38.810204,-2.687603,868.749939,2286.675
2290.7,39.136494,-2.687518,868.749939,2286.7
2290.725,39.591354,-1.951274,868.749939,2286.725
2290.75,39.59053,-2.187,868.749939,2286.75
2290.775,39.516953,-0.553,868.749939,2286.775
2290.8,39.215046,-6.766,868.749939,2286.8
2290.825,38.979549,6.672,869.999939,2286.825
2290.85,39.053917,-5.186129,869.999939,2286.85
2290.875,39.324234,-4.394,869.999939,2286.875
2290.9,39.435711,-0.552189,871.249939,2286.9
2290.925,39.580383,-0.823129,871.249939,2286.925
2290.95,39.366375,-1.075753,871.249939,2286.95
2290.975,39.02282,-0.958,871.249939,2286.975
2291.0,38.470467,0.570902,871.249939,2287.0
2291.025,38.145962,-0.127,871.249939,2287.025
2291.05,37.847324,-3.697,871.249939,2287.05
2291.075,37.727718,-5.884,871.249939,2287.075
2291.1,37.70705,-1.531,871.249939,2287.1
2291.125,37.466675,0.009,871.249939,2287.125
2291.15,37.060955,2.228,869.999939,2287.15
2291.175,36.669567,-8.231,869.999939,2287.175
2291.2,36.278824,-5.867,869.999939,2287.2
2291.225,36.213581,-1.703,869.999939,2287.225
2291.25,36.376171,-0.472,869.999939,2287.25
2291.275,36.683769,2.156,869.999939,2287.275
2291.3,37.154114,0.226,868.749939,2287.3
2291.325,37.280735,-3.111283,869.999939,2287.325
2291.35,37.277161,-3.659,868.749939,2287.35
2291.375,37.23843,2.179029,868.749939,2287.375
2291.4,37.093922,1.572,868.749939,2287.4
2291.425,37.014511,-7.085,868.749939,2287.425
2291.45,36.787975,-2.678,868.749939,2287.45
2291.475,36.755436,5.016,868.749939,2287.475
2291.5,36.592682,-2.952023,868.749939,2287.5
2291.525,36.397388,-2.958,869.999939,2287.525
2291.55,36.136997,-7.406,869.999939,2287.55
2291.575,35.551117,-2.806,871.249939,2287.575
2291.6,35.331417,1.841,871.249939,2287.6
2291.625,35.046608,-4.906,872.499939,2287.625
2291.65,34.826897,-3.169,872.499939,2287.65
2291.675,34.607189,-1.682,872.499939,2287.675
2291.7,34.289829,-2.724,872.499939,2287.7
2291.725,34.070107,-0.627,873.749939,2287.725
2291.75,33.720192,3.381,873.749939,2287.75
2291.775,33.305183,-3.477,872.499939,2287.775
2291.8,32.922722,-1.92,872.499939,2287.8
2291.825,32.605358,4.536,872.499939,2287.825
2291.85,32.450741,-12.441,872.499939,2287.85
2291.875,32.287975,2.366,872.499939,2287.875
2291.9,32.255409,-0.542,871.249939,2287.9
2291.925,32.353043,7.134,871.249939,2287.925
2291.95,32.418121,-5.014,871.249939,2287.95
2291.975,32.548306,-19.546,871.249939,2287.975
2292.0,32.548294,6.46605,871.249939,2288.0
2292.025,32.759861,6.706,871.249939,2288.025
2292.05,33.003971,2.13,871.249939,2288.05
2292.075,33.126022,-3.737,871.249939,2288.075
2292.1,33.394547,-0.941,871.249939,2288.1
2292.125,33.581703,-5.879738,871.249939,2288.125
2292.15,33.76886,-6.816,871.249939,2288.15
2292.175,34.118771,0.677,871.249939,2288.175
2292.2,34.175735,-2.009,871.249939,2288.2
2292.225,34.265266,-0.59,871.249939,2288.225
2292.25,34.419888,-3.256,871.249939,2288.25
2292.275,34.639603,0.107,869.999939,2288.275
2292.3,34.712852,1.546,869.999939,2288.3
2292.325,34.721001,-6.388,869.999939,2288.325
2292.35,34.753567,-1.019297,869.999939,2288.35
2292.375,34.704762,-1.017,869.999939,2288.375
2292.4,34.54203,1.735,868.749939,2288.4
2292.425,34.34676,-5.560816,868.749939,2288.425
2292.45,34.08638,-5.252,868.749939,2288.45
2292.475,33.825996,-2.335,868.749939,2288.475
2292.5,33.516788,-6.079,868.749939,2288.5
2292.525,33.272678,-1.938,868.749939,2288.525
2292.55,32.971603,4.338,867.499939,2288.55
2292.575,32.605434,0.695,867.499939,2288.575
2292.6,32.369453,-3.118,867.499939,2288.6
2292.625,32.10907,-7.624,867.499939,2288.625
2292.65,31.685934,5.291,866.249939,2288.65
2292.675,31.620834,-2.064,867.499939,2288.675
2292.7,31.718483,-0.529,867.499939,2288.7
2292.725,31.718483,4.132,867.499939,2288.725
2292.75,31.68594,-8.219,867.499939,2288.75
2292.775,31.572025,-1.252,868.749939,2288.775
2292.8,31.523199,5.184,868.749939,2288.8
2292.825,31.694077,-3.497,868.749939,2288.825
2292.85,31.832417,-8.749,869.999939,2288.85
2292.875,32.263691,-2.856652,868.749939,2288.875
2292.9,32.719372,-1.879,868.749939,2288.9
2292.925,33.240158,0.083,868.749939,2288.925
2292.95,33.760941,3.606,868.749939,2288.95
2292.975,34.11898,0.762,868.749939,2288.975
2293.0,34.542122,-9.492,868.749939,2289.0
2293.025,35.160553,0.045,868.749939,2289.025
2293.05,35.925453,-7.409,867.499939,2289.05
2293.075,36.625256,3.275,867.499939,2289.075
2293.1,37.284374,0.596359,867.499939,2289.1
2293.125,37.976036,0.604586,866.249939,2289.125
2293.15,38.342209,0.106,866.249939,2289.15
2293.175,38.643284,-3.956,866.249939,2289.175
2293.2,38.97691,0.41,866.249939,2289.2
2293.225,39.310532,-7.045,866.249939,2289.225
2293.25,39.806896,4.951,866.249939,2289.25
2293.275,40.107975,-2.073,866.249939,2289.275
2293.3,40.156803,-7.655,866.249939,2289.3
2293.325,40.287003,-3.693,864.999939,2289.325
2293.35,40.091717,2.419,866.249939,2289.35
2293.375,39.904568,-7.382274,866.249939,2289.375
2293.4,39.684868,-7.618,864.999939,2289.4
2293.425,39.497723,2.827473,864.999939,2289.425
2293.45,39.343128,2.383,864.999939,2289.45
2293.475,39.122776,0.904,864.999939,2289.475
2293.5,38.804779,-0.934,864.999939,2289.5
2293.525,38.289539,-3.293,864.999939,2289.525
2293.55,37.771687,1.25,863.749939,2289.55
2293.575,37.406487,-4.855,863.749939,2289.575
2293.6,37.069939,6.129,864.999939,2289.6
2293.625,36.795872,-2.062,866.249939,2289.625
2293.65,36.389008,-13.029,864.999939,2289.65
2293.675,35.915741,3.528,864.999939,2289.675
2293.7,35.309677,0.864,863.749939,2289.7
2293.725,34.795403,-1.103,863.749939,2289.725
2293.75,34.425316,1.647,863.749939,2289.75
2293.775,34.140839,-4.338,863.749939,2289.775
2293.8,33.726162,-2.459,863.749939,2289.8
2293.825,33.441685,-0.428,863.749939,2289.825
2293.85,33.123356,-4.736,863.749939,2289.85
2293.875,32.741882,-1.246,864.999939,2289.875
2293.9,32.48864,-6.336,864.999939,2289.9
2293.925,32.412155,1.661551,866.249939,2289.925
2293.95,32.560257,1.637,866.249939,2289.95
2293.975,32.644566,5.14,866.249939,2289.975
2294.0,32.73278,-3.982,866.249939,2290.0
2294.025,32.870796,-0.701693,867.499939,2290.025
2294.05,32.920597,-0.055,868.749939,2290.05
2294.075,33.102554,-5.892,868.749939,2290.075
2294.1,33.352207,-1.05,868.749939,2290.1
2294.125,33.797161,-5.333,869.999939,2290.125
2294.15,34.195568,-6.475,868.749939,2290.15
2294.175,34.534737,-1.774,869.999939,2290.175
2294.2,34.637924,-0.481598,869.999939,2290.2
2294.225,34.631416,-0.474,869.999939,2290.225
2294.25,34.72451,3.382,868.749939,2290.25
2294.275,34.78635,-6.563,869.999939,2290.275
2294.3,34.848183,-4.807,868.749939,2290.3
2294.325,34.864132,-3.125,868.749939,2290.325
2294.35,34.911972,3.472,869.999939,2290.35
2294.375,34.991714,-7.107,869.999939,2290.375
2294.4,34.927914,-0.258792,868.749939,2290.4
2294.425,34.656765,-0.61,869.999939,2290.425
2294.45,34.545113,-2.848859,871.249939,2290.45
2294.475,34.592953,-2.342,871.249939,2290.475
2294.5,34.592945,-4.161,869.999939,2290.5
2294.525,34.688641,1.596,871.249939,2290.525
2294.55,34.704594,-5.782,871.249939,2290.55
2294.575,34.712574,-2.831,869.999939,2290.575
2294.6,34.688656,12.024,871.249939,2290.6
2294.625,34.808277,4.834,871.249939,2290.625
2294.65,34.959797,-2.643,872.499939,2290.65
2294.675,35.095364,-4.591,872.499939,2290.675
2294.7,35.45422,0.645,872.499939,2290.7
2294.725,35.717384,-12.192,873.749939,2290.725
2294.75,36.140038,-6.397,873.749939,2290.75
2294.775,36.514843,1.193,874.999939,2290.775
2294.8,36.969398,-4.463,874.999939,2290.8
2294.825,37.583439,-2.454,874.999939,2290.825
2294.85,38.077862,2.232,874.999939,2290.85
2294.875,38.58823,-5.901,874.999939,2290.875
2294.9,39.114548,-4.673,874.999939,2290.9
2294.925,39.545174,1.103741,873.749939,2290.925
2294.95,39.880108,2.058758,873.749939,2290.95
2294.975,40.143269,2.185,873.749939,2290.975
2295.0,40.358585,8.688,873.749939,2291.0
2295.025,40.534027,0.224,873.749939,2291.025
2295.05,40.860977,-3.295,873.749939,2291.05
2295.075,40.932747,-7.477881,872.499939,2291.075
2295.1,40.797169,-7.671,872.499939,2291.1
2295.125,40.884884,-2.983,873.749939,2291.125
2295.15,41.036396,12.666,873.749939,2291.15
2295.175,41.060314,-2.328872,873.749939,2291.175
2295.2,41.052338,-2.066,873.749939,2291.2
2295.225,41.140057,-5.776,873.749939,2291.225
2295.25,41.379284,6.364,873.749939,2291.25
2295.275,41.538769,-5.499,874.999939,2291.275
2295.3,41.498886,-11.615,874.999939,2291.3
2295.325,41.323444,-5.107,874.999939,2291.325
2295.35,41.132057,-2.077,874.999939,2291.35
2295.375,41.100163,2.938142,876.249939,2291.375
2295.4,41.132065,2.745337,876.249939,2291.4
2295.425,41.259659,2.129,874.999939,2291.425
2295.45,41.490921,0.517,874.999939,2291.45
2295.475,41.905598,2.652,874.999939,2291.475
2295.5,42.248501,4.371,874.999939,2291.5
2295.525,42.479767,-5.972,873.749939,2291.525
2295.55,42.966217,8.335,873.749939,2291.55
2295.575,43.532413,-16.962999,873.749939,2291.575
2295.6,43.971012,1.664,873.749939,2291.6
2295.625,44.69669,-9.0,873.749939,2291.625
2295.65,45.326675,2.08,873.749939,2291.65
2295.675,45.797169,6.57,873.749939,2291.675
2295.7,45.996532,-14.74,873.749939,2291.7
2295.725,45.996544,1.431,873.749939,2291.725
2295.75,45.87693,4.252,872.499939,2291.75
2295.775,46.116165,-4.137,872.499939,2291.775
2295.8,46.451096,-16.579,873.749939,2291.8
2295.825,46.945518,-8.389,872.499939,2291.825
2295.85,47.503735,5.8253,872.499939,2291.85
2295.875,47.934357,5.825,872.499939,2291.875
2295.9,48.125748,-4.843,872.499939,2291.9
2295.925,48.372959,7.133,872.499939,2291.925
2295.95,48.596249,-12.829,872.499939,2291.95
2295.975,49.026871,-3.105,873.749939,2291.975
2296.0,49.489388,1.905488,873.749939,2292.0
2296.025,50.207081,1.177028,873.749939,2292.025
2296.05,50.7015,1.177,873.749939,2292.05
2296.075,51.387314,-11.81,872.499939,2292.075
2296.1,51.59465,-4.469,872.499939,2292.1
2296.125,51.833893,4.541,872.499939,2292.125
2296.15,52.328308,-6.561,871.249939,2292.15
2296.175,53.10981,-0.967,871.249939,2292.175
2296.2,54.026871,0.718,871.249939,2292.2
2296.225,54.935955,-3.161,871.249939,2292.225
2296.25,55.749348,-6.036,869.999939,2292.25
2296.275,56.658432,5.939,869.999939,2292.275
2296.3,57.376129,4.925,871.249939,2292.3
2296.325,58.125725,-10.45,871.249939,2292.325
2296.35,58.939114,-3.639,871.249939,2292.35
2296.375,60.207047,3.712,872.499939,2292.375
2296.4,61.355362,-5.066,872.499939,2292.4
2296.425,62.711021,-2.231,872.499939,2292.425
2296.45,63.923138,-3.903,873.749939,2292.45
2296.475,64.911972,1.797,874.999939,2292.475
2296.5,65.74131,-7.435,873.749939,2292.5
2296.525,66.889641,-3.362,873.749939,2292.525
2296.55,67.942268,-7.241,873.749939,2292.55
2296.575,69.186295,-1.828,874.999939,2292.575
2296.6,70.207031,4.32,874.999939,2292.6
2296.625,70.972588,1.33,874.999939,2292.625
2296.65,71.474983,-4.935,874.999939,2292.65
2296.675,72.065102,2.752,874.999939,2292.675
2296.7,72.511673,-0.945,874.999939,2292.7
2296.725,72.862556,-6.796,873.749939,2292.725
2296.75,73.197495,-9.877,874.999939,2292.75
2296.775,73.532433,-4.108,874.999939,2292.775
2296.8,73.357002,4.83,874.999939,2292.8
2296.825,73.245361,1.292,874.999939,2292.825
2296.85,72.72702,-3.87,874.999939,2292.85
2296.875,72.272476,1.723,874.999939,2292.875
2296.9,71.65844,-6.672,874.999939,2292.9
2296.925,70.821121,0.987,874.999939,2292.925
2296.95,70.015694,-2.268,876.249939,2292.95
2296.975,69.114586,-6.878,874.999939,2292.975
2297.0,68.022079,-3.498,874.999939,2293.0
2297.025,66.881721,5.745,874.999939,2293.025
2297.05,65.868942,2.444,874.999939,2293.05
2297.075,65.143257,-0.543,876.249939,2293.075
2297.1,64.497314,-15.442,876.249939,2293.1
2297.125,63.907192,-1.142,877.499939,2293.125
2297.15,63.253288,5.246,877.499939,2293.15
2297.175,62.822666,-0.052,877.499939,2293.175
2297.2,62.487728,-5.711,877.499939,2293.2
2297.225,62.073051,-3.336,877.499939,2293.225
2297.25,61.722164,7.609,877.499939,2293.25
2297.275,61.610519,-5.936,876.249939,2293.275
2297.3,61.39521,-3.339,876.249939,2293.3
2297.325,61.179901,-0.764959,876.249939,2293.325
2297.35,60.837013,-0.243,874.999939,2293.35
2297.375,60.127289,2.367,874.999939,2293.375
2297.4,59.736538,-3.848,876.249939,2293.4
2297.425,59.409588,-6.278,873.749939,2293.425
2297.45,58.955032,4.797,873.749939,2293.45
2297.475,58.755672,-9.644,874.999939,2293.475
2297.5,58.59618,-4.793,873.749939,2293.5
2297.525,58.101768,-1.222773,873.749939,2293.525
2297.55,57.559509,-1.414451,873.749939,2293.55
2297.575,57.168762,-2.065,873.749939,2293.575
2297.6,56.746117,-3.762,873.749939,2293.6
2297.625,56.355366,0.372,873.749939,2293.625
2297.65,56.092209,-2.725019,873.749939,2293.65
2297.675,55.605766,-3.087,874.999939,2293.675
2297.7,55.246922,-1.987,874.999939,2293.7
2297.725,54.888073,-7.998,874.999939,2293.725
2297.75,54.210251,17.201,874.999939,2293.75
2297.775,53.48457,-46.269001,874.999939,2293.775
2297.8,53.061916,26.392,874.999939,2293.8
2297.825,52.862541,50.271999,874.999939,2293.825
2297.85,52.774811,-51.509998,874.999939,2293.85
2297.875,52.400002,-0.084,874.999939,2293.875
2297.9,52.0252,-90.541,874.999939,2293.9
2297.925,51.78059,224.744003,874.999939,2293.925
2297.95,51.40839,-96.112,874.999939,2293.95
2297.975,50.852776,-115.635002,873.749939,2293.975
2298.0,50.409458,83.898003,874.999939,2294.0
2298.025,50.317009,-17.777,873.749939,2294.025
2298.05,50.216595,25.853001,874.999939,2294.05
2298.075,50.084282,-24.561001,874.999939,2294.075
2298.1,49.792488,-61.226002,873.749939,2294.1
2298.125,49.309299,8.829,873.749939,2294.125
2298.15,49.21019,10.433,873.749939,2294.15
2298.175,49.047932,8.75,874.999939,2294.175
2298.2,48.964767,-1.039956,873.749939,2294.2
2298.225,49.154694,-1.088732,874.999939,2294.225
2298.25,49.482143,-1.609,874.999939,2294.25
2298.275,49.766949,-4.153,873.749939,2294.275
2298.3,49.736683,1.404,874.999939,2294.3
2298.325,49.663456,-0.67,873.749939,2294.325
2298.35,50.044609,-5.728,874.999939,2294.35
2298.375,50.330715,-2.476,873.749939,2294.375
2298.4,50.780857,1.038,873.749939,2294.4
2298.425,50.975174,-3.377,874.999939,2294.425
2298.45,51.300987,-0.103,874.999939,2294.45
2298.475,51.613453,1.856,873.749939,2294.475
2298.5,51.657387,-5.544,873.749939,2294.5
2298.525,51.688625,-1.112,873.749939,2294.525
2298.55,51.748505,5.817,873.749939,2294.55
2298.575,52.034924,-4.675,873.749939,2294.575
2298.6,52.463902,-10.818,873.749939,2294.6
2298.625,52.377312,-5.112,872.499939,2294.625
2298.65,52.422871,-2.543,871.249939,2294.65
2298.675,52.389336,-0.665925,871.249939,2294.675
2298.7,52.679333,-0.638,869.999939,2294.7
2298.725,52.886974,0.573,869.999939,2294.725
2298.75,52.847908,-0.986,869.999939,2294.75
2298.775,52.906479,-3.531323,868.749939,2294.775
2298.8,52.811432,-2.695,868.749939,2294.8
2298.825,52.420837,5.514,867.499939,2294.825
2298.85,52.091438,10.056,868.749939,2294.85
2298.875,51.563492,-4.989,868.749939,2294.875
2298.9,51.160534,-8.885,868.749939,2294.9
2298.925,50.688576,-5.592,867.499939,2294.925
2298.95,50.226063,-0.073,867.499939,2294.95
2298.975,49.615112,-2.215,867.499939,2294.975
2299.0,48.952442,5.974,867.499939,2295.0
2299.025,48.520184,7.928,867.499939,2295.025
2299.05,47.948635,-0.107,867.499939,2295.05
2299.075,47.623154,-7.434,866.249939,2295.075
2299.1,47.494923,-3.133,866.249939,2295.1
2299.125,47.102375,10.516,864.999939,2295.125
2299.15,46.644745,2.318,864.999939,2295.15
2299.175,46.153915,-11.1,864.999939,2295.175
2299.2,45.62859,-16.809999,864.999939,2295.2
2299.225,45.34737,-1.25,863.749939,2295.225
2299.25,45.075275,8.582,863.749939,2295.25
2299.275,45.030365,0.513,863.749939,2295.275
2299.3,45.033627,-5.984,863.749939,2295.3
2299.325,45.266678,-11.123,862.499939,2295.325
2299.35,45.403378,-4.612,862.499939,2295.35
2299.375,45.736034,5.939,862.499939,2295.375
2299.4,46.070637,-1.023,861.249939,2295.4
2299.425,46.60183,-10.614,861.249939,2295.425
2299.45,47.100475,-9.549,861.249939,2295.45
2299.475,47.714993,0.31,859.999939,2295.475
2299.5,47.905079,9.318,859.999939,2295.5
2299.525,48.234474,3.003,859.999939,2295.525
2299.55,48.271572,-14.275,859.999939,2295.55
2299.575,48.01379,-3.418,861.249939,2295.575
2299.6,47.855606,-1.727,861.249939,2295.6
2299.625,47.925247,7.088,861.249939,2295.625
2299.65,47.831509,-3.301,861.249939,2295.65
2299.675,47.902466,-5.431874,861.249939,2295.675
2299.7,47.875771,-5.757,861.249939,2295.7
2299.725,47.94672,2.62,861.249939,2295.725
2299.75,47.971451,1.052,861.249939,2295.75
2299.775,48.013763,-5.845,859.999939,2295.775
2299.8,47.989021,-0.801,859.999939,2295.8
2299.825,48.232811,-4.326,861.249939,2295.825
2299.85,48.76955,-0.886,859.999939,2295.85
2299.875,49.271774,-3.598,858.749939,2295.875
2299.9,49.772705,6.294,858.749939,2295.9
2299.925,50.74559,3.663,858.749939,2295.925
2299.95,51.635155,-5.985,859.999939,2295.95
2299.975,52.753849,-3.302,858.749939,2295.975
2300.0,53.677254,-4.801,858.749939,2296.0
2300.025,54.79335,-1.65,858.749939,2296.025
2300.05,56.527878,-0.349,858.749939,2296.05
2300.075,58.132229,-4.514,858.749939,2296.075
2300.1,59.468025,2.628,858.749939,2296.1
2300.125,60.510883,-3.354,858.749939,2296.125
2300.15,61.521206,-13.824,859.999939,2296.15
2300.175,62.531506,6.491,859.999939,2296.175
2300.2,63.037323,0.527986,861.249939,2296.2
2300.225,63.46175,0.433,861.249939,2296.225
2300.25,63.722137,-15.485,862.499939,2296.25
2300.275,64.112709,-9.546,862.499939,2296.275
2300.3,64.16967,-3.573,862.499939,2296.3
2300.325,63.738388,4.884,862.499939,2296.325
2300.35,63.307106,2.017,862.499939,2296.35
2300.375,62.778175,-6.803,862.499939,2296.375
2300.4,62.053944,1.532,863.749939,2296.4
2300.425,61.264645,-3.434,863.749939,2296.425
2300.45,60.247478,3.105,863.749939,2296.45
2300.475,59.327965,-5.457,862.499939,2296.475
2300.5,58.375912,-9.728,863.749939,2296.5
2300.525,57.293659,-2.459,863.749939,2296.525
2300.55,56.178856,-11.121,862.499939,2296.55
2300.575,55.137295,-8.137,863.749939,2296.575
2300.6,54.225937,3.910599,863.749939,2296.6
2300.625,53.395943,4.237,862.499939,2296.625
2300.65,52.500854,7.852,863.749939,2296.65
2300.675,52.037048,-1.405,862.499939,2296.675
2300.7,51.752258,4.384,862.499939,2296.7
2300.725,51.597652,-9.374,862.499939,2296.725
2300.75,51.280308,-4.416,863.749939,2296.75
2300.775,51.060616,0.294,863.749939,2296.775
2300.8,50.938568,2.103,863.749939,2296.8
2300.825,50.946712,7.05,863.749939,2296.825
2300.85,50.987408,5.694,864.999939,2296.85
2300.875,51.093197,-11.831,863.749939,2296.875
2300.9,51.085068,-10.321586,864.999939,2296.9
2300.925,51.207134,-10.657,864.999939,2296.925
2300.95,51.321064,-2.287,864.999939,2296.95
2300.975,51.223419,0.527,864.999939,2296.975
2301.0,51.158329,-0.774,864.999939,2297.0
2301.025,51.158329,-2.688,864.999939,2297.025
2301.05,51.223438,-5.723,864.999939,2297.05
2301.075,51.223446,-0.116,864.999939,2297.075
2301.1,51.239708,-5.8,864.999939,2297.1
2301.125,51.321095,-2.962653,863.749939,2297.125
2301.15,51.280411,-2.439,863.749939,2297.15
2301.175,51.223454,2.674,863.749939,2297.175
2301.2,51.32925,-4.022,863.749939,2297.2
2301.225,51.516407,2.019,863.749939,2297.225
2301.25,51.736122,-11.385,863.749939,2297.25
2301.275,51.890728,0.154,863.749939,2297.275
2301.3,52.077888,-0.934,863.749939,2297.3
2301.325,52.199928,6.327,863.749939,2297.325
2301.35,52.12669,4.24,863.749939,2297.35
2301.375,51.874439,-3.981,863.749939,2297.375
2301.4,51.654716,4.805,863.749939,2297.4
2301.425,51.394321,2.892,864.999939,2297.425
2301.45,51.345478,-6.76557,864.999939,2297.45
2301.475,51.166458,-6.766,864.999939,2297.475
2301.5,50.938614,-3.91,864.999939,2297.5
2301.525,50.548012,-12.161,864.999939,2297.525
2301.55,50.255062,2.816,864.999939,2297.55
2301.575,49.766823,0.784947,866.249939,2297.575
2301.6,49.50642,1.095,866.249939,2297.6
2301.625,49.880722,-10.366,864.999939,2297.625
2301.65,50.417763,-2.513,864.999939,2297.65
2301.675,50.954811,-10.926,866.249939,2297.675
2301.7,51.280296,-3.938,866.249939,2297.7
2301.725,51.540684,0.517,866.249939,2297.725
2301.75,51.768517,-3.625,866.249939,2297.75
2301.775,51.931263,1.286,864.999939,2297.775
2301.8,52.289288,2.724,864.999939,2297.8
2301.825,52.517128,-7.418,864.999939,2297.825
2301.85,53.216923,-4.416957,863.749939,2297.85
2301.875,53.762127,-4.416,863.749939,2297.875
2301.9,53.949303,0.766,863.749939,2297.9
2301.925,53.973713,-3.076,863.749939,2297.925
2301.95,53.770283,-0.43,863.749939,2297.95
2301.975,53.810978,-3.989,863.749939,2297.975
2302.0,53.819115,3.082,864.999939,2298.0
2302.025,53.957451,-0.125164,863.749939,2298.025
2302.05,53.965576,-0.162,863.749939,2298.05
2302.075,53.583134,0.845,863.749939,2298.075
2302.1,52.875195,-7.215,863.749939,2298.1
2302.125,51.760391,-4.45,863.749939,2298.125
2302.15,50.538509,2.992,862.499939,2298.15
2302.175,49.491081,4.447,862.499939,2298.175
2302.2,48.663689,3.31,863.749939,2298.2
2302.225,48.154633,-5.153258,863.749939,2298.225
2302.25,47.672264,-4.337,863.749939,2298.25
2302.275,47.217236,-6.099,861.249939,2298.275
2302.3,46.887856,-0.239479,861.249939,2298.3
2302.325,46.505741,0.721,859.999939,2298.325
2302.35,46.597218,-5.521,858.749939,2298.35
2302.375,46.992039,-2.351,858.749939,2298.375
2302.4,47.48061,-7.368,858.749939,2298.4
2302.425,48.160564,-6.242,858.749939,2298.425
2302.45,48.645229,1.053,858.749939,2298.45
2302.475,48.909863,3.337,858.749939,2298.475
2302.5,48.918018,1.82549,857.499939,2298.5
2302.525,48.865623,1.235,857.499939,2298.525
2302.55,48.94342,-10.457,857.499939,2298.55
2302.575,48.858482,-9.266,858.749939,2298.575
2302.6,48.824306,0.85,858.749939,2298.6
2302.625,48.607552,5.313,857.499939,2298.625
2302.65,48.186378,-0.434874,858.749939,2298.65
2302.675,47.45013,0.257,857.499939,2298.675
2302.7,46.509804,-3.553115,858.749939,2298.7
2302.725,45.447083,-4.055,858.749939,2298.725
2302.75,44.323166,4.011,857.499939,2298.75
2302.775,43.235718,12.117,857.499939,2298.775
2302.8,42.182758,0.388,857.499939,2298.8
2302.825,40.907822,-1.784,857.499939,2298.825
2302.85,39.639397,-7.708,857.499939,2298.85
2302.875,38.422722,0.961253,857.499939,2298.875
2302.9,37.104984,0.487,857.499939,2298.9
2302.925,35.916794,-11.363,857.499939,2298.925
2302.95,35.270866,-4.336,857.499939,2298.95
2302.975,34.896065,-0.006,856.249939,2298.975
2303.0,34.872147,-7.01,856.249939,2299.0
2303.025,35.007717,-0.255,856.249939,2299.025
2303.05,35.143288,-5.438,856.249939,2299.05
2303.075,35.37455,0.032,856.249939,2299.075
2303.1,35.860992,-13.972,854.999939,2299.1
2303.125,36.475033,-4.613,854.999939,2299.125
2303.15,37.328304,3.523,854.999939,2299.15
2303.175,38.205494,1.731,856.249939,2299.175
2303.2,39.114582,-7.589,856.249939,2299.2
2303.225,39.800385,-10.072,856.249939,2299.225
2303.25,40.326698,2.221434,856.249939,2299.25
2303.275,40.693527,2.2,857.499939,2299.275
2303.3,41.124153,0.036,857.499939,2299.3
2303.325,41.554768,-2.500775,857.499939,2299.325
2303.35,41.841843,-2.518,858.749939,2299.35
2303.375,41.913605,-8.129,857.499939,2299.375
2303.4,41.953472,-2.475,858.749939,2299.4
2303.425,41.801941,0.44,858.749939,2299.425
2303.45,41.666367,2.32,858.749939,2299.45
2303.475,41.530792,-3.907,858.749939,2299.475
2303.5,41.267628,-0.594402,858.749939,2299.5
2303.525,40.908772,-0.602,857.499939,2299.525
2303.55,40.805099,-8.891,857.499939,2299.55
2303.575,40.573837,1.006,857.499939,2299.575
2303.6,40.470165,-6.059,857.499939,2299.6
2303.625,40.414341,2.133,857.499939,2299.625
2303.65,40.669529,-2.55728,857.499939,2299.65
2303.675,41.148003,-3.43,857.499939,2299.675
2303.7,41.75407,-4.713,857.499939,2299.7
2303.725,42.503677,-1.124,857.499939,2299.725
2303.75,43.317085,0.405,856.249939,2299.75
2303.775,44.194279,2.388,858.749939,2299.775
2303.8,45.167164,-5.216,858.749939,2299.8
2303.825,46.20385,5.238,857.499939,2299.825
2303.85,47.431919,-0.121953,858.749939,2299.85
2303.875,48.468605,-0.121972,858.749939,2299.875
2303.9,49.313908,-0.141,858.749939,2299.9
2303.925,49.872128,-1.865,858.749939,2299.925
2303.95,50.111366,3.36963,859.999939,2299.95
2303.975,50.286804,3.395,859.999939,2299.975
2304.0,50.318707,2.242,859.999939,2300.0
2304.025,49.935936,0.382,861.249939,2300.025
2304.05,49.521271,-5.797,861.249939,2300.05
2304.075,48.915207,-11.504,861.249939,2300.075
2304.1,47.958275,-1.413,861.249939,2300.1
2304.125,46.554771,2.7,862.499939,2300.125
2304.15,45.023674,0.451,861.249939,2300.15
2304.175,43.588268,-3.047,861.249939,2300.175
2304.2,41.945522,-4.356,862.499939,2300.2
2304.225,40.382523,5.022,862.499939,2300.225
2304.25,38.596241,-0.03,861.249939,2300.25
2304.275,36.969448,-3.513,861.249939,2300.275
2304.3,35.374554,-11.001,861.249939,2300.3
2304.325,33.747765,3.763,862.499939,2300.325
2304.35,32.344257,-3.179,861.249939,2300.35
2304.375,30.972645,-7.975,861.249939,2300.375
2304.4,29.760517,8.672,861.249939,2300.4
2304.425,28.803579,-2.994,861.249939,2300.425
2304.45,27.91044,3.899,861.249939,2300.45
2304.475,27.240589,-4.594,861.249939,2300.475
2304.5,26.586685,3.618,861.249939,2300.5
2304.525,25.964676,-1.904,861.249939,2300.525
2304.55,25.278872,15.681,862.499939,2300.55
2304.575,24.752556,-7.621,862.499939,2300.575
2304.6,24.385723,-10.997,862.499939,2300.6
2304.625,24.082689,-2.607592,862.499939,2300.625
2304.65,23.811556,-2.606,862.499939,2300.65
2304.675,23.827503,6.018,861.249939,2300.675
2304.7,23.668011,-9.782,861.249939,2300.7
2304.725,23.699902,-0.957,861.249939,2300.725
2304.75,23.699896,7.722,859.999939,2300.75
2304.775,23.859377,-9.306,861.249939,2300.775
2304.8,24.465429,-20.655001,859.999939,2300.8
2304.825,25.230978,8.582,859.999939,2300.825
2304.85,26.283606,-0.454,859.999939,2300.85
2304.875,27.40003,-5.382,859.999939,2300.875
2304.9,28.516457,-8.573,859.999939,2300.9
2304.925,29.728575,-4.111,858.749939,2300.925
2304.95,30.988543,9.106,858.749939,2300.95
2304.975,32.55154,5.766,858.749939,2300.975
2305.0,34.018845,-7.395,858.749939,2301.0
2305.025,35.725384,-9.243,858.749939,2301.025
2305.05,37.495716,4.567,859.999939,2301.05
2305.075,39.010876,6.79,859.999939,2301.075
2305.1,40.366543,-11.184112,859.999939,2301.1
2305.125,41.690308,-11.202,859.999939,2301.125
2305.15,42.982174,-2.553,859.999939,2301.15
2305.175,44.274036,5.883,861.249939,2301.175
2305.2,45.470219,-8.324,862.499939,2301.2
2305.225,46.634491,-1.416049,862.499939,2301.225
2305.25,47.575489,-1.351183,862.499939,2301.25
2305.275,48.500534,-1.351,862.499939,2301.275
2305.3,49.170399,-12.844,863.749939,2301.3
2305.325,49.904064,4.482,863.749939,2301.325
2305.35,50.924797,1.035,863.749939,2301.35
2305.375,51.786041,2.612,863.749939,2301.375
2305.4,52.615383,-13.758,863.749939,2301.4
2305.425,53.476631,-8.283,862.499939,2301.425
2305.45,54.401672,0.069,862.499939,2301.45
2305.475,55.422394,2.469141,862.499939,2301.475
2305.5,56.23579,2.976,862.499939,2301.5
2305.525,57.447903,-4.458,861.249939,2301.525
2305.55,58.707859,-1.74874,862.499939,2301.55
2305.575,59.967815,-1.94,862.499939,2301.575
2305.6,61.036385,-0.135,861.249939,2301.6
2305.625,61.817879,-2.631,861.249939,2301.625
2305.65,62.918358,2.937,861.249939,2301.65
2305.675,63.891235,7.282,861.249939,2301.675
2305.7,64.545135,2.926,861.249939,2301.7
2305.725,65.183083,-2.045748,861.249939,2301.725
2305.75,65.677498,-2.04,861.249939,2301.75
2305.775,66.203804,6.083,861.249939,2301.775
2305.8,66.203796,3.154,861.249939,2301.8
2305.825,65.91671,-4.968,861.249939,2301.825
2305.85,65.980499,-1.210471,861.249939,2301.85
2305.875,65.884811,-1.146,861.249939,2301.875
2305.9,65.693413,-9.56,861.249939,2301.9
2305.925,65.151146,1.535,859.999939,2301.925
2305.95,64.704575,3.525,859.999939,2301.95
2305.975,64.513199,-6.478,859.999939,2301.975
2306.0,63.795498,1.10121,859.999939,2302.0
2306.025,63.061852,1.271,858.749939,2302.025
2306.05,62.423904,-1.822,861.249939,2302.05
2306.075,61.849754,6.154,858.749939,2302.075
2306.1,61.403198,-8.897,858.749939,2302.1
2306.125,60.478165,-3.894,859.999939,2302.125
2306.15,59.808308,-7.41,858.749939,2302.15
2306.175,59.202255,-10.881,858.749939,2302.175
2306.2,58.548355,-6.296,858.749939,2302.2
2306.225,57.559528,1.465,859.999939,2302.225
2306.25,56.47501,2.735,858.749939,2302.25
2306.275,55.773266,-1.561,859.999939,2302.275
2306.3,54.975819,-6.324,859.999939,2302.3
2306.325,53.76371,-13.378,859.999939,2302.325
2306.35,52.711082,10.32,859.999939,2302.35
2306.375,51.562756,23.621,861.249939,2302.375
2306.4,50.653675,11.981,861.249939,2302.4
2306.425,49.409664,-31.92,861.249939,2302.425
2306.45,48.181602,12.86,862.499939,2302.45
2306.475,47.30442,-37.452,863.749939,2302.475
2306.5,46.730263,24.667,863.749939,2302.5
2306.525,46.219898,62.608002,864.999939,2302.525
2306.55,45.936069,-46.616001,863.749939,2302.55
2306.575,45.843628,-3.477,863.749939,2302.575
2306.6,46.359203,-102.848999,863.749939,2302.6
2306.625,46.5877,155.882996,863.749939,2302.625
2306.65,47.232815,-56.327999,863.749939,2302.65
2306.675,47.989571,-302.915985,863.749939,2302.675
2306.7,48.88987,88.352997,863.749939,2302.7
2306.725,49.965607,-18.469999,862.499939,2302.725
2306.75,50.932304,19.959,862.499939,2302.75
2306.775,52.124233,10.388,862.499939,2302.775
2306.8,53.444405,-111.876999,862.499939,2302.8
2306.825,54.639591,32.816002,862.499939,2302.825
2306.85,56.095825,11.074,862.499939,2302.85
2306.875,57.444962,-19.091999,862.499939,2302.875
2306.9,59.296322,18.900999,862.499939,2302.9
2306.925,60.945557,2.854,863.749939,2302.925
2306.95,62.213314,-10.26,863.749939,2302.95
2306.975,63.388638,-6.355,863.749939,2302.975
2307.0,64.378426,-10.836,863.749939,2303.0
2307.025,65.208084,9.587,863.749939,2303.025
2307.05,65.883446,6.998,864.999939,2303.05
2307.075,66.209892,1.499,863.749939,2303.075
2307.1,66.438049,-7.878,864.999939,2303.1
2307.125,66.18512,-0.126,863.749939,2303.125
2307.15,66.080956,-1.349,864.999939,2303.15
2307.175,66.106972,-14.648,863.749939,2303.175
2307.2,66.215347,-2.497,863.749939,2303.2
2307.225,66.549622,0.789,863.749939,2303.225
2307.25,67.080467,-4.075,863.749939,2303.25
2307.275,67.772781,-17.059,862.499939,2303.275
2307.3,68.559479,4.684073,863.749939,2303.3
2307.325,69.440567,4.88,863.749939,2303.325
2307.35,70.577492,2.413,862.499939,2303.35
2307.375,71.971558,-0.461,862.499939,2303.375
2307.4,73.424858,0.596,862.499939,2303.4
2307.425,74.931206,-9.432,862.499939,2303.425
2307.45,76.532295,2.048,863.749939,2303.45
2307.475,78.125572,-0.048,863.749939,2303.475
2307.5,79.553497,3.419,863.749939,2303.5
2307.525,81.072548,-6.98,863.749939,2303.525
2307.55,82.62027,-3.681,863.749939,2303.55
2307.575,84.393852,-1.774101,864.999939,2303.575
2307.6,86.067223,-2.170968,864.999939,2303.6
2307.625,87.379929,-2.013,864.999939,2303.625
2307.65,88.105431,-5.712,866.249939,2303.65
2307.675,88.700783,-1.592,866.249939,2303.675
2307.7,88.976151,2.454,867.499939,2303.7
2307.725,88.519188,-12.778,867.499939,2303.725
2307.75,87.7686,-2.055,867.499939,2303.75
2307.775,86.855293,0.247,867.499939,2303.775
2307.8,85.356094,6.052,867.499939,2303.8
2307.825,83.531418,-8.431,868.749939,2303.825
2307.85,81.251038,-0.341305,868.749939,2303.85
2307.875,78.970665,0.44,868.749939,2303.875
2307.9,76.861153,-6.988,869.999939,2303.9
2307.925,74.704132,4.103,868.749939,2303.925
2307.95,72.547112,1.165,868.749939,2303.95
2307.975,70.42263,-15.214,867.499939,2303.975
2308.0,68.363251,-5.652,867.499939,2304.0
2308.025,66.299316,1.316145,867.499939,2304.025
2308.05,64.267288,1.812867,867.499939,2304.05
2308.075,62.398003,1.766,868.749939,2304.075
2308.1,60.56126,7.422,868.749939,2304.1
2308.125,59.018764,-9.28,867.499939,2304.125
2308.15,57.346081,4.424,868.749939,2304.15
2308.175,55.827995,8.701,868.749939,2304.175
2308.2,54.684223,-6.427,868.749939,2304.2
2308.225,53.638763,-2.436,868.749939,2304.225
2308.25,52.886223,1.002295,868.749939,2304.25
2308.275,52.361549,1.367,868.749939,2304.275
2308.3,51.809513,-11.147,868.749939,2304.3
2308.325,51.453453,15.102,868.749939,2304.325
2308.35,51.260113,3.763,868.749939,2304.35
2308.375,50.936584,-3.189,867.499939,2304.375
2308.4,50.611759,-11.437,868.749939,2304.4
2308.425,50.352024,-7.289,868.749939,2304.425
2308.45,50.141125,-5.879,868.749939,2304.45
2308.475,49.897667,-10.197,867.499939,2304.475
2308.5,49.626221,2.332,867.499939,2304.5
2308.525,49.127579,-10.154,867.499939,2304.525
2308.55,48.726578,4.437,867.499939,2304.55
2308.575,48.618515,-5.371,867.499939,2304.575
2308.6,48.608093,-2.246,867.499939,2304.6
2308.625,48.662788,-7.854,867.499939,2304.625
2308.65,48.84766,-3.28,867.499939,2304.65
2308.675,48.967434,4.446,867.499939,2304.675
2308.7,49.2174,-4.142,867.499939,2304.7
2308.725,49.38599,-2.334,866.249939,2304.725
2308.75,49.554596,2.042441,866.249939,2304.75
2308.775,49.807487,1.814,866.249939,2304.775
2308.8,49.734257,0.333,866.249939,2304.8
2308.825,49.433174,4.785,866.249939,2304.825
2308.85,49.197182,-8.73,866.249939,2304.85
2308.875,48.896114,1.983,867.499939,2304.875
2308.9,48.627594,-0.516,867.499939,2304.9
2308.925,48.546211,-6.553,868.749939,2304.925
2308.95,48.546223,-1.800229,868.749939,2304.95
2308.975,48.546223,-1.827,868.749939,2304.975
2309.0,48.774055,6.44,868.749939,2305.0
2309.025,49.067001,0.906,868.749939,2305.025
2309.05,49.530811,-1.775,868.749939,2305.05
2309.075,50.255024,-8.12,868.749939,2305.075
2309.1,51.207073,-6.072,867.499939,2305.1
2309.125,52.256771,-7.609,868.749939,2305.125
2309.15,53.697041,1.445,867.499939,2305.15
2309.175,55.169872,3.751,866.249939,2305.175
2309.2,56.520645,-8.049,867.499939,2305.2
2309.225,58.017887,1.588,867.499939,2305.225
2309.25,59.523251,3.091,867.499939,2305.25
2309.275,60.996071,-3.925,867.499939,2305.275
2309.3,62.436352,0.037,866.249939,2305.3
2309.325,63.681335,-13.056,867.499939,2305.325
2309.35,64.926323,-3.461,867.499939,2305.35
2309.375,66.106216,-2.191,867.499939,2305.375
2309.4,66.854836,-1.158,867.499939,2305.4
2309.425,67.033844,3.372,866.249939,2305.425
2309.45,67.21286,-5.082,866.249939,2305.45
2309.475,67.16404,-0.094,866.249939,2305.475
2309.5,66.919914,7.658,867.499939,2305.5
2309.525,66.277092,-4.935,866.249939,2305.525
2309.55,65.438957,-7.997,866.249939,2305.55
2309.575,64.568283,2.352,866.249939,2305.575
2309.6,63.632504,4.035,866.249939,2305.6
2309.625,62.403797,-2.85,867.499939,2305.625
2309.65,61.04488,-5.643,866.249939,2305.65
2309.675,59.856857,-1.057,867.499939,2305.675
2309.7,58.782761,-3.926,866.249939,2305.7
2309.725,57.676109,1.873,866.249939,2305.725
2309.75,56.797298,0.282,864.999939,2305.75
2309.775,56.097496,-3.819,864.999939,2305.775
2309.8,55.820847,0.894598,864.999939,2305.8
2309.825,55.739483,0.887,862.499939,2305.825
2309.85,55.75576,-7.671,863.749939,2305.85
2309.875,55.983604,-0.761,861.249939,2305.875
2309.9,56.455563,-3.291,861.249939,2305.9
2309.925,57.155357,1.092,859.999939,2305.925
2309.95,57.985352,-4.273,859.999939,2305.95
2309.975,58.921135,9.822,858.749939,2305.975
2310.0,59.922016,-5.693,858.749939,2306.0
2310.025,61.004261,-11.41,857.499939,2306.025
2310.05,61.95631,-1.862,856.249939,2306.05
2310.075,62.79771,-13.713,856.249939,2306.075
2310.1,63.476349,-6.356,854.999939,2306.1
2310.125,64.000397,-9.556,854.999939,2306.125
2310.15,64.443069,1.576,867.499939,2306.15
2310.175,64.869461,-1.242,877.499939,2306.175
2310.2,65.230759,-2.742153,878.749939,2306.2
2310.225,65.396767,-2.726,878.749939,2306.225
2310.25,65.522087,-5.089,879.999939,2306.25
2310.275,65.6474,-11.424,879.999939,2306.275
2310.3,65.548126,1.177,879.999939,2306.3
2310.325,65.33493,4.827,881.249939,2306.325
2310.35,65.235664,5.897,879.999939,2306.35
2310.375,65.404915,-3.098,879.999939,2306.375
2310.4,65.448845,-0.562,879.999939,2306.4
2310.425,65.745041,4.809,879.999939,2306.425
2310.45,66.156784,-3.398,879.999939,2306.45
2310.475,66.611359,-8.095716,878.749939,2306.475
2310.5,67.236809,-7.394219,879.999939,2306.5
2310.525,67.942017,-7.708,878.749939,2306.525
2310.55,68.587975,2.343,878.749939,2306.55
2310.575,69.482285,-2.662,878.749939,2306.575
2310.6,70.781822,2.031,878.749939,2306.6
2310.625,72.052406,-1.754,878.749939,2306.625
2310.65,73.253403,4.182,879.999939,2306.65
2310.675,74.709259,-0.903,879.999939,2306.675
2310.7,76.187569,-6.616,881.249939,2306.7
2310.725,77.910973,2.897,881.249939,2306.725
2310.75,79.69944,1.874,882.499939,2306.75
2310.775,81.617409,5.529,883.749939,2306.775
2310.8,83.696724,-7.832,883.749939,2306.8
2310.825,85.742226,0.963,883.749939,2306.825
2310.85,87.716759,-3.499,884.999939,2306.85
2310.875,89.333565,-10.234,884.999939,2306.875
2310.9,90.493385,-3.313,884.999939,2306.9
2310.925,91.32605,4.807,886.249939,2306.925
2310.95,92.037407,-15.382,886.249939,2306.95
2310.975,92.316849,-3.99,884.999939,2306.975
2311.0,92.105141,3.197514,883.749939,2307.0
2311.025,91.40078,3.054,882.499939,2307.025
2311.05,90.193283,-0.322,882.499939,2307.05
2311.075,88.426323,-3.949,881.249939,2307.075
2311.1,86.338768,1.831,879.999939,2307.1
2311.125,84.083199,6.168,879.999939,2307.125
2311.15,81.608551,-2.94,878.749939,2307.15
2311.175,79.309372,-10.038,878.749939,2307.175
2311.2,76.761497,-4.988,878.749939,2307.2
2311.225,73.8452,-1.922,878.749939,2307.225
2311.25,70.961525,-4.695,879.999939,2307.25
2311.275,67.866982,-3.433,879.999939,2307.275
2311.3,64.840149,-2.409019,881.249939,2307.3
2311.325,61.825367,-2.417191,882.499939,2307.325
2311.35,59.100922,-2.419062,883.749939,2307.35
2311.375,56.669254,-3.220072,883.749939,2307.375
2311.4,54.408527,-3.172,884.999939,2307.4
2311.425,52.390289,5.977,904.999939,2307.425
2311.45,50.527317,-3.983,906.249939,2307.45
2311.475,48.977463,-2.513,907.499939,2307.475
2311.5,47.911133,1.647,908.749939,2307.5
2311.525,47.197227,4.037,908.749939,2307.525
2311.55,47.038883,-8.183,897.499939,2307.55
2311.575,47.148731,0.454521,881.249939,2307.575
2311.6,47.587658,0.455,879.999939,2307.6
2311.625,48.348812,-10.39,878.749939,2307.625
2311.65,49.00304,-5.382,878.749939,2307.65
2311.675,49.685257,1.643,878.749939,2307.675
2311.7,50.394165,10.078,878.749939,2307.7
2311.725,50.897053,3.419,877.499939,2307.725
2311.75,51.433788,-3.562,877.499939,2307.75
2311.775,52.009888,-6.214,878.749939,2307.775
2311.8,52.44149,14.463,878.749939,2307.8
2311.825,52.740299,-18.031,878.749939,2307.825
2311.85,53.048702,-3.751,878.749939,2307.85
2311.875,53.316425,1.639,877.499939,2307.875
2311.9,53.420086,4.449,876.249939,2307.9
2311.925,53.710918,-1.405,874.999939,2307.925
2311.95,54.034943,6.212,872.499939,2307.95
2311.975,54.489174,-3.649,869.999939,2307.975
2312.0,55.041042,-12.9,869.999939,2308.0
2312.025,55.508938,5.943,871.249939,2308.025
2312.05,55.928005,-11.83,869.999939,2308.05
2312.075,56.125423,-9.337,836.249939,2308.075
2312.1,56.046169,-7.316,864.999939,2308.1
2312.125,56.071247,-1.393,864.999939,2308.125
2312.15,55.868481,4.182,864.999939,2308.15
2312.175,55.461784,-1.462695,864.999939,2308.175
2312.2,55.193428,-2.244,864.999939,2308.2
2312.225,54.891872,-1.203,864.999939,2308.225
2312.25,54.354324,-4.678,864.999939,2308.25
2312.275,54.060898,-0.366,864.999939,2308.275
2312.3,53.930214,-2.231,863.749939,2308.3
2312.325,53.742577,-9.313,863.749939,2308.325
2312.35,53.823448,3.648,863.749939,2308.35
2312.375,54.132175,-5.218,863.749939,2308.375
2312.4,54.115402,-2.108,863.749939,2308.4
2312.425,54.196281,1.856,863.749939,2308.425
2312.45,54.220676,-10.281,863.749939,2308.45
2312.475,54.114895,-0.898,863.749939,2308.475
2312.5,54.0742,-2.019,863.749939,2308.5
2312.525,54.310169,-0.532665,863.749939,2308.525
2312.55,54.56242,-1.378,863.749939,2308.55
2312.575,55.001812,3.705,864.999939,2308.575
2312.6,55.376114,-16.979,864.999939,2308.6
2312.625,55.880611,-7.558,864.999939,2308.625
2312.65,56.409996,-4.547,864.999939,2308.65
2312.675,57.134697,3.40839,866.249939,2308.675
2312.7,58.152336,3.236,866.249939,2308.7
2312.725,59.723301,-0.062,866.249939,2308.725
2312.75,61.229168,-2.03497,866.249939,2308.75
2312.775,62.572292,-2.015,864.999939,2308.775
2312.8,64.070023,-3.664,864.999939,2308.8
2312.825,65.405014,9.857112,863.749939,2308.825
2312.85,66.357559,9.22,864.999939,2308.85
2312.875,67.4403,0.073,864.999939,2308.875
2312.9,68.327751,2.862,863.749939,2308.9
2312.925,69.222862,-8.608566,863.749939,2308.925
2312.95,70.101669,-9.416,863.749939,2308.95
2312.975,70.752663,-6.065,862.499939,2308.975
2313.0,70.850311,-1.196,862.499939,2309.0
2313.025,70.752678,2.321,862.499939,2309.025
2313.05,70.581787,-15.833,862.499939,2309.05
2313.075,70.028458,-3.552,861.249939,2309.075
2313.1,69.410042,0.305,861.249939,2309.1
2313.125,69.035744,-7.901,862.499939,2309.125
2313.15,68.466133,-1.441,862.499939,2309.15
2313.175,67.733788,1.048741,862.499939,2309.175
2313.2,66.675949,1.037,862.499939,2309.2
2313.225,65.374001,-0.852,862.499939,2309.225
2313.25,64.072052,2.606,862.499939,2309.25
2313.275,62.607353,-9.804,862.499939,2309.275
2313.3,61.06942,1.936,863.749939,2309.3
2313.325,59.848854,-20.524,863.749939,2309.325
2313.35,58.782887,0.715,863.749939,2309.35
2313.375,57.814552,-2.21,863.749939,2309.375
2313.4,56.716042,0.234,863.749939,2309.4
2313.425,55.609379,1.257,863.749939,2309.425
2313.45,54.665462,-1.81,863.749939,2309.45
2313.475,54.079586,-5.473,863.749939,2309.475
2313.5,53.851746,-4.309,863.749939,2309.5
2313.525,53.721561,1.378,863.749939,2309.525
2313.55,53.908714,-4.707,862.499939,2309.55
2313.575,54.283031,2.311,861.249939,2309.575
2313.6,54.413227,4.6,861.249939,2309.6
2313.625,54.706158,-3.313,861.249939,2309.625
2313.65,55.275764,-11.859,861.249939,2309.65
2313.675,56.138313,-8.377,861.249939,2309.675
2313.7,57.36702,3.93,862.499939,2309.7
2313.725,58.85614,2.279,862.499939,2309.725
2313.75,60.410343,-7.861,862.499939,2309.75
2313.775,62.167961,-6.694,863.749939,2309.775
2313.8,63.827942,-1.386,864.999939,2309.8
2313.825,65.463524,1.874,864.999939,2309.825
2313.85,67.245567,-7.211,864.999939,2309.85
2313.875,69.125244,0.466389,866.249939,2309.875
2313.9,70.834045,0.763,867.499939,2309.9
2313.925,72.168556,5.379,867.499939,2309.925
2313.95,73.112465,7.799,868.749939,2309.95
2313.975,73.99128,-14.412,868.749939,2309.975
2314.0,74.4795,-3.682,868.749939,2310.0
2314.025,74.935188,10.43,868.749939,2310.025
2314.05,75.268814,2.351,867.499939,2310.05
2314.075,75.700096,-14.268,867.499939,2310.075
2314.1,75.83844,-0.977,867.499939,2310.1
2314.125,75.59433,6.441,867.499939,2310.125
2314.15,74.927086,-6.253,866.249939,2310.15
2314.175,74.040138,2.821617,866.249939,2310.175
2314.2,72.957893,2.862,866.249939,2310.2
2314.225,72.038399,1.454,866.249939,2310.225
2314.25,70.679497,-7.954,864.999939,2310.25
2314.275,69.255493,-3.695,864.999939,2310.275
2314.3,67.701286,-1.513,864.999939,2310.3
2314.325,65.837875,-5.426,864.999939,2310.325
2314.35,63.925636,9.462,864.999939,2310.35
2314.375,62.338894,-0.012,864.999939,2310.375
2314.4,61.232231,-6.804,866.249939,2310.4
2314.425,60.410385,4.197,866.249939,2310.425
2314.45,59.409504,-5.534,867.499939,2310.45
2314.475,58.612068,9.966,867.499939,2310.475
2314.5,57.84716,2.791,867.499939,2310.5
2314.525,57.065975,-7.102,867.499939,2310.525
2314.55,56.252258,-15.115,868.749939,2310.55
2314.575,55.41412,-3.352,868.749939,2310.575
2314.6,54.681763,1.034,868.749939,2310.6
2314.625,53.898624,-11.42363,868.749939,2310.625
2314.65,53.014587,-11.838,868.749939,2310.65
2314.675,51.866909,1.041,867.499939,2310.675
2314.7,50.593254,-2.002,867.499939,2310.7
2314.725,49.865131,4.501,867.499939,2310.725
2314.75,49.061176,-6.575,866.249939,2310.75
2314.775,48.059319,-0.714,866.249939,2310.775
2314.8,47.505989,-2.698938,866.249939,2310.8
2314.825,47.254059,-2.685,864.999939,2310.825
2314.85,46.893757,3.134,864.999939,2310.85
2314.875,46.356709,-0.77943,864.999939,2310.875
2314.9,46.05172,-1.55,864.999939,2310.9
2314.925,45.796211,-3.272,866.249939,2310.925
2314.95,45.723961,0.47,866.249939,2310.95
2314.975,45.875648,-11.258,866.249939,2310.975
2315.0,46.139309,-3.199,867.499939,2311.0
2315.025,46.596958,0.317,867.499939,2311.025
2315.05,47.399303,3.13,867.499939,2311.05
2315.075,48.090004,-7.556,868.749939,2311.075
2315.1,48.76899,23.070999,868.749939,2311.1
2315.125,49.868511,-60.408001,869.999939,2311.125
2315.15,51.359921,-23.003,868.749939,2311.15
2315.175,52.813892,78.249001,868.749939,2311.175
2315.2,54.286739,-54.484001,869.999939,2311.2
2315.225,55.932426,-19.860001,868.749939,2311.225
2315.25,57.928185,-32.604,868.749939,2311.25
2315.275,59.671352,-55.838001,868.749939,2311.275
2315.3,61.480907,159.684998,868.749939,2311.3
2315.325,63.333759,-31.493999,868.749939,2311.325
2315.35,65.175224,-107.641998,868.749939,2311.35
2315.375,67.105049,73.959,868.749939,2311.375
2315.4,68.891342,0.621,868.749939,2311.4
2315.425,70.318779,-1.783,868.749939,2311.425
2315.45,71.363441,34.869999,868.749939,2311.45
2315.475,72.152924,-79.286003,868.749939,2311.475
2315.5,72.719109,27.421,868.749939,2311.5
2315.525,72.846695,49.973999,868.749939,2311.525
2315.55,72.92643,-21.211,868.749939,2311.55
2315.575,72.719086,-15.503,868.749939,2311.575
2315.6,72.033279,0.504,868.749939,2311.6
2315.625,71.156082,-0.763,869.999939,2311.625
2315.65,70.063576,-4.243,868.749939,2311.65
2315.675,68.668037,2.475,868.749939,2311.675
2315.7,67.37616,-2.81,869.999939,2311.7
2315.725,66.092262,-1.35,871.249939,2311.725
2315.75,64.840263,-3.195281,871.249939,2311.75
2315.775,63.141693,-2.807172,871.249939,2311.775
2315.8,61.347435,-2.043,871.249939,2311.8
2315.825,59.56913,0.497,871.249939,2311.825
2315.85,57.671192,-7.053,871.249939,2311.85
2315.875,56.012489,-2.42,871.249939,2311.875
2315.9,54.425556,-4.264,871.249939,2311.9
2315.925,53.045963,-0.593345,869.999939,2311.925
2315.95,51.801941,-0.566,869.999939,2311.95
2315.975,50.589817,-3.246,871.249939,2311.975
2316.0,49.497314,1.719,868.749939,2312.0
2316.025,48.404812,-0.83661,868.749939,2312.025
2316.05,47.790771,-0.916,868.749939,2312.05
2316.075,47.360149,-3.4,868.749939,2312.075
2316.1,46.770042,-1.074346,868.749939,2312.1
2316.125,46.267654,-1.245,868.749939,2312.125
2316.15,45.813118,3.965805,867.499939,2312.15
2316.175,45.159206,3.208,868.749939,2312.175
2316.2,44.234169,-6.899,868.749939,2312.2
2316.225,43.333054,-5.878006,869.999939,2312.225
2316.25,42.463833,-5.87,871.249939,2312.25
2316.275,41.594616,-1.012,869.999939,2312.275
2316.3,40.916782,2.914,869.999939,2312.3
2316.325,40.207054,-3.867,871.249939,2312.325
2316.35,39.409611,0.787,871.249939,2312.35
2316.375,38.707859,4.092,871.249939,2312.375
2316.4,38.053955,-9.38,872.499939,2312.4
2316.425,37.36018,5.655,871.249939,2312.425
2316.45,36.921589,-8.276,871.249939,2312.45
2316.475,36.451103,6.26,871.249939,2312.475
2316.5,36.211876,-6.840028,871.249939,2312.5
2316.525,35.845055,-6.104728,869.999939,2312.525
2316.55,35.581902,-6.323,869.999939,2312.55
2316.575,35.446342,-9.648,868.749939,2312.575
2316.6,35.310783,4.24,869.999939,2312.6
2316.625,35.04763,-7.066,868.749939,2312.625
2316.65,34.975864,-5.581,869.999939,2312.65
2316.675,34.92802,-4.365,868.749939,2312.675
2316.7,34.792458,-1.227031,868.749939,2312.7
2316.725,34.688793,-1.247,868.749939,2312.725
2316.75,34.712715,1.492,868.749939,2312.75
2316.775,34.313992,-4.341,867.499939,2312.775
2316.8,33.875401,-6.891,867.499939,2312.8
2316.825,33.652119,0.95,867.499939,2312.825
2316.85,33.309219,-2.86925,867.499939,2312.85
2316.875,32.934418,-2.209,867.499939,2312.875
2316.9,32.655312,2.205,867.499939,2312.9
2316.925,32.248615,-2.163,867.499939,2312.925
2316.95,32.184814,4.313,867.499939,2312.95
2316.975,32.089123,-6.094,868.749939,2312.975
2317.0,32.184807,0.3,868.749939,2313.0
2317.025,32.152908,-1.321,869.999939,2313.025
2317.05,32.376186,-8.349,868.749939,2313.05
2317.075,32.639336,-2.055,869.999939,2313.075
2317.1,32.742996,-5.454,868.749939,2313.1
2317.125,32.870583,2.894,868.749939,2313.125
2317.15,33.069935,-1.021,868.749939,2313.15
2317.175,33.28524,-5.358,868.749939,2313.175
2317.2,33.580292,-0.154905,868.749939,2313.2
2317.225,33.779655,-0.086004,867.499939,2313.225
2317.25,34.297997,0.287143,867.499939,2313.25
2317.275,34.82431,0.287,867.499939,2313.275
2317.3,35.350628,-8.151,867.499939,2313.3
2317.325,35.868973,1.911,867.499939,2313.325
2317.35,36.451111,-5.114559,867.499939,2313.35
2317.375,37.160839,-5.343,867.499939,2313.375
2317.4,37.774876,-0.899036,867.499939,2313.4
2317.425,38.030056,-1.016316,866.249939,2313.425
2317.45,38.325104,-1.171,867.499939,2313.45
2317.475,38.380917,0.421,867.499939,2313.475
2317.5,38.356983,1.5,867.499939,2313.5
2317.525,38.077873,-1.87,868.749939,2313.525
2317.55,37.5994,-3.514684,868.749939,2313.55
2317.575,37.216618,-3.438,869.999939,2313.575
2317.6,36.682331,2.05,868.749939,2313.6
2317.625,36.100189,5.326,869.999939,2313.625
2317.65,35.374508,4.306,868.749939,2313.65
2317.675,34.600983,0.201,868.749939,2313.675
2317.7,33.955051,-9.771,869.999939,2313.7
2317.725,33.285198,-1.887,869.999939,2313.725
2317.75,32.519653,-4.135,868.749939,2313.75
2317.775,31.642462,1.509,868.749939,2313.775
2317.8,30.797165,-2.125,868.749939,2313.8
2317.825,30.015665,-4.36514,868.749939,2313.825
2317.85,29.04278,-3.54,867.499939,2313.85
2317.875,28.165586,-0.006,867.499939,2313.875
2317.9,27.43194,1.19,867.499939,2313.9
2317.925,26.698301,-3.319,867.499939,2313.925
2317.95,26.044409,-4.532,867.499939,2313.95
2317.975,25.534052,2.258,867.499939,2313.975
2318.0,24.991793,-5.071,867.499939,2314.0
2318.025,24.800415,-0.890785,866.249939,2314.025
2318.05,24.672832,-0.475127,866.249939,2314.05
2318.075,24.545256,-0.431,866.249939,2314.075
2318.1,24.465521,6.142,866.249939,2314.1
2318.125,24.64097,-2.857,867.499939,2314.125
2318.15,24.816416,-4.913,867.499939,2314.15
2318.175,24.864262,-2.491,868.749939,2314.175
2318.2,24.704769,-4.374,868.749939,2314.2
2318.225,24.585148,1.603,868.749939,2314.225
2318.25,24.258196,-2.626041,869.999939,2314.25
2318.275,24.154528,-2.545,868.749939,2314.275
2318.3,23.827566,0.357,869.999939,2314.3
2318.325,23.484655,-5.401,869.999939,2314.325
2318.35,23.173641,0.231,868.749939,2314.35
2318.375,22.75098,3.005,869.999939,2314.375
2318.4,22.280474,-5.965,868.749939,2314.4
2318.425,21.993383,1.014,868.749939,2314.425
2318.45,21.770092,3.073,868.749939,2314.45
2318.475,21.801983,-2.038,868.749939,2314.475
2318.5,21.730202,1.579,868.749939,2314.5
2318.525,21.849804,-9.063,868.749939,2314.525
2318.55,21.889668,1.080744,868.749939,2314.55
2318.575,21.977373,1.037,868.749939,2314.575
2318.6,22.017235,-9.855,868.749939,2314.6
2318.625,22.025202,-2.906,868.749939,2314.625
2318.65,22.128866,-1.404,868.749939,2314.65
2318.675,22.248484,0.609,868.749939,2314.675
2318.7,22.240507,-6.65,868.749939,2314.7
2318.725,22.296326,-2.695,868.749939,2314.725
2318.75,22.160761,0.665,869.999939,2314.75
2318.775,22.088995,-4.875,869.999939,2314.775
2318.8,22.096977,-1.907,871.249939,2314.8
2318.825,21.977369,-0.748,871.249939,2314.825
2318.85,21.882666,0.553,871.249939,2314.85
2318.875,21.915552,-3.182,872.499939,2314.875
2318.9,21.855185,0.206,872.499939,2314.9
2318.925,21.65225,1.382,873.749939,2314.925
2318.95,21.354111,2.739,872.499939,2314.95
2318.975,21.06525,-0.614,873.749939,2314.975
2319.0,20.811543,-5.392,873.749939,2315.0
2319.025,20.606327,-8.299,872.499939,2315.025
2319.05,20.483786,-4.591,872.499939,2315.05
2319.075,20.379793,0.462,873.749939,2315.075
2319.1,20.389399,-2.146,872.499939,2315.1
2319.125,20.326252,-4.803,872.499939,2315.125
2319.15,20.297928,-1.3,872.499939,2315.15
2319.175,20.39736,4.292082,872.499939,2315.175
2319.2,20.639349,3.725,872.499939,2315.2
2319.225,21.011696,-8.557,872.499939,2315.225
2319.25,21.482336,-4.988,872.499939,2315.25
2319.275,21.984871,-2.066,872.499939,2315.275
2319.3,22.616301,2.361,872.499939,2315.3
2319.325,23.383947,0.412,873.749939,2315.325
2319.35,24.032795,-1.248,873.749939,2315.35
2319.375,24.557627,-6.67,874.999939,2315.375
2319.4,25.259527,0.026,874.999939,2315.4
2319.425,25.864269,-3.579,874.999939,2315.425
2319.45,26.529879,1.421,874.999939,2315.45
2319.475,27.033403,-2.737,874.999939,2315.475
2319.5,27.470524,-6.047,874.999939,2315.5
2319.525,27.72603,1.106,874.999939,2315.525
2319.55,27.842064,-5.368,874.999939,2315.55
2319.575,27.87446,-0.089,874.999939,2315.575
2319.6,27.815546,-2.19,874.999939,2315.6
2319.625,27.679825,0.628,874.999939,2315.625
2319.65,27.601709,-6.228,873.749939,2315.65
2319.675,27.410984,-0.5,873.749939,2315.675
2319.7,27.178108,-2.481,873.749939,2315.7
2319.725,26.817314,1.627,873.749939,2315.725
2319.75,26.554165,-4.61,872.499939,2315.75
2319.775,26.485653,0.550559,872.499939,2315.775
2319.8,26.33659,0.648,872.499939,2315.8
2319.825,26.120956,-3.041138,872.499939,2315.825
2319.85,26.036173,-2.084629,872.499939,2315.85
2319.875,25.855042,-2.054,871.249939,2315.875
2319.9,25.753813,1.448,871.249939,2315.9
2319.925,25.622313,-0.683,871.249939,2315.925
2319.95,25.588459,0.849,871.249939,2315.95
2319.975,25.748917,-7.004,871.249939,2315.975
2320.0,25.975769,-4.742,871.249939,2316.0
2320.025,26.209951,-1.84,871.249939,2316.025
2320.05,26.315226,1.317,872.499939,2316.05
2320.075,26.519949,-2.301,872.499939,2316.075
2320.1,27.003281,-11.417,872.499939,2316.1
2320.125,27.422173,-0.529,873.749939,2316.125
2320.15,27.810457,1.479705,873.749939,2316.15
2320.175,28.321299,1.624,873.749939,2316.175
2320.2,28.862406,-4.652,873.749939,2316.2
2320.225,29.209528,7.824,873.749939,2316.225
2320.25,29.272821,-8.252,873.749939,2316.25
2320.275,29.351572,-0.759,873.749939,2316.275
2320.3,29.490709,-4.080483,873.749939,2316.3
2320.325,29.564743,-4.566,873.749939,2316.325
2320.35,29.605585,1.879,874.999939,2316.35
2320.375,29.541132,-7.097,873.749939,2316.375
2320.4,29.477329,-1.034,873.749939,2316.4
2320.425,29.346483,-3.746,873.749939,2316.425
2320.45,29.05386,5.781,873.749939,2316.45
2320.475,28.761242,0.222,873.749939,2316.475
2320.5,28.566271,-7.217,874.999939,2316.5
2320.525,28.436409,0.452063,874.999939,2316.525
2320.55,28.322969,-0.019,874.999939,2316.55
2320.575,27.947193,-3.809,874.999939,2316.575
2320.6,27.635216,-0.943407,876.249939,2316.6
2320.625,27.517879,-0.648,876.249939,2316.625
2320.65,27.180355,-8.206,877.499939,2316.65
2320.675,26.809626,-2.474,877.499939,2316.675
2320.7,26.666744,-6.345,877.499939,2316.7
2320.725,26.6124,-1.429,876.249939,2316.725
2320.75,26.639429,-2.478,876.249939,2316.75
2320.775,26.599403,1.328,876.249939,2316.775
2320.8,26.55938,4.673,876.249939,2316.8
2320.825,26.648903,-4.294,876.249939,2316.825
2320.85,26.93371,-1.942156,876.249939,2316.85
2320.875,26.990685,-1.942,874.999939,2316.875
2320.9,26.982557,-6.048,874.999939,2316.9
2320.925,27.129044,-1.183,874.999939,2316.925
2320.95,27.226706,-4.48,874.999939,2316.95
2320.975,27.226711,2.647,873.749939,2316.975
2321.0,27.389471,-1.189,874.999939,2317.0
2321.025,27.568504,-6.006,874.999939,2317.025
2321.05,27.934692,-0.655422,874.999939,2317.05
2321.075,28.300871,-0.712,874.999939,2317.075
2321.1,28.471766,-3.914,873.749939,2317.1
2321.125,28.691475,-0.297,873.749939,2317.125
2321.15,29.073927,-5.732,873.749939,2317.15
2321.175,29.261086,-1.572,873.749939,2317.175
2321.2,29.318048,0.917,872.499939,2317.2
2321.225,29.49707,-1.19474,872.499939,2317.225
2321.25,29.708632,-1.260353,872.499939,2317.25
2321.275,29.814409,-0.872,872.499939,2317.275
2321.3,29.789995,0.441,872.499939,2317.3
2321.325,29.692343,-4.654,873.749939,2317.325
2321.35,29.757442,-2.126548,873.749939,2317.35
2321.375,29.920183,-1.714746,873.749939,2317.375
2321.4,30.034103,-1.643627,873.749939,2317.4
2321.425,30.229391,-2.247051,873.749939,2317.425
2321.45,30.522327,-1.337,873.749939,2317.45
2321.475,30.733891,-5.074,874.999939,2317.475
2321.5,30.774578,0.237553,873.749939,2317.5
2321.525,30.652521,0.356,873.749939,2317.525
2321.55,30.465366,-3.988,872.499939,2317.55
2321.575,30.310755,1.475476,872.499939,2317.575
2321.6,30.050367,1.861,872.499939,2317.6
2321.625,29.692327,-0.372,871.249939,2317.625
2321.65,29.261055,1.365,871.249939,2317.65
2321.675,28.862329,-3.045,871.249939,2317.675
2321.7,28.211365,-4.107,869.999939,2317.7
2321.725,27.527836,-2.177,869.999939,2317.725
2321.75,27.023336,0.848,869.999939,2317.75
2321.775,26.45373,-5.607752,869.999939,2317.775
2321.8,25.851582,-5.346,871.249939,2317.8
2321.825,25.290102,-2.444,871.249939,2317.825
2321.85,24.5903,-5.38,871.249939,2317.85
2321.875,23.882364,3.301,871.249939,2317.875
2321.9,23.141882,-2.969,871.249939,2317.9
2321.925,22.279341,-6.997,872.499939,2317.925
2321.95,21.367975,1.089,872.499939,2317.95
2321.975,20.603071,3.196,871.249939,2317.975
2322.0,19.903269,-3.751,871.249939,2318.0
2322.025,19.146503,3.274,871.249939,2318.025
2322.05,18.487392,-8.3,869.999939,2318.05
2322.075,17.974747,-2.470675,871.249939,2318.075
2322.1,17.42956,-2.93431,869.999939,2318.1
2322.125,16.998293,-2.99,869.999939,2318.125
2322.15,16.599571,1.58,869.999939,2318.15
2322.175,16.208981,-2.164,869.999939,2318.175
2322.2,15.883489,1.334,868.749939,2318.2
2322.225,15.582407,-1.229,869.999939,2318.225
2322.25,15.297606,-4.182,869.999939,2318.25
2322.275,15.012799,-0.751413,869.999939,2318.275
2322.3,14.784958,-0.984,868.749939,2318.3
2322.325,14.695446,0.406,868.749939,2318.325
2322.35,14.52456,-1.476,868.749939,2318.35
2322.375,14.38622,0.858942,868.749939,2318.375
2322.4,14.475722,1.012,868.749939,2318.4
2322.425,14.760521,-2.921,868.749939,2318.425
2322.45,15.191791,2.824,868.749939,2318.45
2322.475,15.711104,0.311,867.499939,2318.475
2322.5,16.220985,2.723087,868.749939,2318.5
2322.525,16.896538,3.12,868.749939,2318.525
2322.55,17.650854,4.532,868.749939,2318.55
2322.575,18.402565,-14.409,869.999939,2318.575
2322.6,19.087717,4.503,869.999939,2318.6
2322.625,19.869215,-8.995,869.999939,2318.625
2322.65,20.704422,-1.187,869.999939,2318.65
2322.675,21.495689,-3.329,871.249939,2318.675
2322.7,22.025913,-15.877,869.999939,2318.7
2322.725,22.553209,-1.84764,869.999939,2318.725
2322.75,23.183853,-2.014,869.999939,2318.75
2322.775,23.829144,1.842,869.999939,2318.775
2322.8,24.378742,3.813,868.749939,2318.8
2322.825,24.913366,-14.795,869.999939,2318.825
2322.85,25.447994,-6.172,868.749939,2318.85
2322.875,25.836964,1.157,868.749939,2318.875
2322.9,26.079786,-0.883,868.749939,2318.9
2322.925,26.104856,2.298487,868.749939,2318.925
2322.95,25.946186,2.343,869.999939,2318.95
2322.975,25.917711,-3.418519,868.749939,2318.975
2323.0,25.706314,-3.392045,869.999939,2319.0
2323.025,25.28026,-3.464,868.749939,2319.025
2323.05,24.840853,-6.372,869.999939,2319.05
2323.075,24.363531,-3.54,869.999939,2319.075
2323.1,23.854307,-0.327,869.999939,2319.1
2323.125,23.31579,-2.286803,869.999939,2319.125
2323.15,22.900314,-2.162,869.999939,2319.15
2323.175,22.855564,-0.281,869.999939,2319.175
2323.2,22.862572,3.696,869.999939,2319.2
2323.225,22.958267,-3.2,869.999939,2319.225
2323.25,23.038015,5.629,869.999939,2319.25
2323.275,23.213455,-3.588,869.999939,2319.275
2323.3,23.763695,-7.037,867.499939,2319.3
2323.325,24.53722,-4.144,868.749939,2319.325
2323.35,25.637705,7.466,868.749939,2319.35
2323.375,26.881723,3.302,868.749939,2319.375
2323.4,28.38093,-3.97,868.749939,2319.4
2323.425,30.023676,-0.866,868.749939,2319.425
2323.45,31.610601,-10.824,868.749939,2319.45
2323.475,33.245373,-1.948,867.499939,2319.475
2323.5,34.935966,0.5,867.499939,2319.5
2323.525,36.610611,7.921,867.499939,2319.525
2323.55,38.349052,-1.462,866.249939,2319.55
2323.575,40.007748,-2.5,866.249939,2319.575
2323.6,41.315559,-4.075,866.249939,2319.6
2323.625,42.256546,-12.603,867.499939,2319.625
2323.65,42.830708,4.166,864.999939,2319.65
2323.675,43.245384,-3.993,864.999939,2319.675
2323.7,43.476639,-2.224,864.999939,2319.7
2323.725,43.540432,-8.639,864.999939,2319.725
2323.75,43.604225,2.429,864.999939,2319.75
2323.775,43.357014,-13.318,864.999939,2319.775
2323.8,42.982212,22.032,864.999939,2319.8
2323.825,42.224632,-85.264999,866.249939,2319.825
2323.85,41.068333,63.544998,866.249939,2319.85
2323.875,39.880127,16.325001,866.249939,2319.875
2323.9,38.675972,-57.528,864.999939,2319.9
2323.925,37.527637,-14.138,864.999939,2319.925
2323.95,36.323486,-0.92,864.999939,2319.95
2323.975,35.079456,11.089,863.749939,2319.975
2324.0,33.835426,6.478,864.999939,2320.0
2324.025,32.655193,-3.422,863.749939,2320.025
2324.05,31.682295,0.023,863.749939,2320.05
2324.075,30.956606,-1.952,863.749939,2320.075
2324.1,30.486103,-0.526118,862.499939,2320.1
2324.125,30.366478,-0.192,862.499939,2320.125
2324.15,30.597729,-2.65,863.749939,2320.15
2324.175,30.9167,-1.341559,863.749939,2320.175
2324.2,31.474913,-1.493,862.499939,2320.2
2324.225,32.120842,-13.387,862.499939,2320.225
2324.25,32.862461,-2.428,862.499939,2320.25
2324.275,33.508392,2.242265,862.499939,2320.275
2324.3,34.441402,2.977,862.499939,2320.3
2324.325,35.517956,-11.02,862.499939,2320.325
2324.35,36.825775,-1.057594,862.499939,2320.35
2324.375,38.261185,-1.127,861.249939,2320.375
2324.4,39.537102,2.707,861.249939,2320.4
2324.425,40.741249,-11.281,861.249939,2320.425
2324.45,42.01717,-2.855,859.999939,2320.45
2324.475,43.253227,-4.641987,858.749939,2320.475
2324.5,44.329792,-4.642,858.749939,2320.5
2324.525,45.278763,1.411,859.999939,2320.525
2324.55,46.331406,-3.7,858.749939,2320.55
2324.575,47.088997,-2.033,858.749939,2320.575
2324.6,47.591396,0.811269,858.749939,2320.6
2324.625,47.583431,0.831,858.749939,2320.625
2324.65,47.384079,-4.279,858.749939,2320.65
2324.675,47.049156,-1.542,858.749939,2320.675
2324.7,46.459049,-3.48,858.749939,2320.7
2324.725,45.645657,-1.507452,857.499939,2320.725
2324.75,44.768467,-0.781,857.499939,2320.75
2324.775,43.667984,-2.747758,856.249939,2320.775
2324.8,42.623322,-2.874,854.999939,2320.8
2324.825,41.187916,-0.864,853.749939,2320.825
2324.85,39.632893,-3.904,853.749939,2320.85
2324.875,38.173561,-0.985,852.499939,2320.875
2324.9,36.730179,-2.810015,851.249939,2320.9
2324.925,35.318691,-2.78,851.249939,2320.925
2324.95,34.010872,-0.554505,849.999939,2320.95
2324.975,32.934311,-0.554,849.999939,2320.975
2325.0,31.825853,-2.675657,849.999939,2321.0
2325.025,30.6217,-2.677,849.999939,2321.025
2325.05,29.712601,1.533,848.749939,2321.05
2325.075,28.915144,-3.862,849.999939,2321.075
2325.1,28.404774,-1.308901,871.249939,2321.1
2325.125,27.8944,-1.441,873.749939,2321.125
2325.15,27.384026,-4.07,874.999939,2321.15
2325.175,27.152758,0.875,873.749939,2321.175
2325.2,27.049084,-5.18,874.999939,2321.2
2325.225,27.033131,-0.65271,876.249939,2321.225
2325.25,26.921488,-0.637987,876.249939,2321.25
2325.275,26.961355,-0.642,877.499939,2321.275
2325.3,27.144768,-4.217,876.249939,2321.3
2325.325,27.288307,-1.901599,876.249939,2321.325
2325.35,27.32818,-1.912,876.249939,2321.35
2325.375,27.487669,1.642,877.499939,2321.375
2325.4,27.782724,-1.911,877.499939,2321.4
2325.425,28.077782,,878.749939,2321.425
2325.45,28.141581,,878.749939,2321.45
2325.475,28.173487,,858.749939,2321.475
2325.5,28.253239,,857.499939,2321.5
2325.525,28.372864,,856.249939,2321.525
2325.55,28.377659,,854.999939,2321.55
2325.575,28.438276,,853.749939,2321.575
2325.6,28.618515,,853.749939,2321.6
2325.625,28.830656,,853.749939,2321.625
2325.65,28.883305,,853.749939,2321.65
2325.675,28.816338,,853.749939,2321.675
2325.7,28.680792,,874.999939,2321.7
2325.725,28.609049,,876.249939,2321.725
2325.75,28.481478,,877.499939,2321.75
2325.775,28.170492,,878.749939,2321.775
2325.8,27.845152,,878.749939,2321.8
2325.825,27.680897,,878.749939,2321.825
2325.85,27.341204,,878.749939,2321.85
2325.875,26.925749,,878.749939,2321.875
2325.9,26.457125,,877.499939,2321.9
2325.925,26.155968,,876.249939,2321.925
2325.95,25.92259,,874.999939,2321.95
2325.975,25.749813,,874.999939,2321.975
2326.0,25.537163,,873.749939,2322.0
2326.025,25.420736,,873.749939,2322.025
2326.05,25.291019,,853.749939,2322.05
2326.075,25.120556,,852.499939,2322.075
2326.1,24.832069,,852.499939,2322.1
2326.125,24.637209,,851.249939,2322.125
2326.15,24.524023,,828.749939,2322.15
2326.175,24.522545,,828.749939,2322.175
2326.2,24.534952,,827.499939,2322.2
2326.225,24.581181,,828.749939,2322.225
2326.25,24.713074,,828.749939,2322.25
2326.275,24.9051,,828.749939,2322.275
2326.3,25.032333,,828.749939,2322.3
2326.325,25.266495,,798.749939,2322.325
2326.35,25.477926,,798.749939,2322.35
2326.375,25.804262,,797.499939,2322.375
2326.4,26.058826,,794.999939,2322.4
2326.425,26.277506,,793.749939,2322.425
2326.45,26.483429,,794.999939,2322.45
2326.475,26.689356,,793.749939,2322.475
2326.5,26.866037,,769.999939,2322.5
2326.525,27.032093,,768.749939,2322.525
2326.55,27.246864,,766.249939,2322.55
2326.575,27.547754,,766.249939,2322.575
2326.6,27.802868,,764.999939,2322.6
2326.625,28.095924,,743.749939,2322.625
2326.65,28.32193,,743.749939,2322.65
2326.675,28.597843,,742.499939,2322.675
2326.7,28.816011,,742.499939,2322.7
2326.725,29.020288,,741.249939,2322.725
2326.75,29.178783,,739.999939,2322.75
2326.775,29.344652,,739.999939,2322.775
2326.8,29.47537,,739.999939,2322.8
2326.825,29.569002,,714.999939,2322.825
2326.85,,,716.249939,2322.85
2326.875,,,714.999939,2322.875
2326.9,,,714.999939,2322.9
2326.925,,,714.999939,2322.925
2326.95,,,716.249939,2322.95
2326.975,,,716.249939,2322.975
2327.0,,,717.499939,2323.0
2327.025,,,717.499939,2323.025
2327.05,,,697.499939,2323.05
2327.075,,,696.249939,2323.075
2327.1,,,693.749939,2323.1
2327.125,,,693.749939,2323.125
2327.15,,,691.249939,2323.15
2327.175,,,691.249939,2323.175
2327.2,,,689.999939,2323.2
2327.225,,,688.749939,2323.225
2327.25,,,687.499939,2323.25
2327.275,,,684.999939,2323.275
2327.3,,,684.999939,2323.3
2327.325,,,684.999939,2323.325
2327.35,,,686.249939,2323.35
2327.375,,,686.249939,2323.375
2327.4,,,687.499939,2323.4
2327.425,,,658.749939,2323.425
